tree
version=v4
num_class=1
num_tree_per_iteration=1
label_index=0
max_feature_idx=35
objective=regression
feature_names=Column_0 Column_1 Column_2 Column_3 Column_4 Column_5 Column_6 Column_7 Column_8 Column_9 Column_10 Column_11 Column_12 Column_13 Column_14 Column_15 Column_16 Column_17 Column_18 Column_19 Column_20 Column_21 Column_22 Column_23 Column_24 Column_25 Column_26 Column_27 Column_28 Column_29 Column_30 Column_31 Column_32 Column_33 Column_34 Column_35
monotone_constraints=1 1 -1 1 1 0 0 0 0 0 1 -1 -1 -1 -1 1 -1 -1 0 0 -1 -1 -1 -1 -1 0 0 0 0 1 1 0 1 1 1 0
feature_infos=[-12:24] [-12:24] [0:1] [-12:24] [-3:3] [-0.9999999976723416:0.99999998854275651] [-0.9999999927189267:0.99999999085685076] [-3:3] [-3:3] [0:5] [0:1] [0:50] [0:50] [-90:365] [0:3] [0:1] [-90:365] [0:3] [0.0048197344056507031:1] [-3:3] [0:1.5] [0:2] [0:1] none [-1.5:1.5] [-3:3] [-3:3] [-3:3] [1:18] [18.075727691112309:78.889629803661421] [0.44122544122544077:85.004281432852864] [5.167909014062861:98.729841586984435] [4.7183585645124104:72.104818258664409] [2.7972027972028024:86.870272584558293] [13.927738927738927:75.349650349650346] [0.96570096570096575:97.702297702297699]
tree_sizes=1428 1478 1467 1483 1473 1474 1485 1481 1468 1476 1477 1484 1471 1487 1483 1479 1484 1490 1481 1480 1498 1494 1504 1481 1471 1497 1487 1492 1487 1471 1470 1477 1486 1485 1494 1482 1477 1486 1476 1484 1493 1495 1476 1487 1484 1492 1485 1488 1480 1488 1484 1500 1478 1480 1483 1504 1490 1476 1489 1493 1485 1493 1486 1490 1499 1484 1493 1489 1499 1496 1479 1471 1484 1485 1480 1510 1480 1492 1480 1498 1495 1483 1483 1485 1463 1493 1498 1496 1490 1504 1470 1478 1471 1477 1484 1493 1505 1496 1492 1475 1495 1496 1476 1503 1488 1488 1504 1486 1493 1490 1499 1505 1487 1486 1491 1506 1500 1482 1492 1497 1495 1505 1492 1502 1481 1489 1469 1492 1484 1506 1505 1479 1513 1503 1476 1495 1490 1476 1488 1493 1503 1495 1489 1479 1484 1489 1482 1483 1495 1493 1480 1498 1491 1489 1506 1476 1490 1487 1502 1494 1508 1505 1501 1503 1487 1509 1493 1491 1496 1488 1484 1495 1508 1510 1496 1498 1489 1493 1499 1500 1496 1499 1505 1510 1492 1493 1493 1475 1497 1499 1490 1499 1496 1462 1494 1493 1483 1504 1484 1478 1486 1490 1489 1493 1494 1491 1490 1470 1481 1507 1498 1493 1478 1495 1503 1486 1504 1489 1494 1502 1500 1475 1481 1496 1478 1505 1473 1470 1491 1498 1474 1487 1463 1493 1497 1489 1478 1477 1506 1497 1476 1479 1465 1491 1472 1480 1505 1516 1500 1498 1496 1496 1476 1476 1462 1491 1472 1487 1486 1488 1480 1498 1502 1471 1493 1467 1508 1486 1472 1479 1489 1512 1480 1500 1472 1474 1488 1487 1475 1472 1499 1471 1479 1510 1504 1481 1471 1500 1475 1482 1486 1494 1487 1488 1487 1496 1469 1465 1491 1483 1488 1473 1497 1475 1468 1492 1467 1491 1475 1465 1478 1491 1475 1491 1472 1483 1486 1501 1497 1475 1499 1483 1491 1463 1486 1483 1494 1467 1485 1467 1506 1488 1471 1497 1483 1473 1474 1487 1460 1494 1497 1476 1475 1491 1488 1486 1482 1489 1477 1464 1482 1486 1476 1480 1475 1499 1463 1481 1471 1483 1480 1511 1463 1475 1488 1497 1513 1494 1496 1472 1507 1497 1471 1496 1495 1478 1466 1476 1493 1459 1499 1487 1480 1466 1474 1480 1476 1471 1473 1486 1484 1479 1472 1481 1457 1478 1478 1491 1499 1480

Tree=0
num_leaves=15
num_cat=0
split_feature=29 29 7 29 18 17 3 3 7 14 34 22 13 14
split_gain=107733 26930.3 16851.4 11472.7 8499.87 6691.47 5945.72 5821.22 4237.55 3737.3 2659.01 2478.71 2449.55 1206.65
threshold=46.043547855186226 55.514265592231105 0.021323831446232514 43.135145684596246 0.095389079619974337 0.004005745695348127 0.48539254020947825 0.04413564645557564 1.0000000180025095e-35 0.015314987305537098 57.867132867132874 0.0019105008077177309 -3.8377992771572145 1.0000000180025095e-35
decision_type=2 2 10 2 10 2 8 8 10 2 2 2 8 2
left_child=3 2 9 5 6 -1 -3 -7 -5 -2 -11 12 -8 -4
right_child=1 4 13 8 -6 7 11 -9 -10 10 -12 -13 -14 -15
leaf_value=49.260942679285897 49.455180197659068 49.455180197659068 49.389566792595154 49.347936301099686 49.455180197659068 49.105907082675301 49.722560606730219 49.214392189290187 49.260942679285897 49.359394983277241 49.432503698773878 49.506922142849902 49.563888620460517 49.347936301099686
leaf_weight=622 2044 608 790 1002 1228 717 94 705 458 638 1374 296 1752 1349
leaf_count=622 2044 608 790 1002 1228 717 94 705 458 638 1374 296 1752 1349
internal_value=49.3949 49.4443 49.4052 49.2516 49.5052 49.2057 49.5352 49.1678 49.3162 49.4414 49.4098 49.5587 49.5728 49.3479
internal_weight=13677 10173 6195 3504 3978 2044 2750 1422 1460 4056 2012 2142 1846 2139
internal_count=13677 10173 6195 3504 3978 2044 2750 1422 1460 4056 2012 2142 1846 2139
is_linear=0
shrinkage=1


Tree=1
num_leaves=15
num_cat=0
split_feature=29 29 7 17 3 3 13 29 21 7 31 29 7 21
split_gain=103064 27915.9 15097.9 11170.1 14983.1 7494.93 5935.49 4023.46 2797.05 1844.71 1659.03 1529.19 1224.78 801.386
threshold=46.043547855186226 55.04943711377495 0.021323831446232514 0.004005745695348127 0.091443999340986445 0.76189499315982123 -2.1440767563868186 49.687658051793925 0.0072996686167663112 0.82025866536242653 46.857338465730081 58.95049550294307 0.51504398647670258 0.00040837083277592577
decision_type=2 2 10 2 8 8 10 2 2 8 2 2 8 2
left_child=3 2 7 9 8 -3 11 10 -5 -1 -2 -7 -13 -6
right_child=1 5 -4 4 13 6 -8 -9 -10 -11 -12 12 -14 -15
leaf_value=-0.046322674719950031 0.024944005043579565 0.055747844984672522 -0.046322674719950031 -0.21686569437503814 -0.12073996381932596 0.12743665646802912 0.093051793683470524 0.055747844984672522 -0.3214595151377348 -0.12073996381932596 -0.03930711477106464 0.23311170314128199 0.1626780175875702 -0.17600663204600506
leaf_weight=800 1037 1126 2034 620 974 783 1095 2272 444 354 549 346 936 322
leaf_count=800 1037 1126 2034 620 974 783 1095 2272 444 354 549 346 936 322
internal_value=-0.000525528 0.0478423 0.00544815 -0.140488 -0.177861 0.106048 0.130356 0.0409225 -0.261811 -0.0636187 0.0026496 0.161822 0.182519 -0.12074
internal_weight=13692 10178 5892 3514 2360 4286 3160 3858 1064 1154 1586 2065 1282 1296
internal_count=13692 10178 5892 3514 2360 4286 3160 3858 1064 1154 1586 2065 1282 1296
is_linear=0
shrinkage=0.03


Tree=2
num_leaves=15
num_cat=0
split_feature=29 14 3 3 29 31 29 21 27 16 8 1 29 32
split_gain=93975.1 26857.7 17435.5 12003.5 9866.35 5795 3079.16 2996.12 2255.42 1546.61 1210.46 1007.13 960.089 946.858
threshold=46.043547855186226 0.0070085703270608068 0.51095113769235534 1.668440815257308 39.033227204393 50.440817923335409 54.587208529066679 0.0095592523243802335 0.019516994612033493 28.397111415878765 0.4302243578992116 5.1607757135385581 45.339371584126837 56.862368400829951
decision_type=2 2 8 8 2 2 2 2 10 8 10 10 2 2
left_child=4 2 -2 -3 7 8 13 -1 10 -5 -6 -8 -10 -4
right_child=1 3 6 9 5 -7 11 -9 12 -11 -12 -13 -14 -15
leaf_value=-0.17008151746980243 0.04122490866526568 -0.043246804808401554 0.086834494361156908 0.04122490866526568 -0.043583916269995131 -0.15946354606920729 0.13825001755603827 -0.28410693496920109 -0.14877289038507338 0.0093326571800188343 -0.1119550292330737 0.18356815995132422 -0.043246804808401554 0.1226107477744826
leaf_weight=564 2147 2057 653 1167 1205 661 1586 368 419 1412 289 720 68 533
leaf_count=564 2147 2057 653 1167 1205 661 1586 368 419 1412 289 720 68 533
internal_value=-9.55403e-05 0.0459987 0.0899468 -0.00749695 -0.132492 -0.102547 0.132444 -0.21638 -0.0757505 0.0372508 -0.057139 0.152766 -0.131685 0.0924553
internal_weight=13849 10275 5639 4636 3574 2642 3492 932 1981 2579 1494 2306 487 1186
internal_count=13849 10275 5639 4636 3574 2642 3492 932 1981 2579 1494 2306 487 1186
is_linear=0
shrinkage=0.03


Tree=3
num_leaves=15
num_cat=0
split_feature=29 29 7 21 18 3 14 29 3 29 22 14 13 31
split_gain=92884.2 24178.2 16347.8 10935 8306.38 5848.05 5818.23 4825.91 4373.54 3182.53 2798.59 2714.49 1950.76 1318.47
threshold=46.155769970954793 55.514265592231105 0.021323831446232514 1.6947497738121656e-05 0.095389079619974337 0.36353889094860886 1.0000000180025095e-35 43.135145684596246 0.041814936867645008 49.687658051793925 0.0019105008077177309 0.04032701055625116 -4.0624675523653186 46.857338465730081
decision_type=2 2 10 2 10 8 2 2 10 2 2 2 8 2
left_child=3 2 9 7 5 -3 -5 11 -8 13 12 -1 -7 -2
right_child=1 4 -4 6 -6 10 8 -9 -10 -11 -12 -13 -14 -15
leaf_value=-0.089352990876269356 0.029834846173469896 0.05626061599276156 -0.0416743370211436 -0.14522299253599863 0.05626061599276156 0.29979292772497451 -0.31110882950807683 -0.046139603165008959 -0.19405731280737204 0.05626061599276156 0.10517488754601202 -0.14522299253599863 0.16153979443944991 -0.02816499824375053
leaf_weight=400 1028 507 2127 341 1256 100 464 1135 496 2439 334 805 1839 531
leaf_count=400 1028 507 2127 341 1256 100 464 1135 496 2439 334 805 1839 531
internal_value=-1.63797e-05 0.0465741 0.00898706 -0.129923 0.103534 0.133284 -0.199613 -0.0908335 -0.242892 0.0455495 0.154089 -0.132566 0.169423 0.010053
internal_weight=13802 10161 6125 3641 4036 2780 1301 2340 960 3998 2273 1205 1939 1559
internal_count=13802 10161 6125 3641 4036 2780 1301 2340 960 3998 2273 1205 1939 1559
is_linear=0
shrinkage=0.03


Tree=4
num_leaves=15
num_cat=0
split_feature=29 3 32 29 18 7 18 17 0 18 29 32 3 18
split_gain=84390.1 22861.9 18109.8 10168.9 8514.28 6414.44 4560 3409.55 3289.38 3180.11 1730.32 1199.61 1186.79 1161.4
threshold=46.335409539955002 0.76189499315982123 55.117958964112816 39.033227204393 0.023848974559388437 0.021323831446232514 0.10282371249179829 0.004005745695348127 0.04184248188239751 0.20230355399977601 43.135145684596246 42.668869591946525 0.041814936867645008 0.037157398020998975
decision_type=2 8 2 2 10 10 8 2 10 10 2 2 10 10
left_child=3 4 -3 7 8 10 -4 -1 -2 -8 11 -5 -9 -7
right_child=1 2 6 5 -6 13 9 12 -10 -11 -12 -13 -14 -15
leaf_value=-0.15140615612774155 -0.037001889639126699 0.033950226294879718 0.30849522153223596 -0.14926415538268811 -0.038525854751051754 -0.064555079609813062 0.14090399399768705 -0.27717433534873026 0.033950226294879718 0.082331037783437741 -0.038840786703012269 -0.069435464431697333 -0.19866726213548 -0.15140615612774155
leaf_weight=214 594 3138 122 262 1597 165 2335 454 1637 738 1140 518 241 669
leaf_count=214 594 3138 122 262 1597 165 2335 454 1637 738 1140 518 241 669
internal_value=0.000897784 0.0454049 0.0803688 -0.122457 -0.0124684 -0.093442 0.130712 -0.20937 0.0292554 0.123164 -0.0626706 -0.0970297 -0.245928 -0.151406
internal_weight=13824 10161 6333 3663 3828 2754 3195 909 2231 3073 1920 780 695 834
internal_count=13824 10161 6333 3663 3828 2754 3195 909 2231 3073 1920 780 695 834
is_linear=0
shrinkage=0.03


Tree=5
num_leaves=15
num_cat=0
split_feature=29 3 14 29 14 17 3 29 19 30 13 13 3 21
split_gain=78638.4 21887.8 15996.9 9676.3 8350.5 5733.67 4507.62 4334.78 3974.58 2836.43 1902.66 1345.19 1198.25 1050.56
threshold=46.155769970954793 0.69561344543914749 0.077064361282738011 43.135145684596246 1.0000000180025095e-35 0.004005745695348127 0.085070960637682713 55.514265592231105 0.056584880968102887 34.28357356928786 -8.3409459380278808 -1.6779875123286196 22.026818780270016 0.028023150584923672
decision_type=2 8 2 2 2 2 8 2 10 2 8 10 10 2
left_child=3 4 7 5 9 -1 13 -3 -5 -2 -9 12 -12 -7
right_child=1 2 -4 8 -6 6 -8 10 -10 -11 11 -13 -14 -15
leaf_value=-0.1128959323476806 -0.005813484786326973 0.07646452463623124 0.030190131205051395 -0.039206158660591399 -0.039206158660591399 -0.21735091737043247 -0.15569369610570657 0.2736115118739556 -0.1128959323476806 0.030190131205051395 0.13441181154911921 0.10866580536374928 0.19771833480189108 -0.29949949752499339
leaf_weight=646 856 1626 2565 1080 1573 543 602 93 423 1301 1335 503 376 274
leaf_count=646 856 1626 2565 1080 1573 543 602 93 423 1301 1335 503 376 274
internal_value=0.000224308 0.042532 0.075762 -0.120944 -0.0153818 -0.16306 -0.198491 0.114372 -0.0627317 0.0275792 0.140867 0.134687 0.148859 -0.246556
internal_weight=13796 10228 6498 3568 3730 2065 1419 3933 1503 2157 2307 2214 1711 817
internal_count=13796 10228 6498 3568 3730 2065 1419 3933 1503 2157 2307 2214 1711 817
is_linear=0
shrinkage=0.03


Tree=6
num_leaves=15
num_cat=0
split_feature=29 14 3 3 3 17 18 22 21 17 3 3 17 18
split_gain=75729.2 22010.3 14870.6 10261.1 9387.15 10150.9 4810.61 2285.05 1969.74 1726.48 1842.2 1591.76 1085.9 669.285
threshold=46.043547855186226 0.014334671230745074 0.35534587880554852 3.4047442968253394 0.1073136673296685 0.0028334106885598699 0.074628613639974375 0.0018741392752383461 0.0072996686167663112 0.015768779970386278 0.88908039814430462 1.3497921621704687 0.53222913493817481 0.33060968441958272
decision_type=2 2 8 8 8 2 10 2 2 2 8 10 2 8
left_child=4 2 -2 -3 5 -1 7 11 -7 -6 -11 -4 -5 -10
right_child=1 3 6 12 9 8 -8 -9 13 10 -12 -13 -14 -15
leaf_value=-0.11568003300710251 0.034003582077741935 -0.04007437591648097 0.11775365817065786 0.034003582077741935 -0.04007437591648097 -0.1895396174094604 0.073750717072788338 0.081266978148045857 -0.23235382227157161 -0.11568003300710251 -0.063020773152887469 0.16995179091749929 -0.0030353969193695172 -0.30410363487461028
leaf_weight=811 1915 2274 987 1514 332 650 1040 608 139 633 629 1312 591 335
leaf_count=811 1915 2274 987 1514 332 650 1040 608 139 633 629 1312 591 335
internal_value=-0.000851775 0.0404518 0.0784395 -0.0104323 -0.120601 -0.164978 0.113498 0.134085 -0.226709 -0.0663817 -0.0859672 0.147846 0.0340036 -0.275168
internal_weight=13770 10241 5862 4379 3529 1935 3947 2907 1124 1594 1262 2299 2105 474
internal_count=13770 10241 5862 4379 3529 1935 3947 2907 1124 1594 1262 2299 2105 474
is_linear=0
shrinkage=0.03


Tree=7
num_leaves=15
num_cat=0
split_feature=29 29 17 0 7 32 17 18 0 34 0 31 18 18
split_gain=71494.8 19478.7 13104.4 11930.1 7834.74 5818.74 5421.75 4422.99 3712.15 1643.41 1798.55 1489.86 1286.35 982.233
threshold=49.687658051793925 43.135145684596246 0.24260974112328101 1.1116132060990116 0.021323831446232514 51.813571044340286 0.004526080534657112 0.071079532474097581 0.09175415439355207 57.463369963369971 20.58491460102319 46.229594581242942 0.17790720500369708 0.030524364747444924
decision_type=2 2 2 8 10 2 2 8 8 2 10 2 10 10
left_child=1 6 3 -2 11 -5 -1 -7 -8 -9 -11 -3 -13 -6
right_child=2 4 -4 5 13 7 8 9 -10 10 -12 12 -14 -15
leaf_value=-0.097544595806691572 0.032060709967774846 -0.011284909513650266 -0.011284909513650266 0.068220403367242693 -0.042036078165369958 0.31119117129530943 -0.24201576235393685 0.098899831176815403 -0.142930744828204 0.12394806775778905 0.20292898727179953 -0.011284909513650266 -0.078347839597736571 -0.097544595806691572
leaf_weight=632 2186 1792 1342 1495 325 113 643 1347 769 1109 362 327 551 816
leaf_count=632 2186 1792 1342 1495 325 113 643 1347 769 1109 362 327 551 816
internal_value=-0.000798845 -0.080323 0.0577532 0.0754063 -0.0401556 0.10438 -0.154934 0.129579 -0.188317 0.121758 0.144006 -0.0118003 -0.050273 -0.0975446
internal_weight=13809 5855 7954 6612 3811 4426 2044 2931 1412 2818 1471 2670 878 1141
internal_count=13809 5855 7954 6612 3811 4426 2044 2931 1412 2818 1471 2670 878 1141
is_linear=0
shrinkage=0.03


Tree=8
num_leaves=15
num_cat=0
split_feature=29 3 32 29 18 17 18 3 19 18 30 34 3 6
split_gain=66275.6 19764.6 14956.5 9690.17 5894.96 4850.35 4515.52 4154.82 3685.91 3475.67 3088.97 1505.92 1350.4 997.231
threshold=46.682366817331861 0.69561344543914749 51.971105817259676 43.135145684596246 0.023848974559388437 0.004526080534657112 0.14030088806396623 0.04413564645557564 0.056584880968102887 0.014972930661648049 34.28357356928786 56.829836829836829 23.966738561979806 -0.257041141652461
decision_type=2 8 2 2 10 2 10 8 10 10 2 2 10 2
left_child=3 4 -3 5 10 -1 9 -7 -5 11 -2 13 -13 -4
right_child=1 2 6 8 -6 7 -8 -9 -10 -11 -12 12 -14 -15
leaf_value=-0.10215622193576755 -0.031450841353906515 0.02847266604412196 0.071751188538698329 -0.032128178624985591 -0.032128178624985591 -0.23372534242872131 0.071751188538698329 -0.14183892869611175 -0.10215622193576755 0.26563739510776285 0.02847266604412196 0.12988525712942003 0.20540526522180208 0.11894583903815659
leaf_weight=647 789 2845 307 1373 1498 718 900 715 492 173 1286 910 307 831
leaf_count=647 789 2845 307 1373 1498 718 900 715 492 173 1286 910 307 831
internal_value=-0.0010329 0.040597 0.0726557 -0.104853 -0.0157104 -0.149332 0.11503 -0.181522 -0.0549805 0.136196 0.0227977 0.126144 0.149698 0.10041
internal_weight=13791 9846 6273 3945 3573 2080 3428 1433 1865 2528 2075 2355 1217 1138
internal_count=13791 9846 6273 3945 3573 2080 3428 1433 1865 2528 2075 2355 1217 1138
is_linear=0
shrinkage=0.03


Tree=9
num_leaves=15
num_cat=0
split_feature=29 14 30 14 34 1 1 34 30 17 29 9 29 18
split_gain=63691.5 17461 10086.5 9639.85 8601.26 7991.38 4797.63 2711.73 2352.48 1854.52 1454.77 1121.13 1105.22 834.93
threshold=46.917694687133952 0.0010638382124835042 45.012725369868242 0.00031525933840323466 32.396769896769904 2.0879991789114327 0.11984570973394634 46.586746586746592 67.693615907901645 0.35033620647611818 40.678603353819447 1.1249534588292927 57.099975393681696 0.26577935507334438
decision_type=2 2 2 2 2 8 8 2 2 2 2 8 2 8
left_child=3 2 -2 -1 13 12 -6 -4 -9 -7 -8 -10 -3 -5
right_child=1 5 7 4 6 9 10 8 11 -11 -12 -13 -14 -15
leaf_value=-0.029386436194267958 0.039384679270342525 -0.029386436194267958 0.073703029066132034 -0.1669916479234751 -0.1669916479234751 0.039384679270342525 -0.12264270596664006 0.10266235758518272 0.21110305530212398 0.0033586912431077497 -0.078293764009805047 0.13769284671163684 0.0033586912431077497 -0.25213903171494356
leaf_weight=1040 1382 1617 1089 123 625 1739 383 1644 313 800 1450 629 445 451
leaf_count=1040 1382 1617 1089 123 625 1739 383 1644 313 800 1450 629 445 451
internal_value=-0.000644913 0.0413103 0.0797574 -0.100083 -0.127201 -0.000988081 -0.102406 0.108021 0.12494 0.0361038 -0.0782938 0.163071 -0.0293864 -0.231577
internal_weight=13730 9658 5057 4072 3032 4601 2458 3675 2586 2539 1833 942 2062 574
internal_count=13730 9658 5057 4072 3032 4601 2458 3675 2586 2539 1833 942 2062 574
is_linear=0
shrinkage=0.03


Tree=10
num_leaves=15
num_cat=0
split_feature=29 14 30 29 1 17 7 1 17 34 30 34 21 9
split_gain=59559.8 16973.4 10847 8298.96 6994.94 4305.87 3318.84 2932.77 2371.87 1753.62 1554.15 1521.33 1084.76 1057.84
threshold=46.682366817331861 0.012403652186002456 46.534417962989401 43.135145684596246 2.0879991789114327 0.004526080534657112 1.0000000180025095e-35 0.15104280170113046 0.15869576313746001 47.818847818847829 67.693615907901645 49.24658674658675 0.0068667184688615589 0.80370680699101027
decision_type=2 2 2 2 8 2 10 8 2 2 2 2 2 8
left_child=3 2 -2 5 -3 -1 -5 12 9 -4 -11 -6 -7 -12
right_child=1 4 8 6 11 7 -8 -9 -10 10 13 -13 -14 -15
leaf_value=-0.097612110264474125 0.031819575824068323 -0.031096430515965896 0.08768318131067418 -0.031096430515965896 -0.0011737488877609614 -0.18030722170933078 -0.097612110264474125 -0.13477512169975328 0.06587782381067693 0.10620501677861008 0.21049063975533164 0.031819575824068323 -0.26599616619697075 0.13446765816466175
leaf_weight=637 1646 1778 1181 1287 568 381 549 763 450 1473 246 1802 284 705
leaf_count=637 1646 1778 1181 1287 568 381 549 763 450 1473 246 1802 284 705
internal_value=-0.00117715 0.0381193 0.0716898 -0.100312 -0.0080506 -0.141535 -0.0536892 -0.171938 0.0999361 0.109489 0.124727 0.0287489 -0.218614 0.155131
internal_weight=13750 9849 5701 3901 4148 2065 1836 1428 4055 3605 2424 2370 665 951
internal_count=13750 9849 5701 3901 4148 2065 1836 1428 4055 3605 2424 2370 665 951
is_linear=0
shrinkage=0.03


Tree=11
num_leaves=15
num_cat=0
split_feature=29 29 7 7 29 29 7 14 3 21 34 13 21 14
split_gain=52858.4 17103.9 14114.4 6769.7 6254.17 4073.99 2127.95 1894.43 2391.14 1849.63 1729.26 1692.92 1524.65 1372.82
threshold=46.043547855186226 58.95049550294307 0.05223585060292902 0.046693046008714496 38.487582913257249 51.619263620162734 0.51504398647670258 0.0010638382124835042 0.33982097987705412 0.00030698676440064687 28.571428571428573 -2.7414951694276493 1.0000000180025095e-35 0.057018377346949999
decision_type=2 2 10 10 2 2 8 2 10 2 2 10 2 2
left_child=3 2 5 4 10 12 -3 8 -4 -5 -1 -8 -2 -6
right_child=1 6 7 9 13 -7 11 -9 -10 -11 -12 -13 -14 -15
leaf_value=-0.24876712491624056 0.02482056592209677 0.15813169936712054 -0.0148025546567762 -0.12955252287546726 -0.034350628003457812 0.058743739843608249 0.10934090708068891 -0.034350628003457812 0.058743739843608249 -0.21596158692316914 -0.12784484037157262 0.058743739843608249 -0.034350628003457812 -0.07184298239637428
leaf_weight=145 2263 531 830 533 754 2361 1224 1719 357 435 485 536 372 1147
leaf_count=145 2263 531 830 533 754 2361 1224 1719 357 435 485 536 372 1147
internal_value=-0.0013596 0.03318 0.0122292 -0.101881 -0.075816 0.0429263 0.105258 -0.0343506 0.00474552 -0.169293 -0.157416 0.0889033 0.0155079 -0.0484315
internal_weight=13692 10193 7902 3499 2531 4996 2291 2906 1187 968 630 1760 2635 1901
internal_count=13692 10193 7902 3499 2531 4996 2291 2906 1187 968 630 1760 2635 1901
is_linear=0
shrinkage=0.03


Tree=12
num_leaves=15
num_cat=0
split_feature=29 29 17 0 7 32 17 18 0 34 32 31 18 34
split_gain=50632 12793 10589.6 9498.05 5856.27 4858.25 4555.15 3185 3086.68 1192.63 1060.18 873.164 865.777 850.462
threshold=49.687658051793925 43.65196323919124 0.23322673559669022 0.96054595080699634 0.021323831446232514 56.2937062937063 0.004005745695348127 0.081687308919095106 0.09175415439355207 56.829836829836829 51.813571044340286 46.857338465730081 0.18902000520532417 30.053280053280059
decision_type=2 2 2 8 10 2 2 8 8 2 2 2 10 2
left_child=1 6 3 -2 11 10 -1 -7 -8 -9 -5 -3 -13 -10
right_child=2 4 -4 5 -6 7 8 9 13 -11 -12 12 -14 -15
leaf_value=-0.078753478470649604 0.026906675714224126 -0.01032149118427401 -0.01032149118427401 0.057985626977725621 -0.078753478470649604 0.28632354181294051 -0.20351594446093807 0.095504292649686004 -0.16000357807692725 0.14665061534809418 0.087534900495342072 -0.01032149118427401 -0.066579654750119122 -0.11649121169291639
leaf_weight=705 2003 1638 1330 1542 1091 104 663 990 167 718 1213 312 500 719
leaf_count=705 2003 1638 1330 1542 1091 104 663 990 167 718 1213 312 500 719
internal_value=-0.00135903 -0.0686765 0.0480335 0.0641348 -0.0330346 0.0890646 -0.124472 0.127233 -0.154229 0.116738 0.0637759 -0.0103215 -0.0419749 -0.116491
internal_weight=13695 5795 7900 6570 3541 4567 2254 1812 1549 1708 2755 2450 812 886
internal_count=13695 5795 7900 6570 3541 4567 2254 1812 1549 1708 2755 2450 812 886
is_linear=0
shrinkage=0.03


Tree=13
num_leaves=15
num_cat=0
split_feature=29 3 32 21 32 18 14 17 3 18 3 1 34 3
split_gain=51423.1 15689.9 13423.7 7603.51 4612.67 4076.08 3354.06 2903.32 2632.64 2461.78 2013.73 1546.27 1083.99 1196.22
threshold=46.611423917552578 0.43478213205912958 51.971105817259676 8.5044952705160934e-06 50.061476984553913 0.14030088806396623 0.0028948218350163383 0.006673133714225195 0.088663698839184665 0.060251915492579897 0.078490797429216219 0.10339900256836758 59.074259074259082 23.966738561979806
decision_type=2 8 2 2 2 10 2 2 8 8 10 10 2 10
left_child=3 6 -3 7 10 9 11 -1 -9 -4 -5 -2 -11 -14
right_child=1 2 5 4 -6 -7 -8 8 -10 12 -12 -13 13 -15
leaf_value=-0.028219936656581197 -0.0077787977483630205 0.019454189856480123 0.2482935485806991 -0.23980263675768654 -0.10533308426464166 0.058981301201134026 -0.028219936656581197 -0.10533308426464166 -0.056629870771825491 0.092204780365171532 -0.15100369209322068 0.019454189856480123 0.11394065193442922 0.1838245472387903
leaf_weight=855 797 3159 122 457 553 997 1088 541 1124 1415 361 1082 979 309
leaf_count=855 797 3159 122 457 553 997 1088 541 1124 1415 361 1082 979 309
internal_value=-0.000105357 0.0360626 0.0606117 -0.0925025 -0.149297 0.0985084 -0.0217033 -0.061369 -0.0850398 0.117421 -0.196674 0.0126623 0.111067 0.131352
internal_weight=13839 9948 6981 3891 1371 3822 2967 2520 1665 2825 818 1879 2703 1288
internal_count=13839 9948 6981 3891 1371 3822 2967 2520 1665 2825 818 1879 2703 1288
is_linear=0
shrinkage=0.03


Tree=14
num_leaves=15
num_cat=0
split_feature=29 29 14 0 31 17 0 18 0 34 0 34 19 33
split_gain=43825.2 11170.3 10887.6 7132.79 6276.91 4277.15 4208.57 2858.92 2459.61 1563.1 1571.35 932.663 846.001 1288.23
threshold=49.687658051793925 43.135145684596246 0.014334671230745074 0.49975515020707689 46.229594581242942 0.004526080534657112 3.9015881701118893 0.078245826800036042 0.09175415439355207 47.818847818847829 23.966738561979806 28.571428571428573 0.046212868506633427 44.377844377844383
decision_type=2 2 2 8 2 2 8 10 8 2 10 2 8 2
left_child=1 5 3 -2 -3 -1 -4 9 -7 -5 -11 -10 13 -6
right_child=2 4 6 7 12 8 -8 -9 11 10 -12 -13 -14 -15
leaf_value=-0.075665701013045275 0.035910597054244431 -0.0090936446628270117 -0.0090936446628270117 0.077698407567871858 -0.075665701013045275 -0.19289295235616749 0.035910597054244431 0.065041490848094768 -0.15269134328726738 0.11189170211461802 0.18264454517138959 -0.11248973421836732 -0.075665701013045275 -0.0090936446628270117
leaf_weight=640 1196 2139 1504 948 461 648 1509 931 145 1568 363 636 848 327
leaf_count=640 1196 2139 1504 948 461 648 1509 931 145 1568 363 636 848 327
internal_value=-0.000629571 -0.0630823 0.044895 0.0719924 -0.0323018 -0.11903 -0.000171237 0.0941724 -0.149314 0.110009 0.12563 -0.11249 -0.0756657 -0.0439854
internal_weight=13863 5844 8019 5006 3775 2069 3013 3810 1429 2879 1931 781 1636 788
internal_count=13863 5844 8019 5006 3775 2069 3013 3810 1429 2879 1931 781 1636 788
is_linear=0
shrinkage=0.03


Tree=15
num_leaves=15
num_cat=0
split_feature=29 29 19 32 14 21 0 0 31 0 27 10 22 1
split_gain=42897.8 14330.9 5954.55 5777.52 5185.04 6266.17 4662.69 2675.6 2032.41 1152.34 1087.86 1368.99 1035.56 929.436
threshold=45.339371584126837 52.512569024502746 0.018678039236004643 51.375547529393693 0.00031525933840323466 0.0035468624370563486 1.8136644461705325 0.10813072153947757 59.79405210174442 0.77032045876430677 0.43871646463370367 0.81666666666666676 0.0011800144161603985 4.4961026822061685
decision_type=2 2 10 2 2 2 8 8 2 10 8 2 2 8
left_child=4 2 8 13 -1 7 -5 -6 -2 12 11 -8 -7 -3
right_child=1 3 -4 6 5 9 10 -9 -10 -11 -12 -13 -14 -15
leaf_value=-0.034684224236132141 0.023709532799712447 0.023961070535488682 -0.034684224236132141 0.0512227609744293 -0.13700939365735815 -0.17092387247345836 0.1123493097501186 -0.076647879310006328 -0.034684224236132141 -0.13700939365735815 0.087375741284677746 0.20331119959758973 -0.23966683557859264 0.0512227609744293
leaf_weight=767 2888 1027 1501 1780 581 303 895 1081 358 82 1321 188 394 714
leaf_count=767 2888 1027 1501 1780 581 303 895 1081 358 82 1321 188 394 714
internal_value=-0.00109156 0.0278302 -0.0110056 0.0589277 -0.0971986 -0.118612 0.0784845 -0.0852696 0.0150133 -0.188749 0.106357 0.129001 -0.204838 0.0239611
internal_weight=13880 10672 4747 5925 3208 2441 4184 1662 3246 779 2404 1083 697 1741
internal_count=13880 10672 4747 5925 3208 2441 4184 1662 3246 779 2404 1083 697 1741
is_linear=0
shrinkage=0.03


Tree=16
num_leaves=15
num_cat=0
split_feature=3 14 14 18 21 3 6 16 17 34 0 14 3 9
split_gain=40298.8 24552.1 16812.2 6234.01 5249.18 3920.21 2816.51 2676.79 1959.92 1715.68 1583.16 1264.21 1156.71 1127.05
threshold=0.14980631517030532 0.077064361282738011 0.00043963256390351928 0.16064495600969489 0.0028928413371662261 5.3641655208898706 0.13740213044046892 9.9730837776297445 0.53222913493817481 44.355644355644365 23.966738561979806 0.36239401124186382 0.039410212295490056 0.0062653524680269706
decision_type=8 2 2 10 2 8 2 8 2 2 10 2 10 8
left_child=2 3 -1 6 11 -3 9 -8 -7 -2 -11 -4 -6 -5
right_child=1 5 4 13 12 8 7 -9 -10 10 -12 -13 -14 -15
leaf_value=-0.024507020197653006 0.045550398851143675 -0.024507020197653006 -0.082021391956244333 0.077756928984860058 -0.23578819684379723 0.026005395041911097 0.25477802576180897 0.11685092920618412 -0.0041379332936434072 0.086645849170152167 0.17702689550705811 -0.13580704973065938 -0.1535453390643691 0.026005395041911097
leaf_weight=2012 892 2191 739 375 443 1245 154 767 896 1726 196 624 308 1316
leaf_count=2012 892 2191 739 375 443 1245 154 767 896 1726 196 624 308 1316
internal_value=-0.00185253 0.0313827 -0.0803967 0.0738741 -0.139536 -0.0218634 0.095493 0.141165 0.0162312 0.0803211 0.0962981 -0.103789 -0.203297 0.0260054
internal_weight=13884 9758 4126 5426 2114 4332 3735 921 2141 2814 1922 1363 751 1691
internal_count=13884 9758 4126 5426 2114 4332 3735 921 2141 2814 1922 1363 751 1691
is_linear=0
shrinkage=0.03


Tree=17
num_leaves=15
num_cat=0
split_feature=29 3 17 3 32 17 34 18 21 18 0 14 29 22
split_gain=40638.8 14857.4 10629.1 7031.42 5217.52 4527.97 3336.48 2654.37 2589.36 1360.35 1204.16 1130.17 958.414 939.568
threshold=51.856151463144478 0.11441434580115868 0.0052006801981258058 0.64971308193001032 53.040840278602523 0.13194455188088042 55.830835830835845 0.060251915492579897 0.0049365147847442257 0.20878160952173627 -1.0000000180025095e-35 1.5213540227276419 58.95049550294307 0.0018741392752383461
decision_type=2 8 2 8 2 2 2 8 2 10 10 2 2 2
left_child=1 2 -1 12 -5 -3 -7 -6 10 13 -4 -10 -2 -9
right_child=3 5 8 4 7 6 -8 9 11 -11 -12 -13 -14 -15
leaf_value=-0.058620396318253651 0.0013560595042448886 0.0013560595042448886 -0.1676406316257564 0.038884653182980393 0.24432156161963942 -0.058620396318253651 -0.02167586689808737 0.11380079815180048 -0.18774844459696075 0.068723700827572995 -0.10941944866027881 -0.31142180166410977 0.038884653182980393 0.068723700827572995
leaf_weight=1542 1448 1938 240 1627 105 1144 1366 1792 501 544 635 91 421 377
leaf_count=1542 1448 1938 240 1627 105 1144 1366 1792 501 544 635 91 421 377
internal_value=-0.00293262 -0.0503392 -0.101767 0.0530513 0.0735604 -0.0154742 -0.0447078 0.0985627 -0.160219 0.0924824 -0.126073 -0.209208 0.0042089 0.104497
internal_weight=13771 7457 3009 6314 4445 4448 2510 2818 1467 2713 875 592 1869 2169
internal_count=13771 7457 3009 6314 4445 4448 2510 2818 1467 2713 875 592 1869 2169
is_linear=0
shrinkage=0.03


Tree=18
num_leaves=15
num_cat=0
split_feature=29 29 7 17 30 17 18 14 1 13 9 17 1 22
split_gain=37520.2 13655.4 9114.94 7062.33 5639.89 3379.07 2460.01 2379.89 1964.74 1556.49 1275.45 1130.7 1214.71 884.484
threshold=51.856151463144478 43.135145684596246 0.021323831446232514 0.2279938555801371 54.948622805765673 0.004526080534657112 0.060251915492579897 0.00080900300649598288 0.12434398531296943 -1.2048576794435852 0.17124958765353623 0.4996503693896443 3.5844880761168398 0.00042237075585435706
decision_type=2 2 10 2 2 2 8 2 8 10 10 2 8 2
left_child=1 5 11 4 -2 -1 9 10 -7 -6 -8 -3 -13 -12
right_child=3 2 -4 -5 6 8 7 -9 -10 -11 13 12 -14 -15
leaf_value=-0.068437915220019449 0.033209162191300684 0.0013534466964729751 -0.068437915220019449 0.0013534466964729751 0.28418500605520314 -0.17930890250719309 0.078798743584631431 0.059342535140565721 -0.10709068850539023 0.079447321834211992 0.13628547170243777 -0.068437915220019449 -0.013320542716213803 0.082005597819918646
leaf_weight=628 1539 2536 1678 933 86 638 1198 1196 801 61 890 222 975 433
leaf_count=628 1539 2536 1678 933 86 638 1198 1196 801 61 890 222 975 433
internal_value=-0.00274446 -0.04824 -0.023138 0.0509469 0.0650649 -0.113738 0.0854759 0.0804949 -0.13962 0.204634 0.098255 0.00135345 -0.0279945 0.118896
internal_weight=13814 7478 5411 6336 5403 2067 3864 3717 1439 147 2521 3733 1197 1323
internal_count=13814 7478 5411 6336 5403 2067 3864 3717 1439 147 2521 3733 1197 1323
is_linear=0
shrinkage=0.03


Tree=19
num_leaves=15
num_cat=0
split_feature=29 32 0 1 32 21 18 18 0 28 30 22 0 29
split_gain=32560 11824.8 7308.94 6614.51 4881.34 4602.22 3052.04 2000.13 1872.97 1129.96 900.235 876.159 1059.44 685.055
threshold=45.339371584126837 55.117958964112816 0.59931725669097913 3.5161337745819989 54.629985399216174 0.010764579131107255 0.099535536088656826 0.014972930661648049 0.079791865462258707 15.500000000000002 28.582132153560728 0.0021870618173198621 20.58491460102319 48.785987675858685
decision_type=2 2 8 8 2 2 10 10 8 2 2 2 10 2
left_child=4 3 -3 -2 5 8 7 9 -1 11 -7 12 -4 -5
right_child=1 2 6 13 -6 10 -8 -9 -10 -11 -12 -13 -14 -15
leaf_value=-0.12885230955241608 -0.031657582096341348 0.021281862190228852 0.081687084906619134 -0.0051878599530562498 -0.031657582096341348 -0.22483259605465136 0.0496698699639644 0.20621208435677466 -0.070312887592865608 0.16653087865686181 -0.14598273529721181 0.0496698699639644 0.13797539520375213 0.021281862190228852
leaf_weight=535 2597 1855 1671 683 825 238 948 136 1123 159 423 500 382 1714
leaf_count=535 2597 1855 1671 683 825 238 948 136 1123 159 423 500 382 1714
internal_value=-0.00181348 0.0232455 0.0529501 -0.0103864 -0.0865606 -0.108968 0.0780579 0.0948448 -0.0818564 0.0888908 -0.175848 0.0837393 0.0924704 0.0212819
internal_weight=13789 10645 5651 4994 3144 2319 3796 2848 1658 2712 661 2553 2053 2397
internal_count=13789 10645 5651 4994 3144 2319 3796 2848 1658 2712 661 2553 2053 2397
is_linear=0
shrinkage=0.03


Tree=20
num_leaves=15
num_cat=0
split_feature=3 14 14 3 34 18 34 9 16 34 1 27 7 21
split_gain=33431.2 19887.9 13164.7 5062.63 4864.68 2356.22 1957.62 2097.18 1438.03 1147.08 1007.79 783.705 679.991 595.987
threshold=0.14980631517030532 0.0037689766930207673 0.00031525933840323466 5.3641655208898706 36.723276723276733 0.37411590151729207 38.99433899433901 0.19916876875824405 28.397111415878765 40.825840825840835 -0.056730122974535842 -0.035246623431093298 0.062803792556439766 2.6527730054526942e-05
decision_type=8 2 2 8 2 10 2 10 8 2 10 8 8 2
left_child=2 5 9 -3 -4 6 -2 -8 -5 12 -6 -9 -1 -12
right_child=1 3 4 8 10 -7 7 11 -10 -11 13 -13 -14 -15
leaf_value=-0.042131657158609254 0.03953558539702786 -0.022447786970460831 -0.20108670212102955 0.032900524198327681 -0.14937370736393177 0.032900524198327681 0.068525208799807169 0.19953681403637996 0.0024206369402230881 -0.022447786970460831 -0.074748177303706628 0.11333374944360504 -0.074113170693596686 -0.11790615170123027
leaf_weight=243 653 2874 565 870 246 837 1205 107 1604 1331 1013 1554 441 285
leaf_count=243 653 2874 565 870 246 837 1205 107 1604 1331 1013 1554 441 285
internal_value=-0.00190116 0.0285081 -0.0734036 -0.0102556 -0.125779 0.0760566 0.0868273 0.0975148 0.0240279 -0.0224478 -0.0976607 0.119469 -0.0618155 -0.0864386
internal_weight=13828 9704 4124 5348 2109 4356 3519 2866 2474 2015 1544 1661 684 1298
internal_count=13828 9704 4124 5348 2109 4356 3519 2866 2474 2015 1544 1661 684 1298
is_linear=0
shrinkage=0.03


Tree=21
num_leaves=15
num_cat=0
split_feature=3 14 14 21 18 17 14 9 16 22 22 21 14 3
split_gain=32609 16204 13799.9 5821.45 4048.4 2256.91 1962.02 1505.91 1583.15 1430.98 1403.98 1197.05 1024.52 885.507
threshold=0.42282050550227557 0.00031525933840323466 0.074359559750228829 1.6947497738121656e-05 0.14030088806396623 0.40430041244869747 0.64627516384127071 0.13413965826697374 4.0915664424821108 0.00016546313833631923 0.0011800144161603985 0.097488857490131989 1.2621254956626047 3.6636504496918909
decision_type=8 2 2 2 10 2 2 10 8 2 2 2 2 8
left_child=1 11 4 6 7 9 -3 13 -9 -4 -5 -1 -12 -2
right_child=2 3 5 10 -6 -7 -8 8 -10 -11 12 -13 -14 -15
leaf_value=-0.0090410522484808218 0.033500217130443724 -0.05603053340574523 0.033500217130443724 -0.12372795247087434 0.033500217130443724 -0.0090410522484808218 -0.11293903682243145 0.20035052740049797 0.10003981770827576 0.0070735807769041655 -0.17059497878171154 -0.05603053340574523 -0.29204986403385796 0.081985852813624707
leaf_weight=2276 339 1268 1284 636 1470 1669 619 156 1749 708 444 347 85 826
leaf_count=2276 339 1268 1284 636 1470 1669 619 156 1749 708 444 347 85 826
internal_value=-0.000536425 -0.055794 0.0377119 -0.10302 0.0726282 -0.00562778 -0.0701591 0.0922336 0.108757 0.0231882 -0.155719 -0.00904105 -0.192662 0.0648651
internal_weight=13876 5675 8201 3052 4540 3661 1887 3070 1905 1992 1165 2623 529 1165
internal_count=13876 5675 8201 3052 4540 3661 1887 3070 1905 1992 1165 2623 529 1165
is_linear=0
shrinkage=0.03


Tree=22
num_leaves=15
num_cat=0
split_feature=29 21 3 32 18 29 18 14 22 31 19 1 0 3
split_gain=30261.8 9247.83 7263.36 5880.25 4900.31 3944.41 2057.86 1793.01 1773.65 1608.07 1358.54 1153.42 986.631 965.509
threshold=49.687658051793925 8.5044952705160934e-06 0.76189499315982123 56.2937062937063 0.074628613639974375 43.135145684596246 0.081687308919095106 1.0000000180025095e-35 1.4518193443827046e-06 54.900654900654906 0.16410203365064205 4.6385883258758218 0.20940575454716542 0.76189499315982123
decision_type=2 2 8 2 10 2 8 2 2 2 10 10 10 10
left_child=1 5 7 8 -3 -1 -5 12 11 13 -7 -4 -2 -6
right_child=2 4 3 6 9 10 -8 -9 -10 -11 -12 -13 -14 -15
leaf_value=-0.068879156139099881 0.0075611728456830693 -0.068879156139099881 0.041081818780539993 0.22329122038166813 -0.13631025215991857 -0.0081415825113652085 0.092431439696794543 -0.0081415825113652085 0.027129903572656218 -0.19731492958058719 -0.039038620248628482 0.067842565745166603 0.027129903572656218 -0.068879156139099881
leaf_weight=1171 701 619 1596 114 655 2341 1679 1015 1166 407 575 684 1001 111
leaf_count=1171 701 619 1596 114 655 2341 1679 1015 1166 407 575 684 1001 111
internal_value=-0.00141219 -0.0530022 0.036719 0.0573453 -0.109735 -0.0280232 0.101349 -0.00308551 0.0343357 -0.148317 -0.00919808 0.0550337 0.0232639 -0.121172
internal_weight=13835 5879 7956 5239 1792 4087 1793 2717 3446 1173 2916 2280 1702 766
internal_count=13835 5879 7956 5239 1792 4087 1793 2717 3446 1173 2916 2280 1702 766
is_linear=0
shrinkage=0.03


Tree=23
num_leaves=15
num_cat=0
split_feature=3 17 17 32 21 18 34 14 22 14 34 34 3 13
split_gain=30344 13702.3 12580.2 4704.32 3458.64 3302.71 2296.95 1605.78 1333.09 1252.15 1237.28 1150.25 1116.93 966.06
threshold=0.33982097987705412 0.12920438894038774 0.0052006801981258058 51.682932452163229 0.0049365147847442257 0.060251915492579897 36.18714618714619 0.3709903982307079 0.0015167906920672723 1.2621254956626047 59.074259074259082 58.358308358308363 23.966738561979806 47.195802565020124
decision_type=8 2 2 2 2 8 2 2 2 2 2 2 10 8
left_child=2 3 6 -2 7 -5 -1 -4 -6 -10 -7 -3 -12 -13
right_child=1 11 4 5 8 10 -8 -9 9 -11 12 13 -14 -15
leaf_value=-0.063759441920602886 0.023765956885072138 -0.013374723378202957 -0.063759441920602886 0.24512713501850761 -0.12084882269802526 0.058998541578680036 -0.013374723378202957 -0.11731174179704557 -0.1707488308777923 -0.32081619705112885 0.081943684050521409 0.023765956885072138 0.14510553081834082 -0.00044625624072090503
leaf_weight=595 1848 1362 837 103 458 1885 2352 696 335 66 1268 764 327 918
leaf_count=595 1848 1362 837 103 458 1885 2352 696 335 66 1268 764 327 918
internal_value=-0.00302306 0.0322619 -0.0590114 0.0609066 -0.110052 0.0809561 -0.0174667 -0.0825809 -0.158317 -0.199095 0.0757522 -0.0133747 0.0953058 0.0124822
internal_weight=13814 8475 5339 5431 2392 3583 2947 1533 859 401 3480 3044 1595 1682
internal_count=13814 8475 5339 5431 2392 3583 2947 1533 859 401 3480 3044 1595 1682
is_linear=0
shrinkage=0.03


Tree=24
num_leaves=15
num_cat=0
split_feature=3 17 32 32 18 34 34 9 34 17 34 13 32 18
split_gain=27761.6 17279.6 10086.1 5991.36 2892.32 2533.15 1443.16 1417.97 1341.11 1206.34 1102.4 1017.8 765.601 757.815
threshold=0.14980631517030532 0.12920438894038774 54.629985399216174 55.117958964112816 0.05569093745233878 32.654845154845169 55.830835830835845 0.19916876875824405 40.713453213453214 0.094002133646857403 63.217615717615729 59.617761420004825 59.198493813878436 0.25719708889658571
decision_type=8 2 2 2 8 2 2 10 2 2 2 8 2 8
left_child=2 3 5 13 -5 -1 -3 -6 -4 -7 12 -8 -9 -2
right_child=1 6 8 4 7 9 11 10 -10 -11 -12 -13 -14 -15
leaf_value=-0.1745943698522105 0.04918533785203897 -0.019705724785922907 -0.061968024480479875 0.2458701964347593 0.053195297833315301 -0.0663754745491969 0.018617875150962446 0.04918533785203897 -0.019705724785922907 -0.11586215148737758 0.12219599909692164 -0.0056379224921229406 0.090419126888450121 0.018617875150962446
leaf_weight=468 270 1678 672 88 1556 630 897 474 1406 961 705 954 1066 2047
leaf_count=468 270 1678 672 88 1556 630 897 474 1406 961 705 954 1066 2047
internal_value=-0.00101064 0.0266555 -0.066067 0.0569415 0.0796735 -0.113045 -0.0197057 0.0755078 -0.0197057 -0.09445 0.09082 0.00842988 0.0761073 0.0186971
internal_weight=13872 9735 4137 6206 3889 2059 3529 3801 2078 1591 2245 1851 1540 2317
internal_count=13872 9735 4137 6206 3889 2059 3529 3801 2078 1591 2245 1851 1540 2317
is_linear=0
shrinkage=0.03


Tree=25
num_leaves=15
num_cat=0
split_feature=3 14 14 21 18 21 13 0 17 9 34 3 22 34
split_gain=26000.6 16215.4 10051.5 3857.93 2653.09 2531.66 1892.74 1599.31 1456.61 1017.68 1057.09 955.76 933.34 891.489
threshold=0.76189499315982123 0.028392545366704793 0.10113694249948012 1.6947497738121656e-05 0.20578973944160689 0.12344060132769638 -1.1157363722917513 0.079791865462258707 0.40430041244869747 0.19206723715122009 32.396769896769904 0.04413564645557564 0.00011305491068892594 54.799367299367297
decision_type=8 2 2 2 10 2 8 10 2 10 2 10 2 2
left_child=1 5 4 7 6 -1 -2 -3 12 13 -11 -5 -4 -8
right_child=2 3 8 11 -6 -7 9 -9 -10 10 -12 -13 -14 -15
leaf_value=-0.0030820881985601819 0.18882112435558263 -0.10511406117008511 0.03282886699596882 -0.17460843314466995 0.033307502765177251 -0.049383868835482958 0.03282886699596882 -0.052173488853496618 -0.0030820881985601819 0.03282886699596882 0.10332148785485315 -0.11501437095674748 0.011084934592400111 0.076555779503851701
leaf_weight=3227 148 532 1102 458 1307 481 366 1389 1435 109 1368 642 526 790
leaf_count=3227 148 532 1102 458 1307 481 366 1389 1435 109 1368 642 526 790
internal_value=-0.00183516 -0.0441462 0.037982 -0.0956856 0.0687398 -0.00308209 0.0853025 -0.0697231 -0.00308209 0.0791369 0.0957426 -0.140505 0.025252 0.0575991
internal_weight=13880 6729 7151 3021 4088 3708 2781 1921 3063 2633 1477 1100 1628 1156
internal_count=13880 6729 7151 3021 4088 3708 2781 1921 3063 2633 1477 1100 1628 1156
is_linear=0
shrinkage=0.03


Tree=26
num_leaves=15
num_cat=0
split_feature=3 17 14 14 34 34 18 1 34 34 3 32 6 17
split_gain=24169.3 14878.6 9908.52 4671.69 3357.89 1692.14 1310.06 1121.89 1067.78 1060.7 1052.22 724.016 714.637 706.649
threshold=0.14980631517030532 0.1696005150293847 0.00043963256390351928 0.032559572593437287 32.654845154845169 45.288045288045296 0.08942260635863114 -0.10404831552599585 55.931568431568436 40.825840825840835 22.026818780270016 61.469299930838403 0.20608476614698759 0.30604071735419353
decision_type=8 2 2 2 2 2 8 10 2 2 10 2 2 2
left_child=2 3 9 5 -4 -2 -7 -6 -3 -1 11 -8 -5 -9
right_child=1 8 4 12 7 6 10 13 -10 -11 -12 -13 -14 -15
leaf_value=-0.057911538454359743 0.041243322061054639 -0.020240425443987249 -0.18070292037123975 0.014891465993034973 -0.13466812160439304 0.17990623398469044 0.060772898594979169 -0.064764898073820173 0.006223381982052357 -0.020240425443987249 0.12021974256404619 0.09119556023217737 0.041243322061054639 -0.1016692951106698
leaf_weight=693 1370 1555 462 1681 256 112 1580 746 1744 1338 420 870 360 634
leaf_count=693 1370 1555 462 1681 256 112 1580 746 1744 1338 420 870 360 634
internal_value=-0.00281927 0.0230754 -0.0635563 0.0500234 -0.109289 0.0675952 0.0803025 -0.0886333 -0.0202404 -0.0202404 0.0761094 0.0683182 0.0148915 -0.0771754
internal_weight=13821 9692 4129 6393 2098 4352 2982 1636 3299 2031 2870 2450 2041 1380
internal_count=13821 9692 4129 6393 2098 4352 2982 1636 3299 2031 2870 2450 2041 1380
is_linear=0
shrinkage=0.03


Tree=27
num_leaves=15
num_cat=0
split_feature=29 17 21 3 32 29 32 18 3 19 22 17 22 1
split_gain=23447.1 6895.55 6643.62 5109.7 3771.5 3258.95 2960.51 2093.14 965.314 886.733 883.109 750.894 706.142 610.682
threshold=49.687658051793925 0.23322673559669022 1.6947497738121656e-05 0.7483706411290808 50.061476984553913 43.65196323919124 56.2937062937063 0.14030088806396623 0.041814936867645008 0.40759192844375841 3.3146444981200439e-06 0.0028334106885598699 0.0010402923737972754 5.1607757135385581
decision_type=2 2 2 8 2 2 2 8 10 10 2 2 2 10
left_child=2 3 5 -2 8 11 12 -8 -4 -7 -9 -1 13 -5
right_child=1 -3 4 6 -6 9 7 10 -10 -11 -12 -13 -14 -15
leaf_value=-0.035537008234441482 0.017674130619981149 -0.0089163708139100312 -0.17363692103432757 0.049541496100241673 -0.062157645654972934 -0.0089163708139100312 0.20907017487287519 0.10959841896457503 -0.10983496963144253 -0.035537008234441482 0.069207056238898876 -0.062157645654972934 0.040774617821343492 0.069207056238898876
leaf_weight=443 2280 1370 415 1554 808 2289 130 726 538 427 854 878 469 614
leaf_count=443 2280 1370 415 1554 808 2289 130 726 538 427 854 878 469 614
internal_value=-0.00260894 0.0306867 -0.0485194 0.0442646 -0.0970669 -0.0272484 0.0638751 0.0946123 -0.13838 -0.00891637 0.0845651 -0.0621576 0.0438018 0.0583084
internal_weight=13795 7997 5798 6627 1761 4037 4347 1710 953 2716 1580 1321 2637 2168
internal_count=13795 7997 5798 6627 1761 4037 4347 1710 953 2716 1580 1321 2637 2168
is_linear=0
shrinkage=0.03


Tree=28
num_leaves=15
num_cat=0
split_feature=3 17 17 32 21 34 34 18 3 22 0 3 33 32
split_gain=19858.5 12041.4 9570.19 4236.63 3110.09 2367.14 1479.61 1459.57 1436.31 962.578 873.811 697.079 667.754 514.562
threshold=0.43478213205912958 0.0052006801981258058 0.40430041244869747 56.862368400829951 0.00054673028425672042 59.074259074259082 40.492840492840507 0.060251915492579897 0.04413564645557564 0.0015167906920672723 20.58491460102319 0.03445119394357659 35.895057323628755 61.961115807269671
decision_type=8 2 2 2 2 2 2 8 10 2 8 10 2 2
left_child=1 6 3 5 8 -2 11 -5 -3 -6 13 -1 -11 -9
right_child=2 4 -4 7 9 -7 -8 10 -10 12 -12 -13 -14 -15
leaf_value=-0.051011350789474108 0.020363763197952991 -0.10158222514962799 -0.0082750285694957338 0.19955668372042634 -0.10768928101819933 0.053952890281815311 -0.0082750285694957338 0.056247893517450111 -0.051011350789474108 -0.23666085589740235 0.11396491850157836 -0.026542867594121181 -0.14344285830244374 0.081905770934069019
leaf_weight=550 1597 645 2147 89 543 2187 2121 632 908 113 457 460 309 967
leaf_count=550 1597 645 2147 89 543 2187 2121 632 908 113 457 460 309 967
internal_value=-0.00179965 -0.0449245 0.0283745 0.0490026 -0.0937477 0.0298446 -0.00827503 0.0826512 -0.0671018 -0.136063 0.0771188 -0.0448107 -0.170883 0.0662656
internal_weight=13725 5649 8076 5929 2518 3784 3131 2145 1553 965 2056 1010 422 1599
internal_count=13725 5649 8076 5929 2518 3784 3131 2145 1553 965 2056 1010 422 1599
is_linear=0
shrinkage=0.03


Tree=29
num_leaves=15
num_cat=0
split_feature=14 0 3 34 34 32 34 0 26 16 17 14 3 33
split_gain=19195.2 13277 9937.22 2889.19 2712.3 2163.65 1452.51 914.204 908.818 1024.06 768.923 645.155 608.947 542.275
threshold=0.057018377346949999 1.1116132060990116 0.13673253507746544 32.654845154845169 45.288045288045296 56.862368400829951 46.749916749916757 0.11618299536160366 1.0000000180025095e-35 5.6323511574603673 0.52206250578589342 1.4776919405675952 18.919930452084113 37.193758622330058
decision_type=2 8 8 2 2 2 2 10 8 8 2 2 10 2
left_child=2 3 -1 11 -4 -6 -3 -5 9 -7 -9 13 -11 -2
right_child=1 6 4 7 5 8 -8 10 -10 12 -12 -13 -14 -15
leaf_value=-0.0059955432504537123 -0.19288182956676414 -0.046831583573047862 0.023686685211941051 -0.10332040752667132 0.045566959116909909 0.17096362564980128 -0.0059955432504537123 -0.048591185749262231 0.068023739608617587 0.080071695894742279 -0.082635764980195703 -0.24806983728493964 0.13231114015732909 -0.1164269935810603
leaf_weight=2410 132 817 1600 749 1872 204 2539 816 880 650 643 65 116 298
leaf_count=2410 132 817 1600 749 1872 204 2539 816 880 650 643 65 116 298
internal_value=-0.00167536 -0.0416388 0.0296477 -0.0911868 0.0533689 0.0674472 -0.00599554 -0.0761862 0.0904805 0.11071 -0.0619511 -0.156668 0.0936587 -0.140159
internal_weight=13791 6059 7732 2703 5322 3722 3356 2208 1850 970 1459 495 766 430
internal_count=13791 6059 7732 2703 5322 3722 3356 2208 1850 970 1459 495 766 430
is_linear=0
shrinkage=0.03


Tree=30
num_leaves=15
num_cat=0
split_feature=29 29 19 34 32 14 0 31 1 19 6 34 14 25
split_gain=20164.3 6978.97 5370.12 4618.3 2640.43 1807.79 1727.87 1678.97 1410.98 1034.89 896.34 557.315 748.232 544.81
threshold=52.337863601599871 43.135145684596246 0.10692586094208691 46.882284382284389 51.375547529393693 0.0023151486653217829 0.079791865462258707 59.972719588104205 4.9849610352170908 0.50963278708527471 -0.4570261018104837 49.571262071262076 1.139358870883294 -0.034255911541860133
decision_type=2 2 10 2 2 2 8 2 10 8 2 2 2 8
left_child=1 5 7 13 -5 -1 11 -3 9 -6 -10 12 -7 -2
right_child=3 2 -4 4 8 6 -8 -9 10 -11 -12 -13 -14 -15
leaf_value=-0.049571954166590736 0.028591094565708297 0.001842615955965 -0.049571954166590736 0.028591094565708297 0.084518833503076582 -0.12909201305653387 -0.07382163997607287 -0.049571954166590736 0.084518833503076582 0.049966406771402079 0.13763215164242346 -0.10390066456213382 -0.22054099471796126 0.001842615955965
leaf_weight=495 219 3703 1570 1277 824 342 912 446 239 1451 443 231 121 1472
leaf_count=495 219 3703 1570 1277 824 342 912 446 239 1451 443 231 121 1472
internal_value=-0.00321089 -0.0348302 -0.0176199 0.0385154 0.0553396 -0.081524 -0.0980713 0.00115508 0.0713417 0.0597522 0.109285 -0.13398 -0.154283 0.00184262
internal_weight=13745 7820 5719 5925 4234 2101 1606 4149 2957 2275 682 694 463 1691
internal_count=13745 7820 5719 5925 4234 2101 1606 4149 2957 2275 682 694 463 1691
is_linear=0
shrinkage=0.03


Tree=31
num_leaves=15
num_cat=0
split_feature=3 17 14 32 21 18 34 3 3 34 14 3 14 34
split_gain=19273.4 12366.4 7301.25 4138.85 2579.05 2275.04 1403.01 1571.12 1391.77 1081.63 1075.42 823.1 884.549 586.331
threshold=0.14980631517030532 0.12920438894038774 0.00043963256390351928 51.552293859986172 0.0020633078577058732 0.045296585480683708 46.586746586746592 23.966738561979806 17.884265602481332 41.258741258741267 0.36239401124186382 0.041814936867645008 1.4776919405675952 57.242757242757243
decision_type=8 2 2 2 2 8 2 10 8 2 2 10 2 2
left_child=2 3 9 13 10 -5 -7 -8 -3 -1 -4 12 -6 -2
right_child=1 8 4 5 11 6 7 -9 -10 -11 -12 -13 -14 -15
leaf_value=-0.054236196354730058 0.015059212745929999 -0.017178042489248011 -0.05594020345333181 0.20931976618245243 -0.14492687721170472 0.039685538883758233 0.064101742717981969 0.13034685842459415 0.015001612872783093 -0.017178042489248011 -0.10071684257997277 -0.10466058404943321 -0.26912683193882309 0.037067232577516755
leaf_weight=715 856 2130 752 91 374 1409 2298 378 1356 1271 617 307 67 1137
leaf_count=715 856 2130 752 91 374 1409 2298 378 1356 1271 617 307 67 1137
internal_value=-0.00153701 0.0216104 -0.0559665 0.0472965 -0.0947024 0.0643119 0.0608296 0.0736849 -0.017178 -0.017178 -0.06979 -0.139531 -0.166602 0.0150592
internal_weight=13758 9655 4103 6169 2117 4176 4085 2676 3486 1986 1369 748 441 1993
internal_count=13758 9655 4103 6169 2117 4176 4085 2676 3486 1986 1369 748 441 1993
is_linear=0
shrinkage=0.03


Tree=32
num_leaves=15
num_cat=0
split_feature=3 14 14 3 32 34 27 34 10 14 3 10 33 0
split_gain=17413.8 10963.9 7620.26 3054.94 2084.39 2028.9 1089.01 932.508 735.449 677.659 657.348 824.198 603.162 410.272
threshold=0.11441434580115868 0.032559572593437287 0.00031525933840323466 4.7637722101732587 56.862368400829951 37.462537462537469 0.43871646463370367 58.358308358308363 0.18333333333333338 0.15519373307526602 1.4655429473797754 0.81666666666666676 32.040182040182053 15.288972348391853
decision_type=8 2 2 8 2 2 8 2 2 2 8 2 2 8
left_child=2 4 8 -3 7 -4 10 -2 -1 -7 -6 -12 -5 -8
right_child=1 3 5 12 6 9 13 -9 -10 -11 11 -13 -14 -15
leaf_value=-0.052639369615106936 0.018688163329358444 -0.018086778115208986 -0.14804333027150765 -0.00032066974070618203 0.064310070568356997 -0.058094423401752332 0.048031239039098561 0.046797336132935526 -0.018086778115208986 -0.096086109030510958 0.087798427478376503 0.17164762438668146 0.018688163329358444 0.087271495701837218
leaf_weight=599 958 2574 531 643 930 554 851 1363 1270 824 684 130 1644 258
leaf_count=599 958 2574 531 643 930 554 851 1363 1270 824 684 130 1644 258
internal_value=-0.000994153 0.0196751 -0.0558487 -0.0126723 0.0500486 -0.0981021 0.0672189 0.0288436 -0.0180868 -0.078392 0.0822158 0.102156 0.0174454 0.0480312
internal_weight=13813 10035 3778 4861 5174 1909 2853 2321 1869 1378 1744 814 2287 1109
internal_count=13813 10035 3778 4861 5174 1909 2853 2321 1869 1378 1744 814 2287 1109
is_linear=0
shrinkage=0.03


Tree=33
num_leaves=15
num_cat=0
split_feature=29 17 0 32 32 0 1 22 21 25 0 10 22 14
split_gain=15857.4 7261.96 4441.09 2985.5 2798.13 2220.7 1871.07 1355.13 1237.38 907.338 1219.23 1093.35 865.601 548.037
threshold=46.043547855186226 0.12920438894038774 0.38683087277566014 51.552293859986172 54.629985399216174 0.94562740194750472 4.2635732464910321 0.0011241352631190195 0.023660008906947982 -0.15919836659947159 1.6075162166544359 0.81666666666666676 0.0019425959655939822 0.73344318662410002
decision_type=2 2 8 2 2 8 8 2 2 10 10 2 2 2
left_child=4 2 -2 -4 5 8 -3 9 13 -5 -11 -12 -10 -1
right_child=1 6 3 7 -6 -7 -8 -9 12 10 11 -13 -14 -15
leaf_value=-0.069256195081450977 0.0065979166651240857 -0.01964678275756334 0.026502506705936003 0.058688749063598625 -0.01964678275756334 -0.046431183631237008 0.0065979166651240857 0.044351041549158192 -0.10283634314229249 0.062948243056589012 0.09716745162881131 0.18918994309404227 -0.1704654238495962 -0.10283634314229249
leaf_weight=794 1722 1631 1875 1489 955 702 1226 900 279 785 578 153 267 494
leaf_count=794 1722 1631 1875 1489 955 702 1226 900 279 785 578 153 267 494
internal_value=-0.00134071 0.0172968 0.0328426 0.0464071 -0.0565904 -0.0732156 -0.0196468 0.0621996 -0.0920812 0.0730265 0.0895922 0.117582 -0.130185 -0.0754875
internal_weight=13850 10359 7502 5780 3491 2536 2857 3905 1834 3005 1516 731 546 1288
internal_count=13850 10359 7502 5780 3491 2536 2857 3905 1834 3005 1516 731 546 1288
is_linear=0
shrinkage=0.03


Tree=34
num_leaves=15
num_cat=0
split_feature=14 3 3 18 21 22 18 3 16 0 35 34 30 22
split_gain=15580.6 10729.3 7786.88 2577.45 1952.06 1191.05 1228.71 1065.5 901.936 879.757 758.831 727.021 744.368 675.39
threshold=0.077064361282738011 0.77960395749080502 0.33982097987705412 0.074628613639974375 1.6947497738121656e-05 0.0021870618173198621 0.014972930661648049 23.966738561979806 28.397111415878765 0.10813072153947757 41.625041625041632 46.882284382284389 31.007682793397084 0.0014420238891015189
decision_type=2 8 8 10 2 2 10 10 10 10 8 2 2 2
left_child=2 4 11 5 9 6 7 -4 -3 -2 -5 -1 -13 -6
right_child=1 8 3 10 13 -7 -8 -9 -10 -11 -12 12 -14 -15
leaf_value=-0.0075548633181541603 -0.091358529536401528 -0.0075548633181541603 0.05978274917296466 0.055272034828249189 -0.096616072657285251 0.027336704241608053 0.15783574528551023 0.11550649384214999 -0.04598300254251534 -0.04915624818269862 0.020782201848432491 0.0028291448727739087 0.020782201848432491 -0.15031820062924311
leaf_weight=1581 534 2926 1992 578 595 613 147 371 242 1147 1061 737 893 381
leaf_count=1581 534 2926 1992 578 595 613 147 371 242 1147 1061 737 893 381
internal_value=-0.0025373 -0.0398152 0.0247054 0.0491193 -0.0844111 0.065122 0.0742774 0.068757 -0.00755486 -0.064478 0.0207822 -0.00755486 0.0132132 -0.118239
internal_weight=13798 5825 7973 4762 2657 3123 2510 2363 3168 1681 1639 3211 1630 976
internal_count=13798 5825 7973 4762 2657 3123 2510 2363 3168 1681 1639 3211 1630 976
is_linear=0
shrinkage=0.03


Tree=35
num_leaves=15
num_cat=0
split_feature=14 3 3 18 28 34 18 34 0 21 1 25 32 17
split_gain=14311.2 9717.85 7798.4 2777.75 2047.57 1900.71 1126.26 1067.2 913.881 753.435 678.977 960.08 696.331 672.472
threshold=0.074359559750228829 0.76189499315982123 0.14980631517030532 0.045296585480683708 13.500000000000002 36.18714618714619 0.010977149403648823 46.320346320346324 0.15296809568605524 0.1446690783363411 1.3440833471467115 -0.15415067982725836 58.228135500862777 0.52206250578589342
decision_type=2 8 8 10 2 2 10 2 10 2 10 10 2 2
left_child=2 5 -1 4 6 -2 9 -3 -7 10 -4 -12 -13 -10
right_child=1 7 3 -5 -6 8 -8 -9 13 -11 11 12 -14 -15
leaf_value=-0.0064901489536216845 -0.12714595459241684 -0.04298692767074612 0.036771198836481819 0.019601756808702245 0.12065983196539835 -0.092166110943583512 0.14828030036555395 -0.0064901489536216845 -0.04298692767074612 0.019601756808702245 0.05166817296307389 0.05166817296307389 0.11621284310587729 -0.071338138845733062
leaf_weight=2594 589 710 1104 1917 459 759 103 2423 759 206 930 212 444 575
leaf_count=2594 589 710 1104 1917 459 759 103 2423 759 206 930 212 444 575
internal_value=-0.00165983 -0.0374269 0.0244466 0.0456937 0.0617931 -0.0794837 0.0525977 -0.00649015 -0.0657998 0.0489449 0.0539406 0.0665651 0.094814 -0.0505102
internal_weight=13784 5815 7969 5375 3458 2682 2999 3133 2093 2896 2690 1586 656 1334
internal_count=13784 5815 7969 5375 3458 2682 2999 3133 2093 2896 2690 1586 656 1334
is_linear=0
shrinkage=0.03


Tree=36
num_leaves=15
num_cat=0
split_feature=17 0 34 32 32 18 21 22 32 1 29 34 11 7
split_gain=14017.5 9412.51 6148.88 2508.34 1616.59 1510.35 1389.91 1358.01 1072.46 921.385 749.997 724.659 615.108 671.088
threshold=0.24260974112328101 0.94562740194750472 55.830835830835845 55.586720971336362 58.537616229923934 0.081687308919095106 0.00040837083277592577 0.0018741392752383461 41.392174259307133 0.05895386877165442 52.337863601599871 57.342657342657354 0.556588186699711 -0.25926044549630495
decision_type=2 8 2 2 2 8 2 2 2 10 2 2 2 10
left_child=1 4 6 7 -1 -5 8 10 -2 -6 -3 -7 13 -8
right_child=2 3 -4 5 9 11 12 -9 -10 -11 -12 -13 -14 -15
leaf_value=-0.014743269526999286 -0.087242111080301082 0.0288810483503627 -0.014743269526999286 0.17784164761121454 -0.0014170552092059249 0.051003365931920487 -0.087242111080301082 0.0157776757466624 -0.048525622220520336 0.0157776757466624 0.051003365931920487 0.089429526547907853 -0.20495819095923348 -0.12619727273903
leaf_weight=2379 549 895 1927 112 740 1118 243 620 776 1309 1786 710 60 565
leaf_count=2379 549 895 1927 112 740 1118 243 620 776 1309 1786 710 60 565
internal_value=-0.00146368 0.0182811 -0.0477677 0.0454697 -0.0139143 0.0725205 -0.082308 0.0294862 -0.0625562 0.0119092 0.0419844 0.0656001 -0.111928 -0.103802
internal_weight=13789 9669 4120 5241 4428 1940 2193 3301 1325 2049 2681 1828 868 808
internal_count=13789 9669 4120 5241 4428 1940 2193 3301 1325 2049 2681 1828 868 808
is_linear=0
shrinkage=0.03


Tree=37
num_leaves=15
num_cat=0
split_feature=17 3 3 32 5 21 32 14 9 8 16 10 7 22
split_gain=13169.6 9428.21 5453.3 3106.49 1648.15 1635.04 1035.35 884.306 860.162 632.261 596.201 561.765 448.76 427.513
threshold=0.24260974112328101 0.16308436143201613 0.95262177428672923 58.537616229923934 -0.0059914543500782678 0.00024743494774526073 39.533543379697235 0.68736978940305893 0.22720232857154971 0.83483893116155994 6.5007693609030293 0.81666666666666676 0.027491813581892902 3.3146444981200439e-06
decision_type=2 8 8 2 2 2 2 2 10 10 8 2 10 2
left_child=1 -1 5 4 -3 7 -6 -2 -5 -4 -7 13 -12 -10
right_child=2 3 9 8 6 10 -8 -9 11 -11 12 -13 -14 -15
leaf_value=-0.015957964061730733 -0.04900363692577514 0.010329638227564355 -0.015957964061730733 0.043315794794558458 0.010329638227564355 -0.089827177029520713 0.043315794794558458 -0.089827177029520713 0.093092708701901811 -0.04900363692577514 -0.11348989890355807 0.12593773545294076 -0.16429581353497899 0.057809901756466574
leaf_weight=3029 801 1594 1671 638 729 231 2025 543 493 391 225 189 289 962
leaf_count=3029 801 1594 1671 638 729 231 2025 543 493 391 225 189 289 962
internal_value=-0.00323283 0.0159733 -0.0478893 0.0366172 0.0216984 -0.0820493 0.0375647 -0.0618873 0.0649332 -0.015958 -0.117767 0.076831 -0.137153 0.0700427
internal_weight=13810 9659 4151 6630 4348 2089 2754 1344 2282 2062 745 1644 514 1455
internal_count=13810 9659 4151 6630 4348 2089 2754 1344 2282 2062 745 1644 514 1455
is_linear=0
shrinkage=0.03


Tree=38
num_leaves=15
num_cat=0
split_feature=29 29 7 1 18 17 30 29 7 3 27 1 16 32
split_gain=13015.3 5659.04 4530.36 3096.96 2426.81 1610.59 1354.43 1282.27 1023.33 1010.57 746.678 783.27 717.318 621.806
threshold=52.512569024502746 43.135145684596246 0.021323831446232514 5.1607757135385581 0.095389079619974337 0.004526080534657112 39.418319775462642 58.95049550294307 0.79044348928010433 0.04413564645557564 0.68934488086733559 -0.16508803239369066 153.27110391492542 55.586720971336362
decision_type=2 2 10 8 10 2 2 2 8 8 8 10 8 2
left_child=1 5 -3 4 6 -1 -2 13 -9 10 11 -7 -13 -5
right_child=3 2 -4 7 -6 9 -8 8 -10 -11 -12 12 -14 -15
leaf_value=-0.04186898152570849 0.0014838453356616299 0.0014838453356616299 -0.04186898152570849 0.037775569077094819 0.0014838453356616299 -0.20814753687431831 0.037775569077094819 0.15824298918311452 0.07179905822315065 -0.065416091858378489 -0.090043476807533468 -0.090043476807533468 -0.16128409042253733 0.069325348940903295
leaf_weight=617 458 4015 1868 992 1357 114 2059 169 497 721 211 260 121 401
leaf_count=617 458 4015 1868 992 1357 114 2059 169 497 721 211 260 121 401
internal_value=-0.00273891 -0.0278822 -0.0129154 0.0308499 0.0150132 -0.0708225 0.0353596 0.0605379 0.0947502 -0.0889632 -0.114671 -0.137872 -0.114421 0.0439005
internal_weight=13860 7927 5883 5933 3874 2044 2517 2059 666 1427 706 495 381 1393
internal_count=13860 7927 5883 5933 3874 2044 2517 2059 666 1427 706 495 381 1393
is_linear=0
shrinkage=0.03


Tree=39
num_leaves=15
num_cat=0
split_feature=18 3 3 16 34 14 34 34 28 32 14 34 1 18
split_gain=12517.3 10319.1 4972.06 2707.05 2549.22 1923.72 1595.94 1439.53 1304.4 1124.36 1120.08 986.639 969.951 1321.68
threshold=0.037157398020998975 0.7944868355766016 0.11441434580115868 17.340212248462478 37.462537462537469 0.64627516384127071 44.809357309357317 41.258741258741267 13.500000000000002 58.545999455090374 0.25230324029160983 55.431235431235443 4.6385883258758218 0.78012722002571766
decision_type=10 8 8 8 2 2 2 2 2 2 2 2 10 10
left_child=2 4 7 6 -2 -6 -3 -1 9 -4 -10 -5 -8 -14
right_child=1 3 8 11 5 -7 12 -9 10 -11 -12 -13 13 -15
leaf_value=-0.046542246246185061 -0.11047094322170971 0.0061624292484095877 0.02535878341368299 -0.030176981526342496 -0.033806526528627354 -0.08084668545547663 0.034629493717739698 0.0074844363550875086 0.10527885717977806 0.058398045883773543 0.016551069277677272 -0.0015930627279033605 0.063493501466353158 0.15020466885454953
leaf_weight=697 867 412 2277 571 1867 838 1067 1204 503 1576 111 1373 153 195
leaf_count=697 867 412 2277 571 1867 838 1067 1204 503 1576 111 1373 153 195
internal_value=-0.00255014 -0.0292345 0.0282186 0.00538365 -0.0657376 -0.0512224 0.0315597 -0.0123945 0.0454967 0.0389311 0.0860502 -0.0192349 0.0491021 0.0923575
internal_weight=13711 7343 6368 3771 3572 2705 1827 1901 4467 3853 614 1944 1415 348
internal_count=13711 7343 6368 3771 3572 2705 1827 1901 4467 3853 614 1944 1415 348
is_linear=0
shrinkage=0.03


Tree=40
num_leaves=15
num_cat=0
split_feature=29 7 29 34 1 21 18 17 32 18 17 34 29 7
split_gain=11868.1 6424.38 3796.87 3616.67 2121.57 1747.42 1370.32 1235.55 1016.76 798.734 783.281 667.166 647.337 718.822
threshold=52.512569024502746 0.021323831446232514 37.387031665579215 46.882284382284389 3.7914030865467407 0.00024743494774526073 0.35310934872184091 0.47802645246031805 56.873895335433808 0.25028074014077284 0.0075568121879686263 55.830835830835845 58.95049550294307 1.3265471822270387
decision_type=2 10 2 2 8 2 10 2 2 10 2 2 2 8
left_child=1 2 9 -2 8 10 -7 -4 -5 -1 -3 -9 -6 -14
right_child=3 5 7 4 12 6 -8 11 -10 -11 -12 -13 13 -15
leaf_value=-0.042076259166947502 0.0023219587982319448 -0.016827106364593964 0.0023219587982319448 0.023976202588662406 0.055407565520702841 -0.072144013002690854 -0.13795462019257843 -0.042076259166947502 0.047984776386111344 -0.11128757571540025 -0.061840136459224232 -0.010922278959664291 0.13780736558834711 0.073995782607713514
leaf_weight=175 1685 543 3379 1188 1172 499 434 532 1152 344 988 1075 220 475
leaf_count=175 1685 543 3379 1188 1172 499 434 532 1152 344 988 1075 220 475
internal_value=-0.00188125 -0.0257442 -0.00770317 0.0303881 0.0456304 -0.0659536 -0.0983059 0.000369706 0.0265126 -0.0845222 -0.0459821 -0.0241665 0.069457 0.092584
internal_weight=13861 7969 5505 5892 4207 2464 933 4986 2340 519 1531 1607 1867 695
internal_count=13861 7969 5505 5892 4207 2464 933 4986 2340 519 1531 1607 1867 695
is_linear=0
shrinkage=0.03


Tree=41
num_leaves=15
num_cat=0
split_feature=3 17 14 21 14 9 3 10 0 14 21 34 10 21
split_gain=11349.9 6320.01 5829.68 2657.48 2147.6 1095.23 843.603 805.486 780.354 759.438 759.253 757.111 516.595 386.422
threshold=0.33982097987705412 0.40430041244869747 0.00031525933840323466 1.6947497738121656e-05 0.012403652186002456 0.19916876875824405 0.041814936867645008 0.55000000000000016 0.079791865462258707 1.4776919405675952 0.12655281216523084 31.522644022644027 0.81666666666666676 0.24651921704490407
decision_type=8 2 2 2 2 10 10 2 10 2 2 2 2 2
left_child=2 4 10 8 5 -2 9 -6 -4 13 -1 -7 -13 -5
right_child=1 -3 3 6 7 11 -8 -9 -10 -11 -12 12 -14 -15
leaf_value=-0.009594506572176734 0.031866228191238445 -0.009594506572176734 -0.072798554301021542 -0.10544123786143583 0.012692001672702628 0.031866228191238445 -0.078104205920487182 0.031866228191238445 -0.038386619143466021 -0.22306004845608884 -0.038386619143466021 0.063998448373513872 0.11398694115894084 -0.16901048606092278
leaf_weight=2172 1477 2223 644 327 1949 147 578 603 1111 73 328 1771 215 105
leaf_count=2172 1477 2223 644 327 1949 147 578 603 1111 73 328 1771 215 105
internal_value=-0.00338983 0.0183759 -0.0375649 -0.0671787 0.0349785 0.0498569 -0.104092 0.0138756 -0.044169 -0.132778 -0.00959451 0.0636574 0.0696828 -0.115145
internal_weight=13723 8385 5338 2838 6162 3610 1083 2552 1755 505 2500 2133 1986 432
internal_count=13723 8385 5338 2838 6162 3610 1083 2552 1755 505 2500 2133 1986 432
is_linear=0
shrinkage=0.03


Tree=42
num_leaves=15
num_cat=0
split_feature=32 0 0 34 34 34 14 32 9 30 11 3 8 5
split_gain=11193.1 8071.31 4174.46 2101.12 1655.23 1447.91 1423.47 1004.76 815.467 1190.68 646.408 611.079 571.131 543.831
threshold=55.117958964112816 1.0349813261191056 0.34302761470965148 32.130369630369636 45.154845154845162 44.717782217782222 0.41877929648144646 56.862368400829951 0.681876856688579 67.92850007135722 2.2599591419816147 0.03694383081699109 0.18274876218242578 -0.84111308372528348
decision_type=2 8 8 2 2 2 2 2 8 2 2 10 8 2
left_child=1 3 -2 10 -4 -3 13 -6 9 -9 11 -1 -8 -5
right_child=2 5 4 6 7 -7 12 8 -10 -11 -12 -13 -14 -15
leaf_value=-0.13387217151953115 0.00079759874068624612 -0.030067858884412636 0.022740086356776622 -0.05155890803581685 0.03968622404957993 0.00079759874068624612 -0.05155890803581685 0.07234115456155088 0.055148942540388615 0.15978838457113104 -0.20208824384847984 -0.080339653896784075 -0.080339653896784075 -0.030067858884412636
leaf_weight=265 2074 889 1263 203 1249 3152 361 593 1113 188 63 280 880 1260
leaf_count=265 2074 889 1263 203 1249 3152 361 593 1113 188 63 280 880 1260
internal_value=-0.000907361 -0.0262324 0.0278276 -0.0609333 0.0446826 0.000797599 -0.0494367 0.0566324 0.0706117 0.0942738 -0.111243 -0.0989994 -0.07305 -0.0300679
internal_weight=13833 7353 6480 3312 4406 4041 2704 3143 1894 781 608 545 1241 1463
internal_count=13833 7353 6480 3312 4406 4041 2704 3143 1894 781 608 545 1241 1463
is_linear=0
shrinkage=0.03


Tree=43
num_leaves=15
num_cat=0
split_feature=18 0 30 21 34 32 13 34 9 9 1 32 18 7
split_gain=9591.68 8135.43 4824.39 2287.41 2152.65 1898.96 1810.97 1210.4 1174.82 1140.88 1057.67 1043.36 991.81 800.529
threshold=0.037157398020998975 1.0905668213514093 34.86513486513487 1.6947497738121656e-05 44.717782217782222 50.061476984553913 2.1462684456897931 40.825840825840835 0.19916876875824405 0.94490841038585127 4.8135601652544819 42.349957734573131 0.010977149403648823 0.087040160723261387
decision_type=10 8 2 2 2 2 8 2 10 8 10 2 10 8
left_child=2 3 7 11 -3 -4 9 13 -7 10 -6 -2 -10 -1
right_child=1 4 5 -5 6 8 -8 -9 12 -11 -12 -13 -14 -15
leaf_value=-0.028759536277347713 -0.065857317063819767 -0.027097379149899146 0.0097753729463243323 -0.091450817678033286 0.052267486115041027 0.030003361629487788 -0.0031978110046609149 -0.0011207381849039175 0.059619173380331354 0.019921538205113016 0.15714410453885794 -0.027097379149899146 0.16239048825701077 -0.086614939764983495
leaf_weight=208 806 785 1060 1231 760 1480 1820 1014 2179 451 95 1396 85 337
leaf_count=208 806 785 1060 1231 760 1480 1820 1014 2179 451 95 1396 85 337
internal_value=-0.00170716 -0.0250587 0.025243 -0.0587247 0.00452992 0.0401141 0.016158 -0.0205634 0.0502314 0.0430409 0.0647663 -0.0402638 0.063827 -0.0563983
internal_weight=13707 7344 6363 3433 3911 4804 3126 1559 3744 1306 855 2202 2264 545
internal_count=13707 7344 6363 3433 3911 4804 3126 1559 3744 1306 855 2202 2264 545
is_linear=0
shrinkage=0.03


Tree=44
num_leaves=15
num_cat=0
split_feature=29 7 29 29 7 21 18 1 33 7 14 14 0 13
split_gain=9097.1 4753.56 3115.18 2471.26 2213.58 1418.05 1336.61 1371.77 1021.36 887.879 804.572 780.579 732.189 723.869
threshold=52.512569024502746 0.021323831446232514 38.777114050340835 58.95049550294307 0.3297330923252178 0.00024743494774526073 0.095389079619974337 5.1607757135385581 45.161980876266597 1.1648924470412354 0.10752941173130316 0.39341081601057676 6.8730142670217704 -3.6253937319681158
decision_type=2 10 2 2 10 2 8 10 2 8 2 2 8 10
left_child=1 2 -1 4 -2 10 13 -8 -7 -9 -3 -4 -13 -5
right_child=3 5 11 6 -6 8 7 9 -10 -11 -12 12 -14 -15
leaf_value=-0.068067958789438179 0.030138429820283461 -0.014189154261033347 0.001501101038128335 0.17971826303005217 0.001501101038128335 -0.13279588774664969 0.030138429820283461 0.13773995327133703 -0.064569462655560836 0.057164312626856069 -0.058719628870384927 -0.033632816797853182 -0.0083741628682334757 0.059572686633075939
leaf_weight=669 2277 639 3003 100 1229 300 1525 174 626 445 860 558 1244 92
leaf_count=669 2277 639 3003 100 1229 300 1525 174 626 445 860 558 1244 92
internal_value=-0.00219135 -0.0231775 -0.00766903 0.0261797 0.0102262 -0.0580973 0.0500507 0.0430524 -0.0872675 0.0807362 -0.0398473 0.000802325 -0.0182494 0.125122
internal_weight=13741 7899 5474 5842 3506 2425 2336 2144 926 619 1499 4805 1802 192
internal_count=13741 7899 5474 5842 3506 2425 2336 2144 926 619 1499 4805 1802 192
is_linear=0
shrinkage=0.03


Tree=45
num_leaves=15
num_cat=0
split_feature=18 21 0 3 16 14 22 13 26 10 25 13 28 16
split_gain=8905.92 7590.38 4499.64 3408.26 2818.89 1459.41 1334.48 1299.18 1192.5 1625.25 1023.44 912.47 836.589 816.471
threshold=0.037157398020998975 8.5044952705160934e-06 0.1431493134659971 1.0408232911139297 27.9290323930657 0.27777047123576404 0.0021336727272778079 -29.531310175812852 0.009210409227176088 0.55000000000000016 0.069092364075082027 -2.9659776074580031 15.500000000000002 6.5007693609030293
decision_type=10 2 8 8 8 2 2 10 8 2 10 8 2 8
left_child=2 3 7 5 8 -2 11 -1 9 -5 13 -4 -13 -3
right_child=1 10 6 4 -6 -7 -8 -9 -10 -11 -12 12 -14 -15
leaf_value=-0.012020661838624448 -0.010543762623234008 -0.043781356573712064 0.1354191298209704 0.03839242854473867 -0.0096744946381885719 -0.043781356573712064 0.0098648204405883556 -0.12135081251391343 0.01605344919761123 0.12193798950335509 -0.10650967934277342 0.040829431639831382 0.090069784726839242 -0.087891798268630514
leaf_weight=1460 1471 420 99 833 1588 1102 1019 100 490 279 742 3492 240 473
leaf_count=1460 1471 420 99 833 1588 1102 1019 100 490 279 742 3492 240 473
internal_value=-0.00099482 -0.0234143 0.0248784 -0.00720283 0.0135101 -0.0328591 0.039124 -0.0193943 0.0417814 0.0598059 -0.0803599 0.0472377 0.0447204 -0.0581598
internal_weight=13808 7398 6410 5763 3190 2573 4850 1560 1602 1112 1635 3831 3732 893
internal_count=13808 7398 6410 5763 3190 2573 4850 1560 1602 1112 1635 3831 3732 893
is_linear=0
shrinkage=0.03


Tree=46
num_leaves=15
num_cat=0
split_feature=17 0 34 32 34 18 8 34 6 2 21 18 7 18
split_gain=8757.04 5841.17 4578.89 2274.02 2013.74 890.978 798.788 749.441 715.501 701.827 468.547 526.935 497.192 446.628
threshold=0.52206250578589342 0.48025341740340804 54.532967032967036 59.232376015592813 58.358308358308363 0.071079532474097581 -0.18898178226592408 56.829836829836829 -1.0000000180025095e-35 0.20647653000594179 7.8666592621797374e-05 0.23402908568696068 -0.10127783595822136 0.99622527497979174
decision_type=2 8 2 2 2 8 8 2 2 2 2 8 10 10
left_child=1 6 8 4 -3 -5 -1 -7 9 -2 11 -10 -13 -6
right_child=2 3 -4 5 13 7 -8 -9 10 -11 -12 12 -14 -15
leaf_value=0.0056245678076859108 -0.053450942373139569 0.0056245678076859108 -0.016696485440720828 0.14570084709674119 0.036627282211494555 0.037571267842414595 -0.016696485440720828 0.079425734612540058 -0.049338845885874463 -0.13525483137046967 -0.13978327150176087 -0.049338845885874463 -0.11225406766478629 0.020658503834523681
leaf_weight=448 791 2248 1638 91 2369 1231 3277 570 92 106 244 87 244 390
leaf_count=448 791 2248 1638 91 2369 1231 3277 570 92 106 244 87 244 390
internal_value=-0.00152687 0.0115836 -0.0449765 0.0279456 0.0173267 0.0559279 -0.0166965 0.051001 -0.0819812 -0.063814 -0.105756 -0.0847249 -0.104499 0.0356924
internal_weight=13826 10624 3202 6899 5007 1892 3725 1801 1564 897 667 423 331 2759
internal_count=13826 10624 3202 6899 5007 1892 3725 1801 1564 897 667 423 331 2759
is_linear=0
shrinkage=0.03


Tree=47
num_leaves=15
num_cat=0
split_feature=14 1 30 18 5 1 34 16 7 34 9 8 34 29
split_gain=8544.64 5341.45 3802.27 2804.96 1569.74 1424.5 1332.02 1205.44 944.955 881.944 892.978 839.621 517.569 427.947
threshold=0.077064361282738011 2.6197995589884404 34.28357356928786 0.16064495600969489 0.15871953232789029 -0.056730122974535842 35.997335997336002 4.7250495057705857 0.32365272462623734 46.982184482184486 0.20176257652006721 2.6119482397048572 52.526640026640038 50.374760160474459
decision_type=2 8 2 10 2 10 2 8 10 2 10 8 2 2
left_child=2 5 -1 4 9 11 -7 -6 -8 -4 -11 -2 -3 -12
right_child=1 12 3 -5 7 6 8 -9 -10 10 13 -13 -14 -15
leaf_value=-0.0054814283198855503 -0.18950792069324349 -0.030882847407356046 0.013933490644343228 0.012540946110622883 0.16001526243771824 -0.088801303702837453 -0.030882847407356046 0.064175463677143718 -0.062801057535831054 0.030428015806689749 0.030428015806689749 -0.088801303702837453 -0.0054814283198855503 0.076960075910759387
leaf_weight=1866 108 746 1164 1962 135 580 1302 906 1030 996 181 125 1938 797
leaf_count=1866 108 746 1164 1962 135 580 1302 906 1030 996 181 125 1938 797
internal_value=-0.00172817 -0.0293456 0.0183828 0.0305633 0.0454144 -0.0562843 -0.0504016 0.0773097 -0.0401153 0.0347273 0.0469225 -0.127201 -0.00548143 0.0674419
internal_weight=13836 5829 8007 6141 4179 3145 2912 1041 2332 3138 1974 233 2684 978
internal_count=13836 5829 8007 6141 4179 3145 2912 1041 2332 3138 1974 233 2684 978
is_linear=0
shrinkage=0.03


Tree=48
num_leaves=15
num_cat=0
split_feature=17 3 3 32 18 21 0 3 5 32 6 3 7 6
split_gain=8315.49 4967.04 2862.15 2507.23 1652.28 860.404 857.41 795.08 702.729 695.188 599.631 514.582 469.898 370.833
threshold=0.43206949900914604 0.039410212295490056 2.3974729548632627 51.971105817259676 0.045296585480683708 0.00024743494774526073 20.58491460102319 5.3641655208898706 -0.075492488804902988 60.027734503258991 0.00162433368822592 0.062865390518962574 0.49602896690299053 0.92546692401715325
decision_type=2 8 8 2 8 2 10 8 2 2 2 10 10 2
left_child=1 -1 5 7 -5 11 9 -3 -8 -6 -7 -2 -12 -10
right_child=2 3 -4 4 6 10 8 -9 13 -11 12 -13 -14 -15
leaf_value=-0.015770184432571218 -0.073317492009353849 0.0033297322169995509 -0.015770184432571218 0.14479574515316332 0.019432344908697215 -0.073317492009353849 0.046877701080007703 0.019432344908697215 0.11459144566451537 0.04054835284645824 -0.093873421617641756 -0.040938190291132576 -0.18674551544883816 0.047296776799637757
leaf_weight=2201 410 1739 1465 117 2201 412 243 1394 259 2114 146 937 92 117
leaf_count=2201 410 1739 1465 117 2201 412 243 1394 259 2114 146 937 92 117
internal_value=-0.00236776 0.0110577 -0.042598 0.0224296 0.035535 -0.0661062 0.0328001 0.00332973 0.0657532 0.0280022 -0.0945565 -0.0520785 -0.132877 0.0945468
internal_weight=13847 10385 3462 8184 5051 1997 4934 3133 619 4315 650 1347 238 376
internal_count=13847 10385 3462 8184 5051 1997 4934 3133 619 4315 650 1347 238 376
is_linear=0
shrinkage=0.03


Tree=49
num_leaves=15
num_cat=0
split_feature=32 3 3 18 34 14 8 18 28 3 34 22 3 18
split_gain=7547.45 6026.36 3668.47 1426.08 1373.96 1002.28 890.108 753.967 694.403 670.569 664.523 614.027 614.225 545.694
threshold=51.971105817259676 1.8671784319652567 0.42282050550227557 0.071079532474097581 36.723276723276733 0.40253165164205995 -2.6615409674307835 0.35566835874916514 15.500000000000002 0.03694383081699109 47.112887112887115 0.0018348719997396531 23.966738561979806 0.99969087635517917
decision_type=2 8 8 8 2 2 8 10 2 10 2 2 10 8
left_child=1 4 10 -4 9 -6 -5 8 11 -1 -2 12 -8 -7
right_child=2 -3 3 6 5 13 7 -9 -10 -11 -12 -13 -14 -15
leaf_value=-0.12084794665048933 -0.0022267073208577541 -0.0022267073208577541 0.12847007818279729 0.12403346297554671 -0.026499628087975145 -0.063551915465565587 0.03804016225057797 0.018400293141311492 0.099685106978057256 -0.063551915465565587 0.016959871927276673 0.018400293141311492 0.082833629819166185 -0.042221201034173525
leaf_weight=306 1540 2967 150 95 1360 1060 1806 890 168 478 1651 578 327 478
leaf_count=306 1540 2967 150 95 1360 1060 1806 890 168 478 1651 578 327 478
internal_value=-0.00133878 -0.0243794 0.019926 0.0390273 -0.0507725 -0.0411133 0.0353936 0.032998 0.0410879 -0.0859906 -0.00222671 0.0372798 0.0450849 -0.0579428
internal_weight=13854 6649 7205 4014 3682 2898 3864 3769 2879 784 3191 2711 2133 1538
internal_count=13854 6649 7205 4014 3682 2898 3864 3769 2879 784 3191 2711 2133 1538
is_linear=0
shrinkage=0.03


Tree=50
num_leaves=15
num_cat=0
split_feature=29 17 34 1 9 18 30 6 32 32 21 0 6 31
split_gain=7831.95 4237.74 2460.72 1496.58 1447.33 1343.67 1381.69 886.125 822.933 802.305 505.451 448.674 421.096 408.196
threshold=44.862100446668066 0.38330876482897225 44.455544455544462 5.1607757135385581 1.1249534588292927 0.030524364747444924 55.974977403548841 -0.81144785599196523 31.852762621993392 55.586720971336362 0.014159442908628811 0.23271664924128829 -0.94069022287327853 50.647429493583353
decision_type=2 2 2 10 8 10 2 2 2 2 2 8 2 2
left_child=5 2 -2 9 -5 -1 7 12 13 -4 -10 -11 -7 -9
right_child=1 -3 3 4 -6 6 -8 8 10 11 -12 -13 -14 -15
leaf_value=-0.017987995949053693 0.00082939964117489657 -0.017987995949053693 0.015493820695990852 0.11655835057872707 0.041451246916045618 -0.088152803866765814 -0.017987995949053693 -0.15760850086426123 -0.043869609770004765 0.026408465072802496 -0.078488184100930475 0.041451246916045618 -0.18304610588720868 -0.084608481507269101
leaf_weight=756 2514 2256 2863 302 901 125 376 112 864 584 466 1480 79 97
leaf_count=756 2514 2256 2863 302 901 125 376 112 864 584 466 1480 79 97
internal_value=-0.00179818 0.00982329 0.0196468 0.0301582 0.0601112 -0.0457993 -0.0582233 -0.0697512 -0.0615864 0.0227912 -0.0525218 0.0373231 -0.128401 -0.116695
internal_weight=13775 10900 8644 6130 1203 2875 2119 1743 1539 4927 1330 2064 204 209
internal_count=13775 10900 8644 6130 1203 2875 2119 1743 1539 4927 1330 2064 204 209
is_linear=0
shrinkage=0.03


Tree=51
num_leaves=15
num_cat=0
split_feature=18 21 30 17 16 26 10 32 28 18 29 22 7 21
split_gain=6958.59 6587.59 3312.72 2104.21 1942.61 1896.32 1597.44 1373.25 1694.53 1410.9 991.219 967.467 946.3 828.858
threshold=0.037157398020998975 8.5044952705160934e-06 34.28357356928786 0.56166712490379977 15.837454972988112 1.0000000180025095e-35 0.63333333333333341 53.43048559831778 15.500000000000002 0.014972930661648049 51.515496706067019 6.62557427914966e-05 0.50786455662891605 0.018361881813589744
decision_type=10 2 2 2 8 8 2 2 2 10 2 2 10 2
left_child=2 3 13 4 5 6 10 -4 9 -9 -2 -5 -3 -1
right_child=1 12 7 11 -6 -7 -8 8 -10 -11 -12 -13 -14 -15
leaf_value=-0.0049174005112215908 0.0086156528280817695 -0.058155039907072964 0.0078643329798316723 -0.010882578602667552 -0.0091647247174137161 0.0086156528280817695 0.10511948966319445 0.033884182805558681 0.11767004606070085 0.15793465199190027 0.062520645574906886 -0.039696674542028659 -0.10812790769954161 -0.057256663017222591
leaf_weight=1113 561 1145 1186 1469 1130 895 352 3450 247 80 491 878 502 356
leaf_count=1113 561 1145 1186 1469 1130 895 352 3450 247 80 491 878 502 356
internal_value=-0.00105564 -0.0208399 0.0217753 -0.00572559 0.00925255 0.026396 0.0501909 0.0334813 0.0423446 0.0369149 0.0314014 -0.027582 -0.0736678 -0.0177526
internal_weight=13855 7423 6432 5776 3429 2299 1404 4963 3777 3530 1052 2347 1647 1469
internal_count=13855 7423 6432 5776 3429 2299 1404 4963 3777 3530 1052 2347 1647 1469
is_linear=0
shrinkage=0.03


Tree=52
num_leaves=15
num_cat=0
split_feature=17 3 34 34 10 27 8 7 34 14 21 9 8 18
split_gain=6542.66 4753.68 3285.68 1859.77 1546.27 969.996 871.971 857.407 788.846 701.077 673.596 481.728 424.348 386.138
threshold=0.35033620647611818 0.14980631517030532 54.532967032967036 46.749916749916757 0.63333333333333341 0.66782937257565578 0.19772525555343815 0.47791716181442917 26.402763902763905 0.00031525933840323466 1.6947497738121656e-05 0.33815525475482761 2.0313878800562124 0.14030088806396623
decision_type=2 8 2 2 2 8 8 10 2 2 2 10 10 8
left_child=1 -1 5 -3 9 7 11 8 -2 -5 -9 -6 -10 -8
right_child=2 3 -4 4 6 -7 13 10 12 -11 -12 -13 -14 -15
leaf_value=-0.011803065727066089 -0.1496916858324509 0.0068123554625163117 -0.011803065727066089 0.041288997333599725 0.048127072230810329 -0.037614795028459345 0.10799978735507465 -0.074352782965055653 -0.045331643438773765 0.02164516865386782 -0.16654321316583082 0.15003088415412641 -0.10206126551613448 0.048127072230810329
leaf_weight=3066 84 2376 1833 1936 63 630 103 155 722 1715 155 155 113 704
leaf_count=3066 84 2376 1833 1936 63 630 103 155 722 1715 155 155 113 704
internal_value=-0.000962251 0.0115124 -0.0351185 0.0254278 0.036478 -0.0634265 0.0689839 -0.0790825 -0.0639009 0.0272702 -0.12236 0.121982 -0.0544308 0.0540042
internal_weight=13810 10118 3692 7052 4676 1859 1025 1229 919 3651 310 218 835 807
internal_count=13810 10118 3692 7052 4676 1859 1025 1229 919 3651 310 218 835 807
is_linear=0
shrinkage=0.03


Tree=53
num_leaves=15
num_cat=0
split_feature=32 3 3 18 9 34 11 17 21 18 14 34 5 33
split_gain=6712.88 4715.01 3082.23 1630.06 1260.65 1193.91 901.966 839.929 838.526 672.767 582.552 430.093 415.76 411.679
threshold=51.813571044340286 1.8671784319652567 0.03694383081699109 0.22213157806205422 0.12432778866787587 35.997335997336002 2.1788147058125467 0.57344223669820871 0.19370064490988276 0.05569093745233878 1.015233846348474 52.980352980352983 -0.41162457626834631 45.959595959595966
decision_type=2 8 8 10 10 2 2 2 2 8 2 2 2 2
left_child=1 5 -2 4 11 6 10 12 9 -6 -1 -4 -7 -11
right_child=2 -3 3 -5 8 7 -8 -9 -10 13 -12 -13 -14 -15
leaf_value=-0.060145880082138795 -0.0036127930830343502 -0.0036127930830343502 0.012679952095705731 0.012679952095705731 0.12772721151319832 -0.04244817606159066 -0.18722927441491799 -0.059091504642017352 0.012679952095705731 0.034683129963490482 -0.12733066794333339 0.033794116741990676 -0.025804847481163969 0.058003797074434371
leaf_weight=568 1593 2966 501 1490 112 394 63 1128 192 207 132 912 1335 2165
leaf_count=568 1593 2966 501 1490 112 394 63 1128 192 207 132 912 1335 2165
internal_value=-0.00272138 -0.0245797 0.0173542 0.0289727 0.039524 -0.0479969 -0.081321 -0.0389707 0.0516169 0.0566863 -0.070529 0.0165208 -0.0258048 0.0530703
internal_weight=13758 6586 7172 5579 4089 3620 763 2857 2676 2484 700 1413 1729 2372
internal_count=13758 6586 7172 5579 4089 3620 763 2857 2676 2484 700 1413 1729 2372
is_linear=0
shrinkage=0.03


Tree=54
num_leaves=15
num_cat=0
split_feature=3 18 14 34 13 21 28 1 19 8 0 22 18 32
split_gain=6776.67 4387.94 3137.67 2231.84 1626.62 1286.72 1176.84 1066.74 1076.53 893.646 778.21 774.484 686.85 671.527
threshold=0.1073136673296685 0.047858306478739739 0.00031525933840323466 57.242757242757243 61.657559023646144 0.0049365147847442257 11.500000000000002 5.1607757135385581 -0.017211222393483713 1.0727882840806375 0.21442374334791639 0.0019105008077177309 0.33060968441958272 59.198493813878436
decision_type=8 10 2 2 8 2 2 8 8 10 10 2 8 2
left_child=2 6 -1 -3 7 -4 11 -5 -9 10 -8 -2 -7 -13
right_child=1 3 5 4 -6 12 9 8 -10 -11 -12 13 -14 -15
leaf_value=-0.01274580812360615 0.031699148788694217 -0.01274580812360615 -0.045531812876898919 0.0196993058485808 0.0015612139322002561 -0.0718748202257498 -0.01274580812360615 0.13960156168873983 0.045980206501620061 -0.00078216810488480741 0.084225534916847825 -0.01274580812360615 -0.12082584740346425 0.014683745328159964
leaf_weight=1816 2876 2821 1219 602 1138 193 80 126 794 171 734 450 452 310
leaf_count=1816 2876 2821 1219 602 1138 193 80 126 794 171 734 450 452 310
internal_value=-0.00168204 0.0110162 -0.0365079 -0.00713773 0.0158682 -0.0639767 0.0325332 0.0378374 0.0594876 0.0615729 0.0745969 0.0245926 -0.0982178 -0.00233166
internal_weight=13782 10102 3680 5481 2660 1864 4621 1522 920 985 814 3636 645 760
internal_count=13782 10102 3680 5481 2660 1864 4621 1522 920 985 814 3636 645 760
is_linear=0
shrinkage=0.03


Tree=55
num_leaves=15
num_cat=0
split_feature=29 7 34 29 8 33 32 18 8 21 21 18 17 25
split_gain=6230.77 3366.43 2814.63 2242.4 1052.36 1238.93 1051.52 1093.75 786.198 664.274 611.035 566.258 538.128 481.429
threshold=52.337863601599871 0.021323831446232514 46.882284382284389 37.387031665579215 -0.42190144124643497 25.912975912975917 48.486129255360034 0.060251915492579897 0.0037528772226576028 0.0020633078577058732 0.31135556497149702 0.35310934872184091 0.56166712490379977 -0.28700226269376111
decision_type=2 10 2 2 8 2 2 8 8 2 2 10 2 8
left_child=1 3 -2 13 -3 -6 -4 -8 -9 -7 12 -11 -5 -1
right_child=2 4 6 10 5 9 7 8 -10 11 -12 -13 -14 -15
leaf_value=-0.033207105245408375 0.00029844995870240474 0.00029844995870240474 0.017428247011577878 0.00029844995870240474 -0.14685913945390627 -0.037059522940470727 0.13003212372015696 0.078402527474258132 0.033911582785734307 -0.055038267381477567 -0.033207105245408375 -0.098739570698366017 -0.016454327643352983 -0.083848071667176588
leaf_weight=135 1727 256 1101 3193 125 1259 123 414 2630 432 243 317 1438 384
leaf_count=135 1727 256 1101 3193 125 1259 123 414 2630 432 243 317 1438 384
internal_value=-0.00233868 -0.0200409 0.0206378 -0.00689182 -0.0496477 -0.0565902 0.034558 0.0437742 0.0400812 -0.05062 -0.000551321 -0.073017 0.00029845 -0.0658629
internal_weight=13777 7782 5995 5393 2389 2133 4268 3167 3044 2008 4874 749 4631 519
internal_count=13777 7782 5995 5393 2389 2133 4268 3167 3044 2008 4874 749 4631 519
is_linear=0
shrinkage=0.03


Tree=56
num_leaves=15
num_cat=0
split_feature=17 0 1 14 22 18 1 10 9 31 16 1 17 26
split_gain=5591.63 3796.06 2245.74 1643.5 1486.68 1071.44 985.472 998.413 909.578 708.349 636.441 635.221 613.172 529.097
threshold=0.56166712490379977 0.99091369621107639 3.5161337745819989 0.00010375381904202314 0.0019105008077177309 0.19813143848702855 4.9849610352170908 0.55000000000000016 0.82214584525600298 61.688311688311693 12.285721943093039 0.046826974925008098 1.6755153920704882 0.009210409227176088
decision_type=2 8 8 2 2 8 10 2 8 2 10 10 2 8
left_child=1 3 9 11 5 10 -7 -8 -9 -2 13 -1 -11 -3
right_child=2 4 -4 -5 -6 6 7 8 -10 12 -12 -13 -14 -15
leaf_value=-0.0042582011518037463 -0.047613594437215474 0.11906028539207376 -0.015225018463372632 -0.015225018463372632 0.0067086161597651383 0.019785827851479514 0.035211584746795706 0.16126695183014103 0.066528353821992015 -0.070334980327006372 0.019785827851479514 0.0067086161597651383 -0.1465053962643689 0.056045127455280126
leaf_weight=1068 1166 248 1343 2191 1068 2922 921 122 178 421 75 1788 129 137
leaf_count=1068 1166 248 1343 2191 1068 2922 921 122 178 421 75 1788 129 137
internal_value=-0.00246163 0.00775203 -0.0382021 -0.0111679 0.0245852 0.032863 0.0279731 0.0506373 0.0978451 -0.0612144 0.0761303 0.00670862 -0.0893593 0.0923044
internal_weight=13777 10718 3059 5047 5671 4603 4143 1221 300 1716 460 2856 550 385
internal_count=13777 10718 3059 5047 5671 4603 4143 1221 300 1716 460 2856 550 385
is_linear=0
shrinkage=0.03


Tree=57
num_leaves=15
num_cat=0
split_feature=14 0 30 18 34 5 16 5 34 31 17 16 30 5
split_gain=5724.13 4180.86 2833.6 1948.73 1030.41 881.487 1119.84 765.216 693.297 682.39 648.223 513.981 506.429 608.185
threshold=0.10415611891372241 2.84172672614205 38.35807050092766 0.16064495600969489 35.997335997336002 0.15871953232789029 13.001213894929135 -0.50794123820007775 44.942557442557451 61.688311688311693 0.12920438894038774 37.04639163889707 67.92850007135722 -0.68204181555230703
decision_type=2 8 2 10 2 2 8 2 2 2 2 8 2 2
left_child=2 4 -1 5 11 8 -7 -6 -4 -9 -11 -2 -10 -14
right_child=1 -3 3 -5 7 6 -8 9 12 10 -12 -13 13 -15
leaf_value=-0.0061811027865674145 -0.063292127169114046 -0.0061811027865674145 0.009415795759562879 0.009415795759562879 -0.063292127169114046 0.13199152707013972 0.047351450940691542 -0.027941495244631076 0.029759313058430322 -0.027941495244631076 -0.063292127169114046 -0.11992038781093858 0.046615009935637795 0.09199420753587037
leaf_weight=2321 354 2364 975 1953 494 167 855 1346 1417 180 503 236 222 345
leaf_count=2321 354 2364 975 1953 494 167 855 1346 1417 180 503 236 222 345
internal_value=-0.00218526 -0.0259514 0.0135892 0.0250127 -0.0497019 0.0377454 0.0617573 -0.0412069 0.0293619 -0.0323945 -0.0588763 -0.0853774 0.0395289 0.0634707
internal_weight=13732 5477 8255 5934 3113 3981 1022 2523 2959 2029 683 590 1984 567
internal_count=13732 5477 8255 5934 3113 3981 1022 2523 2959 2029 683 590 1984 567
is_linear=0
shrinkage=0.03


Tree=58
num_leaves=15
num_cat=0
split_feature=3 18 14 3 13 8 32 9 22 18 18 21 18 19
split_gain=5214.24 3822.9 2595.12 1719.45 1318.9 1039.47 1061.5 1029.34 899.736 813.673 731.023 859.828 607.672 539.321
threshold=0.12254906013782253 0.060251915492579897 0.0010638382124835042 4.7637722101732587 20.687303491985855 -0.004976282967959377 59.232376015592813 0.85831878610907075 0.0020769881621335059 0.010977149403648823 0.32614479979084915 0.0019243690703722241 0.5735436642511732 0.091069363635591052
decision_type=8 10 2 8 8 8 2 8 2 10 8 2 10 10
left_child=2 5 -1 -3 7 -2 8 12 -7 -8 -4 -12 -5 -14
right_child=1 3 10 4 -6 6 9 -9 -10 -11 11 -13 13 -15
leaf_value=-0.012021600808208004 0.065093817594735065 -0.012021600808208004 -0.034610387507958758 0.031308644064262793 0.00087177346804332258 0.020838537894694236 0.037542399275712741 0.019511104037919769 -0.012021600808208004 0.1443007841903497 -0.050480412676370559 -0.10016274178514344 0.066624813237346259 0.15224550357524386
leaf_weight=1936 607 2984 567 313 1279 1883 1487 444 530 63 860 511 293 89
leaf_count=1936 607 2984 567 313 1279 1883 1487 444 530 63 860 511 293 89
internal_value=-0.00300287 0.0084734 -0.0325166 -0.00860931 0.0137651 0.0286535 0.022997 0.0381504 0.0105155 0.0423316 -0.0571992 -0.0692947 0.0630306 0.0882824
internal_weight=13846 9972 3874 5402 2418 4570 3963 1139 2413 1550 1938 1371 695 382
internal_count=13846 9972 3874 5402 2418 4570 3963 1139 2413 1550 1938 1371 695 382
is_linear=0
shrinkage=0.03


Tree=59
num_leaves=15
num_cat=0
split_feature=21 18 18 3 13 29 8 3 7 9 1 22 25 18
split_gain=5055.84 2948.84 2820.54 1490.48 1291.6 1242.63 1010.46 831.32 811.668 792.562 1093.02 765.126 736.482 725.151
threshold=8.5044952705160934e-06 0.21793284219199979 0.074628613639974375 7.6994699652787579 21.216854055088827 55.514265592231105 0.45039897655292377 0.022711749303402137 0.39788125010269854 0.94490841038585127 5.1607757135385581 0.0052560971829432599 2.0632725115062081 0.08942260635863114
decision_type=2 10 10 8 8 2 8 8 10 8 10 2 10 8
left_child=1 5 7 -3 9 -1 -7 -2 11 10 -5 -4 -10 -8
right_child=2 3 8 4 -6 6 13 -9 12 -11 -12 -13 -14 -15
leaf_value=0.010333091440796704 -0.056730477169789129 -0.013843690580103896 -0.034925038385732826 0.043607464112443699 -0.0001302910158988363 0.086475564009505845 0.088281734754641836 -0.013843690580103896 -0.11054560981391345 0.021002587920168344 0.14979326741104679 -0.10234525333557809 -0.025654217641353606 0.025150630519478353
leaf_weight=3434 454 2863 826 432 1043 334 175 1076 447 306 107 184 120 1963
leaf_count=3434 454 2863 826 432 1043 334 175 1076 447 306 107 184 120 1963
internal_value=-0.00193289 0.00788731 -0.0355747 -0.00970214 0.0135831 0.0220331 0.0382327 -0.0138437 -0.0641842 0.0421355 0.0658701 -0.0476512 -0.0929605 0.030512
internal_weight=13764 10657 3107 4751 1888 5906 2472 1530 1577 845 539 1010 567 2138
internal_count=13764 10657 3107 4751 1888 5906 2472 1530 1577 845 539 1010 567 2138
is_linear=0
shrinkage=0.03


Tree=60
num_leaves=15
num_cat=0
split_feature=21 32 13 5 1 0 21 25 8 7 30 8 25 11
split_gain=4427.44 3575.82 2129.66 1370.98 1315.02 1069.41 888.421 880.344 753.408 623.08 552.779 553.62 532.11 501.942
threshold=8.5044952705160934e-06 49.413174238349079 -14.765204297884095 -0.134313571920152 5.1607757135385581 10.432297167230248 0.58970287509881547 0.14905750450576297 -2.9983170795021699 0.075961778497299029 34.557704200561354 0.29083926745130478 2.0632725115062081 0.41870222762441273
decision_type=2 2 10 2 10 8 2 10 8 10 2 8 10 2
left_child=1 5 9 8 10 -1 7 13 -3 -2 -5 -12 -9 -4
right_child=2 3 6 4 -6 -7 -8 12 -10 -11 11 -13 -14 -15
leaf_value=-0.014090241354501884 -0.014090241354501884 0.10530944083652952 -0.038149477321657389 0.0043927048569944093 0.077508164866398652 0.0043927048569944093 -0.13229018742218612 -0.092941748041715913 0.0043927048569944093 -0.038149477321657389 0.051511482747416064 0.024417164773446076 -0.038149477321657389 -0.092941748041715913
leaf_weight=2622 948 63 703 773 500 2176 143 383 1976 777 580 2044 89 60
leaf_count=2622 948 63 703 773 500 2176 143 383 1976 777 580 2044 89 60
internal_value=-0.00288785 0.0062392 -0.0344197 0.0217983 0.0322765 -0.0130129 -0.0622087 -0.0535933 0.0043927 -0.0140902 0.0255148 0.0320801 -0.0860693 -0.0381495
internal_weight=13837 10734 3103 5936 3897 4798 1378 1235 2039 1725 3397 2624 472 763
internal_count=13837 10734 3103 5936 3897 4798 1378 1235 2039 1725 3397 2624 472 763
is_linear=0
shrinkage=0.03


Tree=61
num_leaves=15
num_cat=0
split_feature=3 14 14 34 7 34 5 34 32 21 21 10 5 32
split_gain=4571.82 3143.95 2339.99 1230.17 1108.83 849.246 812.108 761.411 601.945 542.148 503.216 479.425 456.304 425.746
threshold=0.1073136673296685 0.077064361282738011 0.0010638382124835042 55.830835830835845 0.069084655373187878 57.463369963369971 -0.77177352961326362 36.723276723276733 56.862368400829951 0.19370064490988276 0.053292258727600399 0.63333333333333341 -0.27070280878857295 59.232376015592813
decision_type=8 2 2 2 8 2 2 2 2 2 2 2 2 2
left_child=2 4 10 -3 6 -6 13 -4 -7 11 -1 -8 -9 -2
right_child=1 3 7 -5 5 8 9 12 -10 -11 -12 -13 -14 -15
leaf_value=-0.01130148222355612 0.0062540075079239093 -0.01130148222355612 -0.087127619643785195 0.0062540075079239093 0.0062540075079239093 0.018625450570419842 0.044746983662687319 -0.065115696053879554 0.054649384518537451 0.0062540075079239093 -0.033250720339789763 0.083686333396947199 -0.033250720339789763 0.052042099039232279
leaf_weight=1543 259 2079 491 2345 2012 899 1177 310 590 97 317 387 1017 179
leaf_count=1543 259 2079 491 2345 2012 899 1177 310 590 97 317 387 1017 179
internal_value=-0.00225837 0.00824003 -0.030843 -0.0106563 0.0231643 0.0127977 0.0403837 -0.0552 0.0309969 0.0499565 -0.0113015 0.0546182 -0.0431038 0.00625401
internal_weight=13702 10024 3678 4424 5600 3501 2099 1818 1489 1661 1860 1564 1327 438
internal_count=13702 10024 3678 4424 5600 3501 2099 1818 1489 1661 1860 1564 1327 438
is_linear=0
shrinkage=0.03


Tree=62
num_leaves=15
num_cat=0
split_feature=17 34 34 1 9 18 31 10 13 0 17 32 30 0
split_gain=4087.65 3128.72 2044.17 1219.92 1184.85 920.203 880.962 847.182 725.4 663.282 471.963 417.049 389.85 383.874
threshold=0.56166712490379977 46.749916749916757 54.532967032967036 5.1607757135385581 1.1249534588292927 0.32614479979084915 61.688311688311693 0.55000000000000016 -57.840261247714785 0.045184649733439268 1.6755153920704882 47.594712979328371 34.28357356928786 0.079791865462258707
decision_type=2 2 2 10 8 10 2 2 10 8 2 2 2 8
left_child=1 8 6 5 7 9 13 -5 12 -3 -8 -11 -1 -2
right_child=2 3 -4 4 -6 -7 10 -9 -10 11 -12 -13 -14 -15
leaf_value=-0.0055055324558162966 -0.077689203467360343 0.0026163825221188768 -0.01362744743375147 0.053172948289682845 0.029510995697154672 0.0026163825221188768 -0.074996634888065627 0.15669272792874836 -0.01362744743375147 0.015115508600169483 -0.15080524635253423 0.029510995697154672 0.0026163825221188768 -0.036133269238019738
leaf_weight=708 234 666 1565 179 891 1564 321 123 1839 867 104 2299 1572 828
leaf_count=708 234 666 1565 179 891 1564 321 123 1839 867 104 2299 1572 828
internal_value=-0.00269486 0.00603755 -0.0332924 0.0188602 0.0462559 0.0127661 -0.0586391 0.0972003 -0.0136274 0.0216126 -0.0950853 0.0276146 0.00261638 -0.0436765
internal_weight=13760 10708 3052 6589 1193 5396 1487 302 4119 3832 425 3166 2280 1062
internal_count=13760 10708 3052 6589 1193 5396 1487 302 4119 3832 425 3166 2280 1062
is_linear=0
shrinkage=0.03


Tree=63
num_leaves=15
num_cat=0
split_feature=34 29 18 13 16 14 7 5 21 31 18 1 9 32
split_gain=4072.34 2653.26 2405.58 1061.16 1017.8 854.076 777.81 1009.69 730.75 693.295 638.342 654.426 634.129 554.067
threshold=44.942557442557451 52.337863601599871 0.063230713889275605 -10.449535374410418 8.501920490787743 1.0000000180025095e-35 0.50786455662891605 0.42403268855252113 0.0019243690703722241 64.923188699412492 0.095389079619974337 3.0374820954136639 1.1249534588292927 31.852762621993392
decision_type=2 2 10 10 8 2 8 2 2 2 8 10 8 2
left_child=2 5 3 -1 8 -2 7 -3 -4 -9 -8 -12 -13 -6
right_child=1 6 4 -5 13 -7 10 9 -10 -11 11 12 -14 -15
leaf_value=-0.008267023949006613 0.0092074271040124087 0.030583885643896882 -0.008267023949006613 -0.063246585701471278 -0.12455585617809854 -0.008267023949006613 0.075239668653857325 0.037820260842641194 -0.048044268101750262 0.13173688127871669 0.0092074271040124087 0.072783182302239138 0.022323480161286467 -0.059518566309423301
leaf_weight=2035 1267 1307 588 326 136 3336 150 130 626 166 1805 281 615 979
leaf_count=2035 1267 1307 588 326 136 3336 150 130 626 166 1805 281 615 979
internal_value=-0.00280409 0.00894561 -0.0254797 -0.00826702 -0.0473019 -0.00702465 0.0254395 0.0421386 -0.0281165 0.0918031 0.015993 0.0125698 0.0354395 -0.067972
internal_weight=13747 9057 4690 2361 2329 4603 4454 1603 1214 296 2851 2701 896 1115
internal_count=13747 9057 4690 2361 2329 4603 4454 1603 1214 296 2851 2701 896 1115
is_linear=0
shrinkage=0.03


Tree=64
num_leaves=15
num_cat=0
split_feature=3 17 17 19 21 14 34 34 1 29 16 28 13 8
split_gain=4321.76 3645.69 1822.73 1187.66 1023.99 952.805 868.686 787.608 670.591 496.377 475.191 457.254 520.442 396.93
threshold=0.03694383081699109 0.12920438894038774 0.0082815384011485568 0.64338649721331997 0.025219516247919644 0.077064361282738011 54.345654345654346 63.217615717615729 -0.056730122974535842 65.501992817926904 32.676443720284517 16.500000000000004 -0.36675478410468049 -0.99272747293457619
decision_type=8 2 2 8 2 2 2 2 10 2 8 2 8 10
left_child=2 3 4 5 -1 9 -3 -5 -4 11 -10 12 -2 -14
right_child=1 6 8 7 -6 -7 -8 -9 10 -11 -12 -13 13 -15
leaf_value=-0.015919956381659304 0.077688486105586041 -0.015919956381659304 -0.11073732103788475 0.0013198453939908393 -0.043264313596849957 0.0071686975761723155 0.0013198453939908393 0.023285661821057135 -0.043264313596849957 0.11698418822286552 -0.082345629405634405 0.077688486105586041 0.049393783295470568 0.024022664763256374
leaf_weight=1319 205 1979 256 1763 350 1088 2115 1602 478 71 280 185 654 1362
leaf_count=1319 205 1979 256 1763 350 1088 2115 1602 478 71 280 185 654 1362
internal_value=-0.00302284 0.00529152 -0.0371314 0.0185596 -0.0177658 0.0306138 -0.01592 0.0057626 -0.0687628 0.0408766 -0.0539539 0.0383928 0.0344344 0.0296532
internal_weight=13707 11024 2683 6930 1669 3565 4094 3365 1014 2477 758 2406 2221 2016
internal_count=13707 11024 2683 6930 1669 3565 4094 3365 1014 2477 758 2406 2221 2016
is_linear=0
shrinkage=0.03


Tree=65
num_leaves=15
num_cat=0
split_feature=17 3 34 18 9 16 13 6 13 34 10 9 28 6
split_gain=4218.78 3013.35 2442.96 1057.03 1230.03 908.648 867.67 744.447 703.438 570.077 931.036 650.206 564 556.254
threshold=0.38904804755132821 0.14980631517030532 54.532967032967036 0.19813143848702855 0.14202230822717374 4.0915664424821108 -44.954365470477221 0.19904680017264351 6.0020011885716427 58.358308358308363 0.63333333333333341 0.90731157009633634 14.500000000000002 -0.00073892741302844381
decision_type=2 8 2 10 10 8 10 2 10 2 2 8 2 2
left_child=1 -1 8 4 -3 7 -7 -6 13 -5 -11 -12 -10 -2
right_child=2 3 -4 9 5 6 -8 -9 12 10 11 -13 -14 -15
leaf_value=-0.010100820826972119 -0.031906689855265062 0.0081426140282183871 -0.010100820826972119 0.0048852379922299663 0.060475729871692196 0.041864306759462518 0.0048852379922299663 0.13629926997749137 -0.11239480699977863 0.015499410597759647 0.12488826095145576 0.049309530633929226 -0.063498034045261997 -0.063498034045261997
leaf_weight=3111 772 1776 1769 1140 166 2203 465 155 308 944 142 65 176 571
leaf_count=3111 772 1776 1769 1140 166 2203 465 155 308 944 142 65 176 571
internal_value=-0.00108784 0.00879146 -0.0289931 0.0198713 0.0279484 0.0396834 0.0338227 0.0871287 -0.0537126 0.00488524 0.0261136 0.0831197 -0.0847372 -0.0422588
internal_weight=13763 10167 3596 7056 4765 2989 2668 321 1827 2291 1151 207 484 1343
internal_count=13763 10167 3596 7056 4765 2989 2668 321 1827 2291 1151 207 484 1343
is_linear=0
shrinkage=0.03


Tree=66
num_leaves=15
num_cat=0
split_feature=21 14 18 6 1 3 10 3 25 25 16 22 19 7
split_gain=4126.32 2554.41 2554.3 1155.14 1152.36 844.629 833.415 806.064 793.907 895.811 832.809 752.552 726.786 608.729
threshold=8.5044952705160934e-06 0.3173125541899412 0.071079532474097581 -0.55159759846895351 5.1607757135385581 0.022711749303402137 0.18333333333333338 10.813240543777752 0.1158793956326676 2.0632725115062081 6.9870738384912814 0.0065448393825323194 0.47452643800960642 -0.45163542696783304
decision_type=2 2 10 2 10 8 2 8 10 10 8 2 8 10
left_child=1 3 5 -1 12 6 -2 -3 10 -10 -4 -12 -5 -6
right_child=2 7 8 4 13 -7 -8 -9 9 -11 11 -13 -14 -15
leaf_value=0.0027761806892356916 -0.11917698253277274 -0.011966053241055784 -0.011966053241055784 0.029720783895728974 0.038069688623694115 -0.011966053241055784 -0.034005948784883493 0.0027761806892356916 -0.10149684224023255 -0.012753763631987039 -0.052418983771962635 -0.16345419724744098 0.007877352718554595 0.086045236685992899
leaf_weight=1132 130 1750 450 2663 403 1038 325 1551 522 129 442 60 2830 365
leaf_count=1132 130 1750 450 2663 403 1038 325 1551 522 129 442 60 2830 365
internal_value=-0.00114689 0.00768519 -0.0316173 0.0175184 0.0233314 -0.0119661 -0.0560458 -0.0119661 -0.058601 -0.084143 -0.0407864 -0.0671712 0.0184844 0.057655
internal_weight=13790 10694 3096 7393 6261 1493 455 3301 1603 651 952 502 5493 768
internal_count=13790 10694 3096 7393 6261 1493 455 3301 1603 651 952 502 5493 768
is_linear=0
shrinkage=0.03


Tree=67
num_leaves=15
num_cat=0
split_feature=21 14 17 3 3 8 3 10 25 8 11 2 33 9
split_gain=3523.73 2699.81 1810.56 891.594 659.08 578.367 564.111 554.17 543.106 808.478 578.705 575.184 540.704 634.717
threshold=8.5044952705160934e-06 0.20975928438880356 0.004526080534657112 1.035739392742667e-05 0.03694383081699109 0.29870832981736767 8.0883904928854946 0.81666666666666676 0.1158793956326676 2.8310050380168001 0.61633428300094983 0.030000000000000006 62.898212898212904 0.75965289332019181
decision_type=2 2 2 8 8 8 8 2 10 8 2 2 2 10
left_child=1 3 4 -1 -2 7 -3 -5 10 11 -4 -10 -7 -14
right_child=2 6 8 5 -6 12 -8 -9 9 -11 -12 -13 13 -15
leaf_value=0.0025951950395698901 -0.032865891825478319 -0.012003760864456063 -0.032865891825478319 0.032315156269187816 -0.012003760864456063 0.012312133747538657 0.0025951950395698901 0.096482152709685673 -0.07685994037216709 -0.043040330933499266 -0.12385599840488007 -0.16925717990740993 0.020314299687255517 0.059239678514794489
leaf_weight=898 554 2076 838 1366 1088 2305 1740 130 181 338 62 102 1766 468
leaf_count=898 554 2076 838 1366 1088 2305 1740 130 181 338 62 102 1766 468
internal_value=-0.00219659 0.00599604 -0.0300036 0.0171942 -0.0120038 0.0220291 -0.0120038 0.038194 -0.053728 -0.0753503 -0.0384748 -0.112522 0.0166651 0.0283165
internal_weight=13912 10749 3163 6933 1642 6035 3816 1496 1521 621 900 283 4539 2234
internal_count=13912 10749 3163 6933 1642 6035 3816 1496 1521 621 900 283 4539 2234
is_linear=0
shrinkage=0.03


Tree=68
num_leaves=15
num_cat=0
split_feature=21 18 32 5 3 7 1 18 7 3 25 25 13 8
split_gain=3478.29 2821.9 2306.35 1128.58 992.468 916.368 844.596 800.738 524.102 502.741 497.649 498.489 447.962 350.391
threshold=8.5044952705160934e-06 0.074628613639974375 49.413174238349079 -0.32087358945303007 5.1361381161425088 0.39788125010269854 5.1607757135385581 0.36017427860647316 0.05223585060292902 2.0030602226439063e-17 2.0632725115062081 0.10984665490805147 1.5945979018405723 1.308636122330719
decision_type=2 10 2 2 8 10 10 8 8 8 10 10 8 8
left_child=2 9 4 -4 -1 12 7 -5 13 -2 11 -7 -3 -9
right_child=1 5 3 6 -6 10 -8 8 -10 -11 -12 -13 -14 -15
leaf_value=-0.011253246768385702 -0.078953806362240697 -0.018259996476211487 0.0052572380469326279 0.042063765576884633 0.0052572380469326279 -0.053052872422527757 0.061727106739821104 0.042063765576884633 0.0081689199707258055 -0.011253246768385702 -0.032255982437386553 -0.12487013069960248 -0.058667178419286155 0.009256796762397157
leaf_weight=2502 143 441 1519 484 2293 136 562 705 2271 1408 116 309 575 368
leaf_count=2502 143 441 1519 484 2293 136 562 705 2271 1408 116 309 575 368
internal_value=-0.00141907 -0.0292221 0.00671558 0.0192528 -0.00873836 -0.0586369 0.0274995 0.0224004 0.0163664 -0.0112532 -0.0893863 -0.103755 -0.0413035 0.0335979
internal_weight=13832 3128 10704 5909 4795 1577 4390 3828 3344 1551 561 445 1016 1073
internal_count=13832 3128 10704 5909 4795 1577 4390 3828 3344 1551 561 445 1016 1073
is_linear=0
shrinkage=0.03


Tree=69
num_leaves=15
num_cat=0
split_feature=14 3 30 6 21 8 7 27 22 2 14 0 32 35
split_gain=3766.71 3253.63 1299.37 1159.31 872.182 598.147 584.53 639.518 614.65 526.935 524.134 520.822 485.182 641.955
threshold=1.0000000180025095e-35 0.7944868355766016 34.28357356928786 -0.69637284895157092 2.6527730054526942e-05 -0.14076639046990544 0.52557034009680159 0.68934488086733559 0.0019425959655939822 0.013072453861927548 0.68736978940305893 0.38683087277566014 59.198493813878436 42.86546786546787
decision_type=2 8 2 2 2 8 10 10 2 2 2 10 2 8
left_child=2 3 -1 11 10 -4 8 -8 -6 -10 -5 -2 -7 -14
right_child=1 -3 5 4 6 12 7 -9 9 -11 -12 -13 13 -15
leaf_value=-0.00038786451820135571 -0.10710059370546085 -0.00038786451820135571 0.054736018692870918 -0.018518398842437857 -0.034906550648873082 0.011716101896808209 -0.11960095497398551 -0.039464815540883977 -0.05708274629908959 -0.12571455332603471 -0.034906550648873082 -0.028280227050969473 0.062749844482311079 0.02154773324118801
leaf_weight=1461 278 4067 498 1457 574 2037 193 177 152 129 629 109 432 1591
leaf_count=1461 278 4067 498 1457 574 2037 193 177 152 129 629 109 432 1591
internal_value=-0.00238915 -0.0161918 0.0154161 -0.0366489 -0.0308135 0.0238201 -0.0508729 -0.0823029 -0.0368723 -0.0792589 -0.0189402 -0.0855444 0.0199653 0.0304792
internal_weight=13784 7765 6019 3698 3311 4558 1225 370 855 281 2086 387 4060 2023
internal_count=13784 7765 6019 3698 3311 4558 1225 370 855 281 2086 387 4060 2023
is_linear=0
shrinkage=0.03


Tree=70
num_leaves=15
num_cat=0
split_feature=17 0 31 7 1 22 18 5 19 1 10 9 22 17
split_gain=3220.53 2681.03 1224.61 939.604 847.268 795.526 1087.63 844.027 750.131 729.12 900.433 657.123 508.149 401.074
threshold=0.56166712490379977 1.0692467984659773 61.688311688311693 -0.073390549960019577 4.8135601652544819 0.0011800144161603985 0.19813143848702855 0.3699550061380083 -1.2715917400932735 5.1607757135385581 0.55000000000000016 1.281058771437267 7.2444092493699277e-05 1.6755153920704882
decision_type=2 8 2 8 8 2 8 2 8 10 2 8 2 2
left_child=1 3 8 -1 13 6 7 -3 -2 -8 -11 -12 -10 -4
right_child=2 5 4 -5 -6 -7 9 -9 12 10 11 -13 -14 -15
leaf_value=0.004942392268918073 -0.074984123882957526 0.043873239174573905 -0.06355934326367263 -0.011789792895290382 -0.011789792895290382 0.004942392268918073 0.015583022428630522 0.13751727391541002 -0.011789792895290382 0.028621099924119285 0.13492525012642145 0.059145061988139763 -0.035099561935390093 -0.12342136479992891
leaf_weight=1376 193 310 467 3780 78 1260 2785 120 1349 879 145 121 857 137
leaf_count=1376 193 310 467 3780 78 1260 2785 120 1349 879 145 121 857 137
internal_value=-0.00214681 0.00558903 -0.0291686 -0.0100289 -0.0645126 0.0199136 0.0262237 0.0712867 -0.0190076 0.0212088 0.0416592 0.089669 -0.0139517 -0.0780392
internal_weight=13857 10776 3081 5156 682 5620 4360 430 2399 3930 1145 266 2206 604
internal_count=13857 10776 3081 5156 682 5620 4360 430 2399 3930 1145 266 2206 604
is_linear=0
shrinkage=0.03


Tree=71
num_leaves=15
num_cat=0
split_feature=17 0 34 32 6 34 19 4 7 13 9 18 33 28
split_gain=3010.51 1545.91 1389.63 1099.84 1055.63 675.652 527.043 507.923 657.699 502.531 311.539 303.713 301.467 287.286
threshold=0.34178260311182662 0.34302761470965148 54.532967032967036 58.537616229923934 -1.0000000180025095e-35 57.867132867132874 1.0111918993644775 inf 0.11232900083282084 -8.9074718122346983 3.1838417996611303 0.20878160952173627 79.520479520479526 16.500000000000004
decision_type=2 8 2 2 2 2 8 8 10 8 10 10 2 2
left_child=1 -1 4 5 -2 -3 9 8 -6 -5 -4 -10 -8 -11
right_child=2 3 10 6 7 -7 12 -9 11 13 -12 -13 -14 -15
leaf_value=-0.0077607731927754643 -0.024769031296481381 0.0040801701304912777 -0.0077607731927754643 0.117273651478546 -0.052071076205936588 0.020134089654974614 0.020134089654974614 -0.024769031296481381 -0.052381843247892038 0.035931764803196868 -0.024769031296481381 -0.11972095379969784 0.06128273401344031 0.078912957839894562
leaf_weight=3125 1096 2066 1710 79 265 2537 839 133 90 1126 167 297 166 92
leaf_count=3125 1096 2066 1710 79 265 2537 839 133 90 1126 167 297 166 92
internal_value=-0.000609721 0.00797157 -0.0234931 0.0159211 -0.0417773 0.00743859 0.0328296 -0.0683249 -0.0793731 0.0456578 -0.00776077 -0.104929 0.0201341 0.0405523
internal_weight=13788 10030 3758 6905 1881 4603 2302 785 652 1297 1877 387 1005 1218
internal_count=13788 10030 3758 6905 1881 4603 2302 785 652 1297 1877 387 1005 1218
is_linear=0
shrinkage=0.03


Tree=72
num_leaves=15
num_cat=0
split_feature=17 3 34 14 9 6 0 34 5 17 27 28 9 2
split_gain=3617.59 2549.81 1530.98 965.903 777.032 774.288 684.397 616.306 442.257 348.098 320.544 298.75 267.153 247.686
threshold=0.56166712490379977 0.03694383081699109 54.532967032967036 0.0028948218350163383 0.23616102906754483 0.008790754105632282 5.7093566143368406 33.420745920745929 -0.99784199210117241 1.2352892560576503 -0.095027773696845216 13.500000000000002 0.94490841038585127 0.20647653000594179
decision_type=2 8 2 2 10 2 8 2 2 2 10 2 10 2
left_child=1 -1 5 4 -3 8 -5 -6 -2 -7 -9 -11 -4 -10
right_child=2 3 12 6 7 9 -8 10 13 11 -12 -13 -14 -15
leaf_value=-0.011640976624737556 -0.10146751216097789 0.014175259351236483 -0.011640976624737556 0.0015845318386714762 0.014175259351236483 -0.059400134712923311 0.014175259351236483 0.067275203401111067 -0.031713929178387064 -0.15160555364638564 0.036489414401334387 -0.084781638725808905 -0.031713929178387064 -0.082003516496178958
leaf_weight=2235 80 1951 1263 2402 286 337 1586 370 779 95 1907 120 308 89
leaf_count=2235 80 1951 1263 2402 286 337 1586 370 779 95 1907 120 308 89
internal_value=-0.00140591 0.00680869 -0.0300906 0.01481 0.0243068 -0.0517869 0.00404369 0.0354673 -0.0350352 -0.0799834 0.0416284 -0.110163 -0.011641 -0.0317139
internal_weight=13808 10737 3071 8502 4514 1500 3988 2563 948 552 2277 215 1571 868
internal_count=13808 10737 3071 8502 4514 1500 3988 2563 948 552 2277 215 1571 868
is_linear=0
shrinkage=0.03


Tree=73
num_leaves=15
num_cat=0
split_feature=3 18 34 13 21 2 28 8 17 18 10 8 14 7
split_gain=3139.44 2355.37 1586.72 1636.15 1225.42 749.618 788.586 769.375 734.828 729.447 1052.5 736.904 493.043 615.499
threshold=0.041814936867645008 0.060251915492579897 58.358308358308363 61.657559023646144 0.025817434531468359 0.052744360902255642 13.500000000000002 0.93251705021916032 0.009074426411233771 0.55022655491130024 0.55000000000000016 1.0000000180025095e-35 1.2621254956626047 1.1453776843840082
decision_type=8 10 2 8 2 2 2 10 2 10 2 8 2 8
left_child=4 5 -3 9 8 6 -2 -8 -1 -4 11 -11 13 -6
right_child=1 2 3 -5 12 -7 7 -9 -10 10 -12 -13 -14 -15
leaf_value=-0.012727685614880833 0.018595894221840343 -0.012727685614880833 0.016517359914957938 -0.00066009126421272594 -0.043064609503503645 -0.012727685614880833 0.070726209964111705 0.0054104983119762397 -0.043064609503503645 0.074733984738426282 0.11465463214240183 0.016517359914957938 -0.14442835295025042 -0.10072563759458049
leaf_weight=1398 4003 3259 670 1135 393 339 518 111 758 244 185 479 63 191
leaf_count=1398 4003 3259 670 1135 393 339 518 111 758 244 185 479 63 191
internal_value=-0.0022081 0.005051 -0.00764523 0.0114075 -0.0305064 0.0202962 0.0235487 0.0546733 -0.0195531 0.0336948 0.0516194 0.0348133 -0.0665761 -0.0570229
internal_weight=13746 10943 5972 2713 2803 4971 4632 629 2156 1578 908 723 647 584
internal_count=13746 10943 5972 2713 2803 4971 4632 629 2156 1578 908 723 647 584
is_linear=0
shrinkage=0.03


Tree=74
num_leaves=15
num_cat=0
split_feature=18 22 13 21 17 14 16 0 1 3 21 19 5 9
split_gain=2937.71 2417.7 1660.59 1413 1204.25 1164.78 1154.68 954.639 909.8 711.943 621.751 605.362 593.059 606.756
threshold=0.21793284219199979 2.4436303847896222e-06 68.440081406701424 0.22541849431053226 0.12920438894038774 0.27777047123576404 7.639378167602028 0.16210776005274191 4.2635732464910321 0.0073969820565936723 0.0017953339371002814 -0.017211222393483713 0.30269440667239061 0.92018366729283918
decision_type=10 2 8 2 2 2 8 10 8 8 2 8 2 10
left_child=3 2 8 4 6 10 12 -8 -2 -5 -3 -10 13 -1
right_child=1 5 -4 9 -6 -7 7 -9 11 -11 -12 -13 -14 -15
leaf_value=0.038424259128316235 0.003081616178090055 -0.016621995210409617 -0.016621995210409617 -0.11680862461419209 -0.014751525501747281 -0.054902901361503831 0.0016151174764301272 0.02372758054805775 0.10121452537817614 -0.02243070248664563 -0.036855330199120448 0.032579181169173195 0.11372598751942659 0.12938395382753057
leaf_weight=275 741 1213 1167 87 1056 1511 2133 3633 135 347 519 733 140 62
leaf_count=275 741 1213 1167 87 1056 1511 2133 3633 135 347 519 733 140 62
internal_value=-0.00240504 -0.0181135 0.00244008 0.00982552 0.0129616 -0.0356841 0.0179818 0.0142388 0.0227852 -0.0424647 -0.0188078 0.0437726 0.0626097 0.0400223
internal_weight=13752 6019 2776 7733 7299 3243 6243 5766 1609 434 1732 868 477 337
internal_count=13752 6019 2776 7733 7299 3243 6243 5766 1609 434 1732 868 477 337
is_linear=0
shrinkage=0.03


Tree=75
num_leaves=15
num_cat=0
split_feature=21 14 18 18 9 10 1 7 25 30 8 34 34 7
split_gain=2867.09 2064.89 1584.55 812.832 701.172 1042.76 860.683 607.875 591.256 561.963 539.58 509.706 480.005 440.426
threshold=8.5044952705160934e-06 0.25230324029160983 0.074628613639974375 0.32614479979084915 0.16334228283679564 0.81666666666666676 0.00021038710991680144 -0.15316086568175533 2.0632725115062081 23.110817753674901 0.86572424427926997 32.130369630369636 55.830835830835845 0.50786455662891605
decision_type=2 2 10 10 10 2 10 10 10 2 10 2 2 10
left_child=1 3 9 4 -1 6 -6 -4 13 11 -8 -2 -3 -9
right_child=2 12 7 -5 5 -7 10 8 -10 -11 -12 -13 -14 -15
leaf_value=0.0057081476669916835 -0.12937371288552074 -0.012303924442183471 -0.024045774238845689 0.00058091359170767793 0.00058091359170767793 0.080934513157463472 0.04035198786289123 -0.052669891895884474 -0.012303924442183471 -0.012303924442183471 0.015810931317027654 -0.038932409697350116 0.00058091359170767793 -0.095568369436642556
leaf_weight=1822 69 1388 544 2225 377 311 1700 525 115 1362 623 122 2193 399
leaf_count=1822 69 1388 544 2225 377 311 1700 525 115 1362 623 122 2193 399
internal_value=-0.00342826 0.00400531 -0.0286132 0.0134658 0.0204198 0.0292978 0.0232114 -0.0500483 -0.0634824 -0.0123039 0.0310409 -0.0655609 -0.0123039 -0.0716089
internal_weight=13775 10639 3136 7058 4833 3011 2700 1583 1039 1553 2323 191 3581 924
internal_count=13775 10639 3136 7058 4833 3011 2700 1583 1039 1553 2323 191 3581 924
is_linear=0
shrinkage=0.03


Tree=76
num_leaves=15
num_cat=0
split_feature=18 34 21 13 14 17 16 3 6 30 30 8 16 19
split_gain=2856.32 3562.1 1538.82 1458.12 1151.63 1103.13 1073.38 1048.99 970.314 783.88 762.579 740.774 864.049 729.004
threshold=0.32614479979084915 56.031468531468541 0.18294004912318604 68.440081406701424 1.4296765571128371 0.12920438894038774 6.044691254051032 0.76189499315982123 0.21175063627533075 34.557704200561354 26.10306360306361 0.29083926745130478 3.0011883292355508 -0.086912319448160233
decision_type=10 2 2 8 2 2 8 8 2 2 2 10 8 8
left_child=2 4 5 7 11 6 8 -3 -1 -8 -4 -2 -13 -9
right_child=1 3 10 -5 -6 -7 9 13 -10 -11 -12 12 -14 -15
leaf_value=0.034850135815833912 -0.021206270517761559 0.0036637849432066159 -0.12678012540588129 -0.018101846097865932 -0.098027123168191024 -0.011431807166956178 0.0030886963132674473 0.10391770868671017 0.11271409754242215 0.020596386560751922 -0.024770000440933342 -0.021093975222337781 -0.066886005987177186 0.032797247433510493
leaf_weight=406 1405 455 72 1079 297 1437 1403 149 184 4439 492 461 635 898
leaf_count=406 1405 455 72 1079 297 1437 1403 149 184 4439 492 461 635 898
internal_value=-0.00203057 -0.0191028 0.00886383 0.00631535 -0.042519 0.012302 0.0176092 0.0254294 0.0560143 0.013686 -0.0387922 -0.0357449 -0.0542015 0.0433643
internal_weight=13812 5379 8433 2581 2798 7869 6432 1502 590 5842 564 2501 1096 1047
internal_count=13812 5379 8433 2581 2798 7869 6432 1502 590 5842 564 2501 1096 1047
is_linear=0
shrinkage=0.03


Tree=77
num_leaves=15
num_cat=0
split_feature=32 0 21 11 8 29 26 18 7 18 1 25 27 18
split_gain=2705.08 1999.89 1094.25 1022.41 847.766 890.908 649.514 636.783 540.529 518.913 493.402 399.192 720.85 612.503
threshold=50.061476984553913 2.0022324390691435 0.12655281216523084 4.5848660010509734 -0.049834029736048883 59.280047840936952 -0.29748818984665165 0.060251915492579897 0.13294244967928484 0.32614479979084915 4.9849610352170908 -0.29841617774088286 -1.0000000180025095e-35 0.4016371376327762
decision_type=2 8 2 2 8 2 10 8 10 8 10 10 10 8
left_child=1 3 4 9 6 -6 -2 -7 -8 -1 -9 -11 -13 -14
right_child=2 -3 -4 -5 5 7 8 10 -10 11 -12 12 13 -15
leaf_value=-0.018566428350284016 0.10140146571856277 -0.003347901705391463 -0.003347901705391463 -0.14503316633913613 0.0058205369579109991 0.10024762392385837 0.050642916668577398 0.017894564711930665 0.0058205369579109991 -0.018566428350284016 0.052769075224046093 -0.088057129127188161 -0.088057129127188161 -0.031342762569167577
leaf_weight=951 138 3062 656 68 4443 104 467 1125 259 343 425 249 140 1378
leaf_count=951 138 3062 656 68 4443 104 467 1125 259 343 425 249 140 1378
internal_value=-0.00197144 -0.0166928 0.00999699 -0.033785 0.014989 0.0110272 0.0427215 0.0299686 0.0309501 -0.0310811 0.0249459 -0.0397482 -0.0457554 -0.0377239
internal_weight=13808 6191 7617 3129 6961 6097 864 1654 726 3061 1550 2110 1767 1518
internal_count=13808 6191 7617 3129 6961 6097 864 1654 726 3061 1550 2110 1767 1518
is_linear=0
shrinkage=0.03


Tree=78
num_leaves=15
num_cat=0
split_feature=34 32 3 0 25 5 16 13 22 18 3 1 6 32
split_gain=2350.25 2133.64 1208.59 1208.52 836.874 633.855 597.806 585.419 703.344 509.785 593.161 498.167 417.085 352.659
threshold=32.396769896769904 49.413174238349079 5.3641655208898706 0.49975515020707689 0.16206757005482245 -0.32087358945303007 -0.21616870326985196 1.6905422539196266 0.0065448393825323194 0.94771469325800217 0.01456148130661645 5.1607757135385581 0.20608476614698759 56.862368400829951
decision_type=2 2 8 8 10 2 8 10 2 10 8 10 2 2
left_child=4 2 -2 -3 7 -5 12 -1 -9 10 -6 13 -7 -8
right_child=1 3 -4 5 9 6 11 8 -10 -11 -12 -13 -14 -15
leaf_value=-0.019400608247097297 -0.019400608247097297 -2.6552065655787992e-05 -2.6552065655787992e-05 0.01106968023743435 -0.113594073497504 0.053697480400826926 0.01106968023743435 -0.043704953214692983 -0.14550476550795138 -0.15091077538012571 -0.033872345973977772 0.050575935672297949 0.13860866154871276 0.030870844538454487
leaf_weight=643 3094 2553 2314 1100 120 116 1186 153 70 62 278 606 69 1361
leaf_count=643 3094 2553 2314 1100 120 116 1186 153 70 62 278 606 69 1361
internal_value=-0.00249195 0.00157409 -0.0125689 0.0125158 -0.0403753 0.0221659 0.0293582 -0.0227823 -0.0680093 -0.072895 -0.0590202 0.0261925 0.0812024 0.0203033
internal_weight=13725 12399 5408 6991 1326 4438 3338 866 223 460 398 3153 185 2547
internal_count=13725 12399 5408 6991 1326 4438 3338 866 223 460 398 3153 185 2547
is_linear=0
shrinkage=0.03


Tree=79
num_leaves=15
num_cat=0
split_feature=29 19 29 6 8 1 21 10 18 17 9 18 17 6
split_gain=2101.98 1907.9 1765.36 1269.92 1034.79 900.821 658.699 553.045 485.865 453.428 444.351 540.707 396.179 375.453
threshold=57.297212012097141 0.47452643800960642 36.654195104147327 0.0025001905138831277 1.0419847133203055 4.9849610352170908 0.34550780129218778 1.0000000180025095e-35 0.1147246582595793 0.077124097823708951 1.1249534588292927 0.91530612695743707 0.58605540815721391 -1.0000000180025095e-35
decision_type=2 10 2 2 10 10 2 2 8 2 8 10 2 2
left_child=1 2 -1 7 6 8 12 -3 -2 -6 11 -7 -4 -10
right_child=5 3 4 -5 9 10 -8 -9 13 -11 -12 -13 -14 -15
leaf_value=-0.057148862717379081 0.028423987304470748 -0.042956427884369111 0.0057907962456865379 -0.063048692781457624 -0.0035945005686383465 0.052059217868888293 -0.027943830188217052 -0.0028922870979431678 0.028423987304470748 -0.027943830188217052 0.028423987304470748 0.14601135690772049 -0.009680481735381349 0.0057907962456865379
leaf_weight=489 221 455 4980 811 730 266 271 954 281 535 471 69 1608 1640
leaf_count=489 221 455 4980 811 730 266 271 954 281 535 471 69 1608 1640
internal_value=-0.00237226 -0.00848502 -0.00208624 -0.0332501 0.0012612 0.0200666 0.0057908 -0.0159361 0.00984505 -0.0236162 0.0470029 0.0732732 0.0057908 0.0057908
internal_weight=13781 10833 8613 2220 8124 2948 6859 1409 2142 1265 806 335 6588 1921
internal_count=13781 10833 8613 2220 8124 2948 6859 1409 2142 1265 806 335 6588 1921
is_linear=0
shrinkage=0.03


Tree=80
num_leaves=15
num_cat=0
split_feature=2 33 7 8 29 29 21 27 34 5 22 18 31 14
split_gain=2339.9 2173.37 1090.86 966.242 754.965 726.712 692.315 671.913 657.545 456.555 422.237 404.251 370.446 365.766
threshold=0.011237373737373739 44.786166214737655 0.53922524028090735 -0.085867667238075804 63.546289721489536 57.297212012097141 0.0066037150868424157 2.4546740519130332 58.358308358308363 -0.017702680062155425 0.0011537709889979356 0.98410328053212637 60.366556520402682 0.16242633229030626
decision_type=2 2 8 8 2 2 2 10 2 2 2 8 2 2
left_child=1 8 3 9 13 -4 11 -7 -1 -3 -8 -2 -12 -5
right_child=6 2 5 4 -6 7 10 -9 -10 -11 12 -13 -14 -15
leaf_value=-0.013948058787486655 -0.038083118974925771 0.029012165482055919 -0.0012522565656571732 0.019177967243522387 0.086267455872574839 0.013792930499914421 -0.038083118974925771 0.10377634656543915 -0.0012522565656571732 0.076844784896160798 -0.058240161683341445 -0.013948058787486655 -0.11908823986400795 -0.0012522565656571732
leaf_weight=1745 654 358 2412 2190 126 1862 284 73 1691 376 241 856 131 844
leaf_count=1745 654 358 2412 2190 126 1862 284 73 1691 376 241 856 131 844
internal_value=-0.00230606 0.00301001 0.0114435 0.0229649 0.0157128 0.00110828 -0.0309061 0.0174464 -0.0139481 0.0538691 -0.0565511 -0.0196151 -0.0783972 0.0126456
internal_weight=13843 11677 8241 3894 3160 4347 2166 1935 3436 734 656 1510 372 3034
internal_count=13843 11677 8241 3894 3160 4347 2166 1935 3436 734 656 1510 372 3034
is_linear=0
shrinkage=0.03


Tree=81
num_leaves=15
num_cat=0
split_feature=34 14 13 6 6 16 6 9 3 19 6 32 3 0
split_gain=2256.17 1635.72 1375.28 938.722 612.721 608.622 879.759 1064.59 454.852 450.757 582.195 536.551 367.494 356.001
threshold=41.545954045954055 0.41877929648144646 -14.765204297884095 -0.32180069208933137 -0.069699333304179545 8.501920490787743 0.23828800927436591 1.0145706614637471 0.03445119394357659 0.3840121716316896 0.14224486342186829 31.759848543065335 7.6994699652787579 8.5443530318572982
decision_type=2 2 10 2 2 8 2 8 8 10 2 2 8 10
left_child=2 3 8 -2 13 6 -6 -8 -1 11 -11 -4 -7 -5
right_child=1 -3 9 4 5 12 7 -9 -10 10 -12 -13 -14 -15
leaf_value=-0.024274466668306204 0.0034017662973888341 -0.0073854974809428216 -0.10825193009043516 0.036244426641620912 0.020439744502723716 0.0034017662973888341 0.10128542294813282 0.020439744502723716 -0.0073854974809428216 -0.046575715995350521 -0.12202944280502717 -0.024305772794784613 0.020439744502723716 0.1091857813027772
leaf_weight=604 1118 2872 69 966 1107 2322 293 94 1359 448 116 1052 1321 61
leaf_count=604 1118 2872 69 966 1107 2322 293 94 1359 448 116 1052 1321 61
internal_value=-0.00091122 0.00635986 -0.0211309 0.014189 0.0199672 0.0157095 0.0318056 0.0706311 -0.0073855 -0.0411634 -0.0630305 -0.0299306 0.00907389 0.0410849
internal_weight=13802 10154 3648 7282 6164 5137 1494 387 1963 1685 564 1121 3643 1027
internal_count=13802 10154 3648 7282 6164 5137 1494 387 1963 1685 564 1121 3643 1027
is_linear=0
shrinkage=0.03


Tree=82
num_leaves=15
num_cat=0
split_feature=14 0 8 34 8 16 34 5 18 16 1 32 7 8
split_gain=2341.8 1370.37 1479.32 1360.45 823.563 823.147 645.79 583.632 744.082 639.34 460.689 433.548 421.297 382.352
threshold=0.077064361282738011 -0.063186718142098766 1.2137107894704668 44.942557442557451 2.5296092445501706 1.0000000180025095e-35 35.997335997336002 -1.0000000180025095e-35 0.38870876528545611 6.044691254051032 4.9849610352170908 49.184382051514923 0.087040160723261387 -0.085867667238075804
decision_type=2 8 10 2 10 8 2 2 8 8 10 2 8 10
left_child=3 4 6 12 13 -4 -3 -5 9 11 -10 -9 -1 -2
right_child=1 2 5 7 -6 -7 -8 8 10 -11 -12 -13 -14 -15
leaf_value=0.0070908156332668594 -0.08294858542171496 -0.038480361387608082 -0.0038318612968251528 0.0070908156332668594 -0.050099100298719883 -0.050099100298719883 -0.0038318612968251528 0.046451952298950792 0.0152416257459394 0.0070908156332668594 0.05050849829523163 0.10829732064287299 -0.0038318612968251528 -0.18109004636476564
leaf_weight=1099 98 483 339 2128 63 923 3786 79 2267 111 388 225 1708 72
leaf_count=1099 98 483 339 2128 63 923 3786 79 2267 111 388 225 1708 72
internal_value=-0.0017939 -0.0163664 -0.0133203 0.00870272 -0.0868779 -0.0417877 -0.00486571 0.0180135 0.026398 0.0635599 0.0204808 0.0858131 -0.00383186 -0.128501
internal_weight=13769 5764 5531 8005 233 1262 4269 5198 3070 415 2655 304 2807 170
internal_count=13769 5764 5531 8005 233 1262 4269 5198 3070 415 2655 304 2807 170
is_linear=0
shrinkage=0.03


Tree=83
num_leaves=15
num_cat=0
split_feature=18 22 13 21 14 27 3 30 14 35 30 28 5 31
split_gain=1899.29 2534.71 1581.48 1007.05 908.18 898.905 885.254 839.086 798.035 729.592 576.658 551.311 544.729 661.11
threshold=0.21793284219199979 1.912231971305851e-06 68.440081406701424 0.22541849431053226 0.15228581553318163 -0.044207442995975114 0.7944868355766016 28.837234194377057 1.2621254956626047 34.923409923409935 34.557704200561354 13.500000000000002 -0.52339849147921258 60.583647122108665
decision_type=10 2 8 2 2 8 8 2 2 8 2 2 2 2
left_child=3 2 6 4 5 -1 -2 -5 12 -8 -7 -12 -3 -14
right_child=1 8 -4 7 -6 10 9 -9 -10 -11 11 -13 13 -15
leaf_value=0.069619407453524171 0.0073628393362385712 -0.048126051137550183 -0.012126217774759742 -0.1331612230092287 -0.0082785104061533672 0.0043995260086108325 0.1049470780479828 -0.017523825123173853 -0.070427649139019194 0.033209696999621098 0.016029022325960297 0.047890580776456901 -0.012126217774759742 -0.039439194259051104
leaf_weight=274 509 631 1189 62 1635 1374 144 374 411 977 3455 567 1317 928
leaf_count=274 509 631 1189 62 1635 1374 144 374 411 977 3455 567 1317 928
internal_value=-0.00111578 -0.0136198 0.00724761 0.00874969 0.0114006 0.0170776 0.0268519 -0.035291 -0.0315 0.0428499 0.0143476 0.0205746 -0.0258245 -0.0188023
internal_weight=13847 6106 2819 7741 7305 5670 1630 436 3287 1121 5396 4022 2876 2245
internal_count=13847 6106 2819 7741 7305 5670 1630 436 3287 1121 5396 4022 2876 2245
is_linear=0
shrinkage=0.03


Tree=84
num_leaves=15
num_cat=0
split_feature=3 8 17 29 16 2 27 34 17 9 16 34 4 8
split_gain=1908.21 1341.36 1010.79 833.56 777.48 774.714 698.027 631.913 595.672 557.013 503.35 466.935 345.729 322.072
threshold=0.03694383081699109 0.29870832981736767 0.0052006801981258058 59.376723176922994 -10.599109990410573 0.50892857142857151 0.21157654486374192 62.150349650349654 0.40430041244869747 0.19916876875824405 12.506315316595431 36.450216450216459 inf -0.66914033450433041
decision_type=8 10 2 2 8 2 8 2 2 10 8 2 8 10
left_child=2 3 11 6 -3 -4 8 -8 -2 -5 12 -1 -11 -10
right_child=1 4 5 9 -6 -7 7 -9 13 10 -12 -13 -14 -15
leaf_value=-0.02835908713620414 0.018700640129935546 0.088836661474527526 -0.036357931260523384 0.018700640129935546 -0.010010000381460916 -0.11125088282745994 -0.010010000381460916 0.011719877807919781 -0.010010000381460916 0.059139465830283441 0.033042518188826073 -0.010010000381460916 0.13527993161538066 0.0077203674428203677
leaf_weight=341 2213 69 928 610 3095 141 1651 1408 386 156 579 1336 80 802
leaf_count=341 2213 69 928 610 3095 141 1651 1408 386 156 579 1336 80 802
internal_value=-0.0016137 0.0039511 -0.0239711 0.0106333 -0.01001 -0.0467082 0.00604025 -0.00435515 0.015383 0.031361 0.0485839 -0.01001 0.0852364 -0.00325991
internal_weight=13795 11049 2746 7885 3164 1069 6460 3059 3401 1425 815 1677 236 1188
internal_count=13795 11049 2746 7885 3164 1069 6460 3059 3401 1425 815 1677 236 1188
is_linear=0
shrinkage=0.03


Tree=85
num_leaves=15
num_cat=0
split_feature=18 34 13 3 1 10 32 21 19 13 7 26 33 7
split_gain=2126.25 2602.18 1704.4 1211.01 911.276 912.219 818.419 773.957 788.76 673.457 443.645 429.266 407.606 403.767
threshold=0.32614479979084915 56.33033633033633 68.440081406701424 0.017869556912909201 3.9972468714957343 0.63333333333333341 56.873895335433808 0.12655281216523084 0.70055274034948856 6.1647828334521284 0.52557034009680159 1.0000000180025095e-35 47.294927294927298 0.15359248231281256
decision_type=10 2 8 8 8 2 2 2 10 8 8 10 2 8
left_child=3 9 4 7 -3 -6 -5 8 -1 11 12 -2 -8 -9
right_child=1 2 -4 6 5 -7 10 13 -10 -11 -12 -13 -14 -15
leaf_value=-0.0014132195227618118 -0.015435740740724943 0.0058097358818490459 -0.015435740740724943 0.0045005049004086225 0.034241036869569391 0.12117388907279678 0.015117273881086076 -0.041709414020455783 -0.041709414020455783 -0.053302327261627327 0.015117273881086076 -0.038494312356672548 0.044635304268633998 -0.11527769887447356
leaf_weight=1080 1032 648 1109 4042 688 126 148 73 343 1202 1360 621 1232 100
leaf_count=1080 1032 648 1109 4042 688 126 148 73 343 1202 1360 621 1232 100
internal_value=-0.00191504 -0.0165372 0.00535502 0.00755917 0.0270552 0.0483551 0.0130917 -0.0159182 -0.00850913 -0.0362265 0.025734 -0.0236863 0.037756 -0.0749097
internal_weight=13804 5426 2571 8378 1462 814 6782 1596 1423 2855 2740 1653 1380 173
internal_count=13804 5426 2571 8378 1462 814 6782 1596 1423 2855 2740 1653 1380 173
is_linear=0
shrinkage=0.03


Tree=86
num_leaves=15
num_cat=0
split_feature=3 8 21 17 9 10 10 13 27 25 14 29 18 18
split_gain=1859 1407.99 877.843 855.072 1050.02 1332.31 707.863 573.623 539.34 524.146 458.251 454.65 447.927 931.391
threshold=0.03694383081699109 0.29870832981736767 0.19370064490988276 0.56166712490379977 0.13842471284246052 0.63333333333333341 1.0000000180025095e-35 -1.8147713172970661 0.074454592618210094 2.9978661367769956 0.73344318662410002 64.415907580043452 0.98642752353777674 0.74605998629276482
decision_type=8 10 2 2 10 2 2 10 10 10 2 2 8 10
left_child=2 3 6 4 -2 8 -1 -4 -6 -10 -8 -3 13 -7
right_child=1 11 7 -5 5 12 10 -9 9 -11 -12 -13 -14 -15
leaf_value=-0.045336000269518249 0.0044177349718865179 -0.0096777059923881231 -0.045336000269518249 -0.0073589185439815576 0.029203899459617724 0.049008245770898407 -0.0096777059923881231 -0.13359691327437759 0.0044177349718865179 0.038607005682767391 -0.027506853130953187 0.038108974069508972 0.0407129218526356 0.15220653811026189
leaf_weight=510 2767 2952 192 1786 1422 231 1635 91 1029 126 321 191 473 121
leaf_count=510 2767 2952 192 1786 1422 231 1635 91 1029 126 321 191 473 121
internal_value=-0.00138295 0.00409009 -0.0234455 0.0109051 0.0161944 0.0274119 -0.0176158 -0.0730562 0.0167264 0.00441773 -0.00967771 -0.00967771 0.0604876 0.0861176
internal_weight=13847 11098 2749 7955 6169 3402 2466 283 2577 1155 1956 3143 825 352
internal_count=13847 11098 2749 7955 6169 3402 2466 283 2577 1155 1956 3143 825 352
is_linear=0
shrinkage=0.03


Tree=87
num_leaves=15
num_cat=0
split_feature=3 32 21 7 10 10 35 27 34 5 9 8 26 9
split_gain=1827.05 1276.22 994.763 976.595 1261.51 918.103 788.638 748.196 516.7 438.959 423.162 390.919 348.829 345.926
threshold=0.03445119394357659 42.4453169208414 0.09110648326852816 0.38397703101469466 0.70833333333333337 1.0000000180025095e-35 43.614718614718619 2.1642689748614483 54.965867465867468 0.44496947253743729 0.17415166572478147 0.25923606656389714 1.0909716535608054 0.71473610900481888
decision_type=8 2 2 8 2 2 10 10 2 2 10 10 10 8
left_child=2 -2 5 4 6 -1 11 8 -5 -6 -4 -3 -8 -10
right_child=1 3 10 7 9 -7 12 -9 13 -11 -12 -13 -14 -15
leaf_value=-0.042141917949122067 -0.010239379180171551 0.036389788538882015 -0.1203359898201057 -5.4702795956091116e-05 0.047548737878454206 -0.010239379180171551 -5.4702795956091116e-05 0.072482539254706352 0.033397256173610994 0.11316219445987999 -0.048205606912761323 0.0067525028599999268 0.039260749210736579 0.0077598781455744626
leaf_weight=473 3264 1309 100 2039 317 1828 1151 123 653 134 292 580 205 1321
leaf_count=473 3264 1309 100 2039 317 1828 1151 123 653 134 292 580 205 1321
internal_value=-0.00185942 0.00352289 -0.0240016 0.01013 0.0213252 -0.0163938 0.0147337 0.000112024 -5.47028e-05 0.0680707 -0.06789 0.0273318 -5.47028e-05 0.0155745
internal_weight=13789 11096 2693 7832 3696 2301 3245 4136 4013 451 392 1889 1356 1974
internal_count=13789 11096 2693 7832 3696 2301 3245 4136 4013 451 392 1889 1356 1974
is_linear=0
shrinkage=0.03


Tree=88
num_leaves=15
num_cat=0
split_feature=2 8 17 14 7 29 32 10 1 9 27 18 22 16
split_gain=1777.12 1486.49 869.118 772.207 699.657 711.128 655.698 637.392 502.333 578.233 493.517 468.737 438.853 420.804
threshold=0.011237373737373739 0.47370491095018524 0.55150534326692402 0.68736978940305893 -0.008762691428409573 58.95049550294307 59.79405210174442 0.55000000000000016 2.9971015929757501 0.95485582996120011 0.10536051565782613 0.44463219148555688 2.4436303847896222e-06 -85.094209830590998
decision_type=2 10 2 2 8 2 2 2 10 8 10 8 2 10
left_child=1 2 4 10 7 -6 -3 -1 -7 -10 -2 -8 -13 -5
right_child=3 6 -4 13 5 8 11 -9 9 -11 -12 12 -14 -15
leaf_value=0.019633920913578892 -0.012889730209521147 -0.012889730209521147 -0.0098274773589733661 -0.042640897799789405 0.0018759530052398644 0.014301818455382607 0.084689097559851836 0.06537792902005865 0.081742775207706564 0.030233218231018003 -0.042293964421842245 0.04930776761171031 0.0022180966675421389 -0.095720734253105982
leaf_weight=998 1207 2332 1861 176 3952 745 77 377 256 399 595 183 426 208
leaf_count=998 1207 2332 1861 176 3952 745 77 377 256 399 595 183 426 208
internal_value=-0.00283815 0.00183916 0.00829799 -0.0276186 0.0133159 0.00839566 -0.0128897 0.0323675 0.0267277 0.0461646 -0.0192791 0.0173259 0.00818845 -0.0660027
internal_weight=13792 11606 8588 2186 6727 5352 3018 1375 1400 655 1802 686 609 384
internal_count=13792 11606 8588 2186 6727 5352 3018 1375 1400 655 1802 686 609 384
is_linear=0
shrinkage=0.03


Tree=89
num_leaves=15
num_cat=0
split_feature=7 29 29 6 8 28 21 18 28 10 20 7 0 25
split_gain=1543.61 1542.95 989.377 951.829 879.278 694.509 763.611 655.101 827.839 597.358 552.229 537.364 725.129 536.067
threshold=0.50786455662891605 57.013273543504191 55.514265592231105 0.0034467375263736318 0.083803246884174079 9.5000000000000018 0.00010447638966239272 0.84389100271801032 8.5000000000000018 1.0000000180025095e-35 0.86035728491554198 -0.21133830164815845 5.0186928742098553 -0.2546932187825241
decision_type=10 2 2 2 8 2 2 10 2 2 10 10 10 8
left_child=2 3 4 9 10 6 -3 13 -9 -2 -1 -4 -13 -6
right_child=1 5 11 -5 7 -7 -8 8 -10 -11 -12 12 -14 -15
leaf_value=0.010619565458673109 -0.048215005029413179 0.03531898577400578 0.010619565458673109 -0.062500245934428614 0.010619565458673109 -0.014611133042135155 -0.014611133042135155 -0.0094303437415997858 -0.062110992559660586 -0.014611133042135155 -0.075061394697133924 0.020490331899505762 0.077819361538432608 -0.0069663072216652718
leaf_weight=2683 503 757 1493 727 438 484 159 807 399 820 66 592 298 3603
leaf_count=2683 503 757 1493 727 438 484 159 807 399 820 66 592 298 3603
internal_value=-0.00110247 -0.0184719 0.00467728 -0.0350204 -0.000383062 0.00579812 0.0216555 -0.00768904 -0.027044 -0.0197415 0.0106196 0.0216222 0.0400134 -0.00188645
internal_weight=13829 3450 10379 2050 7996 1400 916 5247 1206 1323 2749 2383 890 4041
internal_count=13829 3450 10379 2050 7996 1400 916 5247 1206 1323 2749 2383 890 4041
is_linear=0
shrinkage=0.03


Tree=90
num_leaves=15
num_cat=0
split_feature=34 33 9 32 3 9 14 6 6 2 7 26 8 6
split_gain=1731.26 1654.22 977.674 805.358 672.111 1334.23 686.269 585.817 493.151 346.264 326.01 299.505 266.93 254.44
threshold=56.33033633033633 46.384567813139249 0.16763415401438567 40.2262073590745 6.9688412688546135 0.681876856688579 0.032559572593437287 0.061419139447798407 -0.0090900243816910281 0.17985793287566745 0.3297330923252178 0.15005517263202697 1.2525234388924036 0.21175063627533075
decision_type=2 2 10 2 10 8 2 2 2 2 10 10 8 2
left_child=1 3 -3 8 6 7 -2 -6 9 -1 -5 12 -10 -7
right_child=4 2 -4 10 5 13 -8 -9 11 -11 -12 -13 -14 -15
leaf_value=-0.036823301688932081 0.01797722428641764 -0.016551190979764596 -7.5044127652953429e-05 -0.016551190979764596 0.035130380607737474 0.041465072239364048 -7.5044127652953429e-05 0.14296861640868649 -0.041125684411313972 -0.10564193663680378 -0.036823301688932081 -0.13163019418716429 -0.1024801233172878 0.019376713771975619
leaf_weight=410 2458 1409 4017 1178 78 492 2477 119 185 63 382 82 104 335
leaf_count=410 2458 1409 4017 1178 78 492 2477 119 185 63 382 82 104 335
internal_value=-0.00152984 -0.0108004 -0.00161389 -0.0314885 0.0106503 0.0327087 0.00604473 0.102198 -0.0550296 -0.0368233 -0.0186171 -0.0809469 -0.0645722 0.0193767
internal_weight=13789 7830 5426 2404 5959 1024 4935 197 844 473 1560 371 289 827
internal_count=13789 7830 5426 2404 5959 1024 4935 197 844 473 1560 371 289 827
is_linear=0
shrinkage=0.03


Tree=91
num_leaves=15
num_cat=0
split_feature=32 8 34 29 33 6 35 34 8 13 28 22 8 26
split_gain=1526.75 1194.13 1182.56 851.517 670.601 673.203 526.066 431.649 415.37 322.389 443.079 417.637 302.892 268.839
threshold=50.061476984553913 -0.12179121213259324 55.830835830835845 56.144168615701439 36.924186924186934 0.023863627032425599 64.227439227439248 59.074259074259082 1.1725998869069827 5.5770804138872965 14.500000000000002 0.0012553604094482794 0.10189702116185996 -0.29748818984665165
decision_type=2 8 2 2 2 2 10 2 10 10 2 2 8 10
left_child=2 6 4 -3 5 9 13 -5 12 -1 11 -11 -7 -2
right_child=1 3 -4 7 -6 8 -8 -9 -10 10 -12 -13 -14 -15
leaf_value=-0.030438701368898671 0.089257392426561707 -0.0020204128663247698 -0.0020204128663247698 0.007540881745874149 -0.015604301574260723 -0.09652551190367023 -0.0020204128663247698 0.030622175645589902 -0.13910140600859777 -0.045440949782503695 -0.045440949782503695 -0.13163989093512871 -0.030438701368898671 0.041108860103608064
leaf_weight=386 126 4026 3043 1497 2156 98 99 1186 83 98 114 112 116 665
leaf_count=386 126 4026 3043 1497 2156 98 99 1186 83 98 114 112 116 665
internal_value=-0.00101001 0.00800379 -0.0120446 0.00365873 -0.0251065 -0.0452731 0.0405543 0.0171022 -0.0829648 -0.0304387 -0.0604432 -0.0928453 -0.0585135 0.049291
internal_weight=13805 7599 6206 6709 3163 1007 890 2683 297 710 324 210 214 791
internal_count=13805 7599 6206 6709 3163 1007 890 2683 297 710 324 210 214 791
is_linear=0
shrinkage=0.03


Tree=92
num_leaves=15
num_cat=0
split_feature=34 7 32 18 6 8 3 18 17 3 32 19 16 33
split_gain=1531.17 1292.81 1184.51 742.497 870.18 527.741 476.461 475.551 448.564 406.675 408.016 365.811 328.922 325.514
threshold=42.357642357642369 0.12095498076417856 49.08552985476063 0.16064495600969489 0.19238287463426831 -0.065827776783276434 5.3641655208898706 0.11320256459676294 1.0719488630805503 23.966738561979806 56.862368400829951 -2.7749851617342638 8.93838522005227 57.358197358197366
decision_type=2 8 2 8 2 8 8 10 2 8 2 10 10 2
left_child=1 12 6 4 7 -5 -2 -4 -3 -7 -11 -12 -1 -6
right_child=2 8 3 5 13 9 -8 -9 -10 10 11 -13 -14 -15
leaf_value=-0.0068442520252096151 -0.0068442520252096151 -0.029997824504366302 0.0032122069358250216 0.035744078070663501 0.05094490628856331 0.0032122069358250216 0.0032122069358250216 0.085509885894981291 -0.081311887419849099 0.012923209771622153 0.031369081988226945 0.0823873193838216 -0.047539997866944128 0.14629410805774259
leaf_weight=1493 2290 2084 131 646 62 3474 2049 61 163 785 175 169 271 86
leaf_count=1493 2290 2084 131 646 62 3474 2049 61 163 785 175 169 271 86
internal_value=-0.00218917 -0.0178202 0.00413169 0.0132687 0.0559182 0.0104555 -0.00684425 0.0130238 -0.0338925 0.00687147 0.0226342 0.049815 -0.00684425 0.109321
internal_weight=13939 4011 9928 5589 340 5249 4339 192 2247 4603 1129 344 1764 148
internal_count=13939 4011 9928 5589 340 5249 4339 192 2247 4603 1129 344 1764 148
is_linear=0
shrinkage=0.03


Tree=93
num_leaves=15
num_cat=0
split_feature=18 34 3 13 7 32 4 21 3 15 9 18 19 19
split_gain=1750.95 1723.64 1167.93 915.536 808.555 823.658 743.634 689.238 625.651 595.402 584.551 584.319 580.503 485.126
threshold=0.08942260635863114 56.131368631368645 0.0073969820565936723 2.0530591709354211 0.50786455662891605 40.75155613617153 inf 0.25436454668305131 0.54880282739170394 0.18333333333333338 0.24289976188962556 0.88046046845258241 1.9439308504368082 0.70055274034948856
decision_type=10 2 8 8 10 2 8 2 8 2 10 10 10 10
left_child=2 4 7 8 5 -2 -6 13 -3 -4 -11 -10 -12 -1
right_child=1 3 9 -5 6 -7 -8 -9 11 10 12 -13 -14 -15
leaf_value=-0.0026181462648351751 -0.045074939265442177 0.0062533550871397255 0.0025447200158927237 -0.010134869071332691 -0.058579166962665817 -0.01139902558983231 -0.01139902558983231 -0.10914675925547877 0.021668695146266972 0.012380682414918449 0.025907502226245244 0.066856248587058631 0.07161000498637711 -0.050333965163464181
leaf_weight=832 715 353 2380 1830 977 1877 273 67 594 1117 1908 366 286 239
leaf_count=832 715 353 2380 1830 977 1877 273 67 594 1117 1908 366 286 239
internal_value=-0.00234803 -0.0129043 0.00845089 0.00357183 -0.0263699 -0.0167581 -0.0461546 -0.0192355 0.0226416 0.0139992 0.0222166 0.037084 0.0320144 -0.0131298
internal_weight=13814 6985 6829 3143 3842 2592 1250 1138 1313 5691 3311 960 2194 1071
internal_count=13814 6985 6829 3143 3842 2592 1250 1138 1313 5691 3311 960 2194 1071
is_linear=0
shrinkage=0.03


Tree=94
num_leaves=15
num_cat=0
split_feature=3 32 8 21 5 9 9 29 32 17 25 25 9 28
split_gain=1595.47 1307.38 1152.72 1026.17 661.87 611.981 595.028 595.294 583.073 518.119 317.907 300.476 265.645 338.865
threshold=0.017869556912909201 58.810420348881898 0.47370491095018524 0.024810784775892079 -0.4421323261716687 0.17415166572478147 1.4498381773823998 64.415907580043452 36.905402290017676 0.098450856294920203 0.12685566655021543 -0.083515819112987874 1.1249534588292927 10.500000000000002
decision_type=8 2 10 2 2 10 10 2 2 2 8 8 8 2
left_child=3 2 4 9 11 10 7 -3 -6 -1 -5 -2 13 -9
right_child=1 6 -4 5 8 -7 -8 12 -10 -11 -12 -13 -14 -15
leaf_value=-0.011562864462943785 0.0081513506347027694 0.0081513506347027694 -0.011562864462943785 -0.056323881817084767 -0.011562864462943785 -0.038370194460561904 0.047647135667403091 0.087724827163496069 0.0081513506347027694 -0.038158029759976508 -0.1436197001789466 -0.011562864462943785 0.026804389785132027 0.026804389785132027
leaf_weight=1291 271 1766 2311 76 1307 353 555 183 3846 538 96 900 164 69
leaf_count=1291 271 1766 2311 76 1307 353 555 183 3846 538 96 900 164 69
internal_value=-0.0026648 0.00199193 -0.00373682 -0.0251177 0.00417362 -0.061895 0.0200395 0.0129245 0.00815135 -0.0144211 -0.107728 -0.0115629 0.0454574 0.0657173
internal_weight=13726 11372 8635 2354 6324 525 2737 2182 5153 1829 172 1171 416 252
internal_count=13726 11372 8635 2354 6324 525 2737 2182 5153 1829 172 1171 416 252
is_linear=0
shrinkage=0.03


Tree=95
num_leaves=15
num_cat=0
split_feature=18 22 16 8 21 17 27 3 16 35 21 7 9 35
split_gain=1486.15 1562.24 1365.59 820.047 776.361 820.053 815.992 774.092 648.275 593.886 554.9 512.654 520.264 471.228
threshold=0.32614479979084915 5.4361790992451807e-06 15.606697334151969 0.3109987568674813 0.22025893251441661 0.12920438894038774 -0.14169741022008073 0.72789963660311419 5.7879519524889496 43.231768231768235 0.58970287509881547 -1.0000000180025095e-35 3.6166680020170006 67.857142857142875
decision_type=10 2 8 10 2 2 8 10 8 8 2 8 10 8
left_child=4 2 7 10 5 6 -1 -2 -8 -9 -3 12 -10 -6
right_child=1 3 -4 -5 13 -7 8 9 11 -11 -12 -13 -14 -15
leaf_value=0.062672800981624643 0.008973729346902333 -0.012748376462552599 -0.012748376462552599 -0.047078343137352464 -0.010329559345654205 -0.010329559345654205 0.043122342024263079 0.11408777356667572 0.025734753390501595 0.035999556369834436 -0.093684670816768303 0.0035196318730384432 0.0016576485225971399 -0.065986582204642777
leaf_weight=287 723 1495 1460 1238 297 1465 523 124 984 299 72 4407 270 192
leaf_count=287 723 1495 1460 1238 297 1465 523 124 984 299 72 4407 270 192
internal_value=-0.00109072 -0.0133525 0.00337237 -0.0288691 0.00678771 0.00905411 0.0136449 0.0279705 0.0113207 0.059956 -0.014379 0.00834716 0.0252315 -0.0297132
internal_weight=13836 5411 2606 2805 8425 7936 6471 1146 6184 423 1567 5661 1254 489
internal_count=13836 5411 2606 2805 8425 7936 6471 1146 6184 423 1567 5661 1254 489
is_linear=0
shrinkage=0.03


Tree=96
num_leaves=15
num_cat=0
split_feature=21 7 29 17 9 5 0 27 6 18 26 8 13 6
split_gain=1238.15 1026.98 1039.01 884.272 770.141 790.389 767.736 620.087 523.093 541.013 498.48 479.924 447.187 385.616
threshold=0.22541849431053226 0.52557034009680159 57.013273543504191 0.41148083659082496 0.18229081969196628 -0.15902483956104357 6.5542246853595384e-17 2.5323512576832661 0.32057553605161809 0.98642752353777674 -0.28765535314952023 0.16189099801520171 2.0530591709354211 1.0000000180025095e-35
decision_type=2 10 2 2 10 2 8 10 2 8 8 8 8 2
left_child=1 3 -3 4 -1 10 -2 13 11 -10 -6 -7 -5 -4
right_child=6 2 7 12 5 8 -8 -9 9 -11 -12 -13 -14 -15
leaf_value=-0.00057639532366172746 -0.13569098558762799 -0.020198759290911129 0.032540840175214039 -0.00057639532366172746 0.051925122133190074 0.045075899811569023 -0.030106521976918914 0.088701489427233035 0.096433684769923311 0.025159631171333255 -0.00057639532366172746 0.013326082575525486 -0.020030741862550189 -0.0065462645393628369
leaf_weight=3230 64 1856 286 728 163 619 681 74 192 196 1468 1390 1765 1007
leaf_count=3230 64 1856 286 728 163 619 681 74 192 196 1468 1390 1765 1007
internal_value=-0.00254318 -0.000376516 -0.0150443 0.00447685 0.00977036 0.0185197 -0.040021 0.00710623 0.0294637 0.0612074 0.00239489 0.0231962 -0.0109232 0.00211274
internal_weight=13719 12974 3223 9751 7258 4028 745 1367 2397 388 1631 2009 2493 1293
internal_count=13719 12974 3223 9751 7258 4028 745 1367 2397 388 1631 2009 2493 1293
is_linear=0
shrinkage=0.03


Tree=97
num_leaves=15
num_cat=0
split_feature=34 14 10 13 10 1 27 14 28 32 9 18 0 19
split_gain=1285.3 1749.47 597.558 543.414 482.391 768.754 677.055 353.388 307.917 340.473 295.774 244.078 230.8 212.603
threshold=55.830835830835845 0.22283154921864465 1.0000000180025095e-35 5.5770804138872965 0.63333333333333341 4.9849610352170908 -0.20609424360098869 0.00062875998836569083 15.500000000000002 40.2262073590745 0.43906847162421242 0.35310934872184091 4.7006258489466323e-06 -0.38734162724134252
decision_type=2 2 2 10 2 10 10 2 2 2 8 8 8 10
left_child=1 2 -1 10 7 -6 -7 12 9 13 11 -3 -2 -5
right_child=4 3 -4 8 5 6 -8 -9 -10 -11 -12 -13 -14 -15
leaf_value=-0.015891950784243151 0.0066708436983839966 -0.015891950784243151 -0.00060158513529601991 -0.12684353131526396 0.017016392178900334 0.047143443524574211 0.1280896757507608 -0.00060158513529601991 -0.038048749387789002 -0.038048749387789002 -0.015891950784243151 -0.038048749387789002 0.017016392178900334 -0.068697342500090602
leaf_weight=1024 259 191 4297 90 672 100 121 2943 182 169 1081 433 2052 229
leaf_count=1024 259 191 4297 90 672 100 121 2943 182 169 1081 433 2052 229
internal_value=-0.00163041 -0.00979732 -0.000601585 -0.0311823 0.00859415 0.028917 0.0772705 0.00511575 -0.054022 -0.0684813 -0.0220755 -0.0380487 0.0139433 -0.0868065
internal_weight=13843 7696 5321 2375 6147 893 221 5254 670 488 1705 624 2311 319
internal_count=13843 7696 5321 2375 6147 893 221 5254 670 488 1705 624 2311 319
is_linear=0
shrinkage=0.03


Tree=98
num_leaves=15
num_cat=0
split_feature=3 8 18 9 18 9 14 8 16 18 16 32 32 25
split_gain=1660.96 1124.71 801.842 763.321 809.162 661.053 924.046 790.476 657.656 634.354 671.336 575.946 546.586 487.967
threshold=0.041814936867645008 0.29870832981736767 0.25427685581773957 0.33047978005438511 0.98642752353777674 1.5534688373966687 0.64627516384127071 -0.15201217348789073 -10.599109990410573 0.94519274960236543 12.506315316595431 61.2090706496301 58.810420348881898 2.8949800854486267
decision_type=8 10 10 10 10 10 2 8 8 10 10 2 2 10
left_child=2 3 -1 -2 9 6 -4 -7 -3 10 13 -10 -6 -5
right_child=1 8 5 4 12 7 -8 -9 11 -11 -12 -13 -14 -15
leaf_value=-0.01022147935857016 0.0015292722728529819 0.079174460790191706 -0.0092283822491304908 0.026184497513363339 -0.0092283822491304908 -0.0092283822491304908 -0.073815077845496513 -0.13254525783006102 -0.0092283822491304908 0.095316414970519209 -0.0092283822491304908 0.023421681677586105 0.070717637137044209 0.093814295446961238
leaf_weight=1831 4445 73 521 2403 423 60 290 133 2561 111 337 543 75 96
leaf_count=1831 4445 73 521 2403 423 60 290 133 2561 111 337 543 75 96
internal_value=-0.00162025 0.00363027 -0.022087 0.00974918 0.0203375 -0.0435684 -0.0313274 -0.0929161 -0.00922838 0.0263869 0.0235261 -0.00922838 -0.00922838 0.0289647
internal_weight=13902 11067 2835 7890 3445 1004 811 193 3177 2947 2836 3104 498 2499
internal_count=13902 11067 2835 7890 3445 1004 811 193 3177 2947 2836 3104 498 2499
is_linear=0
shrinkage=0.03


Tree=99
num_leaves=15
num_cat=0
split_feature=18 34 8 30 32 32 32 5 9 31 22 0 17 32
split_gain=1338.02 1393.2 955.69 777.727 755.802 744.708 681.653 508.768 549.468 499.317 488.046 427.743 401.456 380.007
threshold=0.22474878180057456 54.145854145854152 0.36904017869544431 31.007682793397084 58.537616229923934 31.48390071466995 46.249903942211638 0.20169612160737613 1.0404003216637874 60.583647122108665 0.016265001688073776 5.9165582369937244 0.25023969468203178 56.743256743256744
decision_type=10 2 8 2 2 2 2 2 8 2 2 8 2 2
left_child=3 6 5 10 -5 -3 9 -4 11 -2 -1 -9 -11 -7
right_child=1 2 7 4 -6 13 -8 8 -10 12 -12 -13 -14 -15
leaf_value=-0.0088267332085764372 -0.02983727206276944 -0.013155245038058464 -0.013155245038058464 0.0015726734010029974 0.022664029530814429 0.029482733072918165 -0.01360631343976885 0.022761525597184078 -0.013155245038058464 -0.032790882533246822 -0.071770191148292917 0.12184423278678548 -0.089981771132734145 0.095792367597195227
leaf_weight=1355 999 247 1599 3754 2576 794 1550 104 120 193 116 61 283 83
leaf_count=1355 999 247 1599 3754 2576 794 1550 104 120 193 116 61 283 83
internal_value=-0.00260301 -0.0132067 0.00125445 0.00560069 0.0101669 0.0230893 -0.0275649 -0.0117989 0.0267685 -0.0421378 -0.0140166 0.0618984 -0.0673749 0.0362658
internal_weight=13834 6033 3008 7801 6330 1124 3025 1884 285 1475 1471 165 476 877
internal_count=13834 6033 3008 7801 6330 1124 3025 1884 285 1475 1471 165 476 877
is_linear=0
shrinkage=0.03


Tree=100
num_leaves=15
num_cat=0
split_feature=18 34 13 3 7 34 33 10 5 6 18 3 34 26
split_gain=1248.78 1283.83 781.877 731.921 731.508 1378.76 654.851 592.083 587.862 649.291 515.904 499.052 467.892 475.096
threshold=0.2698389268755898 57.129537129537141 68.440081406701424 6.068054741717388 0.075961778497299029 42.257742257742265 45.404595404595412 0.55000000000000016 -0.99784199210117241 -1.0000000180025095e-35 0.55479766202932723 -0.18780907890006021 36.92973692973694 0.012828156969227679
decision_type=10 2 8 8 8 2 2 2 2 2 10 8 2 8
left_child=4 8 3 -3 6 11 -1 -8 -2 -10 -5 -6 -11 -14
right_child=1 2 -4 10 5 -7 7 -9 9 12 -12 -13 13 -15
leaf_value=-0.017066190205642595 -0.069120477686203496 0.0035876874794169636 -0.010945101041795141 0.021188003891947482 -0.096404951442639497 0.0086547586483500197 0.014826501980124238 0.048050913027210651 -0.010945101041795141 -0.070936920831778216 0.056033169226872681 -0.021598497998016778 -0.010945101041795141 -0.049186770217287241
leaf_weight=431 249 672 1096 196 81 3562 2081 627 1647 289 578 1351 593 384
leaf_count=431 249 672 1096 196 81 3562 2081 627 1647 289 578 1351 593 384
internal_value=-0.0017529 -0.0125087 0.00336439 0.0181205 0.00579363 -0.00134164 0.0171296 0.0225935 -0.0252546 -0.021393 0.0387883 -0.0261506 -0.0376068 -0.0274366
internal_weight=13837 5704 2542 1446 8133 4994 3139 2708 3162 2913 774 1432 1266 977
internal_count=13837 5704 2542 1446 8133 4994 3139 2708 3162 2913 774 1432 1266 977
is_linear=0
shrinkage=0.03


Tree=101
num_leaves=15
num_cat=0
split_feature=7 29 11 28 5 25 21 15 32 6 7 33 8 21
split_gain=1312.96 1108.08 952.015 880.839 833.285 585.172 686.129 663.595 580.254 561.473 549.744 517.836 682.028 507.583
threshold=0.32365272462623734 59.104187310081421 2.0101010101010108 8.5000000000000018 0.23681849366879726 -0.96779413010344062 0.25436454668305131 0.63333333333333341 37.042328301069574 0.0034467375263736318 -0.21133830164815845 49.072039072039068 0.24926677885269302 4.0150497522565199e-05
decision_type=10 2 2 2 2 8 2 2 2 2 10 2 8 2
left_child=2 9 4 13 5 7 11 -1 -6 -2 -10 12 -7 -3
right_child=1 3 -4 -5 8 6 -8 -9 10 -11 -12 -13 -14 -15
leaf_value=0.013162152493957961 -0.015389916575905917 0.042364972418115258 -0.087034381306865832 -0.0092553072891439665 -0.03874177941362307 0.00077471287937175 -0.038720758139670852 0.11978614973944503 0.016225079347412769 -0.042258957937993634 0.057780567757328365 0.0085908893094155912 -0.018477956636198216 -0.0092553072891439665
leaf_weight=170 1705 596 98 475 107 1437 391 72 723 1194 476 4362 1944 103
leaf_count=170 1705 596 98 475 107 1437 391 72 723 1194 476 4362 1944 103
internal_value=-0.00226481 -0.0165654 0.00369629 0.00799946 0.0046591 0.00117737 -0.000203883 0.0466677 0.0268995 -0.0265101 0.0328939 0.00176484 -0.00704146 0.0310596
internal_weight=13853 4073 9780 1174 9682 8376 8134 242 1306 2899 1199 7743 3381 699
internal_count=13853 4073 9780 1174 9682 8376 8134 242 1306 2899 1199 7743 3381 699
is_linear=0
shrinkage=0.03


Tree=102
num_leaves=15
num_cat=0
split_feature=2 17 8 18 35 0 34 5 14 35 0 16 16 17
split_gain=1186.19 1036.06 769.065 636.874 625.278 632.964 633.716 579.778 641.336 467.596 433.86 442.812 394.811 364.75
threshold=0.011237373737373739 0.56166712490379977 0.29870832981736767 0.095389079619974337 64.227439227439248 0.066975940095073669 53.446553446553459 -0.99076066250737227 1.2621254956626047 69.663669663669694 1.5681709658709384 15.606697334151969 -62.751676305779604 0.10260590045187941
decision_type=2 2 8 8 10 10 2 2 2 10 10 8 10 2
left_child=1 2 4 9 5 -1 -7 -2 -9 13 -8 -12 -10 -4
right_child=7 -3 3 -5 -6 6 10 8 12 -11 11 -13 -14 -15
leaf_value=0.0042714801041829637 -0.091587937336451222 -0.0098981273014021407 0.058417569492278353 -0.00025516956620878588 -0.0013425872566606455 0.022075162834507247 0.041965557159097541 -0.01332362061691411 -0.043468983465632091 0.088779898685767661 0.13217330588400364 0.06268018494745782 -0.11542186403849927 -0.0013425872566606455
leaf_weight=713 98 2642 100 6274 268 879 246 1875 73 119 115 256 96 96
leaf_count=713 98 2642 100 6274 268 879 246 1875 73 119 115 256 96 96
internal_value=-0.00152784 0.00223023 0.00721295 0.00185023 0.0214457 0.0275771 0.0386335 -0.0220265 -0.018476 0.0431332 0.061856 0.0833948 -0.0736143 0.0139001
internal_weight=13850 11708 9066 6589 2477 2209 1496 2142 2044 315 617 371 169 196
internal_count=13850 11708 9066 6589 2477 2209 1496 2142 2044 315 617 371 169 196
is_linear=0
shrinkage=0.03


Tree=103
num_leaves=15
num_cat=0
split_feature=3 32 21 18 27 28 25 9 5 19 22 1 35 8
split_gain=1164.93 982.975 712.559 520.485 504.853 680.649 487.902 403.547 391.337 353.587 367.754 336.603 324.546 273.821
threshold=0.03694383081699109 47.956588865679784 0.11209760783267272 0.25427685581773957 0.091093893238694226 15.500000000000002 0.020368654879613594 2.1794155245229478 -0.77177352961326362 -1.4607896768233075 0.0021870618173198621 3.5161337745819989 55.935730935730945 0.5800991270870669
decision_type=8 2 2 10 8 2 8 10 2 10 2 8 10 10
left_child=2 11 3 -1 5 8 -4 -6 -3 -10 -11 -2 -9 -7
right_child=1 4 6 -5 7 13 -8 12 9 10 -12 -13 -14 -15
leaf_value=-0.0086598115544738782 -0.0086598115544738782 0.00076001998453675162 -0.035506373390489523 -0.03363507016673617 0.00076001998453675162 0.070985991868533577 -0.085483816445845615 0.070976922416756308 0.057887627271283409 0.022597082413354636 0.00076001998453675162 0.00076001998453675162 0.011443897081539034 0.00087983315344899895
leaf_weight=1551 2184 399 129 833 3221 280 248 124 195 1622 321 2479 235 61
leaf_count=1551 2184 399 129 833 3221 280 248 124 195 1622 321 2479 235 61
internal_value=-0.00211461 0.00221776 -0.0195374 -0.0134098 0.00979346 0.0191371 -0.0576029 0.00226576 0.0137228 0.0198302 0.0158719 -0.00827342 0.0326993 0.0586389
internal_weight=13882 11121 2761 2384 6458 2878 377 3580 2537 2138 1943 4663 359 341
internal_count=13882 11121 2761 2384 6458 2878 377 3580 2537 2138 1943 4663 359 341
is_linear=0
shrinkage=0.03


Tree=104
num_leaves=15
num_cat=0
split_feature=2 8 21 28 17 6 16 35 16 22 31 6 26 31
split_gain=1109.93 886.632 673.115 579.222 683.805 694.964 625.041 493.929 419.433 417.599 409.47 360.114 348.571 344.546
threshold=0.014087301587301588 0.47370491095018524 0.010764579131107255 1.5000000000000002 0.56166712490379977 0.12320291470520393 9.7124603695611587 22.602397602397605 -6.9949207728990013 0.0011537709889979356 47.152847152847158 0.21842921207783841 0.22991385344343043 79.027441090378176
decision_type=2 10 2 2 2 2 8 8 8 2 2 2 8 2
left_child=1 3 -2 -1 5 7 12 -5 -3 -4 -6 -8 -7 -13
right_child=2 8 9 4 10 6 11 -9 -10 -11 -12 13 -14 -15
leaf_value=-0.010585463148511399 -0.01169580546632895 0.049207654024643652 -0.030501219628621574 0.04476595274029916 0.0032514292163337752 0.084150462785566385 0.041309023526707588 0.0062814079315685932 -0.010585463148511399 -0.072500251363214502 -0.010585463148511399 0.0032514292163337752 0.041309023526707588 0.041309023526707588
leaf_weight=905 1513 105 264 317 1012 292 212 4476 2931 331 757 378 114 129
leaf_count=905 1513 105 264 317 1012 292 212 4476 2931 331 757 378 114 129
internal_value=-0.0024017 0.00123239 -0.0224033 0.00620344 0.00898173 0.0138711 0.0350417 0.0088707 -0.0105855 -0.0493066 -0.00736828 0.0180228 0.0645953 0.00367322
internal_weight=13736 11628 2108 8592 7687 5918 1125 4793 3036 595 1769 719 406 507
internal_count=13736 11628 2108 8592 7687 5918 1125 4793 3036 595 1769 719 406 507
is_linear=0
shrinkage=0.03


Tree=105
num_leaves=15
num_cat=0
split_feature=5 34 32 1 1 7 32 19 21 7 31 26 7 13
split_gain=1276.02 1358.99 924.538 873.571 788.973 734.426 648.953 492.065 439.459 420.151 566.06 412.967 357.406 353.343
threshold=-0.50794123820007775 36.450216450216459 39.533543379697235 -0.88881341392242841 4.9849610352170908 0.021323831446232514 58.545999455090374 0.12863773862835262 0.17831444374865849 0.090405748146269019 72.973180665488385 0.98628386847148086 1.1648924470412354 0.19054111279266309
decision_type=2 2 2 8 8 8 2 8 2 10 2 10 10 8
left_child=3 7 -3 -1 5 -4 8 -2 -5 13 12 -8 -11 -6
right_child=1 2 4 6 9 -7 11 -9 -10 10 -12 -13 -14 -15
leaf_value=-0.098159496217004705 -0.0081841860193067086 -0.0081841860193067086 0.016850302365513964 -0.020617204672649148 0.041222195224598052 0.0019606775632164558 -0.00020255227461813739 -0.037958731363699441 -0.057313435704406598 0.08696185649014436 0.12667932158357956 0.072207256296649577 0.016850302365513964 0.016850302365513964
leaf_weight=119 630 2243 1550 1606 620 3841 622 894 183 73 80 75 137 1190
leaf_count=119 630 2243 1550 1606 620 3841 622 894 183 73 80 75 137 1190
internal_value=-0.00148007 0.00290033 0.00702724 -0.0203801 0.0121055 0.00601743 -0.0164674 -0.0233956 -0.0260144 0.0276832 0.0609905 0.00804784 0.0336021 0.0221933
internal_weight=13863 11258 9734 2605 7491 5391 2486 1524 1789 2100 290 697 210 1810
internal_count=13863 11258 9734 2605 7491 5391 2486 1524 1789 2100 290 697 210 1810
is_linear=0
shrinkage=0.03


Tree=106
num_leaves=15
num_cat=0
split_feature=11 18 1 8 5 31 13 16 1 16 28 5 25 21
split_gain=1353.48 898.977 873.652 711.837 685.414 812.909 554.808 551.352 546.86 540.471 442.142 414.068 413.921 397.431
threshold=2.0101010101010108 0.26258054732553254 3.5161337745819989 -0.10332577740426795 -0.79271894237318652 60.768078075770397 2.1462684456897931 8.0781250472308006 0.00021038710991680144 8.501920490787743 11.500000000000002 -0.10691824817053706 0.11371851705280235 0.0026367382161261482
decision_type=2 10 8 8 2 2 8 10 8 8 2 2 10 2
left_child=1 3 4 7 -3 -6 -4 10 12 13 -1 -10 -5 -7
right_child=-2 2 6 8 5 9 -8 -9 11 -11 -12 -13 -14 -15
leaf_value=0.0021309127148576561 -0.087086868699549166 -0.043735582087146604 0.021567282192200391 -0.0074707429843760206 -0.0077223848526345824 -0.0077223848526345824 -0.0076427943669823556 -0.039675628010426525 -0.0052431290269935428 -0.043735582087146604 0.050943104239811431 0.011257444522521089 -0.043735582087146604 -0.028697094747472254
leaf_weight=228 159 343 977 501 1769 462 1444 87 2037 508 624 4152 278 178
leaf_count=228 159 343 977 501 1769 462 1444 87 2037 508 624 4152 278 178
internal_value=-0.00141841 -0.000384295 -0.00948325 0.00615496 -0.0196099 -0.0143288 0.00416515 0.0306033 0.00284074 -0.0350244 0.0379693 0.00582672 -0.0207682 -0.0136586
internal_weight=13747 13588 5681 7907 3260 2917 2421 939 6968 1148 852 6189 779 640
internal_count=13747 13588 5681 7907 3260 2917 2421 939 6968 1148 852 6189 779 640
is_linear=0
shrinkage=0.03


Tree=107
num_leaves=15
num_cat=0
split_feature=11 18 34 7 13 0 19 16 27 32 4 3 9 33
split_gain=1045.26 877.439 1093.02 867.405 556.117 514.45 688.128 505.52 733.297 421.25 406.561 401.554 360.115 349.671
threshold=2.0101010101010108 0.22474878180057456 54.890942390942399 0.14774755066032433 61.657559023646144 6.8730142670217704 -0.058182335702195324 12.285721943093039 -0.075428494874966154 37.65011212563661 inf 0.0073969820565936723 0.16334228283679564 47.294927294927298
decision_type=2 10 2 10 8 8 8 10 8 2 8 8 10 2
left_child=1 7 3 -3 5 -4 -7 8 9 -1 -5 -10 -13 -14
right_child=-2 2 4 10 -6 6 -8 -9 11 -11 -12 12 13 -15
leaf_value=-0.010068820613514905 -0.077111466651678909 -0.0087966067302897247 0.0031519664448763987 -0.038784648802506011 -0.0087966067302897247 0.10671905531576185 0.022135283850262137 -0.028064014040107828 -0.0099327726842913609 0.063233397513036971 -0.0087966067302897247 -0.0001268186380871662 -0.00045128879688113296 0.018660681682810144
leaf_weight=60 157 1643 887 1202 1194 94 733 364 1212 307 203 2317 296 3167
leaf_count=60 157 1643 887 1202 1194 94 733 364 1212 307 203 2317 296 3167
internal_value=-0.00135518 -0.000457831 -0.00910571 -0.0216437 0.00405047 0.0151005 0.032333 0.00621302 0.00792637 0.048974 -0.0387846 0.00573839 0.0090302 0.0151483
internal_weight=13836 13679 5956 3048 2908 1714 827 7723 7359 367 1405 6992 5780 3463
internal_count=13836 13679 5956 3048 2908 1714 827 7723 7359 367 1405 6992 5780 3463
is_linear=0
shrinkage=0.03


Tree=108
num_leaves=15
num_cat=0
split_feature=16 3 8 18 15 22 18 5 19 3 7 3 25 29
split_gain=1039.75 965.025 690.782 729.199 659.314 894.031 515.853 848.618 573.148 469.992 379.175 334.609 330.613 292.232
threshold=13.199341428342342 0.1073136673296685 1.0164391693840298 0.10949586720862871 0.81666666666666676 0.0016048958283158988 0.98803849774605668 0.20813481205895057 0.70055274034948856 2.3974729548632627 -0.035788946307685691 0.42282050550227557 0.0051226663315864238 65.501992817926904
decision_type=10 8 8 8 2 2 10 2 10 10 10 8 10 2
left_child=1 -1 6 11 5 -2 7 9 -9 10 -3 -4 -7 -5
right_child=4 2 3 13 -6 12 -8 8 -10 -11 -12 -13 -14 -15
leaf_value=-0.013956462087762517 -0.033712065961876515 0.022041249211577772 -0.0045890384927304824 -0.0045890384927304824 -0.014373872662753114 -0.15997639078360334 -0.0045890384927304824 0.073312246628686822 -0.0045890384927304824 0.03821602867476824 -0.0038651957792932802 0.060544513474261409 -0.073701722441107773 0.016591313813615144
leaf_weight=3386 410 524 61 4970 731 73 604 386 87 527 1169 234 82 588
leaf_count=3386 410 524 61 4970 731 73 604 386 87 527 1169 234 82 588
internal_value=-0.00293486 -0.000285483 0.00477839 -0.00141005 -0.0284623 -0.0530503 0.0157499 0.0214571 0.0577384 0.0136145 0.00586647 0.0441509 -0.113691 -0.00386578
internal_weight=13832 12536 9150 5853 1296 565 3297 2693 473 2220 1693 295 155 5558
internal_count=13832 12536 9150 5853 1296 565 3297 2693 473 2220 1693 295 155 5558
is_linear=0
shrinkage=0.03


Tree=109
num_leaves=15
num_cat=0
split_feature=11 14 34 7 5 27 8 6 17 31 35 8 6 14
split_gain=1056.74 940.528 844.707 718.02 779.81 571.687 444.245 388.906 384.663 359.604 431.03 332.094 327.092 324.92
threshold=2.0101010101010108 0.14529880355377675 55.341325341325351 0.43393087509828204 0.23681849366879726 2.314931399289232 -0.004976282967959377 -1.0000000180025095e-35 0.12582985829436419 30.486646220911954 37.812187812187823 1.7079300526191787 0.0098928469804979175 0.00020523271281293603
decision_type=2 2 2 8 2 10 8 2 2 2 10 10 2 2
left_child=1 3 7 4 6 -5 9 -3 -9 13 -11 -6 -2 -1
right_child=12 2 -4 5 11 -7 -8 8 -10 10 -12 -13 -14 -15
leaf_value=0.032959961769817699 -0.041657416219823058 -0.014110505333758296 -0.0038278077759689522 -0.0038278077759689522 0.055274247265426457 0.06651617358814782 0.0021082878787427959 -0.014110505333758296 -0.039592750862020416 0.079275820451875922 0.019677956574232939 -0.00030859600782394409 -0.13094562662794038 -0.0038278077759689522
leaf_weight=224 103 1443 2506 4441 493 99 2693 371 775 187 264 120 60 97
leaf_count=224 103 1443 2506 4441 493 99 2693 371 775 187 264 120 60 97
internal_value=-0.00265908 -0.00174225 -0.0119541 0.00429846 0.0134277 -0.00382781 0.00787817 -0.0243932 -0.0374183 0.0278624 0.0449876 0.044479 -0.0774433 0.00348086
internal_weight=13876 13713 5095 8618 4078 4540 3465 2589 1146 772 451 613 163 321
internal_count=13876 13713 5095 8618 4078 4540 3465 2589 1146 772 451 613 163 321
is_linear=0
shrinkage=0.03


Tree=110
num_leaves=15
num_cat=0
split_feature=5 3 14 5 21 13 6 7 6 5 9 16 34 10
split_gain=1116.48 1021.41 967.237 877.441 789.2 753.826 553.286 467.983 650.448 455.325 440.55 434.803 398.562 366.16
threshold=-0.99979131877397132 0.0073969820565936723 0.17464201873082855 -0.99076066250737227 0.075941120756092523 -81.822719893800723 -0.99992899568226579 0.056307271357421314 -0.311372802239335 -0.99857550500765657 0.17415166572478147 37.04639163889707 55.830835830835845 1.0000000180025095e-35
decision_type=2 8 2 2 2 10 2 8 2 2 10 8 2 2
left_child=5 3 7 -2 13 6 -1 8 -3 -9 -6 -7 -4 -5
right_child=1 2 12 4 10 11 -8 9 -10 -11 -12 -13 -14 -15
leaf_value=0.038582018568558848 -0.11880584187805653 0.0010688301719176626 -0.0084137743073072289 -0.035520655662748042 -0.11593234130201187 -0.043573546289998585 -0.04304131337627768 0.072105192262037043 0.028311095148432917 0.0027817644063836762 -0.035520655662748042 -0.11515148256000106 0.0010688301719176626 -0.0084137743073072289
leaf_weight=123 73 549 2094 298 89 139 175 82 2072 4333 185 138 2168 1320
leaf_count=123 73 549 2094 298 89 139 175 82 2072 4333 185 138 2168 1320
internal_value=-0.00196559 -0.000183863 0.00329056 -0.0201181 -0.0160073 -0.0427072 -0.00927042 0.0101196 0.0201491 0.00414942 -0.0626275 -0.0778767 -0.00798194 -0.00841377
internal_weight=13838 13263 11298 1965 1892 575 298 7036 2621 4415 274 277 4262 1618
internal_count=13838 13263 11298 1965 1892 575 298 7036 2621 4415 274 277 4262 1618
is_linear=0
shrinkage=0.03


Tree=111
num_leaves=15
num_cat=0
split_feature=11 5 16 1 9 31 18 14 19 0 32 0 21 8
split_gain=949.319 891.875 955.124 752.405 730.282 700.789 700.029 646.548 681.941 637.952 718.614 319.598 234.264 233.507
threshold=2.4768039260792887 -0.77177352961326362 12.506315316595431 4.6385883258758218 0.70393695053644401 59.586567278874981 0.80268120521486364 0.49681211613706483 0.4659817897559782 4.7006258489466323e-06 58.545999455090374 4.8484199755633126 0.12344060132769638 -2.9983170795021699
decision_type=2 2 10 10 8 2 10 2 8 8 2 10 2 10
left_child=1 9 3 7 6 -4 -5 8 12 -1 11 -11 -3 -12
right_child=-2 2 5 4 -6 -7 -8 -9 -10 10 13 -13 -14 -15
leaf_value=-0.038290361774868581 -0.076873774014670271 0.015550638520069333 -0.0079846541650082457 0.031454704297440392 0.015550638520069333 -0.038290361774868581 0.12830507061089824 -0.0079846541650082457 3.5364334538179889e-05 -0.02441520292956852 0.039921131467616014 -0.0010605167994107744 3.5364334538179889e-05 -0.00045070386665999881
leaf_weight=198 140 3017 690 177 1000 472 108 2390 3543 786 259 544 290 217
leaf_count=198 140 3017 690 177 1000 472 108 2390 3543 786 259 544 290 217
internal_value=-0.000515545 0.00029305 0.00346574 0.00631824 0.0277813 -0.0222875 0.0697353 0.00331997 0.00805538 -0.0181722 -0.01054 -0.0218436 0.0155506 0.0209422
internal_weight=13831 13691 11687 10525 1285 1162 285 9240 6850 2004 1806 1330 3307 476
internal_count=13831 13691 11687 10525 1285 1162 285 9240 6850 2004 1806 1330 3307 476
is_linear=0
shrinkage=0.03


Tree=112
num_leaves=15
num_cat=0
split_feature=7 29 21 6 28 6 13 32 8 8 35 15 1 5
split_gain=962.972 866.117 760.773 754.93 730.49 577.538 459.662 457.367 479.851 414.443 432.074 403.119 491.969 380.523
threshold=0.14774755066032433 57.297212012097141 0.81656245363743662 0.0034467375263736318 8.5000000000000018 0.25685854639408362 -23.317311264261061 51.682932452163229 1.0908747470232012 -0.17641297634471884 16.558441558441562 1.0000000180025095e-35 2.9971015929757501 -0.79271894237318652
decision_type=10 2 2 2 2 2 10 2 10 8 8 2 8 2
left_child=2 3 7 13 11 -5 -4 8 -1 -9 -11 -3 -13 -2
right_child=1 4 6 5 -6 -7 -8 9 -10 10 -12 12 -14 -15
leaf_value=0.0024659670197296054 -0.041219454806930615 -0.0082011620697415438 -0.022689702450550117 -0.05111785865633215 -0.0082011620697415438 -0.0082011620697415438 -0.10039098330602354 0.037397544069998609 -0.022689702450550117 0.074035487976546077 0.0075491978259485037 0.018449441014011775 0.073030843963580477 -0.0082011620697415438
leaf_weight=3618 313 195 119 948 738 279 93 516 524 85 4084 527 205 1573
leaf_count=3618 313 195 119 948 738 279 93 516 524 85 4084 527 205 1573
internal_value=-0.00137803 -0.0122642 0.00438 -0.0215939 0.00519158 -0.0398644 -0.0511206 0.00574116 -0.0015216 0.0121569 0.00899182 0.0238483 0.034127 -0.00963344
internal_weight=13817 4778 9039 3113 1665 1227 212 8827 4142 4685 4169 927 732 1886
internal_count=13817 4778 9039 3113 1665 1227 212 8827 4142 4685 4169 927 732 1886
is_linear=0
shrinkage=0.03


Tree=113
num_leaves=15
num_cat=0
split_feature=18 34 16 34 19 9 16 3 8 15 31 17 19 28
split_gain=876.457 753.997 1163.63 645.146 613.543 582.502 542.168 483.64 465.345 655.251 443.696 360.994 465.638 363.348
threshold=0.32614479979084915 57.129537129537141 33.438949273603903 42.357642357642369 0.47452643800960642 0.32637073271792899 4.7250495057705857 -0.028137813170641245 0.13746891626349192 0.22500000000000003 59.972719588104205 1.2352892560576503 0.48992109815450574 13.500000000000002
decision_type=10 2 8 2 8 10 8 8 10 2 2 2 8 2
left_child=3 10 5 4 -1 -3 -5 -6 9 -7 -2 12 -12 -13
right_child=1 2 -4 6 7 8 -8 -9 -10 -11 11 13 -14 -15
leaf_value=0.0015862998832165155 -0.012106029912392404 0.0077007764936867888 -0.0091529596907998761 0.033253197744459291 -0.082840436440204154 0.015661828462881121 0.006955109627094609 -0.01769155041655962 0.01842232955792962 0.11193657135006768 -0.0091529596907998761 -0.13517943042430228 -0.047364156810745003 -0.056054783206991192
leaf_weight=1418 1985 667 1259 816 110 105 5054 1006 253 164 346 65 528 64
leaf_count=1418 1985 667 1259 816 110 105 5054 1006 253 164 346 65 528 64
internal_value=-0.000893461 -0.0102751 0.00206933 0.00517744 -0.00746345 0.0245545 0.010636 -0.0244539 0.0481841 0.0753288 -0.0203752 -0.0365993 -0.0293549 -0.0827546
internal_weight=13840 5436 2448 8404 2534 1189 5870 1116 522 269 2988 1003 874 129
internal_count=13840 5436 2448 8404 2534 1189 5870 1116 522 269 2988 1003 874 129
is_linear=0
shrinkage=0.03


Tree=114
num_leaves=15
num_cat=0
split_feature=7 29 5 16 35 28 21 14 1 5 16 26 9 13
split_gain=1002.12 821.515 684.282 731.811 673.222 655.574 675.949 490.899 831.304 515.646 417.239 415.523 403.043 385.52
threshold=0.52557034009680159 57.013273543504191 0.31969079004118484 26.013132967437119 35.139860139860147 11.500000000000002 1.0000000180025095e-35 0.00031525933840323466 -0.25797866040431766 -0.99192270930291748 12.7210412971989 0.016283205186404363 0.82214584525600298 -1.1157363722917513
decision_type=10 2 2 10 10 2 2 2 8 2 8 10 10 10
left_child=2 -2 7 4 13 6 10 -1 -9 -10 11 12 -3 -4
right_child=1 5 3 -5 -6 -7 -8 8 9 -11 -12 -13 -14 -15
leaf_value=0.0079569257294962569 -0.027851540292019878 0.1124705365199495 0.02818441388924129 -0.045913258319254961 0.057473055335015233 -0.012899372610280064 -0.012899372610280064 -0.082969160326699751 -0.038112680158498356 -0.0012409529058961758 0.013124835231432477 0.034731198562677049 0.034731198562677049 -0.0067577322109559253
leaf_weight=4190 2012 143 405 115 502 323 192 118 364 4562 578 104 60 157
leaf_count=4190 2012 143 405 115 502 323 192 118 364 4562 578 104 60 157
internal_value=-0.0014986 -0.0155962 0.00312601 0.0245977 0.0323978 0.0020528 0.0160208 0.000372669 -0.00592914 -0.00400142 0.0283473 0.0563376 0.0850023 0.0096903
internal_weight=13825 3412 10413 1179 1064 1400 1077 9234 5044 4926 885 307 203 562
internal_count=13825 3412 10413 1179 1064 1400 1077 9234 5044 4926 885 307 203 562
is_linear=0
shrinkage=0.03


Tree=115
num_leaves=15
num_cat=0
split_feature=11 18 34 16 19 1 5 28 16 28 6 28 6 18
split_gain=843.719 732.238 701.824 601.106 426.533 596.769 586.178 531.91 493.695 426.613 411.44 358.742 394.497 346.555
threshold=2.0101010101010108 0.26258054732553254 54.145854145854152 15.606697334151969 0.4659817897559782 1.8984548815748401 0.34729313981893573 1.5000000000000002 13.199341428342342 11.500000000000002 -1.0000000180025095e-35 8.5000000000000018 -0.39215592830092327 0.62489757413162106
decision_type=2 10 2 8 8 8 2 2 10 2 2 2 2 10
left_child=1 4 10 13 6 -6 8 -7 -1 -8 -3 12 -9 -4
right_child=-2 2 3 -5 5 7 9 11 -10 -11 -12 -13 -14 -15
leaf_value=0.011742687658866545 -0.067685155607539516 -0.0092716099279996928 0.0043916606293327217 -0.0084814261068486257 -0.011738112893515291 -3.6910158509514675e-05 0.019320091392312732 -3.6910158509514675e-05 -0.032671601326658951 0.081473461642403502 -0.032420850601141193 -3.6910158509514675e-05 0.043193794278619448 0.029595919015035266
leaf_weight=3289 164 1662 469 1620 2185 564 233 239 237 174 1185 224 744 825
leaf_count=3289 164 1662 469 1620 2185 564 233 239 237 174 1185 224 744 825
internal_value=-0.00106511 -0.000240204 -0.00836717 0.00198406 0.00569612 -0.00125996 0.0126856 0.0116643 0.00871535 0.0465581 -0.0189469 0.0243683 0.0324814 0.0172647
internal_weight=13814 13650 5761 2914 7889 3956 3933 1771 3526 407 2847 1207 983 1294
internal_count=13814 13650 5761 2914 7889 3956 3933 1771 3526 407 2847 1207 983 1294
is_linear=0
shrinkage=0.03


Tree=116
num_leaves=15
num_cat=0
split_feature=11 6 8 14 22 6 21 26 3 18 16 9 6 16
split_gain=845.763 791.189 916.949 863.706 676.835 514.668 556.191 427.711 451.79 427.137 770.382 426.286 356.726 338.942
threshold=2.0101010101010108 -0.66778142453824729 -2.6615409674307835 0.41877929648144646 2.296577652164537e-05 0.0034467375263736318 0.13764397971300918 -0.1726059138402469 22.026818780270016 0.21468666756274504 2.0805617293285112 0.34186837479331905 -0.99375234043276039 -4.0167507934135172
decision_type=2 2 8 2 2 2 2 8 8 8 10 10 2 10
left_child=1 2 12 5 -5 6 -3 -4 -9 10 11 -7 -1 -6
right_child=-2 3 7 4 13 9 -8 8 -10 -11 -12 -13 -14 -15
leaf_value=0.0023434556140957108 -0.069234343711976648 0.017519428060283566 0.04509106905240079 -0.0016531391325669232 -0.013828008430570608 0.029965375805182912 -0.0016531391325669232 -0.034758582720007938 0.0015050922147785051 -0.0016531391325669232 -0.0016531391325669232 0.093310850050822805 0.092660019529983401 -0.034758582720007938
leaf_weight=78 157 4507 64 1909 729 106 402 1007 317 3312 274 159 75 748
leaf_count=78 157 4507 64 1909 729 106 402 1007 317 3312 274 159 75 748
internal_value=-0.00108949 -0.000282822 -0.0204966 0.00228914 -0.0105685 0.00726218 0.0136977 -0.028209 -0.0319085 -0.000948453 0.0249965 0.0615839 0.0481475 -0.0260029
internal_weight=13844 13687 1541 12146 3386 8760 4909 1388 1324 3851 539 265 153 1477
internal_count=13844 13687 1541 12146 3386 8760 4909 1388 1324 3851 539 265 153 1477
is_linear=0
shrinkage=0.03


Tree=117
num_leaves=15
num_cat=0
split_feature=7 34 28 6 9 28 10 8 31 17 2 34 1 6
split_gain=775.022 845.316 846.408 837.8 848.175 699.059 792.352 880.089 639.237 466.937 466.918 465.245 412.65 404.577
threshold=0.53922524028090735 41.545954045954055 11.500000000000002 0.15750662611375912 1.2226067169424486 1.5000000000000002 0.55000000000000016 0.11815835372861107 60.179156507827841 0.0052006801981258058 0.19139194139194141 53.334165834165837 4.9849610352170908 0.24640619884791257
decision_type=10 2 2 2 10 2 2 10 2 2 2 2 8 2
left_child=5 -2 3 -3 12 11 7 -7 -8 -9 -11 -1 -5 -10
right_child=1 2 -4 4 -6 6 8 9 13 10 -12 -13 -14 -15
leaf_value=-0.050061832352075723 -0.037314881942237421 -0.005424700734175501 -0.020533383888831001 0.043588536345413029 -0.020533383888831001 0.0077896723572036504 0.047670387510821123 -0.00090229454437192047 0.011518031290561351 -0.0225994473733536 -0.088088024087451602 -0.0063502587598323734 0.11994249841062034 0.036175967591255902
leaf_weight=315 930 1173 741 350 96 5150 614 989 985 912 106 701 77 595
leaf_count=315 930 1173 741 350 96 5150 614 989 985 912 106 701 77 595
internal_value=-0.00056989 -0.0130639 -0.00375189 0.00867917 0.0400636 0.00349227 0.00606294 0.00122276 0.0218133 -0.0156055 -0.0298157 -0.0200814 0.0585861 0.0116464
internal_weight=13734 3367 2437 1696 523 10367 9351 7157 2194 2007 1018 1016 427 1580
internal_count=13734 3367 2437 1696 523 10367 9351 7157 2194 2007 1018 1016 427 1580
is_linear=0
shrinkage=0.03


Tree=118
num_leaves=15
num_cat=0
split_feature=5 34 8 32 11 0 31 27 32 35 31 7 18 9
split_gain=850.671 776.849 664.22 761.661 644.645 537.334 530.798 498.036 633.388 472.526 710.379 410.916 408.602 374.935
threshold=-0.99979131877397132 33.420745920745929 0.12612698075668585 49.08552985476063 2.2599591419816147 0.04184248188239751 71.710981326365953 0.3794896217049038 31.48390071466995 33.008658008658017 7.1911604878637858 1.4974070250847291 0.4628758142527663 0.52577386333535414
decision_type=2 2 8 2 2 8 2 10 2 10 2 10 10 10
left_child=9 4 7 -4 6 -5 11 8 -3 10 -1 -2 -11 -7
right_child=1 2 3 5 -6 13 -8 -9 -10 12 -12 -13 -14 -15
leaf_value=0.0046102184820920227 -0.0094150326008123914 -0.0094150326008123914 -0.0094150326008123914 -0.0019519682341937303 -0.11002925990734781 0.004793925999508496 -0.061661891723424192 -0.0094150326008123914 0.025077372755324904 0.012058480290183122 -0.1119801934618265 -0.058180916595917481 -0.050723002628799065 0.022931138817787626
leaf_weight=70 1004 411 3448 817 65 2901 195 347 2307 202 136 151 166 1585
leaf_count=70 1004 411 3448 817 65 2901 195 347 2307 202 136 151 166 1585
internal_value=-0.0017491 -0.000191452 0.00232714 -0.00188386 -0.0211572 0.0055111 -0.016488 0.0143336 0.0188806 -0.0373419 -0.0731917 -0.00941503 -0.0165617 0.0112206
internal_weight=13805 13231 11816 8751 1415 5303 1350 3065 2718 574 206 1155 368 4486
internal_count=13805 13231 11816 8751 1415 5303 1350 3065 2718 574 206 1155 368 4486
is_linear=0
shrinkage=0.03


Tree=119
num_leaves=15
num_cat=0
split_feature=18 3 14 27 0 8 16 17 15 18 27 6 7 16
split_gain=832.824 641.349 756.171 496.248 501.37 491.658 624.801 530.128 513.43 480.191 430.271 422.449 339.539 311.855
threshold=0.31519190276001768 0.065579792465003992 0.71190313027293373 -0.69314718055994495 0.045184649733439268 0.29870832981736767 12.017070379704359 1.2352892560576503 0.45000000000000007 0.57043146642171061 0.12937289183595405 -1.0000000180025095e-35 0.20524291031939071 -12.796348735907181
decision_type=10 8 2 8 8 8 8 2 2 10 10 2 10 8
left_child=3 2 -2 -1 12 7 -7 8 -3 -10 -11 -4 -5 -6
right_child=1 5 11 4 13 6 -8 -9 9 10 -12 -13 -14 -15
leaf_value=0.059149776933765087 -0.017983663689934322 0.00073834958844313733 -0.042005513695654605 -0.0029819690732179839 0.069585102399889853 0.0034509786086329894 -0.017983663689934322 -0.017983663689934322 0.020782118086144843 0.083792846860556755 0.020782118086144843 -0.10919000592736054 -0.032266305617531507 0.0063545992816659985
leaf_weight=143 732 578 240 838 66 1406 1434 411 138 256 130 129 509 6758
leaf_count=143 732 578 240 838 66 1406 1434 411 138 256 130 129 509 6758
internal_value=-0.00127271 -0.0103774 -0.0307797 0.00470262 0.00371416 -0.00518764 -0.012539 0.00860726 0.0194604 0.0408259 0.0614561 -0.0660274 -0.0129806 0.00701665
internal_weight=13768 5454 1101 8314 8171 4353 2840 1513 1102 524 386 369 1347 6824
internal_count=13768 5454 1101 8314 8171 4353 2840 1513 1102 524 386 369 1347 6824
is_linear=0
shrinkage=0.03


Tree=120
num_leaves=15
num_cat=0
split_feature=5 14 1 8 1 9 20 31 19 18 5 8 18 6
split_gain=881.871 688.84 566.777 528.674 561.781 537.396 512.462 443.051 441.375 432.805 375.736 392.131 521.128 561.5
threshold=-0.77177352961326362 0.68736978940305893 -1.4253735324078141 1.0164391693840298 3.5161337745819989 0.70393695053644401 0.86035728491554198 68.994467071390162 0.15728325799572843 0.086549713587645447 -0.99998780776236795 -2.9983170795021699 0.99477500734554714 -0.56912729239084314
decision_type=2 2 8 10 10 8 10 2 8 10 2 8 10 2
left_child=2 3 -1 4 8 9 7 -3 -2 -6 -4 -12 13 -13
right_child=1 6 10 -5 5 -7 -8 -9 -10 -11 11 12 -14 -15
leaf_value=-0.097857880791028348 0.015103449039341722 -0.005354838008093706 -0.057267879120130934 -0.0035542081570010004 0.021726569480020299 0.016573222091550478 -0.090252492307005702 -0.045385176776412947 -0.0012971285160343954 0.0935296535064504 0.04332760246279084 -0.023423165860057087 -0.053055063933726436 0.016130737265126247
leaf_weight=76 2523 2134 170 1951 141 935 69 277 3550 168 102 836 278 520
leaf_count=76 2523 2134 170 1951 141 935 69 277 3550 168 102 836 278 520
internal_value=-0.00154515 0.00158047 -0.0200291 0.00533879 0.00929686 0.0276232 -0.0124472 -0.0100383 0.00552324 0.0616328 -0.0166779 -0.0124117 -0.0160127 -0.00825147
internal_weight=13730 11748 1982 9268 7317 1244 2480 2411 6073 309 1906 1736 1634 1356
internal_count=13730 11748 1982 9268 7317 1244 2480 2411 6073 309 1906 1736 1634 1356
is_linear=0
shrinkage=0.03


Tree=121
num_leaves=15
num_cat=0
split_feature=11 3 8 10 14 19 20 1 29 19 34 16 3 5
split_gain=728.716 700.217 670.329 542.908 404.243 315.293 568.321 298.269 634.988 292.608 246.268 244.839 213.51 197.993
threshold=2.0101010101010108 0.017869556912909201 1.0164391693840298 1.0000000180025095e-35 0.70179360373183541 -1.0000000180025095e-35 0.0002577480714804976 3.5161337745819989 57.844606459624053 -0.19728420738229244 36.18714618714619 -10.599109990410573 0.34892640811156589 -0.24706130262690906
decision_type=2 8 10 2 2 8 8 10 2 10 2 8 10 2
left_child=1 3 4 -1 5 6 -3 -7 -9 13 -5 -4 -11 -8
right_child=-2 2 11 10 -6 7 9 8 -10 12 -12 -13 -14 -15
leaf_value=-0.033456161752131862 -0.065656574439781248 0.10216549745282612 0.060482596327429236 -0.020724537332931298 -0.0063865914080316263 0.0013475992869644382 0.0013475992869644382 0.0091375973855046932 0.039847283290699129 0.0081771813883096903 -0.0073177596633125083 -0.0073177596633125083 0.057338629469513257 0.02015426879232594
leaf_weight=497 155 69 64 379 1932 3976 442 827 700 123 1395 2221 230 715
leaf_count=497 155 69 64 379 1932 3976 442 827 700 123 1395 2221 230 715
internal_value=-0.00200669 -0.00125575 0.00180147 -0.016437 0.0057647 0.00908179 0.0208794 0.00568078 0.0169276 0.01684 -0.00799291 -0.00731776 0.0405622 0.00945905
internal_weight=13725 13570 11299 2271 9014 7082 1579 5503 1527 1510 1774 2285 353 1157
internal_count=13725 13570 11299 2271 9014 7082 1579 5503 1527 1510 1774 2285 353 1157
is_linear=0
shrinkage=0.03


Tree=122
num_leaves=15
num_cat=0
split_feature=21 8 2 9 18 14 13 16 6 7 1 18 28 16
split_gain=770.213 785.814 577.899 638.462 948.338 504.622 479.542 681.36 419.743 496.956 641.643 560.36 867.84 504.019
threshold=0.26695273058361502 1.0002089680151454 0.40550595238095244 0.30365395717784199 0.98642752353777674 0.057018377346949999 -29.531310175812852 39.188849743785831 -0.26447931877961522 0.012036796010050034 2.0879991789114327 0.43075825835326259 14.500000000000002 13.785701712396753
decision_type=2 10 2 10 10 2 10 8 2 8 10 8 2 10
left_child=1 2 3 -1 8 -3 -2 -8 -5 11 -11 -10 13 -13
right_child=6 5 -4 4 -6 -7 7 -9 9 10 -12 12 -14 -15
leaf_value=-0.0024184554280523136 -0.017250821042681604 0.0013130411894571919 -0.017250821042681604 0.0031115702305072146 -0.0061665631471120247 -0.017250821042681604 -0.040398908307856481 -0.12757514012210511 0.0063752125072937737 0.0032032464833007656 0.042333828204955924 0.044270682927951541 0.099462459123309907 -0.0061665631471120247
leaf_weight=5107 374 1374 453 1094 645 1459 185 97 320 1259 534 519 250 62
leaf_count=5107 374 1374 453 1094 645 1459 185 97 320 1259 534 519 250 62
internal_value=-0.00225203 -0.000654629 0.00321432 0.00491769 0.0129121 -0.0146242 -0.033847 -0.063547 0.0189973 0.0248852 0.0149426 0.0402419 0.053167 0.0325678
internal_weight=13732 13076 10243 9790 4683 2833 656 282 4038 2944 1793 1151 831 581
internal_count=13732 13076 10243 9790 4683 2833 656 282 4038 2944 1793 1151 831 581
is_linear=0
shrinkage=0.03


Tree=123
num_leaves=15
num_cat=0
split_feature=25 5 1 14 31 1 9 16 17 7 6 6 22 32
split_gain=773.149 784.288 749.874 743.264 692.062 666.066 645.43 526.346 483.654 403.072 443.109 358.832 372.956 346.742
threshold=-1.073575769676949 -0.50794123820007775 4.9849610352170908 0.41877929648144646 60.953556932577918 -1.4253735324078141 0.69592550288299604 37.04639163889707 0.0052006801981258058 0.056307271357421314 0.0034467375263736318 0.061419139447798407 3.0606055587364089e-05 58.478933653758837
decision_type=8 2 10 2 2 8 8 10 2 8 2 2 2 2
left_child=-1 5 3 9 -5 -2 11 13 -6 -3 -11 -4 -13 -7
right_child=1 2 6 4 8 7 -8 -9 -10 10 -12 12 -14 -15
leaf_value=0.05222416808652839 -0.091550503226243099 0.010865949724141372 0.023184682873727606 -0.0064039457050311102 -0.0060171953355062889 -0.019164248020986725 0.010865949724141372 -0.053095254741633333 -0.054259298411273471 0.0081963573167809639 -0.0060171953355062889 0.12276079728595309 0.027594484810463407 0.0054820622295097161
leaf_weight=228 101 2450 134 2076 156 1586 820 107 550 2300 2284 106 61 756
leaf_count=228 101 2450 134 2076 156 1586 820 107 550 2300 2284 106 61 756
internal_value=-0.00195952 -0.00289452 0.000601177 -0.00205774 -0.0151696 -0.0178595 0.0237896 -0.01464 -0.0407187 0.00313518 -0.00220508 0.0610142 0.0898121 -0.0112137
internal_weight=13715 13487 10937 9816 2782 2550 1121 2449 706 7034 4584 301 167 2342
internal_count=13715 13487 10937 9816 2782 2550 1121 2449 706 7034 4584 301 167 2342
is_linear=0
shrinkage=0.03


Tree=124
num_leaves=15
num_cat=0
split_feature=11 0 32 0 7 25 18 6 27 5 34 25 16 18
split_gain=696.382 627.171 472.248 466.41 452.871 391.312 366.998 354.073 352.723 297.211 226.54 348.894 173.978 133.443
threshold=2.4768039260792887 4.4804714308273123e-16 56.743256743256744 inf 0.32365272462623734 2.9978661367769956 0.98950468534371716 -0.311372802239335 -0.038967612666986 -0.54105163695943281 45.154845154845162 -0.1411960656632418 27.9290323930657 0.99901309760488255
decision_type=2 8 2 8 10 10 8 2 8 2 2 10 10 8
left_child=1 6 4 8 7 -6 -1 -3 -4 -8 -10 -12 -9 -5
right_child=-2 2 3 13 5 -7 9 12 10 -11 11 -13 -14 -15
leaf_value=-0.035893861328907394 -0.07077593466381614 -0.011224674871618908 0.03047494348381239 0.088210055857364619 -0.011224674871618908 0.0030226135093638393 -0.035893861328907394 0.0030226135093638393 0.0030226135093638393 -0.011224674871618908 0.007960877721404724 0.024953411733123446 -0.011224674871618908 0.034158165308632957
leaf_weight=333 125 1125 248 65 2002 433 162 4625 1491 550 889 1266 354 129
leaf_count=333 125 1125 248 65 2002 433 162 4625 1491 550 889 1266 354 129
internal_value=-0.00166926 -0.00101179 0.000840407 0.00921914 -0.00317391 -0.0112247 -0.0232898 0.00132408 0.00692025 -0.0112247 0.0043841 0.0128991 0.00302261 0.0540296
internal_weight=13797 13672 12627 4088 8539 2435 1045 6104 3894 712 3646 2155 4979 194
internal_count=13797 13672 12627 4088 8539 2435 1045 6104 3894 712 3646 2155 4979 194
is_linear=0
shrinkage=0.03


Tree=125
num_leaves=15
num_cat=0
split_feature=14 7 4 9 8 1 7 21 18 7 8 31 30 32
split_gain=917.931 796.637 843.958 642.266 562.303 528.664 449.962 592.94 550.526 397.402 371.711 326.713 324.592 312.576
threshold=0.00031525933840323466 0.32365272462623734 inf 3.3808286864292962 -0.18898178226592408 -0.25797866040431766 2.7439422541888212 8.5044952705160934e-06 0.33731146851848537 0.80427290453600453 2.0044628098475106 55.296975751521217 31.007682793397084 52.324598478444642
decision_type=2 8 8 8 8 8 10 2 8 10 10 2 2 2
left_child=4 5 6 -4 9 -2 7 -3 -8 11 -7 -1 -6 -12
right_child=1 2 3 -5 12 10 8 -9 -10 -11 13 -13 -14 -15
leaf_value=0.055053262507545025 -0.072626893225993444 -0.017705871098105518 -0.00080070370162985734 -0.017705871098105518 -0.00080070370162985734 -0.00080070370162985734 -0.017705871098105518 -0.054164288846122753 -0.077718880112613048 -0.00080070370162985734 -0.036713798463811648 -0.00080070370162985734 0.008855733283814041 -0.00080070370162985734
leaf_weight=447 88 1051 867 682 1056 3703 61 457 342 109 345 86 4392 92
leaf_count=447 88 1051 867 682 1056 3703 61 457 342 109 345 86 4392 92
internal_value=-0.00170454 -0.00859391 -0.0192875 -0.00281145 0.0069925 -0.000800704 -0.0326003 -0.0249265 -0.0606576 0.0334359 -0.000800704 0.0447452 0.00384857 -0.0294442
internal_weight=13778 7688 3460 1549 6090 4228 1911 1508 403 642 4140 533 5448 437
internal_count=13778 7688 3460 1549 6090 4228 1911 1508 403 642 4140 533 5448 437
is_linear=0
shrinkage=0.03


Tree=126
num_leaves=15
num_cat=0
split_feature=11 7 4 16 17 5 35 15 25 33 3 21 10 3
split_gain=951.244 640.669 803.735 594.096 514.258 487.45 546.389 618.919 1121.07 708.836 652.227 444.569 416.966 403.912
threshold=2.0101010101010108 0.3297330923252178 inf 15.469650613080894 0.12582985829436419 -0.99076066250737227 39.443889443889454 0.63333333333333341 -0.73905690625680653 42.37032808461381 4.5405402091370863 0.12655281216523084 0.29166666666666669 3.7959694017137005
decision_type=2 10 8 8 2 2 8 2 10 2 10 2 2 8
left_child=1 5 4 -4 12 13 7 9 -9 -7 -10 -8 -3 -1
right_child=-2 2 3 -5 -6 6 11 8 10 -11 -12 -13 -14 -15
leaf_value=-0.032907724838364572 -0.072276818217459793 -0.019842282859222904 0.0500453155266272 0.002554761900874196 -0.032361476886967146 -0.035934639328314866 0.0045443548465479372 0.11934817728382058 0.016257892684981678 0.016257892684981678 0.081436953114756905 -0.027013865823929124 0.002464537594784549 0.0094126628472103457
leaf_weight=533 159 764 328 317 1105 231 6328 118 1000 561 149 424 1453 323
leaf_count=533 159 764 328 317 1105 231 6328 118 1000 561 149 424 1453 323
internal_value=-0.000456223 0.00040754 -0.00973689 0.0207973 -0.0156877 0.00457334 0.0066754 0.0201841 0.033147 -0.0006312 0.0238155 0.0025441 -0.00732309 -0.0169768
internal_weight=13793 13634 3967 645 3322 9667 8811 2059 1267 792 1149 6752 2217 856
internal_count=13793 13634 3967 645 3322 9667 8811 2059 1267 792 1149 6752 2217 856
is_linear=0
shrinkage=0.03


Tree=127
num_leaves=15
num_cat=0
split_feature=21 8 2 16 27 17 26 10 16 31 1 31 15 32
split_gain=665.384 649.263 656.686 516.077 504.839 470.245 514.378 753.844 432.709 369.124 430.455 373.21 349.079 331.284
threshold=0.58970287509881547 1.0271870792041435 0.011237373737373739 0.0011651182960075951 0.95718089566019371 0.95861683151858323 1.0000000180025095e-35 0.36666666666666675 12.017070379704359 59.79405210174442 5.1607757135385581 71.012553879686763 0.70833333333333337 58.545999455090374
decision_type=2 10 2 8 10 2 8 2 8 2 10 2 2 2
left_child=1 2 5 4 -3 6 7 8 -1 12 -11 -12 -9 -5
right_child=-2 3 -4 13 -6 -7 -8 9 -10 10 11 -13 -14 -15
leaf_value=0.019277367724058428 -0.041752669512713836 -0.0050772779776917035 -0.015324965461500856 -0.02119993503741514 0.04925841579499949 -0.0047472245293669023 0.0020986498465812619 0.024638146203154979 0.0020986498465812619 0.019277367724058428 0.045372556204597389 0.12441252004512598 0.066617574353832157 -0.0050772779776917035
leaf_weight=732 359 446 1540 1673 200 1408 3576 332 1795 704 72 66 404 523
leaf_count=732 359 446 1540 1673 200 1408 3576 332 1795 704 72 66 404 523
internal_value=-0.00172892 -0.000647201 0.00275961 -0.013371 0.0101401 0.00583052 0.00894452 0.0162509 0.00606848 0.0324863 0.0192774 0.0714677 0.0479752 -0.0202946
internal_weight=13830 13471 10629 2842 646 9089 7681 4105 2527 1578 842 138 736 2196
internal_count=13830 13471 10629 2842 646 9089 7681 4105 2527 1578 842 138 736 2196
is_linear=0
shrinkage=0.03


Tree=128
num_leaves=15
num_cat=0
split_feature=7 18 5 28 34 18 6 0 25 19 13 31 9 27
split_gain=684.626 611.646 608.851 573.639 884.202 787.009 631.41 573.929 698.686 544.837 539.292 504.638 470.955 431.2
threshold=0.52557034009680159 0.033610256198705273 0.23681849366879726 11.500000000000002 31.822344322344325 0.041703105236375111 0.13303886926796035 0.78313032048407205 1.1594137313376656 1.0111918993644775 -0.31419987966178969 69.501826844484199 0.93168980699816872 2.017460570875651
decision_type=10 8 2 2 2 10 2 10 10 8 10 2 10 10
left_child=2 -2 13 4 -3 11 -7 -6 -9 -4 -11 -5 -8 -1
right_child=1 3 9 5 7 6 12 8 -10 10 -12 -13 -14 -15
leaf_value=0.0012640071146831869 0.074746071489838264 -0.059204729828410421 0.034363487170673106 0.033445601202199388 -0.014629917373136205 -0.029449617278376788 -0.058806291775789082 0.00099551223060571838 0.045163533707081482 0.013791898924158885 -0.058978367229787311 -0.061507521688260819 -0.15521171367504227 -0.072452045725852551
leaf_weight=8810 67 242 976 209 1067 517 162 591 448 355 118 61 66 67
leaf_count=8810 67 242 976 209 1067 517 162 591 448 355 118 61 66 67
internal_value=-0.000242815 -0.0118452 0.00361504 -0.0136788 -0.00550556 -0.0324662 -0.0482845 0.000790617 0.0166209 0.0216103 -0.00478924 0.011265 -0.089445 0.000667156
internal_weight=13756 3430 10326 3363 2348 1015 745 2106 1039 1449 473 270 228 8877
internal_count=13756 3430 10326 3363 2348 1015 745 2106 1039 1449 473 270 228 8877
is_linear=0
shrinkage=0.03


Tree=129
num_leaves=15
num_cat=0
split_feature=5 34 18 6 6 9 14 13 3 16 25 10 8 0
split_gain=556.092 488.914 658.462 546.711 403.134 420.954 391.309 427.229 386.436 351.326 535.616 312.137 375.382 309.186
threshold=-0.99998780776236795 57.463369963369971 0.32614479979084915 -1.0000000180025095e-35 -0.16643030302452363 1.0273402597924362 1.4296765571128371 -57.840261247714785 -2.2506768298671767 15.606697334151969 -0.077768487756470592 1.0000000180025095e-35 -0.3823322326194542 0.079791865462258707
decision_type=2 2 10 2 2 10 2 10 8 8 8 2 10 10
left_child=-1 2 8 4 5 -4 -5 -8 -2 10 -3 12 -10 -7
right_child=1 9 3 6 -6 13 7 -9 11 -11 -12 -13 -14 -15
leaf_value=-0.05327396744312566 -0.061745073490745421 0.063108592169685951 -0.053837288794822469 -0.025202398762667173 0.00039073748838626643 -0.047641452007178252 -0.051020323373667416 -0.1336847710721705 -0.008578157116911617 0.0017520437188348708 0.01130237151241616 0.00039073748838626643 -0.030677168001179578 0.00039073748838626643
leaf_weight=178 86 206 253 1122 857 134 79 68 628 4194 1233 4063 301 469
leaf_count=178 86 206 253 1122 857 134 79 68 628 4194 1233 4063 301 469
internal_value=-0.00132379 -0.00062927 -0.005367 -0.0165771 -0.00549092 -0.0217548 -0.0314619 -0.0768382 0.000390737 0.00614847 0.0189115 0.000390737 -0.0175471 -0.00796188
internal_weight=13871 13693 8060 2982 1713 856 1269 147 5078 5633 1439 4992 929 603
internal_count=13871 13693 8060 2982 1713 856 1269 147 5078 5633 1439 4992 929 603
is_linear=0
shrinkage=0.03


Tree=130
num_leaves=15
num_cat=0
split_feature=7 21 11 5 8 28 14 28 29 18 22 13 3 7
split_gain=722.76 677.495 483.9 491.131 478.543 520.994 500.892 472.494 725.288 535.905 447.405 396.367 393.947 418.301
threshold=0.52557034009680159 0.0025354043124583381 2.0942982456140355 -0.41162457626834631 -0.065827776783276434 15.500000000000002 0.48921399065137444 11.500000000000002 59.376723176922994 0.025386012988682097 2.1541466424552772e-05 0.58042865612347305 7.329420323941239 -0.28913958486038899
decision_type=10 2 2 2 8 2 2 2 2 10 2 10 10 10
left_child=2 7 3 -1 5 11 12 8 -2 -9 -8 -5 -6 -14
right_child=1 -3 -4 4 6 -7 10 9 -10 -11 -12 -13 13 -15
leaf_value=-0.0093905576262533312 -0.011734630711724404 -0.037924792890201356 -0.059322712602395862 0.024056740401003134 0.0061823389187781212 0.054569973866036542 -9.9883348505005459e-05 0.024715653309631384 0.0271810388412961 -0.02184353589442865 -0.027833776558247376 -0.025280099132531642 0.020077382044453734 0.078226131142136904
leaf_weight=2070 1152 754 106 532 4731 362 1328 222 682 594 569 197 368 136
leaf_count=2070 1152 754 106 532 4731 362 1328 222 682 594 569 197 368 136
internal_value=-0.000943493 -0.0129316 0.00298501 0.00365516 0.00694291 0.0254006 0.00410357 -0.00576228 0.00277129 -0.0218435 -0.00908746 0.0106429 0.00888769 0.0339724
internal_weight=13803 3404 10399 10293 8223 1091 7132 2650 1834 816 1897 729 5235 504
internal_count=13803 3404 10399 10293 8223 1091 7132 2650 1834 816 1897 729 5235 504
is_linear=0
shrinkage=0.03


Tree=131
num_leaves=15
num_cat=0
split_feature=8 32 32 7 21 6 1 7 31 31 20 7 16 7
split_gain=738.745 604.921 529.989 536.276 789.465 490.446 551.939 552.713 489.709 414.534 399.542 397.071 392.773 358.041
threshold=0.29870832981736767 61.469299930838403 27.74044137680502 -0.42139316192400406 0.1471655979575214 -0.78191853760990859 3.5161337745819989 1.3488087314301167 72.652347652347672 70.400054490963598 0.83585424228031246 -2.5523418613654196 3.0011883292355508 0.46725618671833585
decision_type=10 2 2 8 2 2 10 8 2 2 8 10 10 10
left_child=2 11 -1 10 5 -5 9 8 -8 -7 -4 -2 13 -13
right_child=1 -3 3 4 -6 6 7 -9 -10 -11 -12 12 -14 -15
leaf_value=-0.070378122742880467 -0.059202674437373072 0.01261920419332435 0.095097735822200768 -0.01495561112696376 -0.033394652474601154 0.0056478881147214504 0.03889602468015009 0.014161607088847769 0.12992994610220193 -0.01495561112696376 0.019361178580734606 -0.0024106253841755356 -0.032180213030536364 -0.020406552386279121
leaf_weight=83 189 726 63 756 501 5329 324 680 61 873 895 1214 867 1180
leaf_count=83 189 726 63 756 501 5329 324 680 61 873 895 1214 867 1180
internal_value=-0.00168618 -0.0122057 0.00291054 0.00358882 0.00119069 0.00348343 0.00592972 0.0258285 0.0548004 0.00249466 0.0248097 -0.0174405 -0.0149331 -0.00863289
internal_weight=13741 4176 9565 9482 8524 8023 7267 1065 385 6202 958 3450 3261 2394
internal_count=13741 4176 9565 9482 8524 8023 7267 1065 385 6202 958 3450 3261 2394
is_linear=0
shrinkage=0.03


Tree=132
num_leaves=15
num_cat=0
split_feature=5 11 21 18 35 1 5 16 10 26 31 26 22 10
split_gain=764.118 623.462 422.698 443.569 371.61 351.186 333.592 332.048 562.256 622.283 317.868 272.724 249.759 238.957
threshold=-0.50794123820007775 1.5996237064910634 1.0000000180025095e-35 0.063230713889275605 13.103563103563106 -1.4253735324078141 -0.99998780776236795 12.017070379704359 0.63333333333333341 0.011269072818113736 42.748704287165829 2.3774572551898454 2.4667213915933394e-05 0.63333333333333341
decision_type=2 2 2 10 8 8 2 8 2 8 2 8 2 2
left_child=5 2 4 -4 -2 -1 -7 8 -6 -10 -9 12 -5 -8
right_child=1 -3 3 11 7 6 13 10 9 -11 -12 -13 -14 -15
leaf_value=-0.068330851499423653 0.062564212225594565 -0.060375357820437493 -0.0010063799234423887 -0.0010063799234423887 0.0078889356169392841 -0.041112915357994329 -0.012938981555000556 0.0078889356169392841 0.064112255748046076 0.022731890770288046 -0.0010063799234423887 -0.0010063799234423887 -0.028852309326171381 0.029458025269738331
leaf_weight=107 98 138 1286 154 1779 168 2158 1498 413 277 4389 260 887 122
leaf_count=107 98 138 1286 154 1779 168 2158 1498 413 277 4389 260 887 122
internal_value=-0.00151904 0.00186582 0.00267074 -0.00793027 0.00591751 -0.0163037 -0.013895 0.00521614 0.0144386 0.0375748 0.00133929 -0.021027 -0.0281195 -0.0106109
internal_weight=13734 11179 11041 2587 8454 2555 2448 8356 2469 690 5887 1301 1041 2280
internal_count=13734 11179 11041 2587 8454 2555 2448 8356 2469 690 5887 1301 1041 2280
is_linear=0
shrinkage=0.03


Tree=133
num_leaves=15
num_cat=0
split_feature=14 8 5 1 11 6 6 21 25 26 21 7 25 6
split_gain=697.493 557.995 549.716 736.821 403.153 401.636 315.909 271.264 281.858 271.256 267.404 233.412 219.456 211.883
threshold=0.0028948218350163383 -0.18898178226592408 -0.50794123820007775 9.7725857898974606 1.1738005572395214 -0.72405734874132277 0.025546165921994896 0.0033592712569504462 0.10637412171233109 -0.29748818984665165 0.072988592418232481 1.1253725015147797 1.2923759923788583 0.022220589320337502
decision_type=2 8 2 8 2 2 2 2 10 10 2 10 10 2
left_child=1 9 3 5 7 -2 -7 -4 -9 -1 -3 -8 -10 -11
right_child=2 10 4 -5 -6 6 11 8 12 13 -12 -13 -14 -15
leaf_value=0.076046178215622623 -0.086538912514166788 0.0072235948433856598 -0.00062756961905381387 -0.00062756961905381387 -0.061641853272493149 -0.022395844245107006 -0.095847204519579038 -0.0085343645715612385 -0.032132018720882172 0.034538806488269069 -0.00062756961905381387 -0.022882781994342804 -0.0085343645715612385 -0.00062756961905381387
leaf_weight=101 156 5170 5006 531 101 430 99 630 333 422 593 70 105 159
leaf_count=101 156 5170 5006 531 101 430 99 630 333 422 593 70 105 159
internal_value=-0.00111964 0.0061068 -0.00736194 -0.0251665 -0.00363662 -0.0441641 -0.0325033 -0.00262218 -0.0164412 0.0316645 0.00305744 -0.0671513 -0.032132 0.0233663
internal_weight=13906 6445 7461 1286 6175 755 599 6074 1068 682 5763 169 438 581
internal_count=13906 6445 7461 1286 6175 755 599 6074 1068 682 5763 169 438 581
is_linear=0
shrinkage=0.03


Tree=134
num_leaves=15
num_cat=0
split_feature=18 22 13 16 27 25 15 3 7 4 9 32 14 13
split_gain=551.381 676.992 824.448 442.662 633.001 430.519 463.08 395.011 371.911 456.106 362.485 399.218 324.07 389.539
threshold=0.22213157806205422 2.4436303847896222e-06 68.440081406701424 13.785701712396753 -0.075428494874966154 -0.13296207743372743 0.81666666666666676 0.0073969820565936723 0.50786455662891605 inf 0.6633111909595536 56.547298854991169 1.4776919405675952 -29.531310175812852
decision_type=10 2 8 10 8 8 2 8 8 8 8 2 2 10
left_child=3 2 5 4 -1 6 -2 -6 12 -10 11 -7 -3 -14
right_child=1 8 -4 -5 7 10 -8 -9 9 -11 -12 -13 13 -15
leaf_value=0.045273542870598808 0.0185069352039136 -0.0072171982325724537 -0.0072171982325724537 -0.028996526805279046 -0.011613360219115111 0.018000785273488654 0.1028905360709912 0.0070155126198992628 -0.041650397711455178 -0.0072171982325724537 0.0051859812573500147 0.078296012116515115 -0.025795076501012995 -0.094709410825123394
leaf_weight=343 142 1617 1181 340 1192 748 98 5885 896 500 570 110 123 85
leaf_count=343 142 1617 1181 340 1192 748 98 5885 896 500 570 110 123 85
internal_value=-0.00106798 -0.00783744 0.00281474 0.00422885 0.00576981 0.0175892 0.0543602 0.00382457 -0.0172491 -0.0288809 0.011241 0.0261398 -0.00829705 -0.044373
internal_weight=13830 6070 2849 7760 7420 1668 240 7077 3221 1396 1428 858 1825 208
internal_count=13830 6070 2849 7760 7420 1668 240 7077 3221 1396 1428 858 1825 208
is_linear=0
shrinkage=0.03


Tree=135
num_leaves=15
num_cat=0
split_feature=16 8 25 6 16 31 22 14 27 7 20 8 34 26
split_gain=723.826 603.043 567.357 535.116 484.752 471.638 485.89 456.902 384.464 346.41 327.686 302.212 289.406 285.229
threshold=12.506315316595431 0.21795893000910474 2.7828983658411492 0.059048814490291444 0.3026160486642438 59.586567278874981 0.0087014352382410159 0.00031525933840323466 -1.0000000180025095e-35 1.6829163233423341 0.83585424228031246 0.46609238233057942 56.54345654345655 -0.61970000857928198
decision_type=10 8 10 2 8 2 2 2 8 10 10 10 2 10
left_child=1 9 7 4 -4 6 -2 8 -3 10 13 -5 -10 -1
right_child=5 2 3 11 -6 -7 -8 -9 12 -11 -12 -13 -14 -15
leaf_value=0.04731686924708875 -0.010300125103214363 0.055918881225197205 0.042450535672288091 0.10529160914456714 -0.010300125103214363 -0.04499879119602989 -0.069488894907491536 -0.010300125103214363 -0.0042772825395942038 -0.010300125103214363 -0.010300125103214363 0.030519655080558348 0.0091197783745201703 0.014058370952262219
leaf_weight=249 747 110 184 87 207 498 121 3958 2557 165 84 116 1997 2865
leaf_count=249 747 110 184 87 207 498 121 3958 2557 165 84 116 1997 2865
internal_value=-0.00107822 0.00117737 -0.00279135 0.0254444 0.0047007 -0.0217776 -0.0103001 -0.00475023 0.00174556 0.0120413 0.0146469 0.0643255 0.000377133 0.0167894
internal_weight=13945 12579 9216 594 391 1366 868 8622 4664 3363 3198 203 4554 3114
internal_count=13945 12579 9216 594 391 1366 868 8622 4664 3363 3198 203 4554 3114
is_linear=0
shrinkage=0.03


Tree=136
num_leaves=15
num_cat=0
split_feature=21 13 16 5 35 17 21 8 15 8 3 14 16 5
split_gain=642.149 505.89 681.211 440.634 503.48 529.74 528.276 502.999 436.868 653.466 629.905 435.257 385.396 438.25
threshold=0.5336844693411239 -10.449535374410418 37.04639163889707 -0.9569568043191653 39.152514152514165 1.0060500387001974 0.0028928413371662261 -2.6615409674307835 0.36666666666666675 -0.17641297634471884 6.9688412688546135 0.62631898134857777 3.3783731841990758 0.072884123845575646
decision_type=2 10 8 2 8 2 2 8 2 8 10 2 8 2
left_child=3 -2 -3 -1 5 8 7 -6 -5 -10 -11 12 13 -9
right_child=1 2 -4 4 6 -7 -8 11 9 10 -12 -13 -14 -15
leaf_value=-0.016229739729870601 -0.019156046055390345 -0.049738492439981422 -0.15742625520522915 0.00030640118996044075 0.075397324949188757 -0.019156046055390345 -0.016188636815629237 0.0094162449688339669 0.071735749719734468 0.014886633149106949 0.09159381883163005 -0.0071294453758319653 0.00079167904246906732 0.041213700456996641
leaf_weight=1378 252 95 62 665 78 319 1765 1076 261 1007 95 1884 4425 502
leaf_count=1378 252 95 62 665 78 319 1765 1076 261 1007 95 1884 4425 502
internal_value=-0.00132181 -0.0381227 -0.0803209 -0.000189402 0.00164678 0.014103 -0.00136351 0.00192975 0.0197688 0.0294669 0.019177 0.00115587 0.00533717 0.0180408
internal_weight=13864 409 157 13455 12077 2347 9730 7965 2028 1363 1102 7887 6003 1578
internal_count=13864 409 157 13455 12077 2347 9730 7965 2028 1363 1102 7887 6003 1578
is_linear=0
shrinkage=0.03


Tree=137
num_leaves=15
num_cat=0
split_feature=8 2 28 6 16 34 32 25 4 31 25 6 5 7
split_gain=510.615 633.819 513 635.66 632.532 483.404 468.945 464.858 439.486 429.99 426.308 416.478 385.705 374.503
threshold=1.0271870792041435 0.011237373737373739 10.500000000000002 -1.0000000180025095e-35 10.54456299253188 44.455544455544462 59.644201951894267 2.9978661367769956 0.23544081643840117 38.499961576884665 2.6467858893430272 -0.72405734874132277 -0.9569568043191653 1.4078075840389783
decision_type=10 2 2 2 8 2 2 10 8 2 10 2 2 8
left_child=1 7 4 9 5 -2 11 13 -7 -4 -5 -6 -3 -1
right_child=2 12 3 10 6 8 -8 -9 -10 -11 -12 -13 -14 -15
leaf_value=0.0079371531966033141 0.0034430031082323983 -0.072166266743666857 -0.043771209001248132 -0.061032243439568624 -0.089957536120762974 0.024574018104633194 0.0034430031082323983 0.050009620188146219 0.08513186582163268 0.012741341592253824 0.010732352560856839 -0.020920937345062771 -0.012279409354183124 -0.0046109304634289082
leaf_weight=5803 235 99 173 493 84 211 345 191 148 375 86 739 1472 3386
leaf_count=5803 235 99 173 493 84 211 345 191 148 375 86 739 1472 3386
internal_value=-0.00162641 0.00133472 -0.0128338 -0.0285927 -0.00270173 0.0223889 -0.0155029 0.00429038 0.045705 -0.00533375 -0.0503723 -0.0284679 -0.0162703 0.00331339
internal_weight=13840 10951 2889 1127 1762 594 1168 9380 359 548 579 823 1571 9189
internal_count=13840 10951 2889 1127 1762 594 1168 9380 359 548 579 823 1571 9189
is_linear=0
shrinkage=0.03


Tree=138
num_leaves=15
num_cat=0
split_feature=2 32 1 9 5 17 5 6 9 28 26 9 25 35
split_gain=506.86 636.789 449.441 434.653 420.202 435.946 372.848 388.053 322.022 315.638 305.389 214.315 325.423 467.804
threshold=0.014087301587301588 59.198493813878436 2.9971015929757501 1.1249534588292927 -0.27070280878857295 0.56166712490379977 -0.99076066250737227 -0.0025530568903117776 0.14473387896341858 11.500000000000002 -0.26846893144259359 0.46622830524210668 1.3330873073287564 35.139860139860147
decision_type=2 2 8 8 2 2 2 2 8 2 8 8 8 10
left_child=1 4 10 9 -1 -6 -2 -8 -9 -4 -3 -10 13 -13
right_child=6 2 3 -5 5 -7 7 8 11 -11 -12 12 -14 -15
leaf_value=-0.0062453778692355731 -0.074403111826670296 0.019976707745910417 0.094603639972605263 0.019976707745910417 0.005871274483683883 -0.0062453778692355731 -0.0062453778692355731 -0.058487512699443175 -0.0062453778692355731 0.019976707745910417 0.005871274483683883 -0.0062453778692355731 -0.0062453778692355731 -0.082494893751693943
leaf_weight=2120 84 248 142 581 4749 1964 982 214 392 64 1857 69 178 168
leaf_count=2120 84 248 142 581 4749 1964 982 214 392 64 1857 69 178 168
internal_value=-0.000656954 0.00176941 0.013975 0.0332444 -0.00223246 0.00255849 -0.0142602 -0.011559 -0.0261412 0.0702178 0.00670902 -0.0172563 -0.0325913 -0.0553952
internal_weight=13812 11725 2892 787 8833 6713 2087 2003 1021 206 2105 807 415 237
internal_count=13812 11725 2892 787 8833 6713 2087 2003 1021 206 2105 807 415 237
is_linear=0
shrinkage=0.03


Tree=139
num_leaves=15
num_cat=0
split_feature=5 8 28 21 16 18 5 25 8 5 5 16 25 35
split_gain=545.645 591.017 771.697 936.513 662.214 583.97 565.136 540.089 641.917 465.63 535.492 396.742 420.628 932.302
threshold=-0.99998780776236795 0.18753756155782678 10.500000000000002 1.1209433467557817 35.361852541414535 0.71326830208167502 0.79630428676130505 -0.2546932187825241 1.0164391693840298 -0.99993673205266165 -0.99076066250737227 13.199341428342342 2.0632725115062081 88.827838827838846
decision_type=2 8 2 2 10 10 2 10 10 2 2 8 10 10
left_child=-1 6 3 4 9 7 -2 8 -4 -3 -11 12 -12 -14
right_child=1 2 5 -5 -6 -7 -8 -9 -10 10 11 -13 13 -15
leaf_value=-0.051625021183961312 0.011879737763582416 0.059428432008882211 0.088482046873852749 -0.099486569158200713 -0.049129520988121012 -0.047000612279254388 -0.058125287656472104 -0.017509499580288856 -0.018778732927406536 -0.02333085311207151 0.0096061082998373116 -0.00091087444133266171 0.10381837449849805 0.0070151207377507257
leaf_weight=185 3563 122 96 79 138 541 102 1394 97 421 1723 5057 137 111
leaf_count=185 3563 122 96 79 138 541 102 1394 97 421 1723 5057 137 111
internal_value=-0.0011376 -0.000431113 -0.00423592 0.000142727 0.00122753 -0.0202236 0.0098549 -0.0109765 0.0354609 0.00246781 0.00149567 0.00354227 0.0149411 0.0510841
internal_weight=13766 13581 9916 7788 7709 2128 3665 1587 193 7571 7449 7028 1971 248
internal_count=13766 13581 9916 7788 7709 2128 3665 1587 193 7571 7449 7028 1971 248
is_linear=0
shrinkage=0.03


Tree=140
num_leaves=15
num_cat=0
split_feature=25 15 3 10 8 18 4 28 18 5 21 16 25 18
split_gain=564.865 787.519 589.535 615.773 538.755 476.908 445.641 442.922 413.994 448.407 395.838 369.546 555.489 481.083
threshold=-0.96779413010344062 0.63333333333333341 0.017869556912909201 1.0000000180025095e-35 1.0164391693840298 0.98803849774605668 0.10676496073082169 15.500000000000002 0.15128888577333552 -0.47669187471048147 0.026658632231652098 13.001213894929135 2.5270602030179976 0.97316436577133525
decision_type=8 2 8 2 10 10 8 2 8 2 2 8 10 10
left_child=1 -1 3 6 5 7 -2 11 -9 -10 -5 12 13 -4
right_child=2 -3 4 10 -6 -7 -8 8 9 -11 -12 -13 -14 -15
leaf_value=0.0071238440076183329 -0.072655256374665855 0.11635633682916788 0.010357715235109154 -0.0067382551840808099 -0.0067382551840808099 -0.0067382551840808099 -0.025993982649931885 -0.0067382551840808099 -0.0067382551840808099 0.050204186970052779 -0.025993982649931885 0.0016182845394747951 0.090709930063759006 0.093090300488878383
leaf_weight=185 262 83 1600 1369 2278 1433 218 131 128 560 396 5035 84 61
leaf_count=185 262 83 1600 1369 2278 1433 218 131 128 560 396 5035 84 61
internal_value=-0.000260504 0.0424648 -0.00112059 -0.0151452 0.00166873 0.00518539 -0.045091 0.00827649 0.0290498 0.0386586 -0.00689698 0.00574759 0.0176236 0.0136663
internal_weight=13823 268 13555 2245 11310 9032 480 7599 819 688 1765 6780 1745 1661
internal_count=13823 268 13555 2245 11310 9032 480 7599 819 688 1765 6780 1745 1661
is_linear=0
shrinkage=0.03


Tree=141
num_leaves=15
num_cat=0
split_feature=11 5 35 17 2 6 25 9 19 6 18 8 33 9
split_gain=618.372 481.724 454.94 482.577 390.831 403.871 312.728 487.3 383.138 411.891 889.435 414.259 311.213 307.737
threshold=2.0101010101010108 -0.42802044854206817 39.152514152514165 1.3012735150685752 0.033629629629629641 -0.005729820127372701 2.8949800854486267 0.34555217891539891 1.1524953377366585 0.20608476614698759 0.17790720500369708 -0.66914033450433041 75.261405261405272 0.62178524249719513
decision_type=2 2 8 2 2 2 10 10 10 2 8 8 2 8
left_child=1 -1 3 -3 6 -6 8 -8 9 11 -11 -4 -13 -12
right_child=-2 2 4 -5 5 -7 7 -9 -10 10 13 12 -14 -15
leaf_value=-0.01063545771711698 -0.056917820155228435 0.02081268186725618 0.049297543776187079 -0.027122009824520038 -0.0058614786013896046 -0.028215254563637146 -0.0058614786013896046 0.059869538818561066 -0.0058614786013896046 0.094045595574936414 0.039163837647308471 -0.00031156048650663723 0.061246195951104164 -0.003214772178963491
leaf_weight=2784 166 1862 157 206 554 755 158 206 965 134 225 5108 70 466
leaf_count=2784 166 1862 157 206 554 755 158 206 965 134 225 5108 70 466
internal_value=-0.000222756 0.000487311 0.00334068 0.0159839 0.000361467 -0.0147304 0.00300744 0.0299375 0.00161161 0.00511801 0.0247781 0.00205743 0.000578903 0.0107666
internal_weight=13816 13650 10866 2068 8798 1309 7489 364 7125 6160 825 5335 5178 691
internal_count=13816 13650 10866 2068 8798 1309 7489 364 7125 6160 825 5335 5178 691
is_linear=0
shrinkage=0.03


Tree=142
num_leaves=15
num_cat=0
split_feature=7 21 28 25 28 3 16 5 25 0 28 27 17 35
split_gain=650.132 644.593 751.59 499.728 457.869 602.628 543.398 636.432 459.559 384.005 363.438 360.591 341.718 395.597
threshold=0.62301991131386381 0.0025354043124583381 10.500000000000002 0.47000362924573541 1.5000000000000002 10.813240543777752 15.837454972988112 0.31969079004118484 0.17946325281544787 1.2350373868767053 12.500000000000002 0.032091987033867182 0.56166712490379977 28.504828504828509
decision_type=10 2 2 10 2 8 10 2 10 10 2 10 2 8
left_child=4 2 3 -2 5 -1 7 12 -8 -5 -10 -9 13 -6
right_child=1 -3 -4 9 6 -7 8 11 10 -11 -12 -13 -14 -15
leaf_value=-0.041165293070305579 -0.022096659081726758 -0.04008304981274298 -0.023778994046241678 2.4867506835852016e-08 0.027148447517609302 0.0048436213426060019 -0.0094944189113653661 0.016915927022551441 -0.10566009543836116 0.034425764280131887 -0.011960820805438806 0.0587957287143945 -0.0073040347023315506 0.0030039882391112421
leaf_weight=509 437 692 915 656 685 509 718 693 85 520 66 251 1824 5334
leaf_count=509 437 692 915 656 685 509 718 693 85 520 66 251 1824 5334
internal_value=-0.0027299 -0.0145339 -0.00747494 0.005134 0.000836132 -0.0182496 0.00285668 0.00509799 -0.0197061 0.0153036 -0.0664015 0.0283024 0.00228879 0.00577203
internal_weight=13894 3220 2528 1613 10674 1018 9656 8787 869 1176 151 944 7843 6019
internal_count=13894 3220 2528 1613 10674 1018 9656 8787 869 1176 151 944 7843 6019
is_linear=0
shrinkage=0.03


Tree=143
num_leaves=15
num_cat=0
split_feature=5 8 21 13 28 8 28 9 13 8 0 0 18 33
split_gain=515.976 502.902 460.19 417.975 404.411 400.71 578.084 470.667 675.127 650.214 909.766 560.901 449.171 437.46
threshold=-0.99998780776236795 -2.9983170795021699 0.63266514156169873 -18.994999980728384 12.500000000000002 1.2668557994814169 8.5000000000000018 0.43479509134010336 0.58042865612347305 -0.28537863885607967 4.7006258489466323e-06 inf 0.98803849774605668 51.569541569541578
decision_type=2 8 2 10 2 10 2 10 8 8 10 8 10 2
left_child=-1 4 5 -4 -2 7 13 8 11 -9 -11 -3 -12 -7
right_child=1 2 3 -5 -6 6 -8 9 -10 10 12 -13 -14 -15
leaf_value=-0.049282237626030102 0.10226943998508256 0.003569303475918145 -0.01792455730315792 -0.07916868586548019 0.017018118599524609 -0.01449147943074975 -0.01792455730315792 -0.014005253558719474 -0.0078858347743606463 -0.01792455730315792 0.02652121446448397 0.035955887583553524 0.0019416764935287077 0.024902282146200983
leaf_weight=187 68 859 189 124 168 449 1508 779 4733 370 2669 668 395 571
leaf_count=187 68 859 189 124 168 449 1508 779 4733 370 2669 668 395 571
internal_value=-0.000447338 0.00024455 -0.000532692 -0.0361884 0.0431942 0.000339304 -0.0103687 0.00292774 -0.00228981 0.0106739 0.0162846 0.0150244 0.0218079 0.0075752
internal_weight=13737 13550 13314 313 236 13001 2528 10473 6260 4213 3434 1527 3064 1020
internal_count=13737 13550 13314 313 236 13001 2528 10473 6260 4213 3434 1527 3064 1020
is_linear=0
shrinkage=0.03


Tree=144
num_leaves=15
num_cat=0
split_feature=25 21 28 8 32 8 22 3 14 25 9 27 8 6
split_gain=416.1 606.746 459.12 456.116 659.234 481.553 410.333 400.214 349.162 348.158 233.306 232.071 266.927 220.084
threshold=-0.96779413010344062 0.22025893251441661 15.500000000000002 1.0164391693840298 58.545999455090374 2.9983571988025415 0.0083957683073413083 0.0073969820565936723 0.62631898134857777 0.3917604769547241 1.157199917346212 -0.91629073187415477 -0.16502656996820428 -0.3012753653507258
decision_type=8 2 2 10 2 10 2 8 2 10 10 10 10 2
left_child=2 3 11 6 -5 -6 8 -3 13 -7 -8 -1 -13 -2
right_child=1 7 -4 4 5 9 10 -9 -10 -11 -12 12 -14 -15
leaf_value=0.05063937603017768 0.0010640566910481619 -0.072038391213498865 0.092460504710501018 -0.014761185483926695 0.0016069153536059047 0.079669994294039301 -0.014761185483926695 -0.01727023397837979 -0.0052697766038615123 0.0016069153536059047 -0.0052697766038615123 0.027538259391601268 -0.058340064596215428 0.0099690639275103691
leaf_weight=69 986 148 81 2143 358 143 579 584 2019 73 460 60 61 6060
leaf_count=69 986 148 81 2143 358 143 579 584 2019 73 460 60 61 6060
internal_value=-0.0015453 -0.00228709 0.034922 -0.000765191 -0.0116652 0.017975 0.00217019 -0.0287572 0.00422163 0.0532116 -0.0147612 0.00865055 -0.0163528 0.00739789
internal_weight=13824 13553 271 12821 2717 574 10104 732 9065 216 1039 190 121 7046
internal_count=13824 13553 271 12821 2717 574 10104 732 9065 216 1039 190 121 7046
is_linear=0
shrinkage=0.03


Tree=145
num_leaves=15
num_cat=0
split_feature=17 2 28 13 5 1 9 15 33 9 15 34 6 14
split_gain=499.225 414.179 340.472 471.034 337.838 433.849 502.157 507.789 247.972 282.259 188.585 170.374 166.115 164.529
threshold=1.2748745294465273 0.011237373737373739 13.500000000000002 0.68610548747963629 -0.41162457626834631 5.1607757135385581 0.70393695053644401 0.22500000000000003 45.959595959595966 0.20176257652006721 0.81666666666666676 32.396769896769904 0.1199457031968031 0.46885851858662564
decision_type=2 2 2 10 2 10 8 2 2 10 2 2 2 2
left_child=1 4 3 13 -1 8 7 -7 -6 -10 -5 -11 -4 -2
right_child=2 -3 12 10 5 6 -8 -9 9 11 -12 -13 -14 -15
leaf_value=-0.0048399108227031497 -0.011223999055361799 -0.011223999055361799 -0.011223999055361799 -0.11840269870482958 -0.0048399108227031497 0.01250534124895842 0.01250534124895842 0.093690481122943661 0.00029852633369160817 0.00029852633369160817 -0.053789954675073685 0.01250534124895842 -0.057955381363023847 -0.037240881478534105
leaf_weight=2348 157 1967 441 73 1950 110 748 150 2512 294 68 2592 81 305
leaf_count=2348 157 1967 441 73 1950 110 748 150 2512 294 68 2592 81 305
internal_value=-0.00252285 -0.000818609 -0.0216294 -0.0377994 0.00154418 0.00457189 0.0229776 0.0586314 0.00203308 0.00543696 -0.0849152 0.0120125 -0.011224 -0.0226647
internal_weight=13796 12671 1125 603 10704 8356 1008 260 7348 5398 141 2886 522 462
internal_count=13796 12671 1125 603 10704 8356 1008 260 7348 5398 141 2886 522 462
is_linear=0
shrinkage=0.03


Tree=146
num_leaves=15
num_cat=0
split_feature=21 35 0 14 3 26 8 31 27 7 31 33 1 26
split_gain=532.941 584.517 609.83 478.645 475.114 310.176 451.089 341.292 319.069 284.714 260.594 211.741 230.161 345.937
threshold=0.1471655979575214 64.518814518814551 2.2124347477683792 0.14877894760553714 4.1774563007031098 -0.075429757627795788 -0.13305066967179699 57.311918850380394 2.4546740519130332 -0.58061669224710755 28.486897717666952 70.761777904635053 1.8616362265778237 0.069956575643254318
decision_type=2 8 8 2 8 8 10 2 10 10 2 2 8 10
left_child=3 -2 10 5 -5 6 7 -1 11 -8 -3 -7 -13 -14
right_child=1 2 -4 4 -6 8 9 -9 -10 -11 -12 12 13 -15
leaf_value=0.073559303372653567 -0.011374689679585711 -0.11527930707514703 -0.011374689679585711 -0.011374689679585711 -0.0014667574921885349 -0.0014667574921885349 0.042932671717418408 -0.0014667574921885349 0.055171547948437573 -0.0014667574921885349 -0.053323972672531916 0.0034748987513555153 0.014293858468784795 0.081390109521878015
leaf_weight=196 580 89 86 2791 1999 4322 143 73 97 423 237 1460 1147 69
leaf_count=196 580 89 86 2791 1999 4322 143 73 97 423 237 1460 1147 69
internal_value=-0.00164164 -0.0227633 -0.0510382 1.38745e-05 -0.00746942 0.00453591 0.0217749 0.05338 0.00249317 0.00641824 -0.071724 0.00172412 0.00841655 0.0184188
internal_weight=13712 992 412 12720 4790 7930 835 269 7095 566 326 6998 2676 1216
internal_count=13712 992 412 12720 4790 7930 835 269 7095 566 326 6998 2676 1216
is_linear=0
shrinkage=0.03


Tree=147
num_leaves=15
num_cat=0
split_feature=16 15 19 28 7 28 10 3 31 25 16 35 1 7
split_gain=370.368 472.642 425.649 357.916 344.748 418.583 543.771 432.468 434.805 327.405 389.876 317.602 294.424 289.683
threshold=12.285721943093039 0.81666666666666676 -0.22852784871278239 10.500000000000002 1.3488087314301167 1.5000000000000002 0.70833333333333337 8.5157794956892747 63.767176879064998 2.8949800854486267 10.54456299253188 90.234765234765248 0.00021038710991680144 0.10149557479135397
decision_type=10 2 8 2 10 2 2 10 2 10 8 10 8 10
left_child=4 2 3 -2 5 -1 12 8 -8 -6 11 -11 -7 -9
right_child=1 -3 -4 -5 9 6 7 13 -10 10 -12 -13 -14 -15
leaf_value=-0.0079149960177350327 -0.024713347234377046 -0.0079149960177350327 -0.022732284267508732 -0.11173035082512728 -0.0079149960177350327 -0.0079149960177350327 0.041255803400960564 0.041255803400960564 0.01343549939258078 0.066557600643166473 -0.0079149960177350327 0.015543038094774062 0.004238020188618353 0.11457669439415136
leaf_weight=1034 77 767 407 101 1423 726 129 114 788 170 251 131 7566 67
leaf_count=1034 77 767 407 101 1423 726 129 114 788 170 251 131 7566 67
internal_value=-0.00128931 -0.0161691 -0.0375496 -0.0757919 0.000339059 0.00261176 0.00485764 0.0246471 0.016085 -0.007915 0.0161414 0.0390011 0.00222391 0.0664266
internal_weight=13751 1352 585 178 12399 10424 9390 1098 917 1975 552 301 8292 181
internal_count=13751 1352 585 178 12399 10424 9390 1098 917 1975 552 301 8292 181
is_linear=0
shrinkage=0.03


Tree=148
num_leaves=15
num_cat=0
split_feature=6 7 9 25 22 10 0 25 8 7 16 7 0 13
split_gain=523.793 481.867 511.373 522.385 584.056 631.822 434.752 452.047 485.387 534.377 403.799 372.266 493.519 382.751
threshold=-0.69637284895157092 -0.022027919114885993 4.3869544962076077 2.6467858893430272 0.0011800144161603985 0.70833333333333337 -0.029919496997230181 -0.40546510810816422 -2.9983170795021699 -1.9724962552049596 68.8970342498599 -0.20426475538146602 1.3706789089741072 1.47107736713402
decision_type=2 10 10 10 2 2 8 8 10 8 8 10 10 10
left_child=6 11 3 4 5 -3 -1 -8 9 -9 -5 -2 13 -13
right_child=1 2 -4 10 -6 -7 7 8 -10 -11 -12 12 -14 -15
leaf_value=-0.092527326060378029 0.0033823858655190604 -0.0077985813489949603 0.065725030245880278 0.042379199850581473 -0.026118587958493984 0.026350158919216219 0.028229742570918925 0.076455479092322851 -0.043601221534931525 -0.013671372570264999 -0.0074304263765778483 0.02520559850165878 0.059944825050242796 -0.03044708074337453
leaf_weight=64 4611 4300 85 330 1366 545 183 60 523 662 258 378 251 152
leaf_count=64 4611 4300 85 330 1366 545 183 60 523 662 258 378 251 152
internal_value=-0.00211618 -7.31444e-05 -0.00533181 -0.00626779 -0.00883026 -0.00393408 -0.0188696 -0.0152571 -0.0217365 -0.00570729 0.0206456 0.00663934 0.0257245 0.00910944
internal_weight=13768 12276 6884 6799 6211 4845 1492 1428 1245 722 588 5392 781 530
internal_count=13768 12276 6884 6799 6211 4845 1492 1428 1245 722 588 5392 781 530
is_linear=0
shrinkage=0.03


Tree=149
num_leaves=15
num_cat=0
split_feature=11 27 6 32 31 10 6 9 26 26 3 18 33 9
split_gain=411.108 410.437 427.173 416.729 380.77 954.536 444.932 657.655 368.668 324.395 315.193 290.704 273.427 284.488
threshold=2.0101010101010108 -1.0926241931447518 -0.75789087746669204 31.48390071466995 59.255915025145804 0.55000000000000016 0.20608476614698759 0.67620233457411627 0.024066015129199595 -0.1726059138402469 23.966738561979806 0.010977149403648823 61.945197659483377 0.89451550102599975
decision_type=2 8 2 2 2 2 2 8 10 8 8 10 2 8
left_child=1 -1 9 -4 5 -5 -6 8 11 -3 -11 -8 -9 -14
right_child=-2 2 3 4 6 -7 7 12 -10 10 -12 -13 13 -15
leaf_value=0.057204910897322603 -0.047327428506852606 0.043549924777312711 -0.019686425190907585 0.0036008310200592599 -0.008554744866742672 0.044704740002232443 0.011117288241314402 -0.008554744866742672 -0.008554744866742672 -0.023787192647500732 0.0059434781649898242 0.055880739632106963 0.062741392820396202 0.003157497405019753
leaf_weight=106 164 72 806 6606 2516 546 204 395 170 968 341 373 83 403
leaf_count=106 164 72 806 6606 2516 546 204 395 170 968 341 373 83 403
internal_value=-0.000825372 -0.000246957 -0.000719668 0.00108667 0.00257694 0.00676784 -0.00465545 0.00829967 0.0289212 -0.0164958 -0.0199517 0.040286 -0.00855474 0.0138686
internal_weight=13753 13589 13483 12102 11296 7152 4144 1628 747 1381 1309 577 881 486
internal_count=13753 13589 13483 12102 11296 7152 4144 1628 747 1381 1309 577 881 486
is_linear=0
shrinkage=0.03


Tree=150
num_leaves=15
num_cat=0
split_feature=21 13 16 16 18 25 7 34 16 6 33 8 9 30
split_gain=591.17 650.427 495.723 462.131 347.32 479.775 427.712 391.847 327.592 418.168 342.701 302.069 293.129 375.66
threshold=0.58970287509881547 -9.9770230855382938 37.04639163889707 12.285721943093039 0.32614479979084915 -0.058171641320828631 0.27033297978475895 42.357642357642369 2.0805617293285112 0.19238287463426831 62.398712398712398 0.7645973436396859 3.6166680020170006 74.704462204462217
decision_type=2 10 8 10 10 8 10 2 8 2 2 10 10 2
left_child=3 -2 -3 4 5 6 11 -7 9 -9 -11 12 -1 -14
right_child=1 2 -4 -5 -6 7 -8 8 -10 10 -12 -13 13 -15
leaf_value=0.049031139455270017 -0.020257435900193767 -0.05477342048010949 -0.15267963332026752 -0.018536170942349991 -0.0064083426505458533 -0.0091525181447058498 -0.0091525181447058498 0.014004650509552286 0.0021260537969045746 0.014382189198890153 0.10712882063723053 0.0045984356546693514 -0.0091525181447058498 0.054891705532722615
leaf_weight=575 241 85 62 1303 4474 1757 231 451 3916 63 84 363 138 97
leaf_count=575 241 85 62 1303 4474 1757 231 451 3916 63 84 363 138 97
internal_value=-0.00265312 -0.0389219 -0.0892894 -0.00159293 0.000231135 0.00410315 0.0199219 0.000548466 0.00529849 0.0258832 0.0691609 0.0274291 0.0375697 0.00908853
internal_weight=13840 388 147 13452 12149 7675 1404 6271 4514 598 147 1173 810 235
internal_count=13840 388 147 13452 12149 7675 1404 6271 4514 598 147 1173 810 235
is_linear=0
shrinkage=0.03


Tree=151
num_leaves=15
num_cat=0
split_feature=21 8 9 8 18 10 25 0 34 17 13 1 33 16
split_gain=374.236 437.885 446.088 593.186 578.541 537.817 414.105 402.23 383.665 360.377 304.29 355.683 299.732 292.185
threshold=0.22025893251441661 1.2668557994814169 0.43906847162421242 -0.70419530494520444 0.98803849774605668 0.81666666666666676 2.7828983658411492 0.0086690011696342276 41.545954045954055 0.94139834698094638 2.3856871367395729 5.3774834222175638 70.088800088800113 -48.365158935313573
decision_type=2 10 10 8 10 2 10 8 2 2 8 8 2 10
left_child=1 2 3 -1 5 9 -3 -2 -5 -4 11 -10 -12 -13
right_child=7 6 4 8 -6 -7 -8 -9 10 -11 12 13 -14 -15
leaf_value=0.058600917390801692 -0.074723036717106076 -0.010218683760317834 0.015760567511132674 -0.010218683760317834 -0.010218683760317834 0.058606134006799558 0.022090317765354861 -0.012087403063404511 0.00495341618341182 -0.010218683760317834 -0.0045034201961039423 0.049707136448993182 0.00495341618341182 0.016805724973694189
leaf_weight=138 103 2160 3033 1180 607 238 353 656 626 351 2129 335 1460 398
leaf_count=138 103 2160 3033 1180 607 238 353 656 626 351 2129 335 1460 398
internal_value=-0.000614883 0.000583393 0.00327925 -0.00180238 0.0108018 0.0154623 -0.0102187 -0.0210208 -0.0032093 0.0123459 0.00121184 0.0132748 -0.00336801 0.028658
internal_weight=13767 13008 10495 6266 4229 3622 2513 759 6128 3384 4948 1359 3589 733
internal_count=13767 13008 10495 6266 4229 3622 2513 759 6128 3384 4948 1359 3589 733
is_linear=0
shrinkage=0.03


Tree=152
num_leaves=15
num_cat=0
split_feature=11 19 19 25 6 1 29 31 6 16 35 17 28 26
split_gain=484.765 302.944 623.968 514.907 450.747 466.469 431.806 400.242 383.8 506.867 375.393 409.165 295.423 541.157
threshold=2.0101010101010108 0.4659817897559782 0.34703384431927559 2.9978661367769956 0.007739539412671294 5.1607757135385581 61.111705444073088 70.400054490963598 0.064969848244468609 0.3026160486642438 45.795870795870805 0.087064437591938312 15.500000000000002 -0.071060314136675892
decision_type=2 10 10 10 2 10 2 2 2 8 10 2 2 10
left_child=1 2 12 4 6 -6 -3 -7 9 -5 -4 -12 -1 -14
right_child=-2 3 10 8 5 7 -8 -9 -10 -11 11 -13 13 -15
leaf_value=-0.00034080827860559661 -0.05242755799150129 -0.004591887978501857 -0.0061075960099697107 0.043995592069044243 -0.026084667489367254 -0.00022815802673449958 0.063554869173617842 0.076245399981737128 0.053904497707410459 -0.026084667489367254 0.096371087159394561 0.019268120567700487 0.061175565712901787 0.0060890626666991604
leaf_weight=8770 154 1396 104 146 1336 81 84 75 184 224 133 118 193 855
leaf_count=8770 154 1396 104 146 1336 81 84 75 184 224 133 118 193 855
internal_value=-0.000346175 0.000258223 0.00288487 -0.00731338 -0.0122652 -0.0238722 -0.000523132 0.0256284 0.0191234 0.0013387 0.0416763 0.0612078 0.00146175 0.0164761
internal_weight=13853 13699 10173 3526 2972 1492 1480 156 554 370 355 251 9818 1048
internal_count=13853 13699 10173 3526 2972 1492 1480 156 554 370 355 251 9818 1048
is_linear=0
shrinkage=0.03


Tree=153
num_leaves=15
num_cat=0
split_feature=18 13 0 21 8 32 16 7 1 10 32 13 8 18
split_gain=493.618 463.583 689.219 512.107 399.902 391.444 352.706 310.932 405.514 385.901 384.964 291.741 370.544 281.531
threshold=0.26258054732553254 1.7882731161739769 inf 0.0028928413371662261 -0.42190144124643497 56.862368400829951 -9.9864911421784601 -1.0000000180025095e-35 1.7188084187524622 1.0000000180025095e-35 59.232376015592813 -14.765204297884095 2.0044628098475106 0.77307656755884413
decision_type=10 8 8 2 10 2 8 8 8 2 2 10 10 10
left_child=6 2 -2 4 -3 -4 -1 11 9 -9 -10 -8 -13 -5
right_child=1 3 5 13 -6 -7 7 8 10 -11 -12 12 -14 -15
leaf_value=0.059366634539195468 -0.004255743594661068 -0.024665025830844615 0.022274441613279673 -0.060754735892993496 -0.005845550285750992 0.09323632175475359 0.021431414230128228 -0.03068311007627926 0.002400808853603064 -0.0021944193202926769 0.02810938503882833 0.0068919532009130043 -0.057854833211749793 -0.024840887499542327
leaf_weight=100 2127 1082 339 302 1557 85 1426 507 2083 2612 696 460 91 243
leaf_count=100 2127 1082 339 302 1557 85 1426 507 2083 2612 696 460 91 243
internal_value=-8.70636e-05 -0.00679645 0.002731 -0.0144221 -0.00891456 0.0374212 0.00473904 0.00400813 0.000553112 -0.00686701 0.00887844 0.0142881 -0.00422537 -0.0407672
internal_weight=13710 5735 2551 3184 2639 424 7975 7875 5898 3119 2779 1977 551 545
internal_count=13710 5735 2551 3184 2639 424 7975 7875 5898 3119 2779 1977 551 545
is_linear=0
shrinkage=0.03


Tree=154
num_leaves=15
num_cat=0
split_feature=11 5 25 1 9 6 6 6 9 33 31 18 18 19
split_gain=429.068 420.686 433.219 513.837 563.106 454.954 391.275 390.717 600.544 582.645 381.973 477.656 310.006 304.87
threshold=2.0101010101010108 -0.94776536059788008 -0.77737919217518836 4.6385883258758218 0.70393695053644401 0.18052906500073709 0.061419139447798407 0.0034467375263736318 0.14473387896341858 34.870684870684883 31.934848368414809 0.99289524853706379 0.45785085302039524 0.41531620809648123
decision_type=2 2 8 10 8 2 2 2 10 2 2 8 8 10
left_child=1 12 5 7 6 -3 -5 10 -9 -10 11 -4 -1 -11
right_child=-2 2 3 4 -6 -7 -8 8 9 13 -12 -13 -14 -15
leaf_value=0.032958050959214967 -0.049635524507497718 0.055328626136549493 -0.02515325787028223 0.012126741740622952 0.0072454896728354912 -0.02515325787028223 0.078087786766440431 -0.02515325787028223 -0.02515325787028223 0.0072454896728354912 0.0052538540081737469 0.0065490241559146315 -0.019204741015608765 -0.0092643829124238741
leaf_weight=106 158 237 332 141 1178 60 192 841 347 1425 5577 485 1420 1257
leaf_count=106 158 237 332 141 1178 60 192 841 347 1425 5577 485 1420 1257
internal_value=-0.00125122 -0.000670991 0.00120733 0.000297251 0.0166007 0.0366864 0.0507509 -0.00210976 -0.00962698 -0.00308352 0.00244404 -0.0166515 -0.0154856 0.00216535
internal_weight=13756 13598 12072 11775 1511 297 333 10264 3870 3029 6394 817 1526 2682
internal_count=13756 13598 12072 11775 1511 297 333 10264 3870 3029 6394 817 1526 2682
is_linear=0
shrinkage=0.03


Tree=155
num_leaves=15
num_cat=0
split_feature=6 6 9 9 1 9 18 28 28 26 9 35 33 20
split_gain=528.528 565.403 607.488 534.557 1038.89 666.403 591.961 563.748 522.215 514.843 718.578 570.748 562.444 481.344
threshold=0.0034467375263736318 -0.4570261018104837 1.6755500217373553 0.94490841038585127 4.4961026822061685 1.0404003216637874 0.9941641854863642 11.500000000000002 15.500000000000002 1.0000000180025095e-35 0.14202230822717374 55.935730935730945 47.294927294927298 inf
decision_type=2 2 8 8 8 8 10 2 2 10 10 10 2 8
left_child=1 2 -1 4 9 -5 8 -8 13 10 -2 -11 -12 -7
right_child=3 -3 -4 5 -6 6 7 -9 -10 11 12 -13 -14 -15
leaf_value=-0.06943268462324774 -0.041924634542716638 0.0065991447034293637 -0.00680106111416092 -0.08875920397054432 0.049903568732990226 0.053731331140166379 -0.027020504757636735 -0.13826775333107405 0.055791610883054683 0.013178586132325117 -0.018429519684497232 -0.037970978110367128 0.01872183915814676 -0.021855292785939361
leaf_weight=146 302 6849 1835 128 298 77 114 62 93 258 515 789 1242 1045
leaf_count=146 302 6849 1835 128 298 77 114 62 93 258 515 789 1242 1045
internal_value=-0.00187505 0.00251638 -0.0115802 -0.00974618 -0.00313003 -0.0245137 -0.0183051 -0.0689468 -0.0107168 -0.00829028 0.000432132 -0.0253641 0.00781089 -0.0164526
internal_weight=13753 8830 1981 4923 3404 1519 1391 176 1215 3106 2059 1047 1757 1122
internal_count=13753 8830 1981 4923 3404 1519 1391 176 1215 3106 2059 1047 1757 1122
is_linear=0
shrinkage=0.03


Tree=156
num_leaves=15
num_cat=0
split_feature=7 25 28 14 8 21 26 10 14 5 18 18 5 33
split_gain=496.444 719.065 592.989 555.378 547.642 510.295 481.012 470.733 456.905 437.245 362.482 368.513 359.116 254.187
threshold=0.50786455662891605 2.8949800854486267 15.500000000000002 1.6560353688937453 -2.3523462984510588 0.0024089022544703958 -0.18410543288216449 0.22500000000000003 0.00062875998836569083 0.046689717863067949 0.1446204229263523 0.57932155129592966 0.08831581418253466 41.253191253191268
decision_type=10 10 2 2 8 2 10 2 2 2 8 10 2 2
left_child=2 4 13 6 -2 7 -4 -6 -9 -8 -3 -12 -7 -1
right_child=1 10 3 -5 5 12 9 8 -10 -11 11 -13 -14 -15
leaf_value=-0.0071552693317399893 0.069944367056543166 0.078165569523130266 0.081222770212548256 -0.024642053517732725 -0.025637449262449281 -0.025637449262449281 0.0082325668844556339 0.018136244822105272 -0.013086129330610905 0.055219742860820119 -0.012931539223590579 0.037862207453100032 -0.073643730696344722 0.0042707163486073512
leaf_weight=2348 61 80 153 173 665 444 547 653 798 261 269 238 202 6860
leaf_count=2348 61 80 153 173 665 444 547 653 798 261 269 238 202 6860
internal_value=0.000608276 -0.00931004 0.0038815 0.0243018 -0.0155923 -0.0176044 0.0331946 -0.0104296 -0.000534809 0.0236566 0.0207793 0.0110494 -0.0408453 0.00135484
internal_weight=13752 3410 10342 1134 2823 2762 961 2116 1451 808 587 507 646 9208
internal_count=13752 3410 10342 1134 2823 2762 961 2116 1451 808 587 507 646 9208
is_linear=0
shrinkage=0.03


Tree=157
num_leaves=15
num_cat=0
split_feature=11 6 1 6 7 34 28 17 25 7 34 7 18 0
split_gain=362.86 367.597 486.3 599.551 592.818 509.724 477.59 408.293 383.248 607.7 327.772 316.902 294.662 274.219
threshold=2.0101010101010108 -0.56912729239084314 5.1607757135385581 0.0025001905138831277 0.056307271357421314 52.443389943389953 10.500000000000002 0.9971066055133494 -0.42236851976276485 1.1648924470412354 46.982184482184486 0.090405748146269019 0.99622527497979174 0.37698017957731583
decision_type=2 2 10 2 8 2 2 2 10 10 2 10 8 8
left_child=1 13 3 -3 7 -4 10 -5 -7 11 -6 12 -10 -1
right_child=-2 2 5 4 6 8 -8 -9 9 -11 -12 -13 -14 -15
leaf_value=-0.023463008989456222 -0.04639836889294207 0.0050568563459489659 0.0090940018185090774 0.0090940018185090774 -0.02131812369628042 0.022824892253837412 -0.023463008989456222 -0.023463008989456222 0.096300356060914361 0.022824892253837412 0.0033227557818178068 0.12883639764401833 0.022824892253837412 -0.0046499021023466416
leaf_weight=513 152 6396 487 1004 789 333 1129 128 87 161 1249 93 92 1142
leaf_count=513 152 6396 487 1004 789 333 1129 128 87 161 1249 93 92 1142
internal_value=-0.00105122 -0.000527649 0.0013097 -0.000765264 -0.00942315 0.0189533 -0.0160771 0.009094 0.0365558 0.0563707 -0.00624565 0.0841704 0.0580936 -0.0137561
internal_weight=13755 13603 11948 10695 4299 1253 3167 1132 766 433 2038 272 179 1655
internal_count=13755 13603 11948 10695 4299 1253 3167 1132 766 433 2038 272 179 1655
is_linear=0
shrinkage=0.03


Tree=158
num_leaves=15
num_cat=0
split_feature=26 18 14 26 13 7 35 16 35 28 7 22 26 16
split_gain=472.211 403.103 555.244 545.221 344.127 556.631 418.318 389.126 1147.76 519.915 328.529 325.087 293.135 270.405
threshold=1.0000000180025095e-35 0.83732904877669123 0.079636293682629575 0.90576845904197134 0.91742765897151102 -1.3002659292538199 28.921078921078927 13.199341428342342 74.333999333999358 10.500000000000002 -1.0000000180025095e-35 0.0011537709889979356 0.069956575643254318 153.27110391492542
decision_type=10 10 2 10 10 10 10 8 10 2 10 2 10 8
left_child=4 12 3 -3 7 6 13 8 -1 -10 -9 -4 -2 -6
right_child=1 2 11 -5 5 -7 -8 10 9 -11 -12 -13 -14 -15
leaf_value=0.0084839015557789024 -0.036552723888235328 -0.026237026526559137 -0.03081827739496594 0.061120028209227774 -0.0033672284762210703 -0.0026866810233997446 -0.10192990432408722 0.007468467615303038 0.10264545349219997 0.0084839015557789024 -0.002669152630418426 -0.089401703069100752 -0.0025510029623421224 -0.075326822948726738
leaf_weight=1709 252 120 202 86 165 1675 83 3751 177 68 3251 154 2045 61
leaf_count=1709 252 120 202 86 165 1675 83 3751 177 68 3251 154 2045 61
internal_value=-0.0011151 -0.0119598 -0.0346194 0.00457374 0.00172316 -0.00956634 -0.0462224 0.00422804 0.0160471 0.0761715 0.000920664 -0.0570478 -0.00635257 -0.024
internal_weight=13799 2859 562 206 10940 1984 309 8956 1954 245 7002 356 2297 226
internal_count=13799 2859 562 206 10940 1984 309 8956 1954 245 7002 356 2297 226
is_linear=0
shrinkage=0.03


Tree=159
num_leaves=15
num_cat=0
split_feature=18 35 22 13 6 32 8 1 16 34 17 9 8 18
split_gain=412.854 477.336 410.447 663.251 490.952 422.375 403.385 540.176 466.451 457.524 393.288 313.038 574.505 422.643
threshold=0.32614479979084915 8.2584082584082594 7.515139589318961e-06 68.440081406701424 0.011356122766320777 56.862368400829951 -0.17641297634471884 -0.88881341392242841 6.6649778009092477 41.258741258741267 1.0381244683478161 0.52577386333535414 1.2861257119928722 0.10282371249179829
decision_type=10 8 2 8 2 2 8 8 10 2 2 10 10 8
left_child=6 -2 3 5 -4 -3 8 9 -1 -8 -6 -9 -13 -14
right_child=1 2 4 -5 10 -7 7 11 -10 -11 -12 12 13 -15
leaf_value=0.028008569349246948 0.067228812011666861 0.0062514595316186588 -0.009743147841509368 -0.009743147841509368 -0.025572273508969245 0.050581356474080456 -0.1166204846040769 -0.0041289279311259317 -0.036640189110260943 -0.026194584913074248 -0.073838678626195781 0.017738713854897628 0.054173996105790136 -0.021017589251606853
leaf_weight=820 68 1259 1733 1088 841 224 61 4622 110 108 184 1860 70 664
leaf_count=820 68 1259 1733 1088 841 224 61 4622 110 108 184 1860 70 664
internal_value=-0.00255203 -0.00900934 -0.0100443 -0.00141435 -0.0180719 0.0130947 0.0016421 -0.000707875 0.0202069 -0.0529404 -0.0345531 0.00055123 0.00888226 -0.0135287
internal_weight=13712 5397 5329 2571 2758 1483 8315 7385 930 169 1025 7216 2594 734
internal_count=13712 5397 5329 2571 2758 1483 8315 7385 930 169 1025 7216 2594 734
is_linear=0
shrinkage=0.03


Tree=160
num_leaves=15
num_cat=0
split_feature=11 25 15 21 26 19 8 32 1 31 16 35 34 25
split_gain=354.875 273.131 578.836 355.314 301.622 485.693 367.925 322.071 416.696 330.404 283.879 276.441 262.46 263.868
threshold=2.0101010101010108 -1.073575769676949 0.63333333333333341 0.5336844693411239 1.0000000180025095e-35 -1.7197260268052876 -0.66914033450433041 58.545999455090374 3.1676283353575134 33.821733821733837 13.001213894929135 96.06227106227108 57.042957042957049 -0.49351211126892375
decision_type=2 8 2 2 10 10 8 2 8 2 8 10 2 10
left_child=1 2 -1 4 7 -6 -7 9 -9 -3 -11 -8 -10 -14
right_child=-2 3 -4 -5 5 6 11 8 12 10 -12 -13 13 -15
leaf_value=-0.00031201829224131823 -0.046392319068312642 -0.011458113360448044 0.098237355509890781 -0.023194618143245277 0.050003309892699244 0.040278005115687847 -0.011458113360448044 0.0057788362403672321 0.019248639115790462 0.0057788362403672321 -0.0028896973093538287 0.050720059696365803 0.036411138902411981 0.082179548818011816
leaf_weight=167 145 1384 74 370 117 119 2446 1877 347 2140 4315 63 143 154
leaf_count=167 145 1384 74 370 117 119 2446 1877 347 2140 4315 63 143 154
internal_value=-0.000498814 3.08278e-06 0.0313296 -0.000568604 0.000278391 -0.00855429 -0.0112513 0.00262171 0.0119376 -0.000379969 0.00251154 -0.0114581 0.0327184 0.0535736
internal_weight=13861 13716 241 13475 13105 2745 2628 10360 2521 7839 6455 2509 644 297
internal_count=13861 13716 241 13475 13105 2745 2628 10360 2521 7839 6455 2509 644 297
is_linear=0
shrinkage=0.03


Tree=161
num_leaves=15
num_cat=0
split_feature=21 13 32 25 7 18 26 18 6 1 7 16 8 19
split_gain=405.985 571.568 299.346 307.859 336.428 333.902 314.495 293.4 268.715 386.472 483.923 320.913 313.944 293.323
threshold=0.63266514156169873 -9.9770230855382938 31.48390071466995 2.9978661367769956 1.3006889293047419 0.25028074014077284 -0.61970000857928198 0.82042131446190936 -0.66778142453824729 4.3829669268743929 0.10149557479135397 4.9751116627275769 0.19252657941760368 0.47452643800960642
decision_type=2 10 2 10 10 8 8 8 2 10 10 10 10 8
left_child=2 -2 -1 4 6 -5 -4 -3 -8 11 -11 13 -12 -10
right_child=1 7 3 5 -6 -7 8 -9 9 10 12 -13 -14 -15
leaf_value=-0.018653257957745441 -0.018826776073789821 -0.05230759433732754 0.02036285470077049 0.059648128247526071 -0.0097518670258083893 0.0064962420200061106 -0.0097518670258083893 -0.12804326146543024 0.0071029188018471683 0.0079306631244111143 0.083314141520143797 -0.0097518670258083893 0.0079306631244111143 -0.0042132683779123326
leaf_weight=907 197 61 653 144 1522 377 1089 70 3627 889 139 1084 77 2921
leaf_count=907 197 61 653 144 1522 377 1089 70 3627 889 139 1084 77 2921
internal_value=-0.00287157 -0.0355942 -0.00205938 -0.000850476 -0.00183434 0.0216143 0.000283764 -0.0857884 -0.0010603 0.000862879 0.017403 -0.00154172 0.0571527 0.00132533
internal_weight=13757 328 13429 12522 12001 521 10479 131 9826 8737 1105 7632 216 6548
internal_count=13757 328 13429 12522 12001 521 10479 131 9826 8737 1105 7632 216 6548
is_linear=0
shrinkage=0.03


Tree=162
num_leaves=15
num_cat=0
split_feature=5 21 25 0 8 9 10 8 8 34 13 18 25 10
split_gain=487.472 330.282 419.036 314.169 313.166 482.069 540.49 578.992 430.097 404.093 375.004 373.519 350.51 316.441
threshold=-0.99998780776236795 0.26695273058361502 0.19130736727080058 2.3202665138482135 1.2668557994814169 0.43906847162421242 0.36666666666666675 -0.28537863885607967 -0.70419530494520444 41.654179154179168 21.627975976199981 0.05569093745233878 2.7828983658411492 0.63333333333333341
decision_type=2 2 8 8 10 10 2 10 8 2 10 10 10 2
left_child=-1 4 -3 -4 5 8 11 -8 -2 -10 13 -7 -6 -9
right_child=1 2 3 -5 12 6 7 10 9 -11 -12 -13 -14 -15
leaf_value=-0.049610289532931583 0.048983950606534175 -0.010563412329151388 -0.068132848990371128 -0.010563412329151388 -0.010563412329151388 0.011857176636674769 0.011857176636674769 0.030415595179061755 -0.010563412329151388 0.00083211483587113241 0.011857176636674769 -0.010563412329151388 0.018910300560689312 0.067009497339562532
leaf_weight=181 137 363 218 71 2126 1190 882 364 1204 4953 170 1174 364 412
leaf_count=181 137 363 218 71 2126 1190 882 364 1204 4953 170 1174 364 412
internal_value=-0.00137143 -0.000712786 -0.0214646 -0.0499363 0.000337789 0.00260961 0.0104851 0.0227113 -0.00263989 -0.00382739 0.0397096 0.00100306 -0.00921544 0.048974
internal_weight=13809 13628 652 289 12976 10486 4192 1828 6294 6157 946 2364 2490 776
internal_count=13809 13628 652 289 12976 10486 4192 1828 6294 6157 946 2364 2490 776
is_linear=0
shrinkage=0.03


Tree=163
num_leaves=15
num_cat=0
split_feature=7 27 25 17 21 18 18 13 16 35 35 34 27 31
split_gain=330.132 544.005 470.025 389.93 382.127 359.437 325.114 430.982 565.664 330.1 307.855 427.948 287.174 286.184
threshold=0.32365272462623734 2.017460570875651 2.8949800854486267 0.12920438894038774 0.81656245363743662 0.11320256459676294 0.99555591964590018 1.0000000180025095e-35 -6.9949207728990013 41.317016317016325 69.988344988345006 58.358308358308363 -1.0000000180025095e-35 70.777299623453487
decision_type=10 10 10 2 2 8 10 8 10 8 10 2 10 2
left_child=1 4 3 -2 6 -4 9 8 -8 -1 11 -11 -6 -5
right_child=2 -3 5 13 12 -7 7 -9 -10 10 -12 -13 -14 -15
leaf_value=0.015537664365483603 -0.0056604212333355953 -0.084410245584493324 0.080551353287472233 -0.018363842704250535 -0.080192844347407422 0.0073268455587778827 0.055907451172287646 -0.018020332785804487 -0.00070109637437679173 -0.0084352890002207127 0.028145509705564155 0.0080038927262367256 -0.018020332785804487 -0.052633787910152004
leaf_weight=2053 2286 61 63 917 85 548 190 978 191 2804 365 2888 111 288
leaf_count=2053 2286 61 63 917 85 548 190 978 191 2804 365 2888 111 288
internal_value=-0.00158273 0.00142822 -0.00871486 -0.0129637 0.00201335 0.0154695 0.00288076 -0.0106735 0.0166181 0.00515723 0.0016289 -9.46928e-05 -0.0389214 -0.0267382
internal_weight=13828 9726 4102 3491 9665 611 9469 1359 381 8110 6057 5692 196 1205
internal_count=13828 9726 4102 3491 9665 611 9469 1359 381 8110 6057 5692 196 1205
is_linear=0
shrinkage=0.03


Tree=164
num_leaves=15
num_cat=0
split_feature=25 27 5 8 5 11 28 16 6 5 32 6 16 8
split_gain=380.341 615.995 404.226 483.048 791.423 539.487 439.027 479.643 423.889 352.416 353.761 350.993 507.42 335.839
threshold=2.7828983658411492 1.9891728241796096 -0.99979131877397132 0.12612698075668585 0.86482530399360924 0.54869787746500087 10.500000000000002 35.361852541414535 0.6438623679979899 -0.99993673205266165 58.537616229923934 0.064969848244468609 0.3026160486642438 -0.18898178226592408
decision_type=10 10 2 8 2 2 2 10 2 2 2 2 8 8
left_child=1 2 9 4 5 -4 7 -5 -8 13 -11 12 -2 -1
right_child=11 -3 3 6 -6 -7 8 -9 -10 10 -12 -13 -14 -15
leaf_value=-0.06672873503541292 0.043933470184894519 -0.058534254164858295 0.014866969574011894 0.0019843721961158986 -0.080885600018573089 -0.064075966008938848 -0.011785489804807875 -0.052775426558694064 -0.074913742373337838 -0.095019022680573023 -0.0060586315689897035 0.054808973942540196 -0.02285848316360059 0.0048849837237654563
leaf_weight=68 179 160 3189 6955 78 75 1938 142 96 101 66 204 226 303
leaf_count=68 179 160 3189 6955 78 75 1938 142 96 101 66 204 226 303
internal_value=0.000142534 -0.000933036 -0.000202484 0.000900246 0.01065 0.0129578 -0.00267209 0.000852329 -0.0149414 -0.0255411 -0.0610592 0.0232224 0.00683768 -0.00895378
internal_weight=13780 13171 13011 12473 3342 3264 9131 7097 2034 538 167 609 405 371
internal_count=13780 13171 13011 12473 3342 3264 9131 7097 2034 538 167 609 405 371
is_linear=0
shrinkage=0.03


Tree=165
num_leaves=15
num_cat=0
split_feature=5 25 15 3 10 18 2 25 8 9 18 16 13 10
split_gain=273.17 269.341 582.951 342.768 426.1 325.489 398.583 324.142 320.443 697.37 340.835 549.777 461.338 362.664
threshold=-0.99998780776236795 -0.96779413010344062 0.63333333333333341 0.00026427616814425739 1.0000000180025095e-35 0.98642752353777674 0.011237373737373739 0.18232155679395481 1.0164391693840298 0.33047978005438511 0.5435308541821634 16.104901035916974 -44.954365470477221 0.45000000000000007
decision_type=2 8 2 8 2 10 2 8 10 10 8 8 10 2
left_child=-1 2 -2 4 7 6 8 -3 9 -5 -11 13 -13 -12
right_child=1 3 -4 5 -6 -7 -8 -9 -10 10 11 12 -14 -15
leaf_value=-0.037722237572524249 -0.0025978819945581505 -0.089879789818631539 0.090764160414973455 -0.00035700309646104135 -0.00698924896104743 -0.00698924896104743 -0.00698924896104743 -0.025941208895850471 -0.00098110996357618995 0.0035516252547081566 0.037235088310099147 0.025555949203497959 -0.00098110996357618995 0.08466388086593428
leaf_weight=177 177 96 86 3903 1256 1827 922 227 1797 987 187 1564 366 210
leaf_count=177 177 96 86 3903 1256 1827 922 227 1797 987 187 1564 366 210
internal_value=-0.00121168 -0.000722997 0.0290549 -0.00132065 -0.0144219 0.000443364 0.00275186 -0.0448932 0.00502703 0.00823918 0.0183484 0.0246035 0.0178984 0.0565718
internal_weight=13782 13605 263 13342 1579 11763 9936 323 9014 7217 3314 2327 1930 397
internal_count=13782 13605 263 13342 1579 11763 9936 323 9014 7217 3314 2327 1930 397
is_linear=0
shrinkage=0.03


Tree=166
num_leaves=15
num_cat=0
split_feature=7 34 28 3 18 28 25 3 13 15 8 27 17 6
split_gain=381.601 388.599 375.32 551.461 403.292 311.445 573.238 639.214 449.106 571.573 459.934 410.617 396.514 298.607
threshold=0.50786455662891605 42.012154512154517 11.500000000000002 23.966738561979806 0.34539854360883732 15.500000000000002 -0.96779413010344062 0.065579792465003992 2.0004745159920572 0.70833333333333337 -0.17641297634471884 0.14950027661629187 1.9894467676974912 0.0098928469804979175
decision_type=10 2 2 10 8 2 10 10 10 2 8 10 2 2
left_child=5 -2 3 4 -3 8 -7 -8 -1 10 -10 12 -9 -12
right_child=1 2 -4 -5 -6 6 7 11 9 -11 13 -13 -14 -15
leaf_value=0.0031378680513828015 -0.024636171191836288 0.029648042368301188 -0.013685950862804257 0.05919596865092619 -0.0070826804947187712 0.090158452672904787 -0.022166053655229404 0.05252302324133834 -0.094463587689806117 -0.0062738538296601533 -0.022552148440906972 0.002486444862236814 0.002486444862236814 -0.067043686276434783
leaf_weight=7870 1030 293 725 151 1304 84 350 458 105 737 352 176 73 135
leaf_count=7870 1030 293 725 151 1304 84 350 458 105 737 352 176 73 135
internal_value=-0.000650877 -0.00920113 -0.00273573 0.00535936 0.000100116 0.00224884 0.0169966 0.0107853 0.00041136 -0.0156856 -0.0388304 0.0271389 0.0411753 -0.0259975
internal_weight=13843 3503 2473 1748 1597 10340 1141 1057 9199 1329 592 707 531 487
internal_count=13843 3503 2473 1748 1597 10340 1141 1057 9199 1329 592 707 531 487
is_linear=0
shrinkage=0.03


Tree=167
num_leaves=15
num_cat=0
split_feature=21 14 35 0 16 26 35 15 26 18 6 18 14 9
split_gain=417.951 344.116 310.266 332.686 285.333 496.759 709.159 581.932 586.663 277.261 259.611 235.347 215.978 209.051
threshold=0.23226675497872834 0.68736978940305893 64.518814518814551 3.2079935728592628 13.199341428342342 1.0000000180025095e-35 74.333999333999358 0.81666666666666676 -1.0000000180025095e-35 0.060251915492579897 0.3670381905228744 0.31519190276001768 0.1350525806734407 4.7054449044366597
decision_type=2 2 8 8 8 8 10 2 10 10 2 10 2 10
left_child=1 4 -2 9 5 6 7 -1 -9 -4 12 -3 -10 -7
right_child=2 11 3 -5 -6 13 -8 8 10 -11 -12 -13 -14 -15
leaf_value=0.0053557104002403509 -0.010747500920652658 -0.0025687800871539461 -0.096516183088915269 -0.010747500920652658 -2.9006945131592818e-05 0.0053557104002403509 0.069488416699469077 0.020333016414093016 0.067688889594591531 -0.037401916513044121 0.10533432130302701 -0.010747500920652658 0.020333016414093016 0.06511473396040024
leaf_weight=851 444 1148 117 62 7064 1288 245 400 161 117 100 1666 86 89
leaf_count=851 444 1148 117 62 7064 1288 245 400 161 117 100 1666 86 89
internal_value=-0.000440339 0.00080257 -0.0222976 -0.0462413 0.00334657 0.0107404 0.0224614 0.0150572 0.0353103 -0.0640563 0.0648874 -0.00848413 0.046747 0.00535571
internal_weight=13838 13098 740 296 10284 3220 1843 1598 747 234 347 2814 247 1377
internal_count=13838 13098 740 296 10284 3220 1843 1598 747 234 347 2814 247 1377
is_linear=0
shrinkage=0.03


Tree=168
num_leaves=15
num_cat=0
split_feature=5 7 5 18 21 31 8 27 29 18 18 35 8 14
split_gain=424.836 352.959 514.025 432.622 375.966 345.953 379.452 310.419 283.758 266.894 239.941 338.277 318.934 618.536
threshold=-0.99998780776236795 0.43393087509828204 0.89900315627826832 0.033610256198705273 0.0025354043124583381 70.583262890955226 2.8310050380168001 2.1642689748614483 57.297212012097141 0.35566835874916514 0.32614479979084915 78.654678654678662 0.28497912014660015 0.9997314330929471
decision_type=2 10 2 8 2 2 8 10 2 10 10 10 8 2
left_child=9 7 3 -3 8 -6 -7 10 -5 -1 -2 12 13 -12
right_child=1 2 -4 4 5 6 -8 -9 -10 -11 11 -13 -14 -15
leaf_value=-0.010379936557728797 0.0062387092097767778 0.064272740795420683 -0.05580160907610799 -0.010432539342266886 -0.014346791645854711 -0.11129156647980967 -0.02429269790023315 -0.062197383068390746 0.010019112338223909 -0.084101991445830707 0.019257291781302834 0.058889882290711654 -0.011864406448040354 -0.022011778077416569
leaf_weight=91 6172 72 193 1460 620 74 114 62 1042 84 1016 72 2212 476
leaf_count=91 6172 72 193 1460 620 74 114 62 1042 84 1016 72 2212 476
internal_value=-0.0013331 -0.000726162 -0.00881089 -0.00605086 -0.00767519 -0.0253993 -0.060533 0.0021642 -0.00191211 -0.0471197 0.00259637 -0.00335753 -0.00464528 0.00606148
internal_weight=13760 13585 3575 3382 3310 808 188 10010 2502 175 9948 3776 3704 1492
internal_count=13760 13585 3575 3382 3310 808 188 10010 2502 175 9948 3776 3704 1492
is_linear=0
shrinkage=0.03


Tree=169
num_leaves=15
num_cat=0
split_feature=7 18 5 16 35 26 5 29 31 27 18 5 1 26
split_gain=475.713 427.475 367.222 459.419 413.588 356.198 325.266 326.379 312.143 320.147 304.819 345.217 302.768 282.66
threshold=0.52557034009680159 0.033610256198705273 0.22847263796948974 27.9290323930657 35.139860139860147 0.020620640251879156 0.89900315627826832 67.596923223296869 79.884950214620559 2.017460570875651 0.88509952605958631 0.79630428676130505 0.00021038710991680144 0.024066015129199595
decision_type=10 8 2 10 10 10 2 2 2 10 8 2 8 10
left_child=2 -2 8 4 -4 10 7 13 9 12 -6 -12 -1 -3
right_child=1 6 3 -5 5 -7 -8 -9 -10 -11 11 -13 -14 -15
leaf_value=-0.018813137567171262 0.056950216295692739 -0.0062353465317233781 0.0035700923099550377 -0.039131158202547915 0.076983588593794353 0.0010067017281812334 -0.05221305887648129 0.044324582481513851 -0.038851395466110925 -0.063748925551772112 0.0068241353549841621 0.08234835686946386 0.0014884817909799519 -0.025020837162148479
leaf_weight=717 74 1989 709 127 209 184 182 87 193 67 196 71 7838 1130
leaf_count=717 74 1989 709 127 209 184 182 87 193 67 196 71 7838 1130
internal_value=-0.00250629 -0.0121197 0.000725784 0.0144428 0.0195371 0.0365337 -0.01371 -0.0114463 -0.001609 -0.000753315 0.0501135 0.0280519 -0.000223005 -0.0130704
internal_weight=13773 3462 10311 1496 1369 660 3388 3206 8815 8622 476 267 8555 3119
internal_count=13773 3462 10311 1496 1369 660 3388 3206 8815 8622 476 267 8555 3119
is_linear=0
shrinkage=0.03


Tree=170
num_leaves=15
num_cat=0
split_feature=6 8 7 32 27 16 33 22 32 1 9 1 6 28
split_gain=274.793 520.331 641.543 378.184 363.699 402.158 620.016 358.434 461.36 369.859 329.816 322.847 304.68 303.276
threshold=-0.55159759846895351 -0.10332577740426795 -2.3775128891461796 56.862368400829951 -0.071526308584576967 34.031388373940423 61.945197659483377 0.0087014352382410159 31.759848543065335 5.1607757135385581 0.048707069540808647 3.5844880761168398 -1.0000000180025095e-35 10.500000000000002
decision_type=2 10 8 2 10 8 2 2 2 10 10 8 2 2
left_child=1 2 3 -1 -3 13 -7 9 -9 12 -10 -4 -2 -6
right_child=7 4 11 -5 5 6 -8 8 10 -11 -12 -13 -14 -15
leaf_value=0.016320665502548216 0.0072394103284993128 -0.082500203598423735 -0.035775447361607184 0.11044572711519118 0.059256927443777807 -0.071022866873387644 -0.0091425217254236524 -0.085404912175883238 -0.048038544139340965 0.018214245922314222 -0.0076827693002339704 0.0023236572542187487 -0.0036823741868494218 -0.0091425217254236524
leaf_weight=95 3595 107 277 62 80 230 177 77 84 1148 740 688 6355 65
leaf_count=95 3595 107 277 62 80 230 177 77 84 1148 740 688 6355 65
internal_value=-0.000984711 -0.0119635 0.00049117 0.0557527 -0.0330126 -0.0227654 -0.0379297 0.000649164 -0.017495 0.00212942 -0.0106722 -0.0087406 0.000265392 0.0196446
internal_weight=13780 1781 1122 157 659 552 407 11999 901 11098 824 965 9950 145
internal_count=13780 1781 1122 157 659 552 407 11999 901 11098 824 965 9950 145
is_linear=0
shrinkage=0.03


Tree=171
num_leaves=15
num_cat=0
split_feature=6 10 6 25 10 31 5 0 32 27 15 8 31 34
split_gain=559.257 624.355 554.195 701.467 514.61 667.793 487.311 532.748 519.737 423.414 379.08 362.873 346.144 342.58
threshold=0.0098928469804979175 0.36666666666666675 0.046067352721505368 2.7828983658411492 0.63333333333333341 59.972719588104205 -0.77177352961326362 4.7006258489466323e-06 58.545999455090374 0.13353139262452265 0.70833333333333337 2.6119482397048572 23.400775049126704 44.717782217782222
decision_type=2 2 2 10 2 2 2 8 2 8 2 10 2 2
left_child=1 6 -2 4 11 10 7 9 12 -1 -6 -4 -9 -7
right_child=2 -3 3 -5 5 13 -8 8 -10 -11 -12 -13 -14 -15
leaf_value=-0.12354674327373504 -0.029678440426400676 0.019543990481799518 -0.012963294092868033 0.04674305318169137 0.0029480368639616403 -0.00860409843872997 0.0042857731103046193 -0.0070091526937833704 0.009882820546854288 -0.037151599910276292 0.08663857492219125 -0.050803434077926743 -0.037151599910276292 0.0092004581534165016
leaf_weight=65 894 1898 1209 230 80 676 5664 659 358 95 121 278 357 1170
leaf_count=65 894 1898 1209 230 80 676 5664 659 358 95 121 278 357 1170
internal_value=-6.65463e-05 0.00426203 -0.00851477 -0.00345541 -0.00678386 0.00297599 0.000221651 -0.0147495 -0.00859923 -0.065704 0.0542089 -0.0201842 -0.0204483 -0.00273382
internal_weight=13754 9096 4658 3764 3534 2047 7198 1534 1374 160 201 1487 1016 1846
internal_count=13754 9096 4658 3764 3534 2047 7198 1534 1374 160 201 1487 1016 1846
is_linear=0
shrinkage=0.03


Tree=172
num_leaves=15
num_cat=0
split_feature=6 17 9 9 26 16 6 26 6 9 3 20 6 13
split_gain=347.748 565.926 565.763 429.715 451.356 490.165 462.045 416.633 395.578 671.428 394.466 394.353 419.234 367.381
threshold=0.0034467375263736318 0.99999890055672103 0.14202230822717374 0.94490841038585127 1.0000000180025095e-35 13.199341428342342 0.13740213044046892 -0.15954037473465463 -0.24816919874186419 0.89451550102599975 7.6994699652787579 0.44044385680749681 -0.034570662783664857 -81.822719893800723
decision_type=2 2 10 10 10 10 2 10 2 8 8 10 2 10
left_child=8 2 10 4 5 6 -4 -8 9 -1 -2 -10 -13 -11
right_child=1 -3 3 -5 -6 -7 7 -9 11 13 -12 12 -14 -15
leaf_value=-0.052004412187545167 -0.022363362370095528 -0.040172626714722638 0.0030040372786175273 -0.017439378363287773 -0.011610003700514486 -0.022363362370095528 -0.00053890325374013554 0.04630566163629652 0.0079963515910582358 0.0080302918392608884 0.020904352507829047 -0.012885704229449783 -0.086823863320399167 -0.014978450892969066
leaf_weight=266 826 436 703 839 802 242 202 701 5802 1387 188 125 81 1128
leaf_count=266 826 436 703 839 802 242 202 701 5802 1387 188 125 81 1128
internal_value=-0.00137055 -0.00773584 -0.0045541 0.00120916 0.00713508 0.0152795 0.0212856 0.0354231 0.0022088 -0.00713769 -0.0223634 0.00653747 -0.0337678 -0.00229858
internal_weight=13728 4939 4503 3489 2650 1848 1606 903 8789 2781 1014 6008 206 2515
internal_count=13728 4939 4503 3489 2650 1848 1606 903 8789 2781 1014 6008 206 2515
is_linear=0
shrinkage=0.03


Tree=173
num_leaves=15
num_cat=0
split_feature=6 17 10 21 9 10 25 15 10 5 34 27 1 31
split_gain=320.186 629.787 435.044 427.492 419.194 592.447 327.248 661.914 363.084 315.443 307.095 289.586 280.932 293.318
threshold=0.0034467375263736318 0.38330876482897225 0.36666666666666675 0.00014354355875597833 0.14202230822717374 0.63333333333333341 -0.27436344581906819 0.63333333333333341 0.70833333333333337 -0.075492488804902988 44.717782217782222 -0.28540416418385023 -1.4253735324078141 18.750480288941834
decision_type=2 2 2 2 10 2 8 2 2 2 2 10 8 2
left_child=2 4 9 11 -2 -6 7 -4 -8 12 -7 -3 -1 -14
right_child=1 3 6 -5 5 10 8 -9 -10 -11 -12 -13 13 -15
leaf_value=-0.051076762805460016 -0.014025803135983679 -0.038314283970951171 0.0077199713887574186 -0.060388248342032477 -0.0086051543887795331 0.0048037721609445619 0.0077199713887574186 0.10083264258739195 0.061199476264598887 0.0051607832056917392 0.028870165277447086 -0.014025803135983679 0.0076224745154779934 -0.012057478284611661
leaf_weight=123 921 115 66 257 1504 528 1477 109 118 3900 925 712 1003 2104
leaf_count=123 921 115 66 257 1504 528 1477 109 118 3900 925 712 1003 2104
internal_value=-0.000675091 -0.00677759 0.00272912 -0.0269363 -0.00111527 0.004581 0.0160189 0.0544078 0.0116501 -0.00057894 0.0182127 -0.0162403 -0.00750652 -0.00570237
internal_weight=13862 4962 8900 1084 3878 2957 1770 175 1595 7130 1453 827 3230 3107
internal_count=13862 4962 8900 1084 3878 2957 1770 175 1595 7130 1453 827 3230 3107
is_linear=0
shrinkage=0.03


Tree=174
num_leaves=15
num_cat=0
split_feature=26 26 6 18 32 6 3 9 8 18 6 31 6 9
split_gain=353.619 448.563 334.658 413.332 393.73 384.179 452.972 325.437 350.068 311.967 410.276 302.565 299.996 461.765
threshold=1.0000000180025095e-35 0.097871414230803047 -0.66778142453824729 0.17790720500369708 58.537616229923934 -0.99996489589289306 22.026818780270016 2.778931169355944 -2.0386498767572685 0.52563916920715792 -0.99160070242093623 23.715295693317675 -0.005729820127372701 0.94490841038585127
decision_type=10 10 2 10 2 2 8 10 10 10 2 2 2 10
left_child=2 -2 3 5 9 -1 7 -7 -9 -5 -11 -3 -4 -14
right_child=1 11 12 4 -6 6 -8 8 -10 10 -12 -13 13 -15
leaf_value=0.05076122836379901 -0.037848792677144229 0.037692551391172995 0.011507805688333374 -0.098746714332524466 0.032970201465945981 -0.058395755313835 0.023223196810723122 -0.00088488035447919827 -0.045640940571476406 -0.075402173026770103 -0.0073912313624776675 -0.0074358533987271633 0.0035151588871786973 -0.019137226761469051
leaf_weight=110 432 137 3136 80 60 167 266 167 159 114 175 2302 5555 943
leaf_count=110 432 137 3136 80 60 167 266 167 159 114 175 2302 5555 943
internal_value=-0.000494335 -0.00985469 0.0019673 -0.0123038 -0.036213 -0.000360944 -0.00805367 -0.024993 -0.00725808 -0.0477527 -0.0321974 -0.00482904 0.00389545 0.000215622
internal_weight=13803 2871 10932 1298 429 869 759 493 326 369 289 2439 9634 6498
internal_count=13803 2871 10932 1298 429 869 759 493 326 369 289 2439 9634 6498
is_linear=0
shrinkage=0.03


Tree=175
num_leaves=15
num_cat=0
split_feature=5 1 10 6 6 7 15 24 5 35 5 10 14 6
split_gain=377.359 207.949 481.176 366.246 237.645 332.346 474.224 385.561 333.403 200.019 195.362 152.654 157.991 165.259
threshold=-0.99998780776236795 1.9173995724486307e-11 1.0000000180025095e-35 -0.38127522282525 0.0034467375263736318 0.040569718471917156 0.77500000000000013 0.026976935556585539 0.34729313981893573 8.2584082584082594 0.65450915922351338 0.81666666666666676 0.41877929648144646 -0.3012753653507258
decision_type=2 8 2 2 2 8 2 8 2 8 2 2 2 2
left_child=-1 2 3 -2 9 6 -6 -8 -9 -3 -10 12 13 -11
right_child=1 4 -4 -5 5 -7 7 8 10 11 -12 -13 -14 -15
leaf_value=-0.044432436209381296 -0.082335909287996445 0.052204123354565937 -0.0060246479521679427 -0.026745423836599655 -0.0060246479521679427 -0.0060246479521679427 0.095197232833275428 0.0095822289601106819 0.056814214308165065 0.0010771519705269164 0.0095822289601106819 0.04281939043420576 -0.0035333297868748183 0.009389096719034323
leaf_weight=173 142 71 864 135 423 3359 60 503 110 1612 74 82 2411 3821
leaf_count=173 142 71 864 135 423 3359 60 503 110 1612 74 82 2411 3821
internal_value=-0.00103344 -0.000468034 -0.0127001 -0.0474662 0.000650816 -0.00483684 0.0101049 0.0251891 0.0184312 0.00375976 0.0529038 0.00329317 0.00285295 0.00568763
internal_weight=13840 13667 1141 277 12526 4529 1170 747 687 7997 184 7926 7844 5433
internal_count=13840 13667 1141 277 12526 4529 1170 747 687 7997 184 7926 7844 5433
is_linear=0
shrinkage=0.03


Tree=176
num_leaves=15
num_cat=0
split_feature=6 7 29 15 14 18 33 22 9 18 22 29 1 26
split_gain=272.775 420.112 625.814 445.574 405.966 370.197 317.797 386.831 287.786 572.488 318.828 374.665 289.028 285.757
threshold=0.0057437386049755705 0.027491813581892902 57.013273543504191 0.70833333333333337 0.069950240967944013 0.106564965785772 31.156145441859731 0.0017117712191624206 1.0145706614637471 0.903616117531581 0.00075861166510202875 65.501992817926904 4.1267805604955976 1.4214855071430643
decision_type=2 8 2 2 2 10 2 2 8 10 2 2 10 10
left_child=13 3 6 -2 5 -5 -3 -8 9 10 11 -4 -11 -1
right_child=1 2 8 4 -6 -7 7 -9 -10 12 -12 -13 -14 -15
leaf_value=-0.00022314314008921085 -0.016005716016893653 -0.065961074235716025 -0.0021120385716306006 0.022701794164863849 0.0029565485770018849 0.084155772800102474 -0.014231979611101141 -0.044018163521144613 -0.014231979611101141 0.024255292027932116 -0.014231979611101141 0.041564132311484876 0.10777306810466211 0.021125886066226011
leaf_weight=8379 439 163 617 298 324 124 1020 407 735 93 302 238 62 600
leaf_count=8379 439 163 617 298 324 124 1020 407 735 93 302 238 62 600
internal_value=-0.00187677 -0.00762815 -0.0126786 0.00786092 0.0219188 0.0415333 -0.0267669 -0.0220753 -0.00169705 0.0067977 -0.00055529 0.0100079 0.0599863 0.00121442
internal_weight=13801 4822 3637 1185 746 422 1590 1427 2047 1312 1157 855 155 8979
internal_count=13801 4822 3637 1185 746 422 1590 1427 2047 1312 1157 855 155 8979
is_linear=0
shrinkage=0.03


Tree=177
num_leaves=15
num_cat=0
split_feature=28 26 9 18 0 28 32 34 6 14 31 7 35 33
split_gain=264.289 424.586 493.162 374.561 358.166 331.377 368.6 302.384 289.566 362.004 317.083 269.033 252.594 347.765
threshold=1.5000000000000002 -0.093887518014251534 1.5294766348630737 0.033610256198705273 7.7955774315148014 14.500000000000002 49.681088142626614 57.867132867132874 -0.24816919874186419 0.57144319051727654 19.249980788442333 0.3297330923252178 33.008658008658017 20.726892155463585
decision_type=2 10 10 8 8 2 2 2 2 2 2 10 10 2
left_child=4 2 7 -3 -1 6 -4 8 10 11 -2 -10 13 -5
right_child=1 3 5 12 -6 -7 -8 -9 9 -11 -12 -13 -14 -15
leaf_value=-0.035200189387869368 0.00015621492979319199 0.042148898948383119 -0.021215918184154563 -0.0745102879595618 0.00045053373869620634 0.091770071757280011 0.044593508967229134 0.018150381464607169 0.0080173556475227579 -0.032361600691371638 -0.073456015344893572 -0.012172122521924438 -0.0012367525074523343 -0.011564543566009888
leaf_weight=438 110 163 103 81 593 83 268 1062 1101 225 96 214 8211 1019
leaf_count=438 110 163 103 81 593 83 268 1062 1101 225 96 214 8211 1019
internal_value=-0.000220301 0.000964624 0.0102909 -0.00225025 -0.0147918 0.0391252 0.0262838 0.00556769 -0.00211567 0.00239259 -0.0350763 0.00801736 -0.00304971 -0.0165158
internal_weight=13767 12736 3262 9474 1031 454 371 2808 1746 1540 206 1315 9311 1100
internal_count=13767 12736 3262 9474 1031 454 371 2808 1746 1540 206 1315 9311 1100
is_linear=0
shrinkage=0.03


Tree=178
num_leaves=15
num_cat=0
split_feature=11 17 28 25 10 31 35 15 16 21 13 18 7 8
split_gain=320.349 223.243 230.17 513.257 295.463 520.108 411.065 361.247 306.035 267.134 296.689 241.875 228.673 337.847
threshold=2.4768039260792887 2.6106883133379282 1.5000000000000002 2.9978661367769956 0.36666666666666675 59.79405210174442 32.059607059607067 0.81666666666666676 -4.8438733800557747 0.062561729929404855 1.2502057463651237 0.81040723345868093 0.25634968244304185 -1.0347450258004256
decision_type=2 2 2 8 2 2 10 2 8 2 8 8 10 10
left_child=1 2 -1 4 -4 6 7 11 -8 10 -5 -6 -10 -14
right_child=-2 -3 3 9 5 -7 8 -9 12 -11 -12 -13 13 -15
leaf_value=-0.0092514477902191552 -0.046714896152144185 -0.018259222802437414 -0.0067633014661606294 0.031968702891344333 0.03650347528973618 -0.0014681173761612303 0.070941053050667488 0.064612615007620583 -0.0014681173761612303 -0.0092514477902191552 0.0086666476287422124 -0.0014681173761612303 0.038012900402661073 -0.0014681173761612303
leaf_weight=999 135 645 5373 748 63 2502 62 255 940 214 1434 110 149 155
leaf_count=999 135 645 5373 748 63 2502 62 255 940 214 1434 110 149 155
internal_value=-0.00156491 -0.00110139 -0.000243673 0.00100396 -0.00209512 0.00382707 0.0169048 0.0422482 0.00846979 0.0134111 0.0167095 0.00839434 0.00508475 0.0275084
internal_weight=13784 13649 13004 12005 9609 4236 1734 428 1306 2396 2182 173 1244 304
internal_count=13784 13649 13004 12005 9609 4236 1734 428 1306 2396 2182 173 1244 304
is_linear=0
shrinkage=0.03


Tree=179
num_leaves=15
num_cat=0
split_feature=6 17 9 9 27 32 16 6 8 8 35 35 6 27
split_gain=274.29 816.554 429.309 631.107 388.79 388.173 318.086 365.18 449.095 293.821 524.781 498.868 344.323 345.548
threshold=0.0034467375263736318 0.99999890055672103 0.95485582996120011 0.14202230822717374 -0.11778303565638358 61.193701403491623 9.1857737841161917 0.13740213044046892 -0.55797730074235019 -0.18898178226592408 61.663336663336672 24.234099234099236 -0.47649239746626365 -0.026958944764768452
decision_type=2 2 8 10 10 2 10 2 8 8 10 10 2 8
left_child=9 2 3 -2 -3 -4 7 8 -5 10 11 -1 13 -11
right_child=1 4 5 6 -6 -7 -8 -9 -10 12 -12 -13 -14 -15
leaf_value=-0.013284333191845752 -0.024616007321644807 -0.10781946981301556 -0.024616007321644807 0.077519801561649018 -0.032317317713178313 0.0076745864120312023 -0.016275284357790173 0.023988313344806566 -0.0016720461423987258 -0.053366084393960511 -0.032695296665964026 0.038870188792227832 0.0033446543493830805 -0.0074802355009393352
leaf_weight=216 426 72 969 60 349 415 388 1240 1014 160 157 667 6304 1437
leaf_count=216 426 72 969 60 349 415 388 1240 1014 160 157 667 6304 1437
internal_value=-0.000964838 -0.0066401 -0.00288828 0.00327001 -0.0463437 -0.0167684 0.0087149 0.0129312 0.000113053 0.00216832 0.017118 0.0261092 0.000190934 -0.0122297
internal_weight=13874 4933 4512 3128 421 1384 2702 2314 1074 8941 1040 883 7901 1597
internal_count=13874 4933 4512 3128 421 1384 2702 2314 1074 8941 1040 883 7901 1597
is_linear=0
shrinkage=0.03


Tree=180
num_leaves=15
num_cat=0
split_feature=14 5 5 19 33 1 27 28 32 0 11 16 34 9
split_gain=285.635 323.747 356.217 339.803 318.016 317.762 300.996 242.921 179.054 171.221 166.282 162.434 158.91 224.478
threshold=0.00031525933840323466 -0.99076066250737227 0.74528688638626572 2.5294155110076115 41.253191253191268 -0.88881341392242841 0.25921511157560545 1.5000000000000002 69.200030738492288 0.15296809568605524 3.9414074297795234 37.04639163889707 56.33033633033633 0.74218858918038977
decision_type=2 2 2 10 2 8 10 2 2 10 2 8 2 10
left_child=8 6 5 4 -4 -3 9 -7 12 -2 -9 -8 -1 -14
right_child=1 2 3 -5 -6 7 11 10 -10 -11 -12 -13 13 -15
leaf_value=-0.00023897397985976287 -0.080441357823855739 -0.048737398526072499 -0.05136180448843989 -0.083371886936633763 -0.00023897397985976287 -0.024599174493844841 -0.00023897397985976287 -0.00023897397985976287 0.051136066627999147 -0.030622816112691655 -0.024599174493844841 -0.034801221733777636 0.01616946479552751 0.0043989483254374007
leaf_weight=3404 80 120 124 84 121 227 88 6398 67 284 74 119 1868 794
leaf_count=3404 80 120 124 84 121 227 88 6398 67 284 74 119 1868 794
internal_value=-0.000735209 -0.00457386 -0.00282827 -0.0330784 -0.0145124 -0.0013456 -0.0262117 -0.00046095 0.00409591 -0.0425136 -0.000238974 -0.000238974 0.00353466 0.00903687
internal_weight=13852 7719 7148 329 245 6819 571 6699 6133 364 6472 207 6066 2662
internal_count=13852 7719 7148 329 245 6819 571 6699 6133 364 6472 207 6066 2662
is_linear=0
shrinkage=0.03


Tree=181
num_leaves=15
num_cat=0
split_feature=18 27 27 25 15 18 33 19 8 22 32 6 14 28
split_gain=267.184 482.457 409.741 545.932 693.573 342.868 312.378 316.122 304.688 403.736 357.503 287.3 379.957 316.776
threshold=0.32614479979084915 -0.14169741022008073 -0.18232155679395454 -0.29841617774088286 0.81666666666666676 0.30171617614430063 45.959595959595966 -2.0983666610022778 -0.40112734883219042 2.4436303847896222e-06 31.576814793598015 -0.045640453753043403 1.4296765571128371 14.500000000000002
decision_type=10 8 8 10 2 10 2 8 10 2 2 2 2 2
left_child=1 -1 3 4 -2 6 -3 -8 -4 10 -10 -11 13 -13
right_child=2 5 8 -5 -6 -7 7 -9 9 11 -12 12 -14 -15
leaf_value=0.03306995951487833 -0.035078831093346738 -0.017774849228094098 -0.012202051168497903 -0.0618929724922547 0.078575161724057915 0.051957457674474551 0.058203132741069523 0.0012997016025247644 0.0038846877885188669 0.0038846877885188669 0.025624692598804507 -0.023166027985395989 -0.066001355010409685 0.0038846877885188669
leaf_weight=434 138 794 2108 255 68 111 84 6929 267 621 1027 619 124 203
leaf_count=434 138 794 2108 255 68 111 84 6929 267 621 1027 619 124 203
internal_value=-0.000910494 0.00245721 -0.00608792 -0.0329881 0.00341097 0.000759456 -1.26662e-06 0.00202226 -0.0035616 0.00281491 0.0151865 -0.00741716 -0.0180951 -0.010513
internal_weight=13782 8352 5430 461 206 7918 7807 7013 4969 2861 1294 1567 946 822
internal_count=13782 8352 5430 461 206 7918 7807 7013 4969 2861 1294 1567 946 822
is_linear=0
shrinkage=0.03


Tree=182
num_leaves=15
num_cat=0
split_feature=17 27 27 3 16 18 13 9 35 18 27 21 10 35
split_gain=253.667 525.894 277.986 293.081 240.077 262.871 248.445 210.698 326.843 300.587 272.187 210.166 162.582 135.293
threshold=2.7456702902203056 -0.28540416418385023 -1.0926241931447518 0.032129593878415512 1.0000000180025095e-35 0.078245826800036042 -15.502686549988644 0.53150375609846601 31.818181818181824 0.5468255687846223 0.71983441085563304 0.0049365147847442257 0.18333333333333338 39.152514152514165
decision_type=2 8 8 8 8 10 10 8 8 10 10 2 2 8
left_child=2 -2 -1 12 7 6 -6 8 -5 -10 -11 -3 -4 -7
right_child=1 11 3 4 5 13 -8 -9 9 10 -12 -13 -14 -15
leaf_value=0.051933840911895519 -0.092214306316410116 -0.0095076914226004394 -0.0095076914226004394 0.085972006034606432 0.0057202031441890453 0.0057202031441890453 -0.003624045968693439 0.0057202031441890453 0.0057202031441890453 0.023850314486213407 0.085340068100485944 -0.054934310142112815 -0.003624045968693439 -0.003624045968693439
leaf_weight=88 73 463 867 62 4195 735 781 982 478 364 76 87 1645 2910
leaf_count=88 73 463 867 62 4195 735 781 982 478 364 76 87 1645 2910
internal_value=-0.000637297 -0.0192654 0.000249996 -0.000117015 0.00207044 -8.73149e-05 0.00469295 0.0115277 0.0218458 0.0170725 0.0353108 -0.00950769 -0.00931853 -0.00362405
internal_weight=13806 623 13183 13095 10583 8621 4976 1962 980 918 440 550 2512 3645
internal_count=13806 623 13183 13095 10583 8621 4976 1962 980 918 440 550 2512 3645
is_linear=0
shrinkage=0.03


Tree=183
num_leaves=15
num_cat=0
split_feature=5 8 5 6 18 31 28 16 26 18 18 26 32 16
split_gain=349.805 379.239 772.335 592.027 451.919 461.016 385.817 527.374 521.644 462.836 477.642 435.251 453.202 401.225
threshold=-0.99983995306282936 -0.094507720716563867 0.79630428676130505 -0.69637284895157092 0.21164422520958606 30.486646220911954 11.500000000000002 12.017070379704359 1.0000000180025095e-35 0.98950468534371716 0.83732904877669123 -1.0000000180025095e-35 50.061476984553913 -8.4920244916544743
decision_type=2 8 2 2 10 2 2 8 8 8 10 10 2 8
left_child=-1 2 -2 4 -3 -6 7 8 11 10 -9 -5 -13 -8
right_child=1 3 -4 6 5 -7 13 9 -10 -11 -12 12 -14 -15
leaf_value=-0.023968145850521975 0.018497461919100115 -0.0090064304665512795 -0.075972068557833755 0.0078370859896276235 -0.033421020427477036 -0.12200512246674171 0.060554494752238196 -0.0088652032515193196 0.0078370859896276235 0.0034740620785302396 -0.059657193479030882 0.026180911286039946 0.071165150888264181 -0.011302061903190587
leaf_weight=539 1592 624 77 248 257 64 67 990 1015 4671 196 631 299 2541
leaf_count=539 1592 624 77 248 257 64 67 990 1015 4671 196 631 299 2541
internal_value=-0.000389814 0.000576411 0.0139252 -0.00134887 -0.0240418 -0.052683 0.000673541 0.00392267 0.0164533 -0.00077913 -0.0174744 0.0309682 0.0409468 -0.00934371
internal_weight=13811 13272 1669 11603 945 321 10658 8050 2193 5857 1186 1178 930 2608
internal_count=13811 13272 1669 11603 945 321 10658 8050 2193 5857 1186 1178 930 2608
is_linear=0
shrinkage=0.03


Tree=184
num_leaves=15
num_cat=0
split_feature=8 27 17 16 2 16 9 18 34 18 6 22 10 16
split_gain=297.655 427.985 628.77 486.312 398.193 638.685 404.829 505.862 469.916 400.626 357.132 316.191 306.106 495.535
threshold=2.0313878800562124 0.286593932740483 0.074188011264120141 0.049126704086323268 0.4154761904761905 0.14225982804774709 0.44541294939304188 0.99289524853706379 57.463369963369971 0.32614479979084915 0.1199457031968031 0.0019105008077177309 0.36666666666666675 -6.5736481697768436
decision_type=10 10 2 8 2 10 10 10 2 8 2 2 2 8
left_child=4 2 11 -3 6 -6 8 12 -1 -10 -4 -2 -8 -14
right_child=1 3 10 -5 5 -7 7 -9 9 -11 -12 -13 13 -15
leaf_value=-0.010869373641218635 0.0063906616608992283 0.028977055119599884 -0.040370147086179524 -0.013883727290491872 -0.010869373641218635 -0.10350163897356161 0.0054677761102041875 -0.010869373641218635 0.034086037091063059 0.0014081536480293109 -0.11410577004430471 -0.033037437078602114 0.094608784773283522 0.018539631671194261
leaf_weight=3069 441 376 263 631 466 73 2268 674 374 3100 76 185 76 1781
leaf_count=3069 441 376 263 631 466 73 2268 674 374 3100 76 185 76 1781
internal_value=-0.000726618 -0.011505 -0.0257275 0.002184 0.00106646 -0.0240068 0.00226806 0.00888144 -0.00258563 0.00497008 -0.0583191 -0.00775578 0.0128822 0.0218985
internal_weight=13853 1972 965 1007 11881 539 11342 4799 6543 3474 339 626 4125 1857
internal_count=13853 1972 965 1007 11881 539 11342 4799 6543 3474 339 626 4125 1857
is_linear=0
shrinkage=0.03


Tree=185
num_leaves=15
num_cat=0
split_feature=2 8 25 16 7 10 20 17 1 25 3 18 2 18
split_gain=347.679 239.785 297.869 276.15 262.615 415.916 334.619 331.793 319.723 266.902 243.111 215.708 496.702 299.474
threshold=0.011237373737373739 0.47370491095018524 2.9978661367769956 -10.599109990410573 1.5383171375080587 1.0000000180025095e-35 0.62955399543320234 0.094002133646857403 3.5161337745819989 -0.19641258658617231 22.026818780270016 0.9915565738376847 0.50892857142857151 0.3094666864102476
decision_type=2 10 10 8 8 2 8 2 10 10 8 8 2 10
left_child=1 2 4 -3 5 -1 7 -7 -8 -10 -6 12 13 -2
right_child=11 3 -4 -5 10 6 8 -9 9 -11 -12 -13 -14 -15
leaf_value=-0.0037569041880547789 -0.005992301077015442 0.048271672736195953 0.039320215063635255 -0.005992301077015442 -0.005992301077015442 0.098110736448031213 0.0057245788192838414 0.03315626323223516 0.017617657620440558 0.03315626323223516 0.007498920963463696 -0.005992301077015442 -0.076836444998258036 -0.031092620184252646
leaf_weight=2110 372 80 195 2946 2004 86 2233 74 231 424 1243 1119 128 529
leaf_count=2110 372 80 195 2946 2004 86 2233 74 231 424 1243 1119 128 529
internal_value=-0.00148065 0.000569838 0.00313484 -0.0059923 0.00227244 0.00647741 0.0135567 0.0551516 0.011161 0.0295107 -0.00440702 -0.0125544 -0.0226534 -0.0145743
internal_weight=13774 11626 8600 3026 8405 5158 3048 160 2888 655 3247 2148 1029 901
internal_count=13774 11626 8600 3026 8405 5158 3048 160 2888 655 3247 2148 1029 901
is_linear=0
shrinkage=0.03


Tree=186
num_leaves=15
num_cat=0
split_feature=5 31 11 28 8 25 30 28 1 15 16 18 10 26
split_gain=303.021 348.081 303.473 240.087 561.041 320.065 300.643 289.788 664.268 431.378 349.594 267.686 266.113 282.13
threshold=-0.99979131877397132 18.331668331668336 2.0101010101010108 15.500000000000002 0.059844155414508833 -0.26310117733359023 30.771014699586132 10.500000000000002 4.9849610352170908 0.45000000000000007 19.961634037023725 0.041703105236375111 0.29166666666666669 1.0000000180025095e-35
decision_type=2 2 2 2 8 10 2 2 8 2 8 10 2 8
left_child=1 -1 3 7 6 -6 -5 12 11 -10 -11 -9 -2 -14
right_child=2 -3 -4 4 5 -7 -8 8 9 10 -12 -13 13 -15
leaf_value=0.0041435526243252 -0.0036823197254699891 -0.043546757180605744 -0.042460801827118672 -0.0077703710779640249 0.048945239463412178 -0.013809111704867493 0.038630673430206909 -0.0035336084955598594 0.0021058949035656005 0.095390826443344651 0.027653127605143334 -0.021212093912993349 0.015497757839168716 0.0016789170000605122
leaf_weight=241 4295 314 148 156 77 678 611 903 639 92 97 1487 1933 2103
leaf_count=241 4295 314 148 156 77 678 611 903 639 92 97 1487 1933 2103
internal_value=-0.00137092 -0.0229859 -0.000455062 3.6614e-05 0.0112163 -0.0071291 0.029204 -0.00144094 -0.0090797 0.0140181 0.0532004 -0.0170943 0.00151335 0.00704015
internal_weight=13774 555 13219 13071 1522 755 767 11549 3218 828 189 2390 8331 4036
internal_count=13774 555 13219 13071 1522 755 767 11549 3218 828 189 2390 8331 4036
is_linear=0
shrinkage=0.03


Tree=187
num_leaves=15
num_cat=0
split_feature=5 5 9 8 8 0 25 18 18 9 10 8 6 1
split_gain=294.355 320.149 470.042 471.839 500.081 346.819 342.733 409.996 266.036 344.239 446.559 355.876 535.085 390.78
threshold=-0.68204181555230703 0.76880355066050521 0.89451550102599975 0.61712981788715748 1.5012173526931145 17.025211646318883 -0.15919836659947159 0.903616117531581 0.20878160952173627 1.2997940810556223 0.55000000000000016 -0.16502656996820428 -0.56912729239084314 21.181768279213717
decision_type=2 2 10 8 10 10 10 8 8 10 2 10 2 10
left_child=8 5 -3 -4 -5 -2 -7 -8 -1 10 -10 -11 13 -13
right_child=1 2 3 4 -6 6 7 -9 9 11 -12 12 -14 -15
leaf_value=0.047212445830756969 -0.00033647498374783343 0.0069156201911630896 -0.10122423611302889 0.018495106403292581 -0.066915306964268284 0.01140009482283697 0.01140009482283697 0.072789375425943423 -0.035983980680033563 0.0095735341146368277 0.043666955538626227 -0.079613858313144492 0.024098145606861052 -0.018716149131477986
leaf_weight=61 10440 287 92 127 112 320 77 197 745 723 65 139 163 291
leaf_count=61 10440 287 92 127 112 320 77 197 745 723 65 139 163 291
internal_value=-0.00214132 -0.000243866 -0.0211671 -0.0452574 -0.0220809 0.000937076 0.0231367 0.0488655 -0.012227 -0.0140393 -0.0293636 -0.00453168 -0.0216654 -0.0390905
internal_weight=13839 11652 618 331 239 11034 594 274 2187 2126 810 1316 593 430
internal_count=13839 11652 618 331 239 11034 594 274 2187 2126 810 1316 593 430
is_linear=0
shrinkage=0.03


Tree=188
num_leaves=15
num_cat=0
split_feature=5 35 33 28 9 22 8 6 7 6 13 32 5 6
split_gain=250.868 318.939 383.297 304.026 268.671 632.018 627.934 427.05 559.386 380.222 375.788 521.287 381.042 314.314
threshold=-0.99983995306282936 34.373959373959387 48.33452262023691 12.500000000000002 0.40989874980134916 0.013497312939217817 -0.70419530494520444 0.20608476614698759 0.43393087509828204 0.011356122766320777 -57.840261247714785 31.759848543065335 0.74528688638626572 -0.33230505640248825
decision_type=2 10 2 2 10 2 8 2 8 2 10 2 2 2
left_child=1 2 -1 -3 5 6 -2 9 -9 -8 -6 -12 13 -13
right_child=4 3 -4 -5 10 -7 7 8 -10 -11 11 12 -14 -15
leaf_value=-0.10139627049397677 0.065197326158203422 0.015192977811819242 -0.017448919648709506 -0.050726778355153164 0.012494183779618801 -0.040229265364758633 -0.0013496518473471364 0.060192347964017005 0.0012824904130811386 -0.019250792300390049 -0.05759341037813194 -0.014638274238104956 -0.028674426013480785 0.005040681066730693
leaf_weight=75 119 238 133 80 2900 401 4645 206 465 1382 142 743 252 2057
leaf_count=75 119 238 133 80 2900 401 4645 206 465 1382 142 743 252 2057
internal_value=-0.000757389 -0.0209784 -0.049388 -0.00191914 4.91853e-05 -0.00386571 -0.00169875 -0.00293501 0.0196795 -0.00546696 0.00468552 -0.00241282 0.000244558 0.00349957
internal_weight=13838 526 208 318 13312 7218 6817 6698 671 6027 6094 3194 3052 2800
internal_count=13838 526 208 318 13312 7218 6817 6698 671 6027 6094 3194 3052 2800
is_linear=0
shrinkage=0.03


Tree=189
num_leaves=15
num_cat=0
split_feature=21 13 6 6 10 26 9 33 26 6 8 35 9 26
split_gain=265.228 558.275 239.535 423.196 368.112 327.766 320.548 325.253 309.128 305.62 282.265 290.188 253.116 337.847
threshold=0.58970287509881547 -9.9770230855382938 -1.0000000180025095e-35 -0.75789087746669204 0.81666666666666676 -0.1726059138402469 1.4498381773823998 39.841904127618427 1.4214855071430643 -0.257041141652461 -0.15201217348789073 49.358974358974372 0.94490841038585127 1.1566492754124005
decision_type=2 10 2 2 2 8 10 2 10 2 8 10 10 10
left_child=2 -2 3 5 6 -1 8 -8 9 -5 11 -11 -4 -14
right_child=1 -3 12 4 -6 -7 7 -9 -10 10 -12 -13 13 -15
leaf_value=0.054248648753220385 -0.013498708422588676 -0.076557774198246456 -0.0017701665306628757 -0.013498708422588676 0.072360384503874595 -0.013498708422588676 -0.0058987033124549108 0.032117333397546029 0.027376625792068593 0.039688679787622042 0.00048603217411466465 -0.0090919560006248856 -0.013498708422588676 0.050085992475335551
leaf_weight=61 224 137 6456 503 74 1241 276 742 403 193 2371 119 974 77
leaf_count=61 224 137 6456 503 74 1241 276 742 403 193 2371 119 974 77
internal_value=-0.00124127 -0.02644 -0.000557395 0.00391868 0.00812607 -0.0111811 0.00701698 0.021832 0.00279026 -0.000357721 0.00404173 0.0306289 -0.00412501 -0.0134987
internal_weight=13851 361 13490 5983 4681 1302 4607 1018 3589 3186 2683 312 7507 1051
internal_count=13851 361 13490 5983 4681 1302 4607 1018 3589 3186 2683 312 7507 1051
is_linear=0
shrinkage=0.03


Tree=190
num_leaves=15
num_cat=0
split_feature=6 9 6 17 9 35 16 1 1 5 5 29 35 31
split_gain=257.013 455.933 413.194 513.689 516.696 403.091 403.468 402.527 392.729 328.974 652.919 308.17 307.285 289.468
threshold=-0.33230505640248825 1.1249534588292927 0.0034467375263736318 1.4065673775397218 0.14202230822717374 17.30769230769231 -4.0167507934135172 6.2643996384852221 -1.4253735324078141 -0.99988477407073195 -0.81573634123587513 58.95049550294307 32.675657675657682 78.534402660276797
decision_type=2 8 2 2 10 8 8 8 8 2 2 2 10 2
left_child=1 -1 9 4 7 -6 -7 -4 -3 -2 12 -12 -11 -8
right_child=2 8 3 -5 5 6 13 -9 -10 10 11 -13 -14 -15
leaf_value=-0.054522561484730329 -0.05474290810082471 -0.061331666468403642 -0.023486897578321835 -0.043025671476325779 0.064382880731077674 0.047081439344452754 -0.0054690453868824988 0.026198389767794993 -0.0038955065109256659 0.099979742397083321 0.0023020659111164564 0.030937632485124229 0.02592920909250589 0.022336549161814486
leaf_weight=192 77 108 863 319 84 150 3035 143 2089 84 5872 354 128 369
leaf_count=192 77 108 863 319 84 150 3035 143 2089 84 5872 354 128 369
internal_value=-0.00184761 -0.0107889 1.72925e-05 -0.00650063 -0.00394812 0.00132244 -0.000256367 -0.0229204 -0.0068518 0.0049837 0.00573997 0.00395376 0.0568976 -0.00240834
internal_weight=13867 2389 11478 4963 4644 3638 3554 1006 2197 6515 6438 6226 212 3404
internal_count=13867 2389 11478 4963 4644 3638 3554 1006 2197 6515 6438 6226 212 3404
is_linear=0
shrinkage=0.03


Tree=191
num_leaves=15
num_cat=0
split_feature=5 6 19 19 16 9 22 10 25 1 19 17 18 25
split_gain=281.339 207.518 441.984 659.54 500.182 452.932 358.165 319.18 313.418 314.178 308.694 305.049 254.932 241.167
threshold=-0.99999491953369346 0.0098928469804979175 -2.6249789207059977 -1.0566983428437424 -4.0167507934135172 0.38967662117781893 0.0083957683073413083 0.81666666666666676 0.046422043654565488 4.4961026822061685 2.6477613744952238 0.12920438894038774 0.071079532474097581 0.043360177616863289
decision_type=2 2 8 8 8 10 2 2 8 10 10 2 10 10
left_child=-1 7 -3 11 5 -5 8 -2 10 12 -6 -4 -10 -8
right_child=1 2 3 4 6 -7 13 -9 9 -11 -12 -13 -14 -15
leaf_value=-0.053174660875306777 0.002014105822137493 -0.062457864166758324 0.083923236415975475 0.017141219091885908 0.012025905358147468 0.086654497993716953 -0.065341453975467367 0.051268654996529224 -0.0056404589874968856 0.012251417227695847 -0.021233208213725725 0.0018082148782642823 -0.021233208213725725 -0.021233208213725725
leaf_weight=85 9010 113 105 76 1135 104 153 115 1210 425 70 65 970 193
leaf_count=85 9010 113 105 76 1135 104 153 115 1210 425 70 65 970 193
internal_value=-0.00030604 4.01455e-05 -0.00513786 -0.00363277 -0.00593079 0.0423528 -0.00807037 0.00266259 -0.0053912 -0.0112366 0.00723968 0.053475 -0.0158332 -0.0370752
internal_weight=13829 13744 4619 4506 4336 180 4156 9125 3810 2605 1205 170 2180 346
internal_count=13829 13744 4619 4506 4336 180 4156 9125 3810 2605 1205 170 2180 346
is_linear=0
shrinkage=0.03


Tree=192
num_leaves=15
num_cat=0
split_feature=18 17 27 26 16 35 16 15 7 28 26 25 18 18
split_gain=240.327 259.212 443.132 262.507 438.003 328.722 1191.72 307.47 275.386 277.668 492.941 403.853 299.624 310.461
threshold=0.041703105236375111 2.7456702902203056 -0.038967612666986 1.0000000180025095e-35 -4.5364716616576048 74.333999333999358 13.001213894929135 1.0000000180025095e-35 2.5165575999379928 15.500000000000002 -0.12320565758696399 -0.38670699897927036 0.88509952605958631 0.50622665165189196
decision_type=8 2 10 10 8 10 8 2 10 2 10 10 8 10
left_child=-1 3 -3 5 -5 8 7 -7 9 -2 11 -11 13 -12
right_child=1 2 -4 4 -6 6 -8 -9 -10 10 12 -13 -14 -15
leaf_value=0.027429339242638743 4.9293763480812036e-05 -0.066277834772560246 -0.010496216308378718 0.043579775921891641 -0.010496216308378718 0.028450497622516478 -0.010496216308378718 0.090600648714481175 -0.010496216308378718 0.11969952081029231 0.0060477507138908789 0.029305198126369048 -0.010496216308378718 0.074675691395998001
leaf_weight=258 8320 143 478 132 2524 101 272 180 538 60 177 157 395 85
leaf_count=258 8320 143 478 132 2524 101 272 180 538 60 177 157 395 85
internal_value=-0.000975042 -0.00152531 -0.0203794 -0.000613036 -0.00901179 0.00155918 0.0239522 0.0673972 0.000275105 0.00174345 0.0177789 0.056432 0.00468241 0.029294
internal_weight=13820 13562 621 12941 2656 10285 553 281 9732 9194 874 217 657 262
internal_count=13820 13562 621 12941 2656 10285 553 281 9732 9194 874 217 657 262
is_linear=0
shrinkage=0.03


Tree=193
num_leaves=15
num_cat=0
split_feature=18 18 33 28 6 9 8 0 32 8 5 27 9 13
split_gain=255.715 357.877 350.465 304.191 705.109 629.734 460.382 456.403 401.9 386.016 340.71 319.987 385.618 363.501
threshold=0.96447003099579731 0.97316436577133525 22.311815168958031 11.500000000000002 0.41706717473664651 0.33396634243707651 2.7842088729718051 0.01305384014745698 31.576814793598015 0.29870832981736767 0.69867051392725787 1.3016696235065903 4.9989795723965189 4.3264104153652498
decision_type=10 10 2 2 2 10 8 10 2 10 2 8 10 8
left_child=2 -2 -1 4 6 -5 7 8 -3 -9 -7 12 -8 -13
right_child=1 3 -4 5 -6 10 11 9 -10 -11 -12 13 -14 -15
leaf_value=-0.036031832316326444 -0.077202701594899684 -0.063591503881097564 0.0023683312272861352 0.020572464683286426 0.070920589876566395 -0.031145198079880743 -0.046744332180591298 0.10313470577137381 0.019036297127511904 0.019985571294581811 -0.104604403509258 0.034300973176370174 0.022248539139445012 -0.021004502346283933
leaf_weight=213 63 78 11408 207 113 448 395 74 136 147 62 173 86 263
leaf_count=213 63 78 11408 207 113 448 395 74 136 147 62 173 86 263
internal_value=-0.000142357 -0.00939976 0.00164931 -0.00727009 0.00058247 -0.0232076 -0.00553603 0.0197372 -0.0114205 0.0494931 -0.0410044 -0.017567 -0.0343068 0.0010802
internal_weight=13866 2245 11621 2182 1465 717 1352 435 214 221 510 917 481 436
internal_count=13866 2245 11621 2182 1465 717 1352 435 214 221 510 917 481 436
is_linear=0
shrinkage=0.03


Tree=194
num_leaves=15
num_cat=0
split_feature=8 9 6 6 22 17 18 8 32 9 8 21 8 31
split_gain=283.4 335.697 407.161 411.391 382.806 327.764 412.251 282.904 273.932 261.107 700.104 481.004 392.118 594.948
threshold=0.29870832981736767 0.67620233457411627 0.016814692172060035 -0.33230505640248825 0.00020124697791806633 0.34178260311182662 0.57932155129592966 1.8869313118156203 63.033120725428425 0.40989874980134916 -0.70419530494520444 0.059380156536379 -0.30462660984997741 51.131560746945375
decision_type=10 10 2 2 2 2 8 10 2 10 8 2 8 2
left_child=9 -2 3 7 -5 6 -4 -3 -8 10 -1 -12 13 -11
right_child=1 2 5 4 -6 -7 8 -9 -10 12 11 -13 -14 -15
leaf_value=0.064951888641963412 -0.00025428890584250677 -0.052643417403854142 0.025693386316699676 0.034882903893534073 -0.012966187952635962 -0.069342783138098329 -0.045819709157550521 -0.0097390234697636302 0.01374345757744529 0.001579908241209181 -0.0015698682799108637 -0.033615278130871992 0.013193734155814128 -0.060405397687376614
leaf_weight=130 2328 203 116 293 300 189 265 422 72 867 5176 454 2861 161
leaf_count=130 2328 203 116 293 300 189 265 422 72 867 5176 454 2861 161
internal_value=-0.00134058 -0.00785251 -0.0173364 -0.00708747 0.0107699 -0.0365755 -0.0222966 -0.0239816 -0.0389496 0.00148842 -0.00256624 -0.00418153 0.00748937 -0.0083733
internal_weight=13837 4188 1860 1218 593 642 453 625 337 9649 5760 5630 3889 1028
internal_count=13837 4188 1860 1218 593 642 453 625 337 9649 5760 5630 3889 1028
is_linear=0
shrinkage=0.03


Tree=195
num_leaves=15
num_cat=0
split_feature=35 11 10 6 1 34 35 6 18 26 9 18 6 3
split_gain=293.224 211.256 194.496 584.928 311.493 378.33 344.603 206.462 259.93 194.249 184.953 186.645 224.948 182.013
threshold=8.2584082584082594 1.1738005572395214 0.55000000000000016 -0.05205213219626182 4.9849610352170908 52.443389943389953 29.753579753579757 0.19238287463426831 0.51198402131939047 0.46560335770943345 0.43479509134010336 0.15128888577333552 0.0034467375263736318 -1.3241215215855549
decision_type=8 2 2 2 10 2 10 2 8 8 8 10 2 8
left_child=-1 2 7 -4 -5 -6 -7 10 -9 -3 11 -2 -13 -12
right_child=1 9 3 4 5 6 -8 8 -10 -11 13 12 -14 -15
leaf_value=0.049882395342495792 -0.011731493197298506 -0.013958558993988212 0.050786367495059118 0.0037021433999003322 0.01683227756806158 0.037051332162296204 0.10091000255812139 0.0037021433999003322 -0.013958558993988212 -0.067901275591295843 -0.013958558993988212 0.0037021433999003322 -0.013958558993988212 0.0037021433999003322
leaf_weight=106 1712 128 258 2427 155 149 98 215 627 72 150 1900 392 5377
leaf_count=106 1712 128 258 2427 155 149 98 215 627 72 150 1900 392 5377
internal_value=0.00131939 0.00092443 0.00138426 0.00798827 0.00400245 0.0299624 0.0572704 -0.000583988 -0.0139586 -0.0293014 0.000679115 -0.00425247 0.00134734 0.00370214
internal_weight=13766 13660 13460 3087 2829 402 247 10373 842 200 9531 4004 2292 5527
internal_count=13766 13660 13460 3087 2829 402 247 10373 842 200 9531 4004 2292 5527
is_linear=0
shrinkage=0.03


Tree=196
num_leaves=15
num_cat=0
split_feature=5 16 18 0 31 18 19 32 25 18 28 34 32 14
split_gain=288.877 364.087 362.823 353.055 322.425 334.815 597.36 336.516 395.822 328.477 215.841 194.102 230.655 209.934
threshold=-0.77177352961326362 37.04639163889707 0.28366433485667158 0.083439360648108571 8.4136642578201037 0.9620790278684056 0.68053375554007822 60.347344962729586 0.057158413839948803 0.72359182548857215 1.5000000000000002 33.420745920745929 39.533543379697235 1.6191374233547278
decision_type=2 10 8 8 2 8 8 2 10 10 2 2 2 2
left_child=1 2 -1 -4 10 6 9 -7 -9 -6 -5 13 -13 -2
right_child=11 -3 3 4 5 7 -8 8 -10 -11 -12 12 -14 -15
leaf_value=0.060171806269654016 -0.0065693413945904708 -0.07074525010964737 -0.038239591188030317 -0.0045169093321476656 0.019144083755589757 -0.021228353145411279 -0.021228353145411279 -0.0029855115996414048 0.062605240667129261 0.10218553842306137 0.066898422077298167 -0.0032470352028196939 0.0054517860453958122 -0.061596733067523349
leaf_weight=63 1190 82 331 65 107 837 102 146 97 70 85 2348 8137 61
leaf_count=63 1190 82 331 65 107 837 102 146 97 70 85 2348 8137 61
internal_value=-0.000132279 -0.0107017 -0.00793581 -0.0104245 -0.00421712 -0.00886319 0.0201866 -0.0164262 0.0152573 0.0538904 0.0368044 0.0016592 0.00299299 -0.00948706
internal_weight=13721 1985 1903 1840 1509 1359 279 1080 243 177 150 11736 10485 1251
internal_count=13721 1985 1903 1840 1509 1359 279 1080 243 177 150 11736 10485 1251
is_linear=0
shrinkage=0.03


Tree=197
num_leaves=15
num_cat=0
split_feature=27 6 9 18 28 6 26 16 27 10 19 9 5 22
split_gain=280.385 254.459 444.348 668.309 738.582 567.055 473.414 452.659 422.39 402.22 361.33 363.401 353.551 309.343
threshold=-1.0926241931447518 0.0098928469804979175 0.94490841038585127 0.9941641854863642 11.500000000000002 0.051213696614164174 1.0000000180025095e-35 11.394371093229511 -0.035246623431093298 0.45000000000000007 -1.2715917400932735 0.43479509134010336 -0.22464266942193664 0.0038628483163377198
decision_type=8 2 8 10 2 2 10 10 8 2 10 10 2 2
left_child=-1 9 5 8 -5 10 7 -7 -4 -2 -3 -12 -11 -8
right_child=1 2 3 4 -6 6 13 -9 -10 12 11 -13 -14 -15
leaf_value=0.046809340525187745 -0.00091144330818495895 0.03700454590885445 0.042965779820163003 -0.024325232895059605 -0.14862913656436527 0.022483050377132371 -0.0040442702668024447 -0.023831681278121485 -0.017576798278410383 0.036703935323443383 -0.039882205438433564 0.0095800846170508453 0.0069509810455674588 -0.05696370918629691
leaf_weight=108 7207 81 109 113 67 1418 585 215 1170 483 559 173 1349 115
leaf_count=108 7207 81 109 113 67 1418 585 215 1170 483 559 173 1349 115
internal_value=-0.000252616 -0.000642149 -0.00637822 -0.0200316 -0.0733604 -2.45229e-05 0.00749728 0.0163311 -0.01227 0.00228205 -0.0215231 -0.0282067 0.0148134 -0.0130805
internal_weight=13752 13644 4605 1459 180 3146 2333 1633 1279 9039 813 732 1832 700
internal_count=13752 13644 4605 1459 180 3146 2333 1633 1279 9039 813 732 1832 700
is_linear=0
shrinkage=0.03


Tree=198
num_leaves=15
num_cat=0
split_feature=18 9 13 19 1 5 5 19 18 33 0 10 35 5
split_gain=198.523 379.905 378.762 211.046 296.222 471.971 337.726 277.826 233.161 481.928 411.896 258.511 246.439 235
threshold=0.037157398020998975 0.55392770677373637 -1.9228642838417034 1.4552705173520446 17.162313782940114 -0.34053668244072061 0.79630428676130505 1.9439308504368082 0.11320256459676294 45.161980876266597 5.0186928742098553 0.63333333333333341 89.252414252414255 -0.99998780776236795
decision_type=8 10 10 10 10 2 2 8 8 2 8 2 10 2
left_child=1 2 -1 8 6 -6 7 -5 9 -2 11 -11 13 -10
right_child=3 -3 -4 4 5 -7 -8 -9 12 10 -12 -13 -14 -15
leaf_value=0.046373008203714386 -0.066558221503636328 0.081418334871138393 -0.040529926671793587 -0.036427577861328601 0.0066858275925119502 0.091633916137659019 -0.058152095756747506 -0.0046993471368443548 -0.039551384068013597 -0.033702333414680166 0.057950038595533951 0.019497136005366369 0.050949493320870461 0.0010254894780614566
leaf_weight=81 138 71 90 295 105 64 138 1456 125 167 77 94 83 10816
leaf_count=81 138 71 90 295 105 64 138 1456 125 167 77 94 83 10816
internal_value=-0.00104515 0.0256094 0.000782589 -0.00153018 -0.0103657 0.0271572 -0.0137855 -0.0101333 5.48058e-05 -0.0203912 -0.000846445 -0.0189558 0.000946477 0.000544047
internal_weight=13800 242 171 13558 2058 169 1889 1751 11500 476 338 261 11024 10941
internal_count=13800 242 171 13558 2058 169 1889 1751 11500 476 338 261 11024 10941
is_linear=0
shrinkage=0.03


Tree=199
num_leaves=15
num_cat=0
split_feature=6 9 18 0 26 28 28 19 5 13 7 32 6 19
split_gain=325.657 516.062 610.538 483.201 463.405 454.631 412.155 354.386 502.982 383.167 316.45 350.448 309.894 294.659
threshold=0.0098928469804979175 0.94490841038585127 0.86703753581614784 2.3619790636406948 1.0554470580743314 15.500000000000002 11.500000000000002 0.27706088465364959 0.17704732522472016 -0.41294618548736173 0.14774755066032433 31.576814793598015 0.13303886926796035 -0.63808732418484648
decision_type=2 8 10 8 10 2 2 10 2 10 8 2 2 10
left_child=-1 3 4 10 5 7 -4 8 9 12 -2 -12 -3 -10
right_child=1 2 6 -5 -6 -7 -8 -9 13 -11 11 -13 -14 -15
leaf_value=0.00255103202455221 0.0044264507704322208 -0.046228653680067504 -0.031376434677365152 0.017100081226120074 0.065355737815109588 0.044030942044930882 -0.10915158638344058 -0.054496427818705312 -0.0027773747916818282 -0.089526683645150096 -0.084449313067186338 -0.01306335673985539 0.01387173894303341 0.05992494154227785
leaf_weight=9105 681 175 160 981 60 96 101 239 358 92 60 1413 132 78
leaf_count=9105 681 175 160 981 60 96 101 239 358 92 60 1413 132 78
internal_value=-0.000742092 -0.00721945 -0.0217168 -0.000300949 -0.0127458 -0.0170121 -0.0629593 -0.0226472 -0.013261 -0.0373882 -0.00824718 -0.016247 -0.0205793 0.00899225
internal_weight=13731 4626 1491 3135 1230 1170 261 1074 835 399 2154 1473 307 436
internal_count=13731 4626 1491 3135 1230 1170 261 1074 835 399 2154 1473 307 436
is_linear=0
shrinkage=0.03


Tree=200
num_leaves=15
num_cat=0
split_feature=28 13 25 7 5 4 25 6 9 30 33 9 1 13
split_gain=196.504 270.77 212.757 342.648 376.553 296.435 272.198 236.705 417.609 359.174 223.953 212.479 317.297 211.336
threshold=1.5000000000000002 -81.822719893800723 2.9978661367769956 2.998734241989172 -0.99920528151835775 -0.31551453387075523 0.15415067982725819 -0.39215592830092327 4.9989795723965189 38.607820750677895 61.979449122306264 0.067971446189417611 5.7775355730067908 -44.954365470477221
decision_type=2 10 8 10 2 8 10 2 10 2 2 10 8 10
left_child=1 -1 3 -2 -5 -6 -7 8 9 -4 11 12 -9 -8
right_child=2 -3 7 4 5 6 13 10 -10 -11 -12 -13 -14 -15
leaf_value=-0.0062641886980984249 -0.0001866206278516756 -0.04615223972567601 -0.095458880108136385 0.029981991083194048 -0.087133600722466203 -0.054428335864914738 0.0067662847814191239 -0.046518647492785177 0.032466392165869475 -0.014466075059281637 0.019974508678522806 0.010067507021569099 0.0044623382610428199 -0.030770761760572588
leaf_weight=859 9460 182 60 112 65 122 267 168 120 214 1252 401 299 265
leaf_count=859 9460 182 60 112 65 122 267 168 120 214 1252 401 299 265
internal_value=-0.000922863 -0.0134252 9.83726e-05 -0.00181365 -0.0202236 -0.0281973 -0.0217231 0.00791325 -0.0133198 -0.0335946 0.0118814 0.000160505 -0.0141762 -0.0120441
internal_weight=13846 1041 12805 10291 831 719 654 2514 394 274 2120 868 467 532
internal_count=13846 1041 12805 10291 831 719 654 2514 394 274 2120 868 467 532
is_linear=0
shrinkage=0.03


Tree=201
num_leaves=15
num_cat=0
split_feature=5 18 13 34 6 8 8 31 5 18 25 14 26 27
split_gain=290.901 256.019 327.455 466.339 641.734 460.868 314.402 339.93 323.501 293.819 436.184 251.357 255.724 245.019
threshold=-0.99998780776236795 0.32614479979084915 -15.502686549988644 44.942557442557451 0.089005684008722122 1.6893222827117473 -0.9022770828101131 41.57357793721431 -0.99895751731029481 0.47926197175325069 -0.2546932187825241 0.041896861810618254 1.0000000180025095e-35 0.32937287692130651
decision_type=2 10 10 2 2 8 8 2 2 10 8 2 8 8
left_child=-1 2 6 4 -4 -6 7 -2 -8 10 -3 12 -12 -13
right_child=1 9 3 -5 5 -7 8 -9 -10 -11 11 13 -14 -15
leaf_value=-0.037589596570786379 0.018368078722186123 0.050272568791456841 -0.012609210316031594 3.2766875568342456e-05 -0.012609210316031594 -0.10981145515662281 0.038106914516247342 0.094945415752274651 0.0035909712496124411 -0.002472435581821481 0.032311007363023232 -0.058519046655026809 -0.020608187291278699 -0.020608187291278699
leaf_weight=186 219 64 633 1476 64 114 251 65 5437 4572 107 287 104 231
leaf_count=186 219 64 633 1476 64 114 251 65 5437 4572 107 287 104 231
internal_value=-0.000822884 -0.000307325 0.00300668 -0.0066365 -0.0252512 -0.0748431 0.00670204 0.037234 0.00514622 -0.00540703 -0.0222048 -0.0288668 -0.00119855 -0.0400178
internal_weight=13810 13624 8259 2287 811 178 5972 284 5688 5365 793 729 211 518
internal_count=13810 13624 8259 2287 811 178 5972 284 5688 5365 793 729 211 518
is_linear=0
shrinkage=0.03


Tree=202
num_leaves=15
num_cat=0
split_feature=25 15 27 18 6 3 6 32 35 18 8 9 35 6
split_gain=226.578 456.474 269.954 433.027 198.726 180.179 256.106 393.39 336.987 464.21 234.059 213.197 183.909 177.889
threshold=-1.073575769676949 0.63333333333333341 -0.4700036292457353 0.3701661980154895 0.9904983019613105 22.026818780270016 -0.75789087746669204 55.586720971336362 79.79520479520481 0.9994593330874596 -2.9983170795021699 4.9989795723965189 43.231768231768235 0.0034467375263736318
decision_type=8 2 8 10 2 10 2 2 8 8 8 10 10 2
left_child=1 -1 3 -2 5 6 7 8 9 -4 -7 -9 -11 -8
right_child=2 -3 4 -5 -6 10 13 11 -10 12 -12 -13 -14 -15
leaf_value=0.00071580185754898859 0.012005252174319163 0.09231639717246444 -0.089163736171891966 -0.068926540985703458 -0.038040092175006868 0.06232069255430487 0.0032588356901752991 -0.012113254526751291 -0.012113254526751291 -0.054144748077048235 0.0081390168466935406 0.0060004514438990672 -0.012113254526751291 -0.0044941660662901764
leaf_weight=158 106 66 146 127 120 74 6962 95 205 106 813 261 159 4307
leaf_count=158 106 66 146 127 120 74 6962 95 205 106 813 261 159 4307
internal_value=-0.000459391 0.0291316 -0.000961693 -0.0326291 -0.000392641 -3.41624e-05 -0.000982338 -0.0157167 -0.030227 -0.0470506 0.0129832 0.00600045 -0.0226271 0.000294968
internal_weight=13705 224 13481 233 13248 13128 12241 972 616 411 887 356 265 11269
internal_count=13705 224 13481 233 13248 13128 12241 972 616 411 887 356 265 11269
is_linear=0
shrinkage=0.03


Tree=203
num_leaves=15
num_cat=0
split_feature=8 28 30 2 18 16 28 28 16 32 16 28 8 10
split_gain=366.467 385.627 301.973 283.549 394.811 334.074 249.46 323.308 396.516 549.315 367.547 404.055 315.675 368.663
threshold=-2.9983170795021699 12.500000000000002 68.689049046191926 0.41702898550724643 0.98642752353777674 9.1857737841161917 1.5000000000000002 8.5000000000000018 32.676443720284517 59.198493813878436 -6.5736481697768436 14.500000000000002 0.3109987568674813 0.29166666666666669
decision_type=8 2 2 2 10 10 2 2 8 2 8 2 10 2
left_child=1 -1 -3 4 6 -5 -2 8 -8 -10 11 -9 13 -12
right_child=3 2 -4 5 -6 -7 7 10 9 -11 12 -13 -14 -15
leaf_value=0.090273595026561182 -0.012213683609222632 -0.031311083836264388 0.049976258519329603 -0.014839918901427433 -0.012213683609222632 -0.087091884888135462 0.020124089097855936 0.017571256171814618 -0.0084330623882653364 0.010933507790305887 -0.012213683609222632 0.093588389891844537 -0.012213683609222632 0.010480257765431667
leaf_weight=72 861 81 74 541 1963 60 1506 91 2107 1406 1015 73 2224 1704
leaf_count=72 861 81 74 541 1963 60 1506 91 2107 1406 1015 73 2224 1704
internal_value=-0.00201536 0.0353726 0.00784607 -0.00265448 -0.00171521 -0.0227122 0.000525832 0.00186903 0.00727291 0.00174293 -0.00344365 0.0400689 -0.00492635 0.00196498
internal_weight=13778 227 155 13551 12950 601 10987 10126 5019 3513 5107 164 4943 2719
internal_count=13778 227 155 13551 12950 601 10987 10126 5019 3513 5107 164 4943 2719
is_linear=0
shrinkage=0.03


Tree=204
num_leaves=15
num_cat=0
split_feature=25 15 5 26 5 1 10 26 8 5 6 7 7 34
split_gain=231.107 422.458 208.464 324.855 265.318 207.722 380.834 378.857 343.219 320.302 262.254 207.272 362.247 477.336
threshold=-1.073575769676949 0.63333333333333341 -0.99979131877397132 -0.003356626876534818 -0.99962779036334315 4.6385883258758218 1.0000000180025095e-35 -0.071060314136675892 1.5415905392642435 -0.79271894237318652 0.0098928469804979175 0.10149557479135397 0.82025866536242653 49.810189810189819
decision_type=8 2 2 10 2 8 2 8 8 2 2 8 8 2
left_child=1 -1 3 -2 -4 6 8 -7 -6 -10 -8 -9 13 -13
right_child=2 -3 4 -5 5 7 10 11 9 -11 -12 12 -14 -15
leaf_value=0.0033633716861929809 -0.050587605844709754 0.089659619581054992 0.053043728958476671 -0.0021213310562350129 -0.04477635372209867 0.060366497107047952 0.00211716117631934 0.00211716117631934 -0.060084038756957114 -0.0087883232005983858 -0.0060124389467539263 0.00211716117631934 0.0087429126911014801 0.099306772078010946
leaf_weight=166 176 69 83 400 310 108 3626 2183 105 714 3848 60 1864 89
leaf_count=166 176 69 83 400 310 108 3626 2183 105 714 3848 60 1864 89
internal_value=0.000859471 0.0300415 0.000343078 -0.0172384 0.001129 0.000774749 -0.00191722 0.00615154 -0.018117 -0.00878832 0.000540342 0.00468593 0.0124219 0.0566686
internal_weight=13801 235 13566 576 12990 12907 8603 4304 1129 819 7474 4196 2013 149
internal_count=13801 235 13566 576 12990 12907 8603 4304 1129 819 7474 4196 2013 149
is_linear=0
shrinkage=0.03


Tree=205
num_leaves=15
num_cat=0
split_feature=7 15 25 33 10 1 28 3 9 5 35 13 22 9
split_gain=198.384 484.02 475.548 351.474 337.681 281.495 255.811 217.405 305.176 216.869 390.759 246.648 221.126 280.349
threshold=-0.1158530141624645 0.36666666666666675 -0.96779413010344062 28.133770990913849 0.55000000000000016 3.5161337745819989 7.5000000000000009 23.966738561979806 1.5051912398882499 -0.94776536059788008 55.253080253080263 -23.317311264261061 0.0083957683073413083 0.55392770677373637
decision_type=8 2 10 2 2 10 2 10 10 2 8 10 2 10
left_child=1 3 -3 -1 5 -4 -6 9 -9 10 11 -2 -11 -14
right_child=7 2 4 -5 6 -7 -8 8 -10 12 -12 -13 13 -15
leaf_value=-0.055074387938560294 -0.02039729819012185 0.073344561400470035 0.0011457528512576927 -0.0039519507542098327 0.078574120406234682 0.016835266453694243 0.021504758792821772 0.0040098467189893724 0.040285832683768973 -0.0012988446659889694 -0.0049379203241484166 -0.079488580709695819 -0.036984168218793037 -0.010026598932055177
leaf_weight=139 139 111 1011 765 81 335 443 583 244 8591 602 120 417 285
leaf_count=139 139 111 1011 765 81 335 443 583 244 8591 602 120 417 285
internal_value=-0.000920595 0.00607363 0.0143638 -0.0120723 0.0106766 0.0026847 0.0309858 -0.00276009 0.0119861 -0.00396641 -0.0183263 -0.0487624 -0.00262682 -0.0187544
internal_weight=13866 2885 1981 904 1870 1346 524 10981 827 10154 861 259 9293 702
internal_count=13866 2885 1981 904 1870 1346 524 10981 827 10154 861 259 9293 702
is_linear=0
shrinkage=0.03


Tree=206
num_leaves=15
num_cat=0
split_feature=5 6 27 27 35 18 28 8 16 9 12 8 1 18
split_gain=234.829 325.359 193.448 398.21 345.618 295.538 224.841 455.612 380.916 521.606 328.571 223.62 208.204 575.493
threshold=0.9996510016704615 0.9904983019613105 -1.0926241931447518 -0.33647223662121267 14.993339993339996 0.34890011010092986 16.500000000000004 -0.094507720716563867 37.04639163889707 1.1116644101759616 0.052980760756006696 0.68773799038626582 5.1607757135385581 0.89380533394646755
decision_type=2 2 8 8 10 10 2 10 10 8 2 8 10 10
left_child=1 2 -1 4 -4 -6 8 -8 12 -10 -9 -11 -5 -14
right_child=-2 -3 3 6 5 -7 7 10 9 11 -12 -13 13 -15
leaf_value=0.036344562139725541 0.046589547742927527 -0.055968867434682892 0.028858096610654044 -0.0024209749510755827 -0.013031840331443561 -0.069737288650104451 0.047169713461523724 0.0082674951856003195 -0.015801668901448896 -0.038062296404192848 -0.057198564904753731 -0.11989694571650739 0.0028863839414685604 0.0409194209062499
leaf_weight=118 87 93 69 9917 159 174 258 540 251 67 74 62 1601 392
leaf_count=118 87 93 69 9917 159 174 258 540 251 67 74 62 1601 392
internal_value=-0.00118196 -0.00150047 -0.00110992 -0.00144903 -0.0306749 -0.043255 -0.000545089 0.0141308 -0.0015917 -0.0309613 -2.08429e-05 -0.0803999 -0.000642032 0.00819374
internal_weight=13862 13775 13682 13564 402 333 13162 872 12290 380 614 129 11910 1993
internal_count=13862 13775 13682 13564 402 333 13162 872 12290 380 614 129 11910 1993
is_linear=0
shrinkage=0.03


Tree=207
num_leaves=15
num_cat=0
split_feature=7 28 26 0 16 22 25 25 19 16 35 35 27 29
split_gain=235.696 401.033 502.516 368.573 328.033 505.25 308.787 288.6 277.763 276.29 489.618 265.334 254.424 221.749
threshold=0.32365272462623734 15.500000000000002 -0.11792772911825987 0.11618299536160366 13.199341428342342 0.011042021940733563 0.17946325281544787 2.7828983658411492 -0.5658426475172601 2.385525053177679 79.029304029304043 33.391608391608408 0.14950027661629187 65.092993397265218
decision_type=10 2 10 10 10 2 10 10 10 8 10 10 10 2
left_child=1 4 8 -4 -1 6 -6 13 -3 10 -9 -5 -13 -2
right_child=7 2 3 11 5 -7 -8 9 -10 -11 -12 12 -14 -15
leaf_value=0.0016741238708798294 -0.01212009897025444 0.11210695583479745 -0.02240327596856289 -0.00029700915194111717 -0.0095980927863421606 -0.0945295134081027 -0.052713257349896556 0.10033992930054665 0.034303224318456359 -0.0067729321014172476 0.013846449323735134 0.048876407406642099 0.0020806340447493965 0.015074126983369776
leaf_weight=8053 3137 65 228 152 468 69 84 70 118 302 206 315 156 291
leaf_count=8053 3137 65 228 152 468 69 84 70 118 302 206 315 156 291
internal_value=-0.000367774 0.00215879 0.0197719 0.00990216 4.90006e-05 -0.0208703 -0.010897 -0.00648561 0.064185 0.0130456 0.0344658 0.0218093 0.0335618 -0.00979301
internal_weight=13714 9708 1034 851 8674 621 552 4006 183 578 276 623 471 3428
internal_count=13714 9708 1034 851 8674 621 552 4006 183 578 276 623 471 3428
is_linear=0
shrinkage=0.03


Tree=208
num_leaves=15
num_cat=0
split_feature=6 33 19 28 1 9 5 18 7 31 27 31 35 31
split_gain=275.785 408.832 358.532 464.622 547.768 567.851 443.065 383.536 337.366 367.561 241.261 273.479 219.524 209.106
threshold=0.012655468086638063 33.88278388278389 0.71143275740966516 8.5000000000000018 2.9971015929757501 1.1876315118287286 0.35850969499401403 0.98642752353777674 -0.025904436630431956 74.14316452777993 -0.081451735468426753 59.440559440559454 74.184149184149206 57.761286332714903
decision_type=2 2 8 2 10 8 2 8 8 2 10 2 10 2
left_child=-1 8 6 4 12 -6 10 -8 -2 -10 11 -3 -4 -12
right_child=1 2 3 -5 5 -7 7 -9 9 -11 13 -13 -14 -15
leaf_value=0.0022308738383048916 -0.018470677940923112 0.06687450135592371 -0.018470677940923112 -0.018470677940923112 0.072284461393643765 0.0087169097696384139 0.051158368344916855 0.0013875114484777991 -0.078132654421318032 -0.018470677940923112 -0.018470677940923112 -0.0075352462905368973 0.0087169097696384139 0.00076430337099695162
leaf_weight=9229 195 83 761 676 164 255 296 260 203 69 364 88 318 869
leaf_count=9229 195 83 761 676 164 255 296 260 203 69 364 88 318 869
internal_value=-0.000760345 -0.00675624 -0.00373137 -0.0121075 -8.44369e-05 0.028826 0.00556642 0.028104 -0.03321 -0.0568435 -0.00342679 0.0294556 -0.0113922 -0.00808767
internal_weight=13830 4601 4134 2174 1498 419 1960 556 467 272 1404 171 1079 1233
internal_count=13830 4601 4134 2174 1498 419 1960 556 467 272 1404 171 1079 1233
is_linear=0
shrinkage=0.03


Tree=209
num_leaves=15
num_cat=0
split_feature=35 27 35 27 18 9 6 31 19 10 13 18 9 15
split_gain=258.497 246.079 220.86 380.708 317.388 309.726 222.703 375.426 303.821 526.96 434.608 480.759 292.198 288.784
threshold=96.06227106227108 -1.0926241931447518 8.2584082584082594 -0.3776394808334757 0.34890011010092986 0.84950756238683078 0.0034467375263736318 48.405440713133025 0.66441306107222176 0.63333333333333341 -7.9969425573365074 0.010977149403648823 1.395814279163891 0.70833333333333337
decision_type=10 8 8 8 10 10 2 2 8 2 10 10 10 2
left_child=1 -1 -3 4 5 -4 7 -5 9 13 -10 -12 -11 -8
right_child=-2 2 3 6 -6 -7 8 -9 10 12 11 -13 -14 -15
leaf_value=0.043469208176618659 0.057591998065295427 0.046389319707470185 -0.047836038053035733 -0.0012249737034829931 -0.061317041257049794 0.033912696338238867 -0.032032496189084513 0.013363869844048241 -0.0021797366295280255 0.010420854679928171 -0.10235853651410912 -0.022139194224528182 0.065089075726898094 -0.00018765919882728644
leaf_weight=108 64 83 70 6327 167 89 450 2114 1383 1254 68 955 90 587
leaf_count=108 64 83 70 6327 167 89 450 2114 1383 1254 68 955 90 587
internal_value=-0.000329422 -0.000619963 -0.000984937 -0.00129204 -0.0330708 -0.00243847 -0.000496662 0.00243447 -0.00566232 0.00193522 -0.0131693 -0.0279434 0.0143094 -0.0140939
internal_weight=13809 13745 13637 13554 326 159 13228 8441 4787 2381 2406 1023 1344 1037
internal_count=13809 13745 13637 13554 326 159 13228 8441 4787 2381 2406 1023 1344 1037
is_linear=0
shrinkage=0.03


Tree=210
num_leaves=15
num_cat=0
split_feature=28 20 26 18 9 19 8 13 8 28 8 22 18 7
split_gain=237.659 575.446 361.91 358.172 412.728 318.511 360.46 283.394 430.526 403.631 397.916 388.119 278.416 276.444
threshold=15.500000000000002 0.62955399543320234 -0.18410543288216449 0.89380533394646755 0.64937659653437352 -0.50585760968569804 0.052405709826063969 2.0004745159920572 -2.6615409674307835 12.500000000000002 -0.23387685429767566 0.0065448393825323194 0.08942260635863114 -0.073390549960019577
decision_type=2 8 10 10 10 10 10 10 8 2 8 2 8 10
left_child=7 -2 -3 5 -5 -4 -7 8 9 -1 11 -9 -10 -8
right_child=1 2 3 4 -6 6 13 10 12 -11 -12 -13 -14 -15
leaf_value=0.099163772593203345 0.075739730301156508 0.040614793783168082 -0.027335493080119819 0.015711625959823089 -0.057872328116248054 0.035882095180270149 0.040614793783168082 -0.023551095009501526 0.026919040068740321 -0.0020907423708220602 -0.0070502619768647353 -0.10716619184634216 -0.0014743307861577006 -0.014435665536452126
leaf_weight=71 108 207 183 108 175 405 60 183 316 66 1671 66 9794 351
leaf_count=71 108 207 183 108 175 405 60 183 316 66 1671 66 9794 351
internal_value=-0.000400186 0.0104622 0.00548986 -0.000515378 -0.0300056 0.00794653 0.0159773 -0.00182966 0.000154316 0.0520282 -0.012391 -0.0473874 -0.000573995 -0.00383239
internal_weight=13764 1597 1489 1282 283 999 816 12167 10247 137 1920 249 10110 411
internal_count=13764 1597 1489 1282 283 999 816 12167 10247 137 1920 249 10110 411
is_linear=0
shrinkage=0.03


Tree=211
num_leaves=15
num_cat=0
split_feature=6 19 17 6 9 10 27 27 9 9 21 19 4 6
split_gain=314.802 493.747 459.575 405.16 608.751 359.511 372.406 535.148 465.616 354.461 351.154 324.143 482.943 419.896
threshold=0.0034467375263736318 -2.6249789207059977 1.3012735150685752 -0.47649239746626365 1.8373188509460294 0.81666666666666676 0.60696156758955222 0.48640147106874904 0.84036074175184783 0.14202230822717374 0.14083453164360868 0.41531620809648123 inf 0.13740213044046892
decision_type=2 8 2 2 8 2 8 10 10 10 2 10 8 2
left_child=3 -2 9 4 -1 6 7 -5 10 -3 -8 13 -13 -11
right_child=1 2 -4 5 -6 -7 8 -9 -10 11 -12 12 -14 -15
leaf_value=-0.06595324733094568 -0.065022689045660872 -0.019153361773215839 -0.041161155853320294 0.00048226478570325543 -0.0053349516363806575 0.064322110707615759 0.010927930218601577 -0.074678084490628072 0.034303810775545562 -0.0061381633323328534 -0.040143724554489078 -0.016100970508105134 0.032284723685653362 0.02193660585041448
leaf_weight=158 127 1027 311 4257 1764 86 2023 82 341 882 124 1326 211 1041
leaf_count=158 127 1027 311 4257 1764 86 2023 82 341 882 124 1326 211 1041
internal_value=-0.00169763 -0.00777119 -0.00618966 0.0016905 -0.0104763 0.00507834 0.00428551 -0.00102246 0.0135259 -0.00372262 0.00789187 0.000878571 -0.00937542 0.00907735
internal_weight=13760 4925 4798 8835 1922 6913 6827 4339 2488 4487 2147 3460 1537 1923
internal_count=13760 4925 4798 8835 1922 6913 6827 4339 2488 4487 2147 3460 1537 1923
is_linear=0
shrinkage=0.03


Tree=212
num_leaves=15
num_cat=0
split_feature=8 28 19 19 8 27 21 25 28 6 7 15 6 9
split_gain=234.998 553.058 216.629 306.153 295.262 273.341 250.452 349.313 410.939 318.029 332.229 329.049 278.261 277.608
threshold=-2.9983170795021699 11.500000000000002 0.47452643800960642 0.34703384431927559 -0.6085097815806132 2.086338202746004 0.0068667184688615589 0.47000362924573541 10.500000000000002 0.064969848244468609 2.998734241989172 0.22500000000000003 0.31146211691595216 1.0404003216637874
decision_type=8 2 10 10 10 10 2 10 2 2 10 2 2 10
left_child=1 -1 3 5 -5 -2 7 -4 9 10 11 -9 -8 -11
right_child=2 -3 6 4 -6 -7 12 8 -10 13 -12 -13 -14 -15
leaf_value=0.10487336763739585 0.00183290181777043 0.0028466536252097011 -0.012226686562345188 0.071677333658295012 0.01235055786998562 -0.059894944629990135 -0.016004355841726475 -0.012226686562345188 -0.012226686562345188 0.047106609737470419 -0.012226686562345188 0.042974152882363052 -0.081028379161249497 -0.012226686562345188
leaf_weight=60 9660 182 1267 100 279 60 633 104 405 366 358 257 61 65
leaf_count=60 9660 182 1267 100 279 60 633 104 405 366 358 257 61 65
internal_value=0.000753201 0.0297534 0.000227003 0.00245997 0.0287335 0.00142127 -0.00618112 -0.00219493 0.00737884 0.0167564 0.00446453 0.0247882 -0.0222584 0.0369754
internal_weight=13857 242 13615 10099 379 9720 3516 2822 1555 1150 719 361 694 431
internal_count=13857 242 13615 10099 379 9720 3516 2822 1555 1150 719 361 694 431
is_linear=0
shrinkage=0.03


Tree=213
num_leaves=15
num_cat=0
split_feature=5 28 7 9 16 9 34 26 26 35 29 7 35 16
split_gain=244.922 238.341 295.26 271.348 190.184 181.921 493.178 318.486 455.818 440.781 376.625 371.219 316.708 347.688
threshold=0.76880355066050521 7.5000000000000009 0.67518118344634648 1.2671327376887132 0.0042125669439379886 0.16334228283679564 52.980352980352983 1.0000000180025095e-35 0.097871414230803047 40.867465867465874 61.111705444073088 0.68984153302932161 75.832500832500855 13.001213894929135
decision_type=2 2 10 8 10 10 2 10 10 10 2 10 10 8
left_child=5 3 4 -2 -3 6 -1 12 11 -10 -11 -9 -7 -14
right_child=1 2 -4 -5 -6 7 -8 8 9 10 -12 -13 13 -15
leaf_value=-0.018523008255549422 0.04317147717276152 0.01470725115345742 -0.067693324252969311 -0.019598783860085428 -0.045296680256724356 0.0049893537586972441 0.0019716768026721058 -0.022608413762671833 0.062784567931865126 -0.0090371562117510778 0.029880808513165671 -0.10217823426554408 0.062209860603349973 0.00041648999497985207
leaf_weight=1518 89 109 144 177 77 5542 3449 308 89 1644 254 60 182 146
leaf_count=1518 89 109 144 177 77 5542 3449 308 89 1644 254 60 182 146
internal_value=-0.000626446 -0.0193559 -0.0361911 0.00181233 -0.0106686 0.000226741 -0.00430418 0.00296387 -0.00634721 -0.000633229 -0.00376413 -0.0367775 0.00670163 0.0351235
internal_weight=13788 596 330 266 186 13192 4967 8225 2355 1987 1898 368 5870 328
internal_count=13788 596 330 266 186 13192 4967 8225 2355 1987 1898 368 5870 328
is_linear=0
shrinkage=0.03


Tree=214
num_leaves=15
num_cat=0
split_feature=11 25 19 2 33 9 35 33 16 32 26 9 9 18
split_gain=188.487 205.938 278.56 295.592 294.546 437.297 270.623 248.36 325.044 240.257 185.913 366.467 254.931 435.938
threshold=2.0101010101010108 2.7828983658411492 1.4552705173520446 0.40550595238095244 78.681318681318686 4.9989795723965189 89.252414252414255 63.725163725163725 5.2469797192367782 63.943748559133184 1.0000000180025095e-35 0.10134501794315072 0.19543557116419999 0.98642752353777674
decision_type=2 10 10 2 2 10 10 2 8 2 10 10 10 10
left_child=1 2 3 6 -4 9 10 -3 -9 -6 12 -12 -1 -14
right_child=-2 7 4 -5 5 -7 -8 8 -10 -11 11 -13 13 -15
leaf_value=-0.0027894937207768515 -0.032533496815163425 0.0027575157648909868 -0.016639962390995491 -0.016639962390995491 -0.0057542056532054508 0.073865727638340969 0.051796260852604463 0.081200408301240687 0.022794656043669367 0.036785423811525102 0.042057311381090819 -0.0077636628374008025 0.011244232837634626 -0.0077636628374008025
leaf_weight=4263 165 423 909 504 401 68 89 106 97 115 128 1811 4027 617
leaf_count=4263 165 423 909 504 401 68 89 106 97 115 128 1811 4027 617
internal_value=-0.00114033 -0.000746428 -0.00156242 3.06024e-05 -0.0137271 0.00513155 0.00111264 0.0159893 0.0428318 -0.0045484 0.000673062 -0.00773314 0.00250635 0.00736549
internal_weight=13723 13558 12932 11439 1493 584 10935 626 203 516 10846 1939 8907 4644
internal_count=13723 13558 12932 11439 1493 584 10935 626 203 516 10846 1939 8907 4644
is_linear=0
shrinkage=0.03


Tree=215
num_leaves=15
num_cat=0
split_feature=8 13 28 16 16 20 6 12 9 1 8 32 6 6
split_gain=275.476 326.914 220.429 525.738 475.445 466.396 420.628 351.002 331.937 333.274 310.188 252.133 238.317 365.89
threshold=-2.9983170795021699 1.47107736713402 14.500000000000002 -9.2221798635307604 13.199341428342342 0.53273444203789311 0.61481142621195828 0.27434893873250044 1.2011621495329485 6.2643996384852221 -0.12179121213259324 31.931704658977392 -0.99998351529026996 -0.75789087746669204
decision_type=8 8 2 8 10 8 2 2 10 10 8 2 2 2
left_child=1 -1 4 -4 12 -5 7 11 10 -10 -6 -7 -2 -14
right_child=2 -3 3 5 8 6 -8 -9 9 -11 -12 -13 13 -15
leaf_value=0.085206242419097203 0.043858541394671741 0.0091206644818423287 0.086507493146770698 0.045789041382827321 -0.075920421659946447 -0.021690138282324321 -0.065007164606667431 -0.050601866088621314 -0.085636220235488753 -0.012590835713004485 -0.012590835713004485 0.010832788334439359 -0.012590835713004485 0.00058679911820095677
leaf_weight=66 101 184 69 134 65 144 78 95 129 66 580 1571 969 9562
leaf_count=66 101 184 69 134 65 144 78 95 129 66 580 1571 969 9562
internal_value=-0.000408341 0.0304841 -0.00098879 0.00795784 -0.00262225 0.00507059 0.00103822 0.00405562 -0.0242812 -0.058101 -0.0136884 0.00722159 -0.000900433 -0.00135031
internal_weight=13813 250 13563 2091 11472 2022 1888 1810 840 195 645 1715 10632 10531
internal_count=13813 250 13563 2091 11472 2022 1888 1810 840 195 645 1715 10632 10531
is_linear=0
shrinkage=0.03


Tree=216
num_leaves=15
num_cat=0
split_feature=11 18 13 9 18 18 13 34 17 27 18 31 13 8
split_gain=201.795 191.974 257.307 283.595 187.539 256.508 276.088 239.385 258.43 210.489 166.766 359.47 294.206 419.276
threshold=1.9512659432705122 0.037157398020998975 -5.3998496793565733 0.55392770677373637 0.48827384531311341 0.32614479979084915 -14.765204297884095 45.288045288045296 0.079651089854757925 -1.0926241931447518 0.83236645670547238 34.634596173057723 3.9544772574028575 -0.94505213146831746
decision_type=2 8 10 10 8 10 8 2 2 8 8 2 10 8
left_child=1 2 -1 -4 5 6 -3 -8 -9 -6 11 -11 13 -12
right_child=-2 4 3 -5 9 -7 7 8 -10 10 12 -13 -14 -15
leaf_value=0.065660203889012336 -0.03359084125909674 0.048993795711424322 -0.017288116262928015 0.033850902020885539 0.045783525845854649 -0.017288116262928015 -0.017288116262928015 0.022240207790326774 -0.0050101780363592157 -0.017288116262928015 0.029321600512648333 0.015063535494448893 -0.017288116262928015 -0.0015477033833045579
leaf_weight=85 168 86 98 60 86 846 648 322 904 229 412 1344 720 7856
leaf_count=85 168 86 98 60 86 846 648 322 904 229 412 1344 720 7856
internal_value=-0.00139246 -0.000985391 0.0251702 0.0020416 -0.00146701 -0.00835925 -0.00204692 -0.00451338 0.00333543 0.000352498 -3.89453e-05 0.00895639 -0.00161733 7.32638e-06
internal_weight=13864 13696 243 158 13453 2806 1960 1874 1226 10647 10561 1573 8988 8268
internal_count=13864 13696 243 158 13453 2806 1960 1874 1226 10647 10561 1573 8988 8268
is_linear=0
shrinkage=0.03


Tree=217
num_leaves=15
num_cat=0
split_feature=1 13 18 10 8 9 6 18 35 16 25 6 19 25
split_gain=212.525 397.336 399.137 331.595 346.65 495.4 297.582 295.752 276.486 261.924 255.628 228.092 234.917 213.094
threshold=5.1607757135385581 29.476544470490776 0.89380533394646755 1.0000000180025095e-35 0.93251705021916032 1.2342703793834811 -0.66778142453824729 0.99289524853706379 41.317016317016325 -1.0197785241441617 0.58537462753353886 0.0034467375263736318 0.4659817897559782 -0.26310117733359023
decision_type=8 8 10 2 8 10 2 10 8 10 8 2 8 8
left_child=3 2 13 4 5 -1 -6 -4 -9 10 -10 -5 -13 -2
right_child=1 -3 7 11 6 -7 -8 8 9 -11 -12 12 -14 -15
leaf_value=-0.080399419349360179 0.056983328903601922 0.0010018442211998588 0.075149079809928757 0.0010018442211998588 -0.049595957848629572 -0.0090567596529041814 -0.0090567596529041814 0.0091717455013564566 0.09716713960671966 0.012271119259463942 0.039258785603651002 0.0010018442211998588 -0.0090567596529041814 0.0091717455013564566
leaf_weight=161 83 3009 140 3598 159 157 750 88 105 152 70 1969 2341 966
leaf_count=161 83 3009 140 3598 159 157 750 88 105 152 70 1969 2341 966
internal_value=-0.00029589 0.00494982 0.0173416 -0.00294613 -0.0174232 -0.0441873 -0.00905676 0.0380508 0.0247901 0.0417197 0.0662465 -0.000690283 -0.00626632 0.00917175
internal_weight=13748 4613 1604 9135 1227 318 909 555 415 327 175 7908 4310 1049
internal_count=13748 4613 1604 9135 1227 318 909 555 415 327 175 7908 4310 1049
is_linear=0
shrinkage=0.03


Tree=218
num_leaves=15
num_cat=0
split_feature=35 18 31 32 28 1 10 4 16 8 8 26 35 28
split_gain=237.414 196.586 347.282 294.676 488.831 256.88 536.294 370.867 258.702 457.853 259.667 232.081 334.934 397.749
threshold=96.06227106227108 0.9620790278684056 81.394795680509972 61.2090706496301 7.5000000000000009 0.00021038710991680144 1.0000000180025095e-35 0.1028493706574804 -6.5736481697768436 -0.66914033450433041 0.47370491095018524 -0.57817297955146596 21.003996003996008 5.5000000000000009
decision_type=10 10 2 2 2 8 2 8 8 10 10 10 10 2
left_child=1 5 3 11 -5 6 7 -1 9 -7 -10 -3 -13 -14
right_child=-2 2 -4 4 -6 8 -8 -9 10 -11 -12 12 13 -15
leaf_value=-0.084245576936088196 0.056391043327192761 0.0062275202814736303 0.059139058335281124 0.010405363504024117 0.095845451113368785 0.015366674775949805 -0.0047125622371725993 -0.027255259446593162 0.0049169301302492167 0.067378172595798966 -0.0047125622371725993 -0.07223115497273537 -0.048802286689658921 -0.0079607813784255167
leaf_weight=141 62 448 62 60 65 161 850 123 7389 170 2676 92 252 1320
leaf_count=141 62 448 62 60 65 161 850 123 7389 170 2676 92 252 1320
internal_value=5.50327e-05 -0.000218225 -0.00821742 -0.010212 0.0336948 0.0013824 -0.0122764 -0.049798 0.00285123 0.0287476 0.00198574 -0.0128841 -0.0180327 -0.0146419
internal_weight=13871 13809 2299 2237 125 11510 1114 264 10396 331 10065 2112 1664 1572
internal_count=13871 13809 2299 2237 125 11510 1114 264 10396 331 10065 2112 1664 1572
is_linear=0
shrinkage=0.03


Tree=219
num_leaves=15
num_cat=0
split_feature=6 19 34 9 19 8 10 5 17 9 26 15 18 10
split_gain=214.613 445.723 434.981 359.976 322.714 346.815 294.692 311.539 286.161 350.386 436.191 308.277 295.723 263.838
threshold=0.0098928469804979175 -2.6249789207059977 36.18714618714619 0.14202230822717374 0.70055274034948856 1.308636122330719 0.45000000000000007 -0.23112162488423879 0.73359830754593791 0.67106497041041202 1.0000000180025095e-35 1.0000000180025095e-35 0.5735436642511732 0.81666666666666676
decision_type=2 8 2 10 10 8 2 2 2 10 10 2 8 2
left_child=6 -2 4 -4 -3 -6 -1 -8 9 10 11 -5 -11 -9
right_child=1 2 3 8 5 -7 7 13 -10 12 -12 -13 -14 -15
leaf_value=0.00020157555783624183 -0.061102021846454586 -0.013020181567506593 -0.012970387304800438 -0.0018843044396262309 -0.11490911546038157 -0.026754265013953737 0.03423962977254924 0.0068789777092155974 -0.012970387304800438 0.030447247080753328 -0.0018843044396262309 0.03582877869418169 -0.0018843044396262309 0.054065145957762385
leaf_weight=7324 119 468 778 177 62 111 481 1278 549 255 442 912 803 102
leaf_count=7324 119 468 778 177 62 111 481 1278 549 255 442 912 803 102
internal_value=0.000250207 -0.00497846 -0.00344751 0.000314568 -0.0262553 -0.0606877 0.00291334 0.0135564 0.00501639 0.00920178 0.0184349 0.0287513 -0.0018843 0.00687898
internal_weight=13861 4676 4557 3916 641 173 9185 1861 3138 2589 1531 1089 1058 1380
internal_count=13861 4676 4557 3916 641 173 9185 1861 3138 2589 1531 1089 1058 1380
is_linear=0
shrinkage=0.03


Tree=220
num_leaves=15
num_cat=0
split_feature=8 2 25 9 9 6 8 10 6 16 17 27 35 9
split_gain=235.758 316.946 442.338 332.325 310.978 319.866 284.591 397.145 327.245 278.281 307.655 275.264 332.934 298.047
threshold=0.24926677885269302 0.40550595238095244 0.15710698158864303 0.43906847162421242 0.33815525475482761 0.1686732298505432 -0.28537863885607967 0.81666666666666676 0.44882038853567358 -4.0167507934135172 0.10544844864035395 0.28768207245178107 37.812187812187823 0.72911226746032398
decision_type=10 2 10 10 8 2 8 2 2 8 2 10 10 10
left_child=1 3 -3 -1 5 -2 -5 8 -8 -6 -11 12 -12 -14
right_child=4 2 -4 6 9 -7 7 -9 -10 10 11 -13 13 -15
leaf_value=-0.0010037348493111189 0.00057815890758456138 -0.010140131551768782 -0.070696414417998732 -0.0027866035637818089 0.033578974424024757 0.046642226527225883 0.016924106668852905 0.064925006767866056 -0.010140131551768782 -0.0051701321576460811 -0.015296024878267502 -0.015296024878267502 -0.025651576257077976 -0.07721965452445724
leaf_weight=5600 1199 269 124 998 113 148 2169 137 210 1643 262 462 187 234
leaf_count=5600 1199 269 124 998 113 148 2169 137 210 1643 262 462 187 234
internal_value=-0.000232643 0.00239274 -0.0238156 0.00353529 -0.00610414 0.00579317 0.0107599 0.0161282 0.0131879 -0.0116288 -0.0135179 -0.0254219 -0.0383865 -0.054884
internal_weight=13755 9507 393 9114 4248 1347 3514 2516 2379 2901 2788 1145 683 421
internal_count=13755 9507 393 9114 4248 1347 3514 2516 2379 2901 2788 1145 683 421
is_linear=0
shrinkage=0.03


Tree=221
num_leaves=15
num_cat=0
split_feature=6 19 19 0 21 18 16 1 31 27 27 27 25 8
split_gain=278.178 332.221 427.512 244.591 267.164 242.47 245.781 224.804 312.897 215.666 200.456 195.878 242.387 420.347
threshold=0.0098928469804979175 -2.6249789207059977 -1.093763815896059 0.045184649733439268 0.028811402313930718 0.805859679467264 -4.0167507934135172 6.8383154079472783 70.777299623453487 0.69314718055994562 -1.0926241931447518 -0.29260571772069638 -0.12864966400684616 inf
decision_type=2 8 8 10 2 10 8 10 2 10 8 8 8 8
left_child=10 -2 -3 4 -4 6 -5 -7 -9 -8 -1 -12 13 -13
right_child=1 2 3 5 -6 7 9 8 -10 -11 11 12 -14 -15
leaf_value=0.048560650417877528 -0.054783714166842398 0.044776799118086213 -0.014257688695345432 0.040035957021378521 -0.065229547931215701 -0.014257688695345432 0.0022792713665432365 0.0035454411788061941 0.067999709563122845 -0.014257688695345432 -0.020079478000549881 0.011396052846744687 0.0020836705235640165 0.07775743650086224
leaf_weight=83 115 150 405 131 112 608 2549 92 76 403 313 932 7799 90
leaf_count=83 115 150 405 131 112 608 2549 92 76 403 313 932 7799 90
internal_value=0.000477539 -0.00550882 -0.00419773 -0.00592566 -0.0252014 -0.00331397 0.000603621 -0.0142577 0.0213486 -0.00121099 0.00349318 0.00305731 0.00388919 0.0175901
internal_weight=13858 4641 4526 4376 517 3859 3083 776 168 2952 9217 9134 8821 1022
internal_count=13858 4641 4526 4376 517 3859 3083 776 168 2952 9217 9134 8821 1022
is_linear=0
shrinkage=0.03


Tree=222
num_leaves=15
num_cat=0
split_feature=25 9 5 28 26 16 5 18 3 18 5 35 9 14
split_gain=293.176 274.91 271.024 257.874 387.927 291.101 352.335 274.666 454.722 284.319 315.369 271.939 266.342 346.589
threshold=2.9978661367769956 0.10947358442617741 -0.99998780776236795 15.500000000000002 -0.12320565758696399 35.361852541414535 0.20169612160737613 0.89380533394646755 0.01456148130661645 0.5435308541821634 -0.035886121848980927 20.10489510489511 0.29403968940138259 0.033977907376954837
decision_type=10 10 2 2 10 10 2 10 10 10 2 8 10 2
left_child=2 -2 -1 5 12 11 -7 8 -6 -10 -11 -4 -5 -14
right_child=1 -3 3 4 7 6 -8 -9 9 10 -12 -13 13 -15
leaf_value=-0.037757731844055446 -0.025674662599244068 0.029834248942992594 -0.014580389085790211 -0.0062739746194722043 -0.024798792367041623 -0.014580389085790211 -0.081175436634441905 -0.021864236548068849 0.01400994190621376 0.0066332162910929084 0.096215839405657561 2.7426639770948815e-05 0.11346638180605777 0.026363962807637802
leaf_weight=172 92 486 414 62 228 282 82 270 620 60 84 10721 72 97
leaf_count=172 92 486 414 62 228 282 82 270 620 60 84 10721 72 97
internal_value=3.62606e-05 0.0208545 -0.00088539 -0.000382902 0.0113254 -0.00190734 -0.0281226 0.00470387 0.0120085 0.0230827 0.0603649 -0.00103813 0.0466342 0.0656669
internal_weight=13742 578 13164 12992 1493 11499 364 1262 992 764 144 11135 231 169
internal_count=13742 578 13164 12992 1493 11499 364 1262 992 764 144 11135 231 169
is_linear=0
shrinkage=0.03


Tree=223
num_leaves=15
num_cat=0
split_feature=6 6 3 6 25 31 25 15 18 18 8 21 7 7
split_gain=151.026 208.288 454.343 179.413 178.976 359.6 167.589 325.151 147.899 348.512 315.984 582.054 333.066 574.534
threshold=-0.99996489589289306 -0.99160070242093623 3.6636504496918909 -0.99872751835015494 0.10008345855698254 9.0552304838019158 -0.96779413010344062 0.63333333333333341 0.32614479979084915 0.48827384531311341 -0.30462660984997741 0.0047494213826025445 0.012036796010050034 0.32365272462623734
decision_type=2 2 8 2 10 2 8 2 10 10 10 2 8 8
left_child=-1 2 4 -4 5 -2 7 -3 -8 -10 12 -12 -11 -14
right_child=1 6 3 -5 -6 -7 8 -9 9 10 11 -13 13 -15
leaf_value=0.0248632236831897 -0.023952638619628801 -0.0035722884008625769 0.026636441834270955 -0.021017243508669663 -0.023952638619628801 -0.11322283787937724 0.00043433638590084081 0.067846094945875499 -0.023949574430412408 -0.031517007461069398 0.011445784240278012 -0.025545943833038775 0.068172893538590407 -0.0092400705593084914
leaf_weight=180 61 154 148 128 84 80 7797 86 823 550 1987 469 88 1192
leaf_count=180 61 154 148 128 84 80 7797 86 823 550 1987 469 88 1192
internal_value=-0.00206353 -0.00242766 -0.021316 0.00455545 -0.0524607 -0.0729753 -0.00169999 0.0228816 -0.00216579 -0.00613047 -0.00268492 0.00434426 -0.0121048 -0.00367337
internal_weight=13827 13647 501 276 225 141 13146 240 12906 5109 4286 2456 1830 1280
internal_count=13827 13647 501 276 225 141 13146 240 12906 5109 4286 2456 1830 1280
is_linear=0
shrinkage=0.03


Tree=224
num_leaves=15
num_cat=0
split_feature=6 9 32 8 3 6 22 28 1 27 18 28 5 6
split_gain=248.628 399.288 379.391 454.208 372.276 309.106 333.575 306.517 294.418 233.818 227.649 288.629 224.281 223.348
threshold=0.012655468086638063 0.94490841038585127 61.469299930838403 2.6119482397048572 2.3974729548632627 0.16281656154814497 0.0063101337380018869 4.5000000000000009 0.016195339078885582 0.019516994612033493 0.99289524853706379 10.500000000000002 0.028388747750557334 0.096193933039900648
decision_type=2 8 2 10 8 2 2 2 10 10 10 2 2 2
left_child=-1 4 3 10 5 8 -7 -6 -2 -10 -3 -12 -4 -9
right_child=1 2 12 -5 7 6 -8 13 9 -11 11 -13 -14 -15
leaf_value=0.003372276487113789 -0.047773657679790624 -0.01231082312787724 0.04276209713733297 -0.072204317565275622 0.067540680961135552 0.0070121440345629095 -0.04948305317575169 0.056157893600423683 0.0035605985147906553 -0.021406957625969652 -0.012032981478149376 -0.098924100114338429 -0.0074974395368382872 0.0070121440345629095
leaf_weight=9123 187 815 113 163 97 700 92 84 726 624 74 62 244 581
leaf_count=9123 187 815 113 163 97 700 92 84 726 624 74 62 244 581
internal_value=0.000513269 -0.00520155 -0.0180384 -0.0266342 0.000926733 -0.00503348 0.00701214 0.0190578 -0.0129927 -0.00801637 -0.0184868 -0.0537484 0.00878195 0.0115346
internal_weight=13685 4562 1471 1114 3091 2329 792 762 1537 1350 951 136 357 665
internal_count=13685 4562 1471 1114 3091 2329 792 762 1537 1350 951 136 357 665
is_linear=0
shrinkage=0.03


Tree=225
num_leaves=15
num_cat=0
split_feature=7 28 7 15 25 15 1 25 33 27 0 21 16 28
split_gain=181.093 301.522 352.192 473.996 533.913 413.144 412.161 309.402 302.784 289.559 282.924 280.719 304.616 361.755
threshold=-0.025904436630431956 1.5000000000000002 -0.18590047055252687 0.36666666666666675 -0.52374651268147476 0.81666666666666676 7.7737927439438783 -1.0000000180025095e-35 32.040182040182053 0.22314355131420996 8.5443530318572982 0.0038904315989506553 0.3026160486642438 11.500000000000002
decision_type=10 2 8 2 10 2 10 10 2 10 8 2 8 2
left_child=1 10 3 8 5 -5 -6 9 -3 -4 -1 12 13 -2
right_child=11 2 7 4 6 -7 -8 -9 -10 -11 -12 -13 -14 -15
leaf_value=-0.027997604750903425 0.024893388896753209 -0.055843058045614846 0.01239512197349547 -0.0027339672214954838 -0.0051874421817888067 0.080930926719144591 0.037738951429912522 0.042295232450190401 -0.010600555233359963 -0.049617775772299082 0.003162787868434002 -0.015136224564032574 -0.0039964410382698056 0.003986527672951456
leaf_weight=473 943 160 2271 83 1301 141 233 310 709 65 579 1424 4725 444
leaf_count=473 943 160 2271 83 1301 141 233 310 709 65 579 1424 4725 444
internal_value=-2.49914e-05 0.00371639 0.00664277 -0.00114001 0.00781758 0.0505473 0.00143409 0.0143572 -0.0192024 0.0105673 -0.0109137 -0.00316553 -0.000366459 0.0119695
internal_weight=13861 6325 5273 2627 1758 224 1534 2646 869 2336 1052 7536 6112 1387
internal_count=13861 6325 5273 2627 1758 224 1534 2646 869 2336 1052 7536 6112 1387
is_linear=0
shrinkage=0.03


Tree=226
num_leaves=15
num_cat=0
split_feature=27 27 33 15 8 8 28 16 8 16 9 8 35 8
split_gain=187.509 340.796 262.309 273.866 267.794 192.28 188.056 630.114 523.005 409.291 433.189 317.92 347.896 183.015
threshold=-0.95916109626824209 -0.33647223662121267 40.165390165390171 0.91666666666666685 -0.40112734883219042 -0.21474423055230216 14.500000000000002 -9.2221798635307604 -0.094507720716563867 37.04639163889707 1.281058771437267 -0.58239800366049088 58.508158508158509 1.5662393746229493
decision_type=8 8 2 2 8 8 2 8 10 10 8 10 10 8
left_child=5 2 3 -2 -4 -1 9 -8 11 -3 -11 -9 -13 -6
right_child=1 6 4 -5 13 -7 7 8 -10 10 -12 12 -14 -15
leaf_value=-0.0011150194328278303 -0.085244699822171865 0.00055132243126198004 0.044225581948246273 -0.02966073546589406 -0.02966073546589406 0.067940794767439375 0.10073735366829416 0.0064588006880755226 -0.0042951069936650443 -0.017092971033388461 -0.090987278034680347 0.053592830329730626 -0.0080050834115933285 0.017708268884521025
leaf_weight=70 110 10970 65 65 100 70 61 301 1318 215 84 243 83 72
leaf_count=70 110 10970 65 65 100 70 61 301 1318 215 84 243 83 72
internal_value=0.000629116 0.0002695 -0.0264353 -0.0537466 -0.00557484 0.0345651 0.00110794 0.00955886 0.00644831 -0.000399979 -0.0347373 0.0288871 0.049185 -0.0251124
internal_weight=13827 13687 412 175 237 140 13275 2006 1945 11269 299 627 326 172
internal_count=13827 13687 412 175 237 140 13275 2006 1945 11269 299 627 326 172
is_linear=0
shrinkage=0.03


Tree=227
num_leaves=15
num_cat=0
split_feature=5 5 19 25 35 19 19 8 29 5 33 6 8 34
split_gain=218.255 354.064 355.367 399.174 339.079 362.862 305.615 292.935 268.816 249.782 244.583 243.935 227.993 308.38
threshold=0.76880355066050521 0.23681849366879726 2.5825761270503063 0.69314718055994562 31.57675657675658 -0.34024761739479276 0.79840074400030592 0.5705088857184154 69.638292302465103 0.42403268855252113 26.571206571206577 0.0034467375263736318 1.1026175616321023 35.997335997336002
decision_type=2 2 10 10 8 8 8 8 2 2 2 2 8 2
left_child=1 11 3 6 -2 -6 10 -7 -8 -4 -3 -1 13 -13
right_child=4 2 9 -5 5 7 8 -9 -10 -11 -12 12 -14 -15
leaf_value=0.0013328905307365348 -0.071263822751877065 -0.0272932356939866 0.084153684809803966 -0.039396455865353341 0.05699399745008394 -0.063174775716662412 -0.017917548738420008 -0.0048892697660001313 0.039919167789320149 0.019370835087327069 0.028779024161436677 -0.027720655286684631 -0.015248319865997931 0.0097069929787304398
leaf_weight=8512 86 73 95 139 62 95 365 351 85 124 775 247 1820 922
leaf_count=8512 86 73 95 139 62 95 365 351 85 124 775 247 1820 922
internal_value=-0.000193699 0.000612364 0.01356 0.00805056 -0.017904 -0.00826405 0.0132632 -0.0178671 -0.00667422 0.0487241 0.0238204 -0.00125701 -0.00862238 0.00171446
internal_weight=13751 13157 1656 1437 594 508 1298 446 450 219 848 11501 2989 1169
internal_count=13751 13157 1656 1437 594 508 1298 446 450 219 848 11501 2989 1169
is_linear=0
shrinkage=0.03


Tree=228
num_leaves=15
num_cat=0
split_feature=6 10 3 8 8 18 11 9 8 26 9 8 9 20
split_gain=200.176 275.57 227.74 426.588 369.262 300.646 224.096 203.887 382.805 306.002 245.027 246.087 234.863 274.661
threshold=-1.0000000180025095e-35 1.0000000180025095e-35 0.38335314900447015 0.059844155414508833 0.7284730040791435 0.97680694029945103 2.4331044281316605 0.42153565356196887 -0.46493670586043295 0.87858234768426613 1.0404003216637874 0.86572424427926997 1.0545871262151587 0.57729734600844862
decision_type=2 2 8 10 10 8 2 10 8 8 10 10 10 8
left_child=1 2 3 -1 -5 -6 -2 8 -3 12 -11 -12 -9 -14
right_child=6 7 -4 4 5 -7 -8 9 -10 10 11 -13 13 -15
leaf_value=-0.0065149132219473049 -0.0029537384318501555 0.075732108884575683 0.0019792369186222526 -0.096451130243334807 -0.0065149132219473049 -0.059333560566713163 -0.056142398677766325 0.020791652577815088 0.0019792369186222526 0.012874578315712195 0.077516951211614588 0.0059818297532888559 0.063854574954567048 0.0019792369186222526
leaf_weight=723 7467 61 1224 84 117 118 67 904 1300 208 159 60 60 1249
leaf_count=723 7467 61 1224 84 117 118 67 904 1300 208 159 60 60 1249
internal_value=-0.000169441 0.00379038 -0.00456233 -0.0150091 -0.0441816 -0.0238778 -0.00346367 0.0085208 0.00197924 0.0135635 0.0366757 0.0584893 0.00903131 0.00197924
internal_weight=13801 6267 2266 1042 319 235 7534 4001 1361 2640 427 219 2213 1309
internal_count=13801 6267 2266 1042 319 235 7534 4001 1361 2640 427 219 2213 1309
is_linear=0
shrinkage=0.03


Tree=229
num_leaves=15
num_cat=0
split_feature=8 28 8 35 8 26 16 14 0 33 7 8 22 6
split_gain=246.435 449.848 203.872 241.129 235.492 207.376 225.329 343.458 308.852 212.458 231.447 203.734 263.121 205.601
threshold=-2.3523462984510588 11.500000000000002 -1.3318330161407752 47.369297369297378 -1.0716820462633538 1.0000000180025095e-35 -4.0167507934135172 1.5213540227276419 0.47129662360535335 70.761777904635053 0.67518118344634648 -0.73782870872849837 0.00011305491068892594 -0.51442814525367386
decision_type=8 2 8 10 8 10 10 2 10 2 10 8 2 2
left_child=1 -1 3 -2 -4 11 8 -8 -7 -10 -11 12 -6 -13
right_child=2 -3 4 -5 5 6 7 -9 9 10 -12 13 -14 -15
leaf_value=0.092196847496711656 -0.050403979790303248 0.0051677949966896057 0.042399859671880084 0.019215805017031153 0.009892927799373865 -0.0091108456798282746 -0.014015229660045826 -0.084917862949463033 0.0034846161527377437 0.082509829986095434 0.021466046583329908 -0.0099205728641134291 -0.064354901148639995 0.002861520732320242
leaf_weight=66 149 219 107 60 75 838 1248 60 487 70 138 1293 92 8884
leaf_count=66 149 219 107 60 75 838 1248 60 487 70 138 1293 92 8884
internal_value=-0.000799249 0.026564 -0.0013865 -0.0304354 -0.000918464 -0.00128594 -0.0084574 -0.0175786 -0.000643059 0.0144525 0.0394475 0.000686845 -0.0316918 0.00123347
internal_weight=13786 285 13501 209 13292 13185 2841 1308 1533 695 208 10344 167 10177
internal_count=13786 285 13501 209 13292 13185 2841 1308 1533 695 208 10344 167 10177
is_linear=0
shrinkage=0.03


Tree=230
num_leaves=15
num_cat=0
split_feature=5 19 35 6 17 6 5 19 31 32 3 9 33 0
split_gain=228.402 438.121 262.4 237.71 231.335 234.754 197.802 342.321 192.251 243.855 217.622 336.886 422.822 397.781
threshold=0.76880355066050521 2.6477613744952238 30.452880452880454 0.73822445825432426 0.060585175746852911 0.3813320957497181 0.67959147259872943 -0.086912319448160233 71.710981326365953 67.104224446881801 11.558628756619891 0.45168858801277173 56.388056388056398 0.44713677077693798
decision_type=2 10 8 2 2 2 2 10 2 2 8 8 2 10
left_child=6 2 -2 -3 5 -4 8 -8 9 -1 11 -10 -13 -14
right_child=1 3 4 -5 -6 -7 7 -9 10 -11 -12 12 13 -15
leaf_value=0.00084713645779517293 -0.056269781329241146 -0.10469111782701118 0.058913337204139674 -0.025241749484091996 -0.026420909762650515 0.00063293357840278652 0.073479595369544251 -0.0082231148264624854 -0.0013678047102982731 0.056616965771560931 0.028273665470788713 -0.072991699510218819 -0.043949707896272817 0.0047019919177517296
leaf_weight=11512 69 64 91 75 134 177 84 94 824 66 117 154 106 295
leaf_count=11512 69 64 91 75 134 177 84 94 824 66 117 154 106 295
internal_value=-0.000515576 -0.018388 -0.00433949 -0.0641877 0.00515569 0.0211387 0.000313731 0.0312874 -0.000119769 0.00118935 -0.0102217 -0.0135781 -0.0315325 -0.0149077
internal_weight=13862 610 471 139 402 268 13252 178 13074 11578 1496 1379 555 401
internal_count=13862 610 471 139 402 268 13252 178 13074 11578 1496 1379 555 401
is_linear=0
shrinkage=0.03


Tree=231
num_leaves=15
num_cat=0
split_feature=5 6 6 8 7 18 10 1 18 6 17 25 9 7
split_gain=165.354 239.109 169.68 299.225 518.057 327.276 268.326 263.753 428.71 358.602 274.519 417.106 250.343 210.763
threshold=-0.99998780776236795 -0.91935984026257456 -1.0000000180025095e-35 -0.30462660984997741 0.19846305974482983 0.83236645670547238 1.0000000180025095e-35 6.2643996384852221 0.94519274960236543 0.41706717473664651 1.2748745294465273 0.08276312365638773 0.41791741578967617 -0.10127783595822136
decision_type=2 2 2 8 10 10 2 10 10 2 2 8 10 10
left_child=1 -1 6 4 5 13 -2 10 -9 -10 -5 -12 -6 -4
right_child=2 -3 3 7 12 -7 -8 8 9 -11 11 -13 -14 -15
leaf_value=0.0043358161435885865 -0.0044505401087742164 -0.064671199046248615 -0.0092239731884989386 -0.0008397797061666844 -0.018537402047890505 -0.059921152852338677 0.0087656146471064844 0.0081732040973599464 0.0091243266119537033 0.10650618805177509 -0.012071060952770904 -0.064554951680558068 -0.093048900000553214 0.046189067115850538
leaf_weight=94 2121 81 143 5903 68 63 3953 403 61 75 373 156 108 102
leaf_count=94 2121 81 143 5903 68 63 3953 403 61 75 373 156 108 102
internal_value=5.05618e-05 -0.0285138 0.000430444 -0.00260145 -0.0252869 -0.00158964 0.00415076 -0.00100939 0.0190503 0.0647 -0.00270388 -0.0233023 -0.0655677 0.0143083
internal_weight=13704 175 13529 7455 484 308 6074 6971 539 136 6432 529 176 245
internal_count=13704 175 13529 7455 484 308 6074 6971 539 136 6432 529 176 245
is_linear=0
shrinkage=0.03


Tree=232
num_leaves=15
num_cat=0
split_feature=6 18 31 6 15 6 27 5 31 18 18 6 35 25
split_gain=219.676 259.027 212.55 371.65 268.383 226.464 221.003 166.536 375.606 400.596 358.073 205.206 190.75 296.156
threshold=-0.99996489589289306 inf 8.4136642578201037 -0.98899813289017546 1.0000000180025095e-35 -0.99564042857849766 0.22314355131420996 0.76880355066050521 78.534402660276797 0.86243245405764135 0.23653231352259754 0.064969848244468609 32.259407259407268 0.20067069546215136
decision_type=2 8 2 2 2 2 8 2 2 10 10 2 10 10
left_child=1 -1 -2 4 5 -4 -6 -5 9 11 -10 -9 -13 -14
right_child=2 -3 3 7 6 -7 -8 8 10 -11 -12 12 13 -15
leaf_value=-0.018949554215616254 0.036347152717238249 0.054260086071400239 -0.029422943982306084 -0.00063921452250047413 -0.029422943982306084 -0.089457036659121511 0.023726873408876737 0.030378039429034987 -0.011087459925562143 -0.073256898393056213 0.076610337777779647 -0.065159888428449636 0.043153346155516123 -0.037546688134057656
leaf_weight=62 124 126 136 12430 135 85 113 74 115 135 60 70 61 103
leaf_count=62 124 126 136 12430 135 85 113 74 115 135 60 70 61 103
internal_value=-0.00153271 0.030251 -0.00198168 -0.0023466 -0.0284416 -0.0521002 -0.00674568 -0.00139811 -0.0165342 -0.0311384 0.0202732 -0.0118021 -0.0254975 -0.00714155
internal_weight=13829 188 13641 13517 469 221 248 13048 618 443 175 308 234 164
internal_count=13829 188 13641 13517 469 221 248 13048 618 443 175 308 234 164
is_linear=0
shrinkage=0.03


Tree=233
num_leaves=15
num_cat=0
split_feature=11 8 18 35 19 16 3 1 15 25 18 18 1 35
split_gain=185.1 154.518 353.867 306.071 323.29 312.848 281.878 278.558 376.727 258.716 234.128 231.773 230.708 209.884
threshold=4.8628625472887785 0.29870832981736767 0.84931691421079969 64.843489843489849 -0.44137771685043242 20.79294068660538 0.021012864220230836 3.5161337745819989 0.22500000000000003 -0.88730319500090271 0.84931691421079969 0.81790825835170855 8.6247940283842066 74.333999333999358
decision_type=2 8 10 10 10 8 10 10 2 8 10 10 10 10
left_child=1 3 9 4 5 12 10 -4 -9 -3 -6 -11 -1 -10
right_child=-2 2 7 -5 6 -7 -8 8 13 11 -12 -13 -14 -15
leaf_value=0.00026144160670893532 -0.040542327819678647 0.05011660961223946 -0.020168360466631105 -0.019237677567994677 -0.0079085875971553216 -0.020454465138205563 0.020680716825241696 -0.0058487706687200937 0.018032180874506171 -0.00082260504384287856 0.011143286871410672 0.045150467122346161 0.065312486517688492 0.081986252306537194
leaf_weight=170 99 88 1463 429 895 537 1554 154 168 7563 368 95 64 61
leaf_count=170 99 88 1463 429 895 537 1554 154 168 7563 368 95 64 61
internal_value=-0.000671431 -0.000366602 -0.00243514 0.00456965 0.00743899 -0.00972832 0.0121465 -0.0142196 0.00847082 0.00038065 0.00160586 -0.000223206 0.0190473 0.0364558
internal_weight=13708 13609 9592 4017 3588 771 2817 1846 383 7746 1263 7658 234 229
internal_count=13708 13609 9592 4017 3588 771 2817 1846 383 7746 1263 7658 234 229
is_linear=0
shrinkage=0.03


Tree=234
num_leaves=15
num_cat=0
split_feature=8 7 9 1 22 32 19 31 28 16 7 9 31 34
split_gain=168.368 559.476 485.102 458.102 445.543 428.593 539.939 410.66 410.536 498.031 438.691 316.059 450.887 313.119
threshold=0.12612698075668585 -2.3775128891461796 0.30365395717784199 23.984732185223439 0.0060280408903469777 31.759848543065335 -0.027808587035577755 33.412741105048802 11.500000000000002 13.199341428342342 -0.10739615906999232 0.31156859489767952 74.741691874559024 35.393772893772898
decision_type=10 10 10 10 2 2 10 2 2 8 10 10 2 2
left_child=2 -2 4 7 -1 6 -4 -3 9 -9 -10 -12 13 -13
right_child=1 3 5 -5 -6 -7 -8 8 10 -11 11 12 -14 -15
leaf_value=-0.0022343441854652496 -0.049119091428694361 -0.043886915929071214 -0.10716836489625832 0.047686727389560216 -0.03515792756966913 0.011019187675666137 -0.013528109067995297 0.021349890718597754 0.011738834300174795 -0.0047412890012197111 -0.0057501440438163061 -0.088159890308308952 -0.097622829777237616 -0.019016177610054075
leaf_weight=4649 247 226 62 149 397 3933 100 809 430 1562 526 62 90 542
leaf_count=4649 247 226 62 149 397 3933 100 809 430 1562 526 62 90 542
internal_value=-0.00099615 -0.00564517 0.00136703 -0.00314945 -0.00485688 0.00903292 -0.0380754 -0.00498695 -0.00274879 0.00524539 -0.0142173 -0.0233764 -0.036599 -0.0267792
internal_weight=13784 4643 9141 4396 5046 4095 162 4247 4021 2371 1650 1220 694 604
internal_count=13784 4643 9141 4396 5046 4095 162 4247 4021 2371 1650 1220 694 604
is_linear=0
shrinkage=0.03


Tree=235
num_leaves=15
num_cat=0
split_feature=35 27 8 27 27 8 9 8 5 8 5 1 18 9
split_gain=233.844 189.785 411.697 163.337 289.553 385.952 222.529 329.738 195.994 429.602 238.218 238.432 335.821 235.999
threshold=96.06227106227108 2.017460570875651 2.9983571988025415 -0.3776394808334757 -0.95916109626824209 -0.31728890439586349 0.36721812921193692 0.84901516268058341 0.76880355066050521 -0.23387685429767566 0.31969079004118484 7.0802349126744879 0.88046046845258241 0.70393695053644401
decision_type=10 10 8 8 10 10 10 10 2 8 2 10 10 10
left_child=1 3 -3 4 -1 -6 -7 -8 10 -10 -5 12 13 -12
right_child=-2 2 -4 8 5 6 7 -9 9 -11 11 -13 -14 -15
leaf_value=0.019737193800033404 0.056453127161814616 -0.085868277600085405 -0.0011351150295443155 -3.083673751562408e-05 0.0089654235968955887 -0.0059828053815151327 -0.10926382837176789 -0.021381919991124321 -0.081964693149695025 -0.0063050203877762388 0.0038649854100833748 0.049123676836882763 -0.03434512302596518 0.029001613160828357
leaf_weight=136 60 69 171 11234 134 62 91 69 73 512 613 147 136 316
leaf_count=136 60 69 171 11234 134 62 91 69 73 512 613 147 136 316
internal_value=-0.000315265 -0.000583159 -0.0267512 -0.000109026 -0.0169885 -0.0310976 -0.0549447 -0.0731611 0.000534551 -0.0163609 0.00133494 0.0139424 0.00887955 0.0153574
internal_weight=13823 13763 240 13523 492 356 222 160 13031 585 12446 1212 1065 929
internal_count=13823 13763 240 13523 492 356 222 160 13031 585 12446 1212 1065 929
is_linear=0
shrinkage=0.03


Tree=236
num_leaves=15
num_cat=0
split_feature=29 31 7 28 8 18 0 18 7 9 35 8 32 9
split_gain=168.373 173.049 301.595 466.913 256.251 347.211 370.857 220.824 280.126 363.153 465.122 361.104 343.055 306.547
threshold=71.575304432497248 76.951894259586581 0.40534413442490541 10.500000000000002 2.8310050380168001 0.89380533394646755 8.1574621986443479 0.22213157806205422 2.1776585217741862 0.426279375468883 55.253080253080263 2.9983571988025415 59.198493813878436 1.5294766348630737
decision_type=2 2 8 2 10 8 10 8 10 10 10 10 2 10
left_child=1 7 -3 4 5 -4 -7 -1 -9 11 12 -10 -11 -12
right_child=-2 2 3 -5 -6 6 -8 8 9 10 13 -13 -14 -15
leaf_value=0.011602842741686195 0.031319250391894267 0.015444319320924287 -0.05304540907727421 -0.073246536235054657 0.015444319320924287 -0.020961988582621181 0.015444319320924287 0.00085082483550716305 -0.062572880781169501 -0.06512614054558799 0.015444319320924287 -0.0051583481160152019 0.01259880251609362 -0.019560262815983491
leaf_weight=1427 147 118 176 119 86 386 87 9880 222 155 476 176 73 253
leaf_count=1427 147 118 176 119 86 386 87 9880 222 155 476 176 73 253
internal_value=-8.07042e-05 -0.000430612 -0.0125958 -0.0193642 -0.0102045 -0.0177043 -0.00413679 0.000507857 -0.000905894 -0.0136711 -0.00359142 -0.0375625 -0.0405042 0.00815058
internal_weight=13781 13634 972 854 735 649 473 12662 11235 1355 957 398 228 729
internal_count=13781 13634 972 854 735 649 473 12662 11235 1355 957 398 228 729
is_linear=0
shrinkage=0.03


Tree=237
num_leaves=15
num_cat=0
split_feature=7 18 5 19 18 29 33 28 12 26 35 16 5 5
split_gain=212.328 432.641 268.215 453.566 277.96 242.907 283.922 221.168 486.977 597.073 342.112 304.867 320.113 293.034
threshold=0.52557034009680159 0.033610256198705273 0.4358127449002796 1.2901311561045088 0.6802437025626844 61.423327089161269 74.325674325674342 15.500000000000002 0.050213486109409178 -0.12320565758696399 33.008658008658017 16.368988832474276 0.48270211420367709 0.19044767385424718
decision_type=10 8 2 10 10 2 2 2 2 10 10 10 2 2
left_child=7 -2 5 4 -4 -3 -7 11 9 -9 -11 -1 -13 -12
right_child=1 2 3 -5 -6 6 -8 8 -10 10 13 12 -14 -15
leaf_value=0.002491403710230699 0.06295608069200534 -0.0077040892569484841 -0.086955763413468848 -0.0051795683276723136 -0.0091487915678457789 0.0045321892554073982 0.041115605421559148 0.070434257562442051 -0.048881018974564289 -0.014057144196176955 0.01083748220806084 -0.011471550855978296 -0.080034499175684601 0.059358638024869112
leaf_weight=8620 75 2449 132 315 61 190 234 176 94 186 562 575 64 136
leaf_count=8620 75 2449 132 315 61 190 234 176 94 186 562 575 64 136
internal_value=0.000413718 -0.00602424 -0.00764512 -0.0276301 -0.063216 -0.00406955 0.0167685 0.0025523 0.0149071 0.0207667 0.0105376 0.00100523 -0.0189066 0.0206464
internal_weight=13869 3456 3381 508 193 2873 424 10413 1154 1060 884 9259 639 698
internal_count=13869 3456 3381 508 193 2873 424 10413 1154 1060 884 9259 639 698
is_linear=0
shrinkage=0.03


Tree=238
num_leaves=15
num_cat=0
split_feature=6 17 19 16 31 28 34 28 35 6 9 21 8 9
split_gain=140.229 378.934 341.907 348.456 347.476 282.909 308.213 273.141 255.967 235.309 338.042 278.108 431.301 329.997
threshold=0.0034467375263736318 1.3012735150685752 0.41531620809648123 -6.9949207728990013 75.233893091035952 10.500000000000002 48.018648018648022 5.5000000000000009 53.063603063603075 -0.3012753653507258 1.0545871262151587 0.18294004912318604 -0.11265644953826558 0.58664625996438236
decision_type=2 2 8 8 2 2 2 2 10 2 8 2 10 10
left_child=9 2 3 -2 8 6 -4 -8 -5 10 -1 13 -13 -11
right_child=1 -3 5 4 -6 -7 7 -9 -10 11 -12 12 -14 -15
leaf_value=-0.039793014363912131 0.072677139506364855 -0.034828106429354265 -0.017183722307949904 0.0084142000324940441 0.039050593469328189 -0.018163520735109875 -0.0021666794243731542 0.029050854720298756 -0.016881186426816516 0.0033461457046965654 -0.0016658021082435546 -0.057248927028849719 -0.0064190960544724153 0.020058969296111232
leaf_weight=225 67 324 751 1197 215 677 830 357 509 4601 2330 171 181 1379
leaf_count=225 67 324 751 1197 215 677 830 357 509 4601 2330 171 181 1379
internal_value=0.000333444 -0.00372375 -0.00149894 0.00786727 0.00542405 -0.00862083 -0.00220466 0.00730472 0.000839824 0.0025836 -0.00509455 0.00568336 -0.0200519 0.00721369
internal_weight=13814 4927 4603 1988 1921 2615 1938 1187 1706 8887 2555 6332 352 5980
internal_count=13814 4927 4603 1988 1921 2615 1938 1187 1706 8887 2555 6332 352 5980
is_linear=0
shrinkage=0.03


Tree=239
num_leaves=15
num_cat=0
split_feature=5 31 5 27 21 13 18 31 35 14 7 27 27 31
split_gain=151.081 202.587 194.241 288.115 205.808 475.293 222.656 161.561 174.198 333.333 142.294 124.253 199.021 136.026
threshold=-0.99998780776236795 15.52538370720189 -0.99993673205266165 0.25921511157560545 0.58970287509881547 -9.9770230855382938 0.71326830208167502 8.4136642578201037 10.989010989010991 0.057018377346949999 -0.76758874986964887 -1.0926241931447518 -0.33647223662121267 26.354938767526182
decision_type=2 2 2 10 2 10 8 2 8 2 10 8 8 2
left_child=1 -1 3 10 7 -6 -7 -4 9 -9 -2 -10 -13 -14
right_child=2 -3 4 -5 5 6 -8 8 11 -11 -12 12 13 -15
leaf_value=0.010234436044469475 0.026565619121579561 -0.052666074668890547 0.038684136379706233 0.071629802649279664 -0.012255539193379794 -0.042866011501904409 -0.11396478232225546 0.074888192510546792 0.034181581760446229 -0.012255539193379794 -0.032400485838835057 -0.012255539193379794 -0.0096472693946169207 0.00064138837187113231
leaf_weight=75 80 109 90 78 205 62 60 72 85 65 60 323 1285 11171
leaf_count=75 80 109 90 78 205 62 60 72 85 65 60 323 1285 11171
internal_value=-0.000796429 -0.0274348 -0.000427054 0.0273422 -0.000888234 -0.0242145 -0.0734765 -0.000296544 -0.000581158 0.032465 0.00104859 -0.000945572 -0.0011925 -0.000423467
internal_weight=13820 184 13636 218 13418 327 122 13091 13001 137 140 12864 12779 12456
internal_count=13820 184 13636 218 13418 327 122 13091 13001 137 140 12864 12779 12456
is_linear=0
shrinkage=0.03


Tree=240
num_leaves=15
num_cat=0
split_feature=5 27 6 7 6 17 9 9 20 26 33 28 16 34
split_gain=203.257 277.008 264.343 232.616 181.879 439.761 321.686 321.095 685.649 443.77 259.325 248.055 238.095 202.54
threshold=-0.99979131877397132 0.25921511157560545 -0.093229580038643498 -0.91238333396580884 0.0098928469804979175 1.4552242157843553 0.14202230822717374 0.67620233457411627 inf 0.016283205186404363 33.88278388278389 13.500000000000002 -0.0069369454999001039 49.367299367299374
decision_type=2 10 2 8 2 2 8 8 8 10 2 2 10 2
left_child=1 2 3 -1 -2 6 -6 9 -9 10 -8 -7 13 -11
right_child=4 -3 -4 -5 5 11 7 8 -10 12 -12 -13 -14 -15
leaf_value=0.022976614598858545 0.0048132875405467474 0.015224257094806499 -0.07843869224742607 -0.033230252881088981 -0.019678887708394415 -0.073057427472948758 -0.019678887708394415 0.058039616539471726 -0.01194313240576335 -0.0063599644896977017 0.023254982660190597 -0.019678887708394415 -0.019678887708394415 0.036450149073548939
leaf_weight=89 8669 173 76 225 329 111 117 131 1717 259 1342 162 282 133
leaf_count=89 8669 173 76 225 329 111 117 131 1717 259 1342 162 282 133
internal_value=0.00150641 -0.0160683 -0.0299663 -0.0171886 0.00225883 -0.00257305 -0.000213944 0.00230465 -0.00683901 0.0102241 0.0195035 -0.0391438 -0.00985875 0.00695896
internal_weight=13815 563 390 314 13252 4583 4310 3981 1848 2133 1459 273 674 392
internal_count=13815 563 390 314 13252 4583 4310 3981 1848 2133 1459 273 674 392
is_linear=0
shrinkage=0.03


Tree=241
num_leaves=15
num_cat=0
split_feature=9 6 3 31 33 15 18 26 25 18 9 35 31 33
split_gain=148.21 429.602 384.905 366.021 297.041 325.375 430.892 283.347 282.314 350.858 386.269 310.291 258.151 356.954
threshold=1.5906943351635994 -0.4233514551563316 -1.7404867591946249 19.799248370676946 18.88666888666889 0.91666666666666685 0.99477500734554714 1.6097376218552533 2.6467858893430272 0.11320256459676294 0.40613437831585558 80.769230769230788 27.964892250606539 50.332524618238907
decision_type=10 2 8 2 2 2 10 8 10 8 10 10 2 2
left_child=1 -1 -2 -3 -4 -6 7 -7 12 -10 11 -11 13 -5
right_child=2 3 4 8 5 6 -8 -9 9 10 -12 -13 -14 -15
leaf_value=-0.027166429623022025 -0.063532664490782695 0.053640695851094815 -0.027571826975304348 -0.088554729176685221 0.0036076958895610352 0.016323061355771242 0.10244637652543874 0.078946260021013362 0.082380633735181091 0.021809862172231076 0.038473769876121576 -0.041967184248470485 -0.001486224679628578 -0.0099081718438508229
leaf_weight=570 64 106 122 67 1560 511 60 63 65 119 232 150 9940 192
leaf_count=570 64 106 122 67 1560 511 60 63 65 119 232 150 9940 192
internal_value=-0.000477604 -0.00189503 0.00632584 -0.000558091 0.00838901 0.0110057 0.0290384 0.0205467 -0.00111643 0.0194123 0.0105095 -0.0138704 -0.00226464 -0.0315449
internal_weight=13821 11441 2380 10871 2316 2194 634 574 10765 566 501 269 10199 259
internal_count=13821 11441 2380 10871 2316 2194 634 574 10765 566 501 269 10199 259
is_linear=0
shrinkage=0.03


Tree=242
num_leaves=15
num_cat=0
split_feature=5 5 5 26 27 19 6 18 13 17 16 0 18 18
split_gain=185.969 207.842 348.934 502.906 270.128 239.467 238.225 235.493 221.341 250.289 250.033 188.896 179.497 165.461
threshold=0.9996510016704615 0.58895224050621631 0.31969079004118484 0.020620640251879156 0.20026828095350771 0.70055274034948856 0.044142609958955768 0.75577539648459191 -2.0334926199526095 0.72320480367897455 91.461766288468596 20.58491460102319 0.89380533394646755 0.35310934872184091
decision_type=2 2 2 8 10 10 2 10 10 2 8 10 8 10
left_child=1 2 -1 4 5 6 -4 -5 10 13 -3 -12 -6 -10
right_child=-2 8 3 7 12 -7 -8 -9 9 -11 11 -13 -14 -15
leaf_value=-0.0014528195957502427 0.0426994443308054 0.051279339922725084 -0.019283074029346009 0.0023785206285557615 0.081042402951072331 -0.030304603630753414 0.046364176407527019 -0.057459935132112047 -0.04925753843759266 -0.079121513077989217 -0.016243241263257938 0.016830026873371057 0.021769506795968434 -0.016243241263257938
leaf_weight=12032 83 65 62 294 141 68 206 69 105 75 240 166 74 223
leaf_count=12032 83 65 62 294 141 68 206 69 105 75 240 166 74 223
internal_value=-0.000774557 -0.001051 -9.24891e-05 0.0177255 0.0356666 0.0184124 0.0311021 -0.0096219 -0.0151675 -0.0313426 -0.00114389 -0.0100585 0.0615999 -0.0193936
internal_weight=13903 13820 12946 914 551 336 268 363 874 403 471 406 215 328
internal_count=13903 13820 12946 914 551 336 268 363 874 403 471 406 215 328
is_linear=0
shrinkage=0.03


Tree=243
num_leaves=15
num_cat=0
split_feature=8 5 27 27 27 33 19 5 25 18 18 10 35 6
split_gain=188.325 279.222 276.439 171.349 418.36 375.806 163.195 286.054 247.232 428.083 261.327 309.1 252.559 237.845
threshold=-2.6615409674307835 -0.99699381819763222 -1.0000000180025095e-35 -0.95916109626824209 -0.3776394808334757 40.165390165390171 0.66441306107222176 0.89900315627826832 2.9978661367769956 0.1147246582595793 0.99477500734554714 0.29166666666666669 77.680652680652699 0.92546692401715325
decision_type=8 2 10 8 8 2 10 2 10 8 8 2 10 2
left_child=1 -1 -3 -2 5 -5 -6 8 10 -10 -8 12 -12 -9
right_child=3 2 -4 4 6 -7 7 13 9 -11 11 -13 -14 -15
leaf_value=-0.027002231409916509 0.034185367860223935 -0.013473265416581523 0.06103080072004783 -0.076680936109362621 5.1469220021205524e-05 -0.0094371956641449359 -0.020774441438098333 -0.08087030015452655 0.084795008024344073 0.0026335551358853317 -0.0081093174157664174 0.011048564280096269 -0.06079616928974596 -0.0034943725318828623
leaf_weight=73 110 61 149 122 10123 186 1080 81 60 471 395 777 99 62
leaf_count=73 110 61 149 122 10123 186 1080 81 60 471 395 777 99 62
internal_value=-0.0017739 0.0222338 0.0395791 -0.00228273 -0.00259344 -0.0368722 -0.00177672 -0.00788467 -0.0057851 0.0126217 -0.00996045 -0.000726137 -0.0191714 -0.0485741
internal_weight=13849 283 210 13566 13456 308 13148 3025 2882 531 2351 1271 494 143
internal_count=13849 283 210 13566 13456 308 13148 3025 2882 531 2351 1271 494 143
is_linear=0
shrinkage=0.03


Tree=244
num_leaves=15
num_cat=0
split_feature=8 5 6 8 9 21 13 25 18 9 25 16 5 18
split_gain=187.803 305.723 416.134 210.475 373.098 172.105 394.547 168.076 301.345 238.375 231.496 217.448 212.216 206.912
threshold=-2.9983170795021699 -0.99699381819763222 -0.4570261018104837 -1.3318330161407752 0.95485582996120011 0.81656245363743662 -23.317311264261061 2.6467858893430272 0.1164780578617453 0.35905316865001186 1.6105860185642757 0.3026160486642438 0.026032771621471339 0.51485721780684413
decision_type=8 2 2 8 10 2 10 10 8 10 10 8 2 8
left_child=1 -1 -3 4 -2 7 -7 10 -9 -10 -5 13 -13 -11
right_child=3 2 -4 5 -6 6 -8 8 9 11 -12 12 -14 -15
leaf_value=-0.02670625863418187 0.033941384500532003 0.097065344448718754 0.0054951334586542727 0.00084003990927669929 -0.049083392355410801 -0.011617635847343759 -0.072113960209406081 0.075864365471165568 -0.011617635847343759 0.026866308937648888 -0.011617635847343759 -0.011617635847343759 0.026866308937648888 0.081544663519301314
leaf_weight=68 62 76 101 12044 181 151 103 62 253 63 366 110 73 89
leaf_count=68 62 76 101 12044 181 151 103 62 253 63 366 110 73 89
internal_value=0.000215588 0.0259809 0.0463999 -0.000259445 -0.0276429 0.000250533 -0.0239658 0.0007305 0.0155415 0.0085949 -5.12046e-05 0.0250638 0.00276408 0.0509685
internal_weight=13802 245 177 13557 243 13314 254 13060 650 588 12410 335 183 152
internal_count=13802 245 177 13557 243 13314 254 13060 650 588 12410 335 183 152
is_linear=0
shrinkage=0.03


Tree=245
num_leaves=15
num_cat=0
split_feature=19 19 27 28 26 3 18 16 9 35 9 35 17 31
split_gain=237.219 368.021 360.061 247.405 390.02 366.051 300.197 266.81 351.381 252.946 239.401 235.984 275.302 232.444
threshold=0.47452643800960642 0.34703384431927559 2.086338202746004 15.500000000000002 -0.11792772911825987 0.075740939029320123 0.9941641854863642 34.031388373940423 1.395814279163891 20.554445554445557 1.3235620247523798 45.995670995671006 0.087064437591938312 22.522931613840708
decision_type=10 10 10 2 10 8 10 10 8 8 10 10 2 2
left_child=1 2 3 7 -5 -6 10 9 -9 -1 -7 -3 -13 -2
right_child=13 11 -4 4 5 6 -8 8 -10 -11 -12 12 -14 -15
leaf_value=-0.014544727068271191 0.043448103219270708 -0.003942212015390396 -0.06725586656804966 0.054109643966018056 -0.025156716966789356 0.017694319832944574 -0.0032177454287459616 -0.014544727068271191 -0.082136339977922218 0.0020625603089131938 0.064979408967562699 0.074325325511652843 0.013917224280860114 -0.0079919353955521365
leaf_weight=414 76 124 64 186 232 381 104 180 78 8056 127 140 133 3457
leaf_count=414 76 124 64 186 232 381 104 180 78 8056 127 140 133 3457
internal_value=-0.000130034 0.002187 0.00103498 0.00151709 0.0153853 0.00658287 0.0187212 -0.000127384 -0.0298856 0.000796162 0.0300337 0.0303214 0.0456754 -0.00682555
internal_weight=13752 10219 9822 9758 1030 844 612 8728 258 8470 508 397 273 3533
internal_count=13752 10219 9822 9758 1030 844 612 8728 258 8470 508 397 273 3533
is_linear=0
shrinkage=0.03


Tree=246
num_leaves=15
num_cat=0
split_feature=21 25 13 6 6 18 9 6 9 9 20 13 18 16
split_gain=202.836 360.641 243.759 168.445 296.929 345.356 341.385 373.479 247.059 279.345 400.79 357.304 264.03 244.916
threshold=0.5336844693411239 0.21772348384487075 -23.317311264261061 -1.0000000180025095e-35 -0.75789087746669204 0.11320256459676294 1.4498381773823998 -0.257041141652461 0.94490841038585127 0.49825895682827209 0.84360146535395575 0.037661415916712855 0.26258054732553254 -0.21616870326985196
decision_type=2 8 10 2 2 8 10 2 10 10 8 8 10 10
left_child=3 -2 -3 4 -1 -6 7 -7 9 11 -11 13 -12 -5
right_child=1 2 -4 8 5 6 -8 -9 -10 10 12 -13 -14 -15
leaf_value=-0.0093156130130453273 -0.011193262749681925 -0.027323333483850843 -0.10297308005503754 0.025689111852433 -0.011193262749681925 -0.011193262749681925 0.025131933111581017 0.009323935173653734 -0.011193262749681925 0.073583258112494859 0.021681174631205453 -0.0083477799113791037 -0.0079151597956265765 0.00071991471945946292
leaf_weight=1294 232 102 62 520 302 526 955 2902 1042 84 552 3943 525 775
leaf_count=1294 232 102 62 520 302 526 955 2902 1042 84 552 3943 525 775
internal_value=-0.00099511 -0.0220198 -0.058123 -0.00036674 0.00338122 0.00689429 0.00931657 0.00488041 -0.00337856 -0.00090613 0.0123759 -0.00385908 0.00728408 0.00978761
internal_weight=13816 396 164 13420 5979 4685 4383 3428 7441 6399 1161 5238 1077 1295
internal_count=13816 396 164 13420 5979 4685 4383 3428 7441 6399 1161 5238 1077 1295
is_linear=0
shrinkage=0.03


Tree=247
num_leaves=15
num_cat=0
split_feature=11 27 27 31 18 5 5 8 6 6 5 35 18 18
split_gain=181.777 173.364 226.115 131.968 126.751 125.18 244.419 190.847 178.343 317.092 240.035 167.225 287.832 368.584
threshold=4.8628625472887785 -1.0926241931447518 -0.3776394808334757 7.1911604878637858 0.060251915492579897 -0.99983995306282936 -0.99972335576316518 1.4320412726369576 -0.98899813289017546 -0.97616593270056884 -0.99895751731029481 39.152514152514165 0.48827384531311341 0.32614479979084915
decision_type=2 8 8 2 10 2 2 10 2 2 2 10 10 10
left_child=1 -1 4 -4 -3 7 -7 -5 -8 -10 -11 -12 13 -13
right_child=-2 2 3 5 -6 6 8 -9 9 10 11 12 -14 -15
leaf_value=0.03610522690082877 -0.038899544797071785 0.016253626255952204 0.036897332275907191 -0.019272413198935103 -0.019272413198935103 0.051695605710039241 -0.017664022770065839 0.022258099583642822 0.053505626703397584 0.049435174340730179 0.0049288145041766025 -0.0032713030269782921 0.0056492872170481401 -0.019272413198935103
leaf_weight=116 102 92 85 341 273 80 456 100 99 86 4707 4137 2607 523
leaf_count=116 102 92 85 341 273 80 456 100 99 86 4707 4137 2607 523
internal_value=5.06824e-05 0.000354718 3.63029e-05 0.000693621 -0.0192724 0.000445405 0.00099384 -0.0151764 0.000651952 0.00134584 0.000895662 0.000526552 -0.00232632 -0.00678949
internal_weight=13804 13702 13586 13221 365 13136 12695 441 12615 12159 12060 11974 7267 4660
internal_count=13804 13702 13586 13221 365 13136 12695 441 12615 12159 12060 11974 7267 4660
is_linear=0
shrinkage=0.03


Tree=248
num_leaves=15
num_cat=0
split_feature=28 27 35 28 8 15 10 3 26 13 18 18 13 9
split_gain=183.65 354.284 276.358 557.164 271.363 423.783 244.935 333.933 238.636 231.444 258.456 255.592 199.955 196.936
threshold=1.5000000000000002 -0.95916109626824209 20.10489510489511 13.500000000000002 -1.9253344180713474 0.81666666666666676 1.0000000180025095e-35 0.13673253507746544 -0.071060314136675892 0.019180190012223864 0.91530612695743707 0.61827943261734586 -81.822719893800723 0.426279375468883
decision_type=2 10 10 2 10 2 2 8 10 8 10 10 10 8
left_child=12 9 3 4 -3 -6 7 -4 -5 10 13 -11 -1 -2
right_child=1 2 6 8 5 -7 -8 -9 -10 11 -12 -13 -14 -15
leaf_value=-0.0067013266470668641 0.059102335735741585 0.0085309710309131818 -0.029759183153390909 0.042191020260872923 -0.099991135667078193 -0.023094293797922716 0.001697875591185466 -0.0035488253376366615 -0.024729619930745867 0.011969324647727483 0.069031953200315826 -0.018276475194942791 -0.040045200049504633 0.018294640954920796
leaf_weight=865 103 62 542 119 123 138 7472 2194 74 1279 112 308 195 227
leaf_count=865 103 62 542 119 123 138 7472 2194 74 1279 112 308 195 227
internal_value=-0.00102645 -2.69904e-05 -0.00220327 -0.0235158 -0.0473469 -0.0605314 -0.00111496 -0.0087859 0.0165558 0.0114526 0.0305289 0.00606035 -0.0129945 0.0182946
internal_weight=13813 12753 10724 516 323 261 10208 2736 193 2029 442 1587 1060 330
internal_count=13813 12753 10724 516 323 261 10208 2736 193 2029 442 1587 1060 330
is_linear=0
shrinkage=0.03


Tree=249
num_leaves=15
num_cat=0
split_feature=6 1 27 27 7 19 19 6 19 11 19 5 28 2
split_gain=212.311 419.112 312.066 277.47 345.837 258.444 282.347 217.665 442.308 374.589 301.73 298.568 259.856 309.997
threshold=-0.69637284895157092 11.178729971845524 0.93890861631567624 0.25131442828090628 -1.0000000180025095e-35 -1.0000000180025095e-35 -1.2204624549811507 0.0098928469804979175 -2.6249789207059977 1.7574746725969856 -1.0566983428437424 0.14081240193714714 15.500000000000002 0.028778467908902695
decision_type=2 8 8 10 10 10 10 2 8 2 8 2 2 2
left_child=1 2 5 -3 -5 6 -1 -2 -9 10 11 -10 13 -12
right_child=7 3 -4 4 -6 -7 -8 8 9 -11 12 -13 -14 -15
leaf_value=-0.021035721968520771 0.005191041404319318 -0.0091703985386120991 -0.080937537213841684 0.079685998579801673 0.0052186891953785747 -0.017718804841328768 -0.098596283769607537 -0.058688591346144674 -0.00010781867469244814 -0.072439236430959272 -0.00076730542104279777 0.078502563136465406 0.016752963818269146 -0.022929496031670084
leaf_weight=105 7669 782 98 72 210 138 70 120 89 61 3072 80 572 692
leaf_count=105 7669 782 98 72 210 138 70 120 89 61 3072 80 572 692
internal_value=0.000794218 -0.00994403 -0.0354757 3.8107e-05 0.0252886 -0.0201929 -0.0539369 0.00207971 -0.00301234 -0.0014865 -0.000446522 0.0382907 -0.00199871 -0.00486677
internal_weight=13830 1475 411 1064 282 313 175 12355 4686 4566 4505 169 4336 3764
internal_count=13830 1475 411 1064 282 313 175 12355 4686 4566 4505 169 4336 3764
is_linear=0
shrinkage=0.03


Tree=250
num_leaves=15
num_cat=0
split_feature=31 9 28 27 16 13 3 16 9 7 18 28 31 10
split_gain=156.904 144.205 127.293 409.757 382.373 714.749 351.524 321.197 291.953 289.543 351.276 365.582 286.882 274.171
threshold=9.0552304838019158 4.9989795723965189 11.500000000000002 0.085339990889234288 35.361852541414535 2.6284026528732536 0.0073969820565936723 -8.4920244916544743 0.21170784297865358 2.998734241989172 0.20230355399977601 8.5000000000000018 17.573086254404938 1.0000000180025095e-35
decision_type=2 10 2 10 8 10 8 8 10 10 10 2 2 2
left_child=1 -1 4 6 9 13 8 -5 -4 12 -11 -12 -2 -6
right_child=2 -3 3 7 5 -7 -8 -9 -10 10 11 -13 -14 -15
leaf_value=0.0041386648607663551 0.054906337057875697 0.051129278708249327 -0.057461242268825402 0.04579120093065759 -0.0075575683741912255 -0.044683357203795918 0.0066698638601009634 -0.020702805151597534 -0.0078270207507578765 0.08255092338604085 0.0040913398500168393 0.077115754702438907 0.0046721524816235836 0.0040913398500168393
leaf_weight=141 102 97 140 64 2606 337 2349 1382 303 97 230 67 2382 3475
leaf_count=141 102 97 140 64 2606 337 2349 1382 303 97 230 67 2382 3475
internal_value=5.52001e-05 0.0239483 -0.000373657 -0.00467958 0.00159085 -0.00248423 0.00203781 -0.0176121 -0.0223239 0.0106669 0.0343992 0.0175665 0.00684106 -0.000110823
internal_weight=13772 238 13534 4238 9296 6418 2792 1446 443 2878 394 297 2484 6081
internal_count=13772 238 13534 4238 9296 6418 2792 1446 443 2878 394 297 2484 6081
is_linear=0
shrinkage=0.03


Tree=251
num_leaves=15
num_cat=0
split_feature=6 9 25 27 5 25 28 32 6 8 17 6 9 3
split_gain=171.103 201.782 183.002 261.218 257.427 255.977 284.114 224.921 217.697 204.955 625.36 280.212 298.979 254.152
threshold=0.9904983019613105 1.2115327130650637 0.98766201713080382 1.9891728241796096 0.061974595665633583 0.79982344211531531 9.5000000000000018 67.104224446881801 -0.072545934958822125 1.9854903154021886 0.074188011264120141 0.016814692172060035 0.60489871401774897 0.11441434580115868
decision_type=2 10 10 10 2 10 2 2 2 10 2 2 10 10
left_child=2 -2 3 5 -4 7 8 9 -7 -1 13 -12 -13 -11
right_child=1 -3 4 -5 -6 6 -8 -9 -10 10 11 12 -14 -15
leaf_value=0.0016525645341689741 0.0050555018356868197 -0.067495395323882504 0.0016172388037194723 -0.0452902484428266 0.026404371669949321 -0.051526186051113261 -0.079812791215842713 0.053091875653560848 0.014819062974754004 -0.015155196416626066 -0.018054889549771622 -0.025304201470538624 -0.099135392512071804 0.019306419529347231
leaf_weight=10359 65 67 1105 111 568 65 68 68 118 261 305 101 101 480
leaf_count=10359 65 67 1105 111 568 65 68 68 118 261 305 101 101 480
internal_value=0.000471786 -0.0328889 0.000804857 -0.000488809 0.0100863 -5.30185e-05 -0.0297282 0.000597419 -0.00948983 0.000267151 -0.0111932 -0.0366946 -0.0637227 0.00638416
internal_weight=13842 132 13710 12037 1673 11926 251 11675 183 11607 1248 507 202 741
internal_count=13842 132 13710 12037 1673 11926 251 11675 183 11607 1248 507 202 741
is_linear=0
shrinkage=0.03


Tree=252
num_leaves=15
num_cat=0
split_feature=28 13 5 31 5 13 27 15 27 1 5 18 19 8
split_gain=226.451 271.969 188.627 175.788 141.614 395.754 270.298 225.942 278.015 170.037 156.215 328.796 486.533 279.685
threshold=1.5000000000000002 -81.822719893800723 -0.035886121848980927 8.4136642578201037 0.56502734550287803 -1.2048576794435852 0.13353139262452265 0.45000000000000007 0.04688645024271932 3.2974554065660406 0.35850969499401403 0.16064495600969489 0.70055274034948856 1.1026175616321023
decision_type=2 10 2 2 2 10 8 2 8 8 2 8 8 8
left_child=1 -1 -3 -2 10 6 -6 8 -7 -8 -5 13 -13 -12
right_child=3 2 -4 4 5 7 9 -9 -10 -11 11 12 -14 -15
leaf_value=-0.007555191613757303 0.036250889798847295 -0.087361259234803063 -0.027755565252207324 -0.000496571659187261 -0.013163917401830677 -0.10699905171990394 0.0079551310771528421 -0.013163917401830677 -0.034841108058724216 0.058767380140811704 0.0089274051842781216 0.028929152962608406 -0.027562791489748929 0.098014945302690767
leaf_weight=826 113 65 114 11046 256 62 148 238 130 96 60 307 240 65
leaf_count=826 113 65 114 11046 256 62 148 238 130 96 60 307 240 65
internal_value=-0.00127836 -0.0149527 -0.0479559 -0.000195992 -0.000535813 -0.0117715 0.00637484 -0.0327027 -0.0565183 0.0287255 0.00036055 0.0143491 0.00411778 0.057241
internal_weight=13766 1005 179 12761 12648 930 500 430 192 244 11718 672 547 125
internal_count=13766 1005 179 12761 12648 930 500 430 192 244 11718 672 547 125
is_linear=0
shrinkage=0.03


Tree=253
num_leaves=15
num_cat=0
split_feature=17 27 7 9 28 12 8 8 5 4 16 31 27 8
split_gain=264.305 571.299 203.282 206.838 188.703 411.429 310.97 286.516 177.879 166.47 221.985 230.675 140.357 300.25
threshold=2.7456702902203056 -0.048528452569633444 0.52557034009680159 0.031898869250004035 16.500000000000004 0.050213486109409178 -0.065827776783276434 -0.58239800366049088 0.98550164731477852 inf 0.24198090204008196 59.586567278874981 0.40872244861876156 2.4487995224417438
decision_type=2 8 10 10 2 2 10 10 2 8 8 2 10 8
left_child=2 -2 4 -4 8 6 7 -6 12 -5 11 -11 -1 -14
right_child=1 -3 3 9 5 -7 -8 -9 -10 10 -12 -13 13 -15
leaf_value=0.0020068898137094943 -0.080584863711472429 -0.0097585666762990426 0.033951995225091063 -0.0097585666762990426 0.017659395971568299 -0.0097585666762990426 0.0093952460382172205 0.080529820952262424 0.038253393585568875 0.059585022708877576 -0.0011584975251268976 0.013928831248512087 -0.0097585666762990426 0.018996676922352476
leaf_weight=8394 110 501 107 2638 123 60 326 143 111 124 296 136 448 325
leaf_count=8394 110 501 107 2638 123 60 326 143 111 124 296 136 448 325
internal_value=-0.000601221 -0.0198101 0.000292983 -0.00615095 0.00243714 0.0179747 0.0285491 0.0523204 0.00133616 -0.00754537 0.00744157 0.0290162 0.000868534 -0.00975857
internal_weight=13842 611 13231 3301 9930 652 592 266 9278 3194 556 260 9167 773
internal_count=13842 611 13231 3301 9930 652 592 266 9278 3194 556 260 9167 773
is_linear=0
shrinkage=0.03


Tree=254
num_leaves=15
num_cat=0
split_feature=5 7 35 8 31 16 18 1 33 5 31 29 7 18
split_gain=145.126 378.159 322.626 235.932 448.399 248.714 227.839 484.854 361.714 212.851 206.148 286.233 285.392 203.35
threshold=0.23681849366879726 0.50786455662891605 35.139860139860147 2.0313878800562124 63.975360304031646 26.013132967437119 0.97949906115429786 6.2643996384852221 45.959595959595966 0.44496947253743729 76.951894259586581 57.099975393681696 1.1072639314097563 0.76420388984102072
decision_type=2 8 10 8 2 10 10 8 2 2 2 2 8 8
left_child=10 2 -2 5 -5 -4 8 -8 13 -6 -1 -12 -13 -3
right_child=1 6 3 4 9 -7 7 -9 -10 -11 11 12 -14 -15
leaf_value=-0.00059479488102048828 -0.0050284331641159948 -0.030113775969471783 0.049452343423935494 -0.056054940088777927 -0.0045767028169596893 -0.013585604870163682 -0.0100579992423837 0.092557787775993342 -0.0030642050628193825 0.070111973432672989 -0.059156466250762686 0.049838710169900546 -0.02040839060733796 -0.095716416596793197
leaf_weight=11076 315 61 457 69 63 62 112 60 955 69 124 61 242 60
leaf_count=11076 315 61 457 69 63 62 112 60 955 69 124 61 242 60
internal_value=-1.60771e-05 0.00688457 0.0202468 0.0312631 0.00353886 0.041864 -0.00423364 0.0273416 -0.00938411 0.0355991 -0.00138805 -0.0217192 -0.00568675 -0.0571633
internal_weight=13786 2283 1035 720 201 519 1248 172 1076 132 11503 427 303 121
internal_count=13786 2283 1035 720 201 519 1248 172 1076 132 11503 427 303 121
is_linear=0
shrinkage=0.03


Tree=255
num_leaves=15
num_cat=0
split_feature=5 5 5 31 27 33 6 31 18 0 15 18 9 15
split_gain=110.35 289.931 289.389 229.658 212.502 106.416 105.966 237.2 346.824 198.144 280.279 330.476 192.044 510.825
threshold=-0.99998780776236795 -0.99993673205266165 -0.99983995306282936 23.019837305551594 0.11078684613954472 48.800405943263094 -0.75789087746669204 28.486897717666952 0.21793284219199979 2.6843460540265198e-16 0.70833333333333337 0.92487402218540682 1.7081937618022542 0.81666666666666676
decision_type=2 2 2 2 10 2 2 2 10 8 2 10 10 2
left_child=5 4 3 -3 -2 -1 7 9 -9 -4 -11 -12 -8 -14
right_child=1 2 6 -5 -6 -7 12 8 -10 10 11 -13 13 -15
leaf_value=-0.053378059235675367 0.0087367801431645735 -0.0005955683231792029 -0.043175430900671261 -0.077436330857910685 0.067594489245038289 -0.005961927451738497 -0.00068788985814636052 -0.0077639223709702497 -0.092840355815898098 -0.008581410421009036 0.010838725431629543 0.087662892749819615 -0.0040926333351263867 0.0374703703137102
leaf_weight=63 136 63 94 74 90 118 11055 115 65 630 162 60 669 436
leaf_count=63 136 63 94 74 90 118 11055 115 65 630 162 60 669 436
internal_value=-0.000505601 -0.000192762 -0.000765961 -0.043366 0.0331314 -0.0234571 -0.000310538 -0.00909399 -0.0401648 -0.00300189 0.00165644 0.0302589 0.000506201 0.0124018
internal_weight=13830 13649 13423 137 226 181 13286 1126 180 946 852 222 12160 1105
internal_count=13830 13649 13423 137 226 181 13286 1126 180 946 852 222 12160 1105
is_linear=0
shrinkage=0.03


Tree=256
num_leaves=15
num_cat=0
split_feature=25 18 9 27 9 6 34 9 32 18 19 19 0 31
split_gain=187.462 268.429 229.724 181.761 181.296 416.015 332.397 351.167 269.719 451.208 267.684 344.976 325.065 310.031
threshold=2.9978661367769956 0.1164780578617453 0.10947358442617741 2.5323512576832661 1.4498381773823998 -0.257041141652461 55.830835830835845 0.93168980699816872 58.545999455090374 0.90912670794625183 2.9978203392591891 -0.32983482122842117 2.2124347477683792 36.136939983093839
decision_type=10 8 10 10 10 2 2 8 2 10 10 8 10 2
left_child=4 -2 -3 -4 5 6 7 -1 10 -10 11 12 13 -6
right_child=1 2 3 -5 8 -7 -8 -9 9 -11 -12 -13 -14 -15
leaf_value=-0.066313121592295216 0.07341611616370769 -0.035459948885725456 0.02565162076434541 -0.027284857085772923 -0.013333578316156161 -0.001373754329538664 0.0028937994818066712 -0.018342743270375109 0.013372370170583228 0.093329292208900752 -0.034060015552334094 0.010581000414196119 0.010581000414196119 -0.070403630928594169
leaf_weight=209 60 84 367 65 325 9839 309 400 632 66 185 867 303 113
leaf_count=209 60 84 367 65 325 9839 309 400 632 66 185 867 303 113
internal_value=-0.000761147 0.0159184 0.00859218 0.0174656 -0.00149208 -0.00318104 -0.022439 -0.0352114 0.00579324 0.0215428 -0.000380787 0.00358757 -0.0122814 -0.0286856
internal_weight=13824 576 516 432 13248 10757 918 609 2491 698 1793 1608 741 438
internal_count=13824 576 516 432 13248 10757 918 609 2491 698 1793 1608 741 438
is_linear=0
shrinkage=0.03


Tree=257
num_leaves=15
num_cat=0
split_feature=5 13 9 33 7 18 31 35 27 28 28 16 18 24
split_gain=148.37 215.81 388.021 229.824 326.189 205.88 282.909 188.997 159.035 282.536 361.212 292.733 273.634 236.296
threshold=-0.93683920141480959 -57.840261247714785 0.75079616939379279 65.555555555555571 1.9409748629827102 0.30171617614430063 17.573086254404938 5.5527805527805549 0.099587180600606576 10.500000000000002 13.500000000000002 -8.4920244916544743 0.58592628993724938 0.50426762944449921
decision_type=2 10 10 2 8 10 2 8 10 2 2 10 8 8
left_child=1 3 -3 -1 -5 6 -4 -2 -9 13 12 -12 -11 -10
right_child=7 2 5 4 -6 -7 -8 8 9 10 11 -13 -14 -15
leaf_value=-0.010234054838925009 0.050308466479182239 -0.069967509775263503 -0.010234054838925009 0.074393548895418646 0.004648596260099197 -0.010234054838925009 -0.076041158290908614 0.0023504304390854045 0.039507194267851965 -0.015053444814140145 0.02157645907770802 -0.015063722041892045 -0.059810234355888142 -0.00084697792175769573
leaf_weight=469 63 118 61 70 313 445 97 8604 135 270 272 669 228 1941
leaf_count=469 63 118 61 70 313 445 97 8604 135 270 272 669 228 1941
internal_value=-0.000687206 -0.00934272 -0.0213615 0.000893367 0.0181901 -0.0113527 -0.0440666 0.000433812 0.000153901 -0.00521846 -0.0154098 -0.00441466 -0.0359354 0.00186583
internal_weight=13755 1573 721 852 383 603 158 12182 12119 3515 1439 941 498 2076
internal_count=13755 1573 721 852 383 603 158 12182 12119 3515 1439 941 498 2076
is_linear=0
shrinkage=0.03


Tree=258
num_leaves=15
num_cat=0
split_feature=8 15 8 35 27 27 17 7 28 25 6 27 9 18
split_gain=233.492 226.442 192.697 271.814 194.882 313.957 294.936 319.206 219.833 543.923 394.926 366.615 279.981 459.11
threshold=-2.9983170795021699 0.63333333333333341 -1.3318330161407752 52.772227772227787 -0.95916109626824209 -0.3776394808334757 0.0052006801981258058 0.012036796010050034 14.500000000000002 -0.55908005446511833 -0.61433054358285111 0.22201869144720202 1.3235620247523798 0.98642752353777674
decision_type=8 2 8 10 8 8 2 10 2 10 2 10 10 8
left_child=1 -1 3 -2 -4 6 -6 -8 -7 -10 11 -11 -12 -14
right_child=2 -3 4 -5 5 8 7 -9 9 10 12 -13 13 -15
leaf_value=0.01156596533114467 -0.043155511455102401 0.077176101737297484 0.040254554044998558 0.028028427930978629 0.007333399273636864 -0.0010751638427113326 -0.022542966098300723 -0.096057348998133535 0.086689178578555584 0.0043494982341010313 0.0060106428633840579 -0.093966768649908217 0.083565248752895158 -0.0072667099343192189
leaf_weight=183 193 60 103 60 118 11046 110 81 75 71 1407 60 109 88
leaf_count=183 193 60 103 60 118 11046 110 81 75 71 1407 60 109 88
internal_value=0.000149401 0.0289954 -0.000379547 -0.0260579 0.000119731 -0.000209438 -0.0298477 -0.0524193 0.000514259 0.0101904 0.0066439 -0.04248 0.0107754 0.043815
internal_weight=13764 243 13521 253 13268 13165 309 191 12856 1810 1735 131 1604 197
internal_count=13764 243 13521 253 13268 13165 309 191 12856 1810 1735 131 1604 197
is_linear=0
shrinkage=0.03


Tree=259
num_leaves=15
num_cat=0
split_feature=7 18 5 6 7 26 6 35 5 9 6 6 26 18
split_gain=124.826 323.398 247.908 244.734 222.576 240.629 184.218 179.691 164.126 354.454 332.263 360.307 239.682 490.733
threshold=1.3265471822270387 0.086549713587645447 0.89900315627826832 0.87905713213354786 1.0470217603561196 0.45394415633154767 0.020336223314693265 28.504828504828509 -0.00061441124767246894 0.46622830524210668 0.29296582939431254 0.067715422385150603 0.14492096656035883 0.7084852431570805
decision_type=10 8 2 2 10 10 2 10 2 10 2 2 10 10
left_child=4 -2 7 -4 -1 6 -6 -3 10 -10 11 12 13 -9
right_child=1 2 3 -5 5 -7 -8 8 9 -11 -12 -13 -14 -15
leaf_value=0.00086897187339804091 0.044933495331766472 -0.054628125544298772 -0.087031277058912171 -0.0084079072005115441 0.067717240703542056 -0.012250833014647166 0.014003335837306095 -0.018927752770862338 -0.014008288745568798 0.024771773563176912 -0.058496763608077672 0.051858445826748555 -0.031526576528110757 0.043588456077478736
leaf_weight=11222 101 61 65 75 118 103 114 349 415 424 118 83 333 161
leaf_count=11222 101 61 65 75 118 103 114 349 415 424 118 83 333 161
internal_value=0.000350075 -0.00621735 -0.00879797 -0.0466539 0.00159388 0.0255074 0.0421756 -0.00595902 -0.00424188 0.00562039 -0.0121566 -0.00596904 -0.0119348 0.00103934
internal_weight=13742 2185 2084 140 11557 335 232 1944 1883 839 1044 926 843 510
internal_count=13742 2185 2084 140 11557 335 232 1944 1883 839 1044 926 843 510
is_linear=0
shrinkage=0.03


Tree=260
num_leaves=15
num_cat=0
split_feature=28 28 8 5 31 18 7 17 27 18 5 27 12 26
split_gain=173.091 281.338 483.152 385.683 305.197 264.11 410.943 400.036 329.891 368.604 261.469 296.465 260.74 313.42
threshold=15.500000000000002 11.500000000000002 -2.3523462984510588 0.97173203224090599 74.978867286559606 0.26258054732553254 2.7439422541888212 0.079651089854757925 0.095310179804325004 0.20053065853925917 -0.134313571920152 0.3109672761673406 0.050213486109409178 -0.12320565758696399
decision_type=2 2 8 2 2 8 10 2 8 10 2 10 2 10
left_child=1 2 -1 5 -3 6 7 -4 -9 10 -10 -12 13 -2
right_child=12 4 3 -5 -6 -7 -8 8 9 -11 11 -13 -14 -15
leaf_value=0.077607259260792594 0.046065769529231401 -0.0073712735862820683 0.039285783691680301 0.042740108190628227 -0.053367099606221283 -0.0020121988959489446 0.065038376050740476 0.016931012820429598 0.0042553933795828084 0.017157089877526888 -0.1019132105372846 -0.02478014303425562 -0.028688494001288669 0.0072365604069419319
leaf_weight=69 216 2561 247 187 132 8269 120 321 73 99 85 98 143 1239
leaf_count=69 216 2561 247 187 132 8269 120 321 73 99 85 98 143 1239
internal_value=4.72587e-05 -0.00116433 0.0012477 0.000652496 -0.00972053 -0.000215175 0.0139734 0.00701978 -0.0049716 -0.0247366 -0.0436499 -0.0623646 0.0093181 0.0131389
internal_weight=13859 12261 9568 9499 2693 9312 1043 923 676 355 256 183 1598 1455
internal_count=13859 12261 9568 9499 2693 9312 1043 923 676 355 256 183 1598 1455
is_linear=0
shrinkage=0.03


Tree=261
num_leaves=15
num_cat=0
split_feature=6 31 17 6 34 31 18 18 19 6 6 19 8 3
split_gain=191.417 355.844 490.38 221.083 269.525 284.283 366.582 225.478 205.778 223.385 201.866 294.684 199.714 265.104
threshold=-0.69637284895157092 23.715295693317675 0.0052006801981258058 -1.0000000180025095e-35 56.33033633033633 29.286098516867749 0.051957427276213365 0.17406955720737025 -2.6249789207059977 0.23828800927436591 -0.83903651020426373 -0.1074712061385039 0.53590493453071553 0.44584167383311812
decision_type=2 2 2 2 2 2 10 10 8 2 2 10 10 10
left_child=1 -1 10 4 5 6 -2 -7 9 -5 11 -3 -6 -14
right_child=3 2 -4 8 12 7 -8 -9 -10 -11 -12 -13 13 -15
leaf_value=-0.002057902201395065 0.0040290154618784213 -0.036826378911078636 -0.082336360078333018 -0.0086427851634084413 0.0090556590078334498 -0.0042895378090057855 -0.041883104253151657 0.0087543381939477055 -0.0022171211330222866 -0.078112387688302282 -0.047218154066403333 0.034642996482304796 0.013823905494295958 0.063965313742794322
leaf_weight=1067 333 86 128 114 936 1445 289 1395 7407 62 78 116 236 158
leaf_count=1067 333 86 128 114 936 1445 289 1395 7407 62 78 116 236 158
internal_value=-0.00102332 -0.0112198 -0.0348649 0.000196055 0.00523712 0.000820075 -0.017467 0.00484887 -0.00299095 -0.0345968 -0.0120999 0.00406088 0.0166886 0.034481
internal_weight=13850 1475 408 12375 4792 3462 622 2840 7583 176 280 202 1330 394
internal_count=13850 1475 408 12375 4792 3462 622 2840 7583 176 280 202 1330 394
is_linear=0
shrinkage=0.03


Tree=262
num_leaves=15
num_cat=0
split_feature=35 27 3 7 35 6 5 26 31 9 22 6 26 33
split_gain=191.582 263.131 178.741 174.34 414.749 364.144 257.786 279.91 247.866 218.23 360.161 351.255 209.138 378.788
threshold=96.06227106227108 1.9891728241796096 0.86972573962275468 2.1776585217741862 55.003330003329999 -0.026679158245142765 0.76880355066050521 0.009210409227176088 60.953556932577918 0.16334228283679564 0.0052560971829432599 0.012655468086638063 1.0000000180025095e-35 78.401598401598406
decision_type=10 10 10 10 10 2 2 10 2 10 2 2 10 2
left_child=1 3 -3 9 5 -5 7 -6 -7 10 -1 -12 -11 -14
right_child=-2 2 -4 4 6 8 -8 -9 -10 12 11 -13 13 -15
leaf_value=-0.00070931808882971725 0.050525352569187387 -0.049942628092541817 0.0036630608775949738 0.0022598112806414081 0.016219661697908814 -0.10295862971742947 -0.041730443448356289 -0.014661738537086749 -0.030509892851114273 0.0081084080836928054 -0.015599715046871694 -0.076338673327541476 -0.0059033761460505181 0.064208315922878678
leaf_weight=4354 63 152 86 108 633 85 122 446 92 5359 289 105 1889 67
leaf_count=4354 63 152 86 108 633 85 122 446 92 5359 289 105 1889 67
internal_value=0.000293877 4.6109e-05 -0.0308957 0.000600826 -0.00907743 -0.0412772 -0.0012969 0.00344622 -0.0671744 0.00179632 -0.00321007 -0.0304901 0.00504583 -0.00334421
internal_weight=13850 13787 238 13549 1486 285 1201 1079 177 12063 4748 394 7315 1956
internal_count=13850 13787 238 13549 1486 285 1201 1079 177 12063 4748 394 7315 1956
is_linear=0
shrinkage=0.03


Tree=263
num_leaves=15
num_cat=0
split_feature=35 27 5 27 18 1 9 7 5 31 18 28 1 19
split_gain=209.599 175.468 170.139 172.752 195.707 186.027 178.117 202.791 141.199 252.17 344.276 255.386 232.913 322.637
threshold=96.06227106227108 -1.0926241931447518 0.9996510016704615 -0.3776394808334757 0.31960179439678127 1.9355515006639605 0.58664625996438236 -0.34507728669089571 0.58895224050621631 81.906981906981926 0.5735436642511732 9.5000000000000018 2.783316716403974 -0.099979653250474407
decision_type=10 8 2 8 10 10 10 10 2 2 8 2 10 10
left_child=1 -1 3 4 5 -3 -6 -8 -5 10 11 -10 13 -12
right_child=-2 2 -4 8 6 -7 7 -9 9 -11 12 -13 -14 -15
leaf_value=0.03551981536765033 0.051021567843854428 -0.022007352655221309 0.039819286786876018 0.00050517757454014755 0.0014705245025927848 0.038808508456537598 -0.025352125914683669 -0.098090136401928388 -0.026901533424776667 0.018007116884223576 -0.03441890921286736 0.047573338104270849 -0.013651391190131392 -0.0844012070376918
leaf_weight=117 67 107 88 12282 65 71 84 60 67 189 75 94 262 154
leaf_count=117 67 107 88 12282 65 71 84 60 67 189 75 94 262 154
internal_value=-3.04397e-05 -0.00029834 -0.000619469 -0.000897509 -0.020522 0.00264821 -0.0398564 -0.0579342 -0.000311182 -0.0121659 -0.0209828 0.0167039 -0.0333842 -0.0551864
internal_weight=13782 13715 13598 13510 387 178 209 144 13123 841 652 161 491 229
internal_count=13782 13715 13598 13510 387 178 209 144 13123 841 652 161 491 229
is_linear=0
shrinkage=0.03


Tree=264
num_leaves=15
num_cat=0
split_feature=1 31 18 8 10 28 8 27 18 18 25 18 17 28
split_gain=132.335 266.337 145.036 306.011 371.72 139.558 325.612 264.175 215.903 179.044 177.849 177.174 162.097 147.05
threshold=0.00021038710991680144 14.189656497348809 0.99622527497979174 1.0727882840806375 0.29166666666666669 16.500000000000004 0.059844155414508833 -0.017243088035584716 0.65798746228825278 0.095389079619974337 -0.17534984037432275 0.037157398020998975 0.14004500588317237 11.500000000000002
decision_type=8 2 8 10 2 2 10 10 10 10 10 8 2 2
left_child=1 -1 3 4 -3 11 7 -7 9 -9 -8 12 -2 -13
right_child=5 2 -4 -5 -6 6 10 8 -10 -11 -12 13 -14 -15
leaf_value=-0.065545794926583759 0.049097081015810486 -0.095337557994343083 -0.0039595088571687757 -0.0039595088571687757 -0.015116525371159826 0.0002177744153244742 0.045529555150900368 0.042432489120686541 0.0067792248684953853 0.10481316135648418 -0.0039595088571687757 0.001921599721913321 -0.0013518127347898045 -0.0039595088571687757
leaf_weight=66 122 82 800 124 135 169 61 142 86 63 384 8516 104 2863
leaf_count=66 122 82 800 124 135 169 61 142 86 63 384 8516 104 2863
internal_value=0.000314948 -0.00915051 -0.00561664 -0.0236213 -0.046895 0.00123149 0.0125447 0.0301498 0.0472357 0.0636422 -0.00395951 0.000344226 0.0263549 -0.000183724
internal_weight=13717 1207 1141 341 217 12510 905 460 291 205 445 11605 226 11379
internal_count=13717 1207 1141 341 217 12510 905 460 291 205 445 11605 226 11379
is_linear=0
shrinkage=0.03


Tree=265
num_leaves=15
num_cat=0
split_feature=31 28 20 26 35 28 19 7 31 5 31 8 9 35
split_gain=292.5 224.232 567.239 254.237 200.427 494.248 214.463 290.818 200.609 192.395 178.974 177.697 243.799 331.838
threshold=9.0552304838019158 15.500000000000002 0.62955399543320234 -1.6656851380201132 20.554445554445557 7.5000000000000009 -1.1792385120761535 -0.22177406542313524 42.984113788309593 -0.038550924024497481 56.049719511257983 -0.18898178226592408 3.3808286864292962 67.340992340992358
decision_type=2 2 8 10 8 2 10 10 2 2 2 10 10 10
left_child=-1 4 -3 -4 5 -2 9 8 -8 -7 -9 -5 13 -13
right_child=1 2 3 11 -6 6 7 10 -10 -11 -12 12 -14 -15
leaf_value=0.03196622014951387 0.037546306312473 0.073982402054326879 0.038951909911580963 0.017039000311838325 -0.0023062794821528971 -0.044935609671050931 -0.12170995919228488 0.010552477806429318 -0.040904839993096319 0.022412144022711206 -0.056278956271228649 -0.012347461363591983 -0.051382838363448778 0.030222231479276988
leaf_weight=231 98 107 114 393 11453 62 62 74 60 84 63 652 94 215
leaf_count=231 98 107 114 393 11453 62 62 74 60 84 63 652 94 215
internal_value=-0.00114582 -0.0017227 0.00890018 0.00392142 -0.00312522 -0.0215658 -0.036153 -0.0522981 -0.0851447 -0.00672851 -0.0210797 0.000170147 -0.00678084 -0.0016782
internal_weight=13762 13531 1575 1468 11956 503 405 259 122 146 137 1354 961 867
internal_count=13762 13531 1575 1468 11956 503 405 259 122 146 137 1354 961 867
is_linear=0
shrinkage=0.03


Tree=266
num_leaves=15
num_cat=0
split_feature=6 11 19 19 1 9 17 9 19 25 35 16 10 9
split_gain=191.917 280.895 207.251 286.268 261.085 363.287 231.229 269.978 252.559 255.708 249.264 199.311 149.934 297.934
threshold=0.0098928469804979175 1.7095265926358856 -2.6249789207059977 -1.3287277052145388 6.2643996384852221 0.70393695053644401 1.4065673775397218 0.14202230822717374 0.4659817897559782 2.9978661367769956 41.633366633366641 13.199341428342342 0.36666666666666675 1.4498381773823998
decision_type=2 2 8 8 10 8 2 10 10 10 10 10 2 10
left_child=12 2 -2 -4 6 -6 7 -5 11 10 -10 -9 -1 -14
right_child=1 -3 3 4 5 -7 -8 8 9 -11 -12 -13 13 -15
leaf_value=0.00046819982970459028 -0.035551930358206481 -0.066961788905354647 0.044100948491059569 -0.020311038743780117 0.057894973533777448 0.0047001236622186519 -0.035551930358206481 0.0047001236622186519 0.0047001236622186519 0.0047001236622186519 -0.020311038743780117 -0.020311038743780117 0.0051625669356799662 0.034639865039602605
leaf_weight=7233 121 60 108 734 134 355 216 1399 203 170 944 204 1584 353
leaf_count=7233 121 60 108 734 134 355 216 1399 203 170 944 204 1584 353
internal_value=-6.12064e-05 -0.00502408 -0.00414207 -0.00304968 -0.00426709 0.0162814 -0.00688119 -0.00507015 -0.000962924 -0.0108877 -0.0171792 0.00470012 0.00245569 0.00985693
internal_weight=13818 4648 4588 4467 4359 489 3870 3654 2920 1317 1147 1603 9170 1937
internal_count=13818 4648 4588 4467 4359 489 3870 3654 2920 1317 1147 1603 9170 1937
is_linear=0
shrinkage=0.03


Tree=267
num_leaves=15
num_cat=0
split_feature=6 9 8 32 8 35 3 9 6 19 19 6 5 27
split_gain=149.189 385.188 229.408 362.651 255.182 224.944 251.077 231.736 222.404 307.867 332.684 276.194 267.351 405.194
threshold=-0.4570261018104837 1.6129409370005956 -0.17641297634471884 58.228135500862777 -1.3318330161407752 31.285381285381288 23.966738561979806 4.9989795723965189 0.011356122766320777 -2.7749851617342638 -1.4607896768233075 0.046067352721505368 -0.14898470679490514 0.074454592618210094
decision_type=2 10 10 2 10 10 10 10 2 8 8 2 2 8
left_child=1 -1 3 4 -3 -4 7 -7 -2 -10 -11 12 13 -12
right_child=8 2 5 -5 -6 6 -8 -9 9 10 11 -13 -14 -15
leaf_value=-0.030163696863109598 0.0042630019320638616 -0.015003582273901231 -0.044585210132914097 0.038277608610822682 0.017289170783232027 0.012060658807198017 0.037639178176950137 -0.026839824451213558 -0.05240484717077222 0.050672133126679585 0.068716902640503896 -0.00061204256317127614 -0.027710852382497653 -0.031819743431500486
leaf_weight=513 7214 449 151 275 96 116 102 327 111 97 66 3653 670 69
leaf_count=513 7214 449 151 275 96 116 102 327 111 97 66 3653 670 69
internal_value=-0.000322035 -0.00782968 -0.000197744 0.010525 -0.00369927 -0.0128158 -0.00368838 -0.0135179 0.000962959 -0.00413827 -0.00290589 -0.00412714 -0.019976 0.0180303
internal_weight=13909 2029 1516 820 545 696 545 443 11880 4666 4555 4458 805 135
internal_count=13909 2029 1516 820 545 696 545 443 11880 4666 4555 4458 805 135
is_linear=0
shrinkage=0.03


Tree=268
num_leaves=15
num_cat=0
split_feature=18 18 35 35 8 28 35 16 17 28 8 2 0 16
split_gain=136.247 350.883 273.413 453.865 234.377 194.679 375.376 275.637 192.722 309.951 178.779 170.242 154.355 141.86
threshold=0.99744932747548121 0.9994593330874596 46.928071928071937 85.789210789210799 2.1491921710872153 11.500000000000002 66.541791541791554 7.0016151505613502 2.9998774609917498 13.500000000000002 2.7242533960957833 0.40550595238095244 5.3436664146518931 -12.796348735907181
decision_type=10 10 10 10 10 2 10 8 2 2 10 2 8 10
left_child=8 -2 4 5 -3 6 -4 -8 11 12 13 -1 -10 -7
right_child=1 2 3 -5 -6 10 7 -9 9 -11 -12 -13 -14 -15
leaf_value=0.002162979968464528 -0.072571128504733518 -0.010200934507057842 0.076737104705243836 -0.045150979679385458 -0.062602390126291527 0.0071303020593720479 0.055958729126084017 -0.018678629706613721 -0.078602310512214904 -0.010119142548106239 0.040482939436812609 -0.010119142548106239 -0.022017369743119526 -0.050741473933987653
leaf_weight=11039 68 1094 123 104 78 86 66 115 91 158 63 575 89 62
leaf_count=11039 68 1094 123 104 78 86 66 115 91 158 63 575 89 62
internal_value=-0.000540869 -0.00808475 -0.00544114 0.0106323 -0.0139395 0.0222231 0.0373915 0.00930986 0.000635387 -0.0215277 9.34544e-06 0.00128938 -0.0519754 -0.0179792
internal_weight=13811 1859 1791 619 1172 515 304 181 11952 338 211 11614 180 148
internal_count=13811 1859 1791 619 1172 515 304 181 11952 338 211 11614 180 148
is_linear=0
shrinkage=0.03


Tree=269
num_leaves=15
num_cat=0
split_feature=27 18 18 25 28 28 6 5 5 27 6 5 32 18
split_gain=171.618 263.118 202.579 182.134 266.661 199.841 132.633 228.703 212.238 135.611 639.42 353.398 669.812 478.827
threshold=-0.3776394808334757 0.72359182548857215 0.32614479979084915 -0.32267542028272372 14.500000000000002 10.500000000000002 -0.99996489589289306 -0.99998780776236795 -0.9999667702095254 -0.081451735468426753 -0.27262818459828186 -0.084442033480503789 46.019365250134491 0.83732904877669123
decision_type=8 8 10 10 2 2 2 2 2 8 2 2 2 8
left_child=1 2 -1 4 5 -3 8 -8 -2 10 -9 -12 13 -13
right_child=6 3 -4 -5 -6 -7 7 9 -10 -11 11 12 -14 -15
leaf_value=-0.011612693317091234 0.00025161377314863531 0.029830914275491074 -0.071595729724803089 -0.034455396476532181 0.064941326994448892 -0.038069960966573231 -0.042476592154398689 -0.043078354174388045 0.067264331132173533 -0.00033037740357047969 0.062818594435281927 0.0099957136665470899 0.052603568187264423 -0.086673035022533054
leaf_weight=99 111 68 104 88 63 79 108 138 64 12318 174 115 174 71
leaf_count=99 111 68 104 88 63 79 108 138 64 12318 174 115 174 71
internal_value=-0.000283634 -0.0174313 -0.0433253 0.00063181 0.0157944 -0.00671197 0.000369937 1.84387e-05 0.0259468 0.000387954 0.0134604 0.0283356 0.0110366 -0.0282077
internal_weight=13774 501 203 298 210 147 13273 13098 175 12990 672 534 360 186
internal_count=13774 501 203 298 210 147 13273 13098 175 12990 672 534 360 186
is_linear=0
shrinkage=0.03


Tree=270
num_leaves=15
num_cat=0
split_feature=3 18 31 6 15 6 6 16 31 31 19 7 19 35
split_gain=126.271 176.172 178.265 242.025 230.392 194.132 110.033 319.611 230.438 221.059 176.588 399.313 302.21 254.353
threshold=23.966738561979806 0.96991349781219804 80.934450165219403 -0.15007195204061705 1.0000000180025095e-35 -0.98576057747919088 0.13740213044046892 13.001213894929135 64.923188699412492 76.951894259586581 0.34703384431927559 0.13294244967928484 0.007875422153689195 34.182484182484195
decision_type=10 8 2 2 2 2 2 10 2 2 8 10 10 10
left_child=6 -2 3 4 -3 -6 9 -8 -9 10 11 -1 13 -13
right_child=1 2 -4 -5 5 -7 7 8 -10 -11 -12 12 -14 -15
leaf_value=-0.0014605945443523 0.0044209658844708904 0.0098647848274291405 0.05359178023823237 0.0044209658844708904 0.033509218455214686 0.088741973932464052 0.0044209658844708904 -0.013426876708824517 -0.058037542338542483 -0.027929707810651423 0.0027431512333484457 -0.053445922232888361 -0.038956612726583718 0.0044209658844708904
leaf_weight=4585 197 204 113 373 83 86 1933 86 136 288 4746 76 493 382
leaf_count=4585 197 204 113 373 83 86 1933 86 136 288 4746 76 493 382
internal_value=-0.000136386 0.00980701 0.019228 0.0137007 0.0317632 0.0571537 -0.000965079 0.00442097 -0.0312747 -0.00223447 -0.00150152 -0.00513966 -0.0227769 -0.00512814
internal_weight=13781 1056 859 746 373 169 12725 2155 222 10570 10282 5536 951 458
internal_count=13781 1056 859 746 373 169 12725 2155 222 10570 10282 5536 951 458
is_linear=0
shrinkage=0.03


Tree=271
num_leaves=15
num_cat=0
split_feature=30 5 28 31 35 22 19 10 0 31 7 10 31 7
split_gain=174.031 182.226 177.715 293.53 159.489 216.055 244.883 168.994 222.03 210.784 513.878 346.6 271.3 287.745
threshold=1.7066267066267076 -0.99998780776236795 1.5000000000000002 8.4136642578201037 10.989010989010991 0.0072884259652145579 -2.0983666610022778 1.0000000180025095e-35 0.083439360648108571 54.900654900654906 0.087040160723261387 0.63333333333333341 52.360227185402017 0.12615635797340022
decision_type=2 2 2 2 10 2 10 2 8 2 10 2 2 10
left_child=-1 -2 -3 -4 5 6 -5 8 -6 10 11 -9 13 -12
right_child=1 2 3 4 7 -7 -8 9 -10 -11 12 -13 -14 -15
leaf_value=-0.042058514638439466 -0.021358934461528693 -0.012481295912273706 0.057650232537891026 0.0087370537618963445 -0.021358934461528693 -0.021358934461528693 0.059318878174974367 -0.0031720213836255507 -0.0039320377769349367 -0.0031720213836255507 0.087481966353442575 0.028740737661361117 -0.0031720213836255507 0.024966363904987476
leaf_weight=87 175 984 76 1701 345 174 86 2018 2405 4316 68 307 243 874
leaf_count=87 175 984 76 1701 345 174 86 2018 2405 4316 68 307 243 874
internal_value=-0.000934312 -0.000659354 -0.000235245 0.000724695 0.000356764 0.00820336 0.01133 -0.00110134 -0.00749151 0.00114747 0.00660307 -0.00159996 0.0226367 0.0299172
internal_weight=13859 13772 13597 12613 12537 1961 1787 10576 2750 7826 3510 2325 1185 942
internal_count=13859 13772 13597 12613 12537 1961 1787 10576 2750 7826 3510 2325 1185 942
is_linear=0
shrinkage=0.03


Tree=272
num_leaves=15
num_cat=0
split_feature=7 21 6 32 10 8 5 35 26 5 32 11 16 26
split_gain=137.266 319.444 223.124 215.496 309.891 420.153 189.298 251.723 221.614 409.418 301.599 223.708 213.358 210.848
threshold=1.3488087314301167 0.0070386138315921319 -0.28274023724299785 47.026050872204721 0.18333333333333338 -0.28537863885607967 0.67959147259872943 28.921078921078927 0.93324574080672396 -0.18453061047261171 58.545999455090374 1.0000000180025095e-35 15.837454972988112 0.016283205186404363
decision_type=10 2 2 2 2 10 2 8 10 2 2 2 8 8
left_child=6 2 -2 -4 -5 -6 8 -8 -1 10 12 -11 -10 -9
right_child=1 -3 3 4 5 -7 7 13 9 11 -12 -13 -14 -15
leaf_value=-0.00080205648131514886 -0.017470025768982333 -0.033034403004344147 -0.01000956444153517 0.0016410603957972033 0.014403282642572207 0.062794759384055127 -0.035569788810351624 0.042398551338632309 0.056971960256031656 0.0087421365022525722 0.093074807680389851 -0.050409412526167353 -0.013355465445526038 0.0021295467884663273
leaf_weight=10335 355 350 612 244 401 199 64 281 61 497 84 60 74 199
leaf_count=10335 355 350 612 244 401 199 64 281 61 497 84 60 74 199
internal_value=-7.6533e-05 -0.00701194 -0.00190565 0.00349674 0.0132917 0.0271655 0.00121184 0.0184082 0.000362002 0.0157712 0.0500238 0.00197854 0.0208691 0.0258978
internal_weight=13816 2161 1811 1456 844 600 11655 544 11111 776 219 557 135 480
internal_count=13816 2161 1811 1456 844 600 11655 544 11111 776 219 557 135 480
is_linear=0
shrinkage=0.03


Tree=273
num_leaves=15
num_cat=0
split_feature=33 28 35 21 35 14 8 26 16 5 9 9 19 7
split_gain=157.101 144.263 292.412 322.517 246.976 190.281 342.39 326.251 298.169 222.499 191.426 261.808 280.103 410.471
threshold=9.5261880976166697 1.5000000000000002 74.184149184149206 0.062561729929404855 72.419247419247441 0.13848595382962223 1.2137107894704668 1.5531472688860679 7.8408904867066003 -0.14498845584910375 0.70393695053644401 0.43906847162421242 0.00211894543296598 -0.28913958486038899
decision_type=2 2 8 2 10 2 8 10 8 2 10 10 10 10
left_child=-1 -2 4 -4 5 7 -7 10 -9 -10 11 -3 13 -13
right_child=1 2 3 -5 -6 6 -8 8 9 -11 -12 12 -14 -15
leaf_value=-0.039356265921208458 -0.010304249930084417 0.0022263286843948312 0.011469377015745004 -0.0180578516309804 -0.019362528985683601 -0.0012931862679765424 -0.018534531831646744 0.086607140358792592 0.051372532634628952 -0.0012931862679765424 -0.0012931862679765424 -0.0012931862679765424 0.0061994319526701858 0.072857357704760248
leaf_weight=84 1001 2101 3360 365 275 2266 1275 68 64 157 2104 105 358 180
leaf_count=84 1001 2101 3360 365 275 2266 1275 68 64 157 2104 105 358 180
internal_value=0.000372948 0.000631208 0.00149835 0.00855578 -0.00144112 -0.000463741 -0.00580981 0.00322344 0.0339098 0.0161379 0.00136111 0.00737352 0.024045 0.0459681
internal_weight=13763 13679 12678 3725 8953 8678 3541 5137 289 221 4848 2744 643 285
internal_count=13763 13679 12678 3725 8953 8678 3541 5137 289 221 4848 2744 643 285
is_linear=0
shrinkage=0.03


Tree=274
num_leaves=15
num_cat=0
split_feature=18 5 13 35 16 5 1 19 31 31 31 18 18 31
split_gain=199.519 245.854 448.777 268.38 220.281 219.719 266.025 264.862 235.96 211.386 267.743 305.004 566.567 365.57
threshold=0.5435308541821634 -0.99983995306282936 -81.822719893800723 34.640359640359648 29.306944359227412 0.33763615074458181 -0.16508803239369066 0.36918791176208204 71.393466673186964 17.573086254404938 30.861446246061629 0.32614479979084915 0.16728016611064569 37.276883955205641
decision_type=8 2 10 10 8 2 8 8 2 2 2 10 10 2
left_child=5 2 3 -2 -4 6 -1 -7 -9 -8 -11 12 13 -12
right_child=1 -3 4 -5 -6 7 9 8 -10 10 11 -13 -14 -15
leaf_value=-0.052144054768637559 -0.021157623796308464 0.0035101322807778615 -0.021157623796308464 0.037427572296822774 -0.07547289472698937 0.038806351647685165 0.040638856190006907 0.030016561677045323 -0.030415347596886109 -0.029513160091149584 0.048624741429319746 -0.018726547421241906 0.02214949421252799 -0.019512601488690069
leaf_weight=117 123 9894 85 131 126 201 77 89 148 279 73 924 736 794
leaf_count=117 123 9894 85 131 126 201 77 89 148 279 73 924 736 794
internal_value=0.00042626 0.0025047 -0.0186981 0.00818539 -0.0505006 -0.0058308 -0.0087313 0.01391 -0.00757021 -0.00688227 -0.00825627 -0.00504819 0.00286999 -0.0135296
internal_weight=13797 10359 465 254 211 3438 3000 438 237 2883 2806 2527 1603 867
internal_count=13797 10359 465 254 211 3438 3000 438 237 2883 2806 2527 1603 867
is_linear=0
shrinkage=0.03


Tree=275
num_leaves=15
num_cat=0
split_feature=9 6 8 7 35 8 8 7 17 9 29 7 16 27
split_gain=108.724 445.408 301.082 324.805 280.659 391.324 460.226 382.758 320.776 311.171 295.376 209.068 208.569 206.735
threshold=1.6424626890584209 -0.4570261018104837 -2.3523462984510588 -1.9724962552049596 22.077922077922086 -1.3318330161407752 -0.17641297634471884 -0.79517651477812101 0.004005745695348127 3.6166680020170006 44.661113611663076 -0.76758874986964887 1.0918494506343304 -0.55768154954646254
decision_type=10 2 10 8 10 10 10 10 2 10 2 8 8 10
left_child=1 -1 3 -2 8 -6 7 -7 13 10 -8 -5 -11 -4
right_child=2 -3 4 11 5 6 9 -9 -10 12 -12 -13 -14 -15
leaf_value=-0.029327759291478541 0.06014780470616473 -0.00080299000669331361 0.031093293811523301 -0.040723904990232908 -0.056654472677344143 0.092261362064164118 -0.015681981320791554 0.010112759631413681 -0.066520246953203729 0.020709733622074126 0.045011490509569194 0.015779430334289395 -0.022965092701259762 -0.034141673751606781
leaf_weight=511 140 10905 80 60 86 91 110 112 118 120 194 648 469 77
leaf_count=511 140 10905 80 60 86 91 110 112 118 120 194 648 469 77
internal_value=-0.000891823 -0.00209209 0.00504441 0.0192009 -0.0032324 0.00315236 0.0080812 0.0482706 -0.0302415 -0.00127269 0.0231516 0.010739 -0.0139676 -0.0017631
internal_weight=13721 11416 2305 848 1457 1182 1096 203 275 893 304 708 589 157
internal_count=13721 11416 2305 848 1457 1182 1096 203 275 893 304 708 589 157
is_linear=0
shrinkage=0.03


Tree=276
num_leaves=15
num_cat=0
split_feature=28 13 3 19 28 18 21 27 28 9 18 5 5 18
split_gain=145.622 336.416 208.41 184.789 214.266 234.017 210.034 233.909 429.297 351.061 193.071 184.681 276.652 251.438
threshold=1.5000000000000002 -23.317311264261061 10.813240543777752 -1.0566983428437424 15.500000000000002 0.45238982658636168 1.0240734531648084 -0.054230646668037334 10.500000000000002 4.9989795723965189 0.033610256198705273 0.58895224050621631 0.31969079004118484 0.1164780578617453
decision_type=2 10 10 10 2 10 2 8 2 10 8 2 2 8
left_child=1 2 -1 4 6 -6 7 9 -9 -2 -5 12 13 -12
right_child=3 -3 -4 10 5 -7 -8 8 -10 -11 11 -13 -14 -15
leaf_value=-0.010199439533678559 0.087383998694676376 -0.046446363006500485 0.02493254290329236 0.029328181964810934 0.065512100985416988 0.0025344987466786673 -0.04714333350008184 0.0089992651634580242 -0.020060402490195448 0.0080608993375750441 -0.023313117593733106 -0.016623242643210689 0.01876744751267316 -0.00018074832304583379
leaf_weight=649 74 183 193 187 112 98 61 2308 283 141 442 635 654 7844
leaf_count=649 74 183 193 187 112 98 61 2308 283 141 442 635 654 7844
internal_value=0.000692866 -0.0101609 -0.00204698 0.00156299 0.00796718 0.036865 0.00579 0.00702253 0.00449156 0.0367283 -0.000458664 -0.00105541 5.90375e-05 -0.00142801
internal_weight=13864 1025 842 12839 3077 210 2867 2806 2591 215 9762 9575 8940 8286
internal_count=13864 1025 842 12839 3077 210 2867 2806 2591 215 9762 9575 8940 8286
is_linear=0
shrinkage=0.03


Tree=277
num_leaves=15
num_cat=0
split_feature=28 35 8 27 16 28 6 35 32 6 27 16 8 18
split_gain=160.914 286.11 354.997 352.153 231.095 481.503 446.543 227.376 338.957 294.923 216.432 211.957 321.097 320.317
threshold=10.500000000000002 55.935730935730945 1.0551457334471392 -0.3776394808334757 -9.2221798635307604 13.500000000000002 -0.19937416095637853 67.024642024642034 37.358795051102753 0.24640619884791257 -0.69314718055994529 35.361852541414535 1.1340679480994436 0.99969087635517917
decision_type=2 10 10 10 10 2 2 10 2 2 8 8 10 8
left_child=10 2 3 -2 5 -3 -7 8 -6 -9 -1 12 -12 -13
right_child=1 4 -4 -5 7 6 -8 9 -10 -11 11 13 -14 -15
leaf_value=0.052761641723682751 -0.028260609873760702 -0.013492230399721743 -0.023734677708589003 0.0068329392305174208 -0.10425033532487957 -0.013492230399721743 0.044184931935206478 -0.013492230399721743 -0.029215025505768513 -0.069470995553276113 0.0032374404321651841 -0.018866616112898967 0.025770561490816444 0.00092962777391608793
leaf_weight=69 279 252 495 2743 64 94 273 483 289 80 1955 850 699 5266
leaf_count=69 279 252 495 2743 64 94 273 483 289 80 1955 850 699 5266
internal_value=-0.000771081 -0.00503933 -0.000316989 0.00355167 -0.015823 -0.0016338 0.0239678 -0.0253507 -0.0440852 -0.0134922 0.00166994 0.00123813 0.00830969 -0.00183481
internal_weight=13891 5052 3517 3022 1535 619 367 916 353 563 8839 8770 2654 6116
internal_count=13891 5052 3517 3022 1535 619 367 916 353 563 8839 8770 2654 6116
is_linear=0
shrinkage=0.03


Tree=278
num_leaves=15
num_cat=0
split_feature=19 19 35 27 31 31 28 35 1 5 8 31 9 19
split_gain=253.6 191.856 192.549 191.818 185.452 294.627 464.926 340.415 222.851 199.46 354.435 331.21 306.877 208.755
threshold=0.47452643800960642 0.34703384431927559 45.612720612720622 1.9891728241796096 82.625765842549058 71.710981326365953 8.5000000000000018 48.526473526473538 1.5725400764460873 -0.00061441124767246894 -1.2581740978376394 46.229594581242942 1.2671327376887132 0.59251906099216634
decision_type=10 10 10 10 2 2 2 10 10 2 8 2 10 10
left_child=1 3 -3 -1 5 9 8 -8 -7 10 -2 -11 13 -13
right_child=4 2 -4 -5 -6 6 7 -9 -10 11 -12 12 -14 -15
leaf_value=0.0011131999703486294 0.055164798071341857 -0.010229302019007123 0.035956964900520125 -0.046423288695030394 0.02847717731100757 -0.017293966612659636 0.0045959056615829464 -0.070104749144492093 0.035626017527328323 0.070118759399029743 -0.013837324127223175 -0.038895952890698728 -0.039336402163608002 0.012609760442419614
leaf_weight=9773 65 113 268 72 118 269 70 240 92 62 1629 73 139 779
leaf_count=9773 65 113 268 72 118 269 70 240 92 62 1629 73 139 779
internal_value=-0.000839297 0.001556 0.0223036 0.00074216 -0.00775884 -0.00904959 -0.0267956 -0.0534317 -0.00350498 -0.00467404 -0.0110351 0.00556303 0.0011925 0.00799553
internal_weight=13762 10226 381 9845 3536 3418 671 310 361 2747 1694 1053 991 852
internal_count=13762 10226 381 9845 3536 3418 671 310 361 2747 1694 1053 991 852
is_linear=0
shrinkage=0.03


Tree=279
num_leaves=15
num_cat=0
split_feature=28 26 25 1 26 18 27 25 16 28 31 6 33 5
split_gain=144.797 191.46 339.57 243.613 327.824 241.14 205.651 209.636 302.967 208.178 181.635 221.5 178.338 178.143
threshold=1.5000000000000002 0.83036953228532273 -0.2546932187825241 1.8984548815748401 2.060585481259134 0.23082792317126702 2.017460570875651 2.5898637769608572 64.952010504811895 9.5000000000000018 17.989702605087221 -0.093229580038643498 62.398712398712398 0.031280451965216609
decision_type=2 8 8 8 8 8 10 10 8 2 2 2 2 2
left_child=-1 6 -3 10 -5 -6 7 -2 12 -8 -4 -12 -9 -10
right_child=1 2 3 4 5 -7 9 8 13 -11 11 -13 -14 -15
leaf_value=-0.011130204204990363 -0.0016561445062477219 0.066129997519885797 -0.050439169770523685 0.069792987524153111 0.057184751496670093 0.0072840927352518896 -0.0069655111311608927 0.024106742816045877 -0.033626003001606272 -0.070754018048755821 0.0063421993145519441 -0.0077946647203951964 0.091278698440927716 0.023197572485028378
leaf_weight=998 8920 80 62 86 89 1238 120 90 88 71 381 1355 60 61
leaf_count=998 8920 80 62 86 89 1238 120 90 88 71 381 1355 60 61
internal_value=-0.000156589 0.00070972 0.00693231 0.00535691 0.0146549 0.010833 -0.00146906 -0.000822114 0.0236773 -0.0318775 -0.00197051 -9.95975e-05 0.0530533 -0.00665812
internal_weight=13699 12701 3291 3211 1413 1327 9410 9219 299 191 1798 1736 150 149
internal_count=13699 12701 3291 3211 1413 1327 9410 9219 299 191 1798 1736 150 149
is_linear=0
shrinkage=0.03


Tree=280
num_leaves=15
num_cat=0
split_feature=26 26 26 18 19 35 29 6 6 0 6 6 0 15
split_gain=121.824 404.023 327.822 275.514 212.475 207.41 174.408 277.881 326.353 253.677 166.57 279.703 380.027 280.07
threshold=1.0000000180025095e-35 0.069956575643254318 0.033920204235460723 0.041703105236375111 -2.237209195198179 55.669330669330677 66.211107735980704 0.22529519167690079 0.34526412012362157 1.4570353658811843 -0.99996489589289306 -0.66778142453824729 22.432973905552448 1.0000000180025095e-35
decision_type=10 10 10 8 10 10 2 2 2 10 2 2 8 2
left_child=10 2 5 -3 -5 -2 7 9 -9 -6 -1 12 -12 -14
right_child=1 3 -4 4 6 -7 -8 8 -10 -11 11 -13 13 -15
leaf_value=0.033420854004738973 0.019555903531324404 0.050517449758860258 -0.068754147741754965 0.041944622019755427 -0.0088714008392992774 -0.043288664525246309 0.041584360527203358 -0.080070829134130356 -0.0054575068642931778 0.017196314210552212 -0.024487546599267905 0.0018306032535479356 -0.005943187487644665 0.045741157210099373
leaf_weight=132 99 81 153 82 1696 82 63 93 116 391 838 9615 214 135
leaf_count=132 99 81 153 82 1696 82 63 93 116 391 838 9615 214 135
internal_value=-0.000892739 -0.00640413 -0.0371547 -0.00226623 -0.00411744 -0.00931344 -0.00580391 -0.00719173 -0.0397537 -0.00384363 0.000549125 0.000132157 -0.0135757 0.0126012
internal_weight=13790 2856 334 2522 2441 181 2359 2296 209 2087 10934 10802 1187 349
internal_count=13790 2856 334 2522 2441 181 2359 2296 209 2087 10934 10802 1187 349
is_linear=0
shrinkage=0.03


Tree=281
num_leaves=15
num_cat=0
split_feature=5 5 33 31 3 25 31 32 6 27 8 8 8 31
split_gain=124.132 317.741 215.45 184.305 190.481 175.561 166.804 160.879 128.429 127.834 267.816 113.509 339.686 447.534
threshold=-0.99076066250737227 -0.99619506957811454 27.422577422577426 44.753323599477447 20.339279000210386 -0.42236851976276485 7.1911604878637858 60.027734503258991 0.1686732298505432 -0.91629073187415477 -0.16502656996820428 -0.18898178226592408 -0.30462660984997741 41.57357793721431
decision_type=2 2 2 2 8 10 2 2 2 8 10 8 10 2
left_child=1 2 -1 4 6 -3 -4 -8 -5 10 -2 12 -11 -14
right_child=9 5 3 8 -6 -7 7 -9 -10 11 -12 -13 13 -15
leaf_value=-0.041343658189943504 -0.010911613865755497 -0.086121966705532446 0.011196147216277741 0.060995977640462412 0.032885446238313923 -0.022836230618781164 -0.019995077495595488 0.010044115846976637 0.0021656464040279389 0.00062132970972858482 0.070059615458760938 -0.0014854482126428297 0.10291107761363187 0.012542039543211817
leaf_weight=116 75 62 80 67 101 109 403 163 63 1044 65 11310 67 162
leaf_count=116 75 62 80 67 101 109 403 163 63 1044 65 11310 67 162
internal_value=-0.00106558 -0.0104211 -0.00381643 0.0013535 -0.00444838 -0.0475767 -0.0104932 -0.0170942 0.033622 -0.000205901 0.0278017 -0.000528436 0.00794671 0.0406159
internal_weight=13887 1164 993 877 747 171 646 566 130 12723 140 12583 1273 229
internal_count=13887 1164 993 877 747 171 646 566 130 12723 140 12583 1273 229
is_linear=0
shrinkage=0.03


Tree=282
num_leaves=15
num_cat=0
split_feature=33 28 0 19 28 28 9 8 21 35 1 25 9 26
split_gain=159.947 171.308 179.48 175.21 258.782 272.545 210.444 451.432 169.736 329.079 323.575 368.038 181.441 162.345
threshold=71.043242471813912 1.5000000000000002 13.694769030684359 1.6296091285851253 11.500000000000002 15.500000000000002 0.33047978005438511 0.96751895803400345 1.6947497738121656e-05 53.063603063603075 0.67367353125491569 0.67041599352156689 0.74218858918038977 0.67716574659220286
decision_type=2 2 8 10 2 2 10 10 2 10 8 10 10 10
left_child=1 2 -1 -3 6 -6 7 -5 9 -2 -11 12 -12 -13
right_child=8 3 -4 4 5 -7 -8 -9 -10 10 11 13 -14 -15
leaf_value=-0.052623379375816376 0.0058683945072223803 1.9807537373320435e-05 -0.0054132115013069571 -0.072925399491149512 -0.050128374760683915 -0.0029895451619769585 0.0016114429203092767 0.0016114429203092767 0.0016114429203092767 0.0064798820243427181 0.0448230291089124 0.026292548945998175 0.12001289125531911 0.07403790741481564
leaf_weight=116 2027 8858 184 103 255 193 480 106 770 354 64 197 67 61
leaf_count=116 2027 8858 184 103 255 193 480 106 770 354 64 197 67 61
internal_value=-0.000190947 -0.00208258 -0.0242312 -0.00140601 -0.0124655 -0.0300779 -0.000879416 -0.0284755 0.00530547 0.0101253 0.0273954 0.0461052 0.0862773 0.0262925
internal_weight=13835 10295 300 9995 1137 448 689 209 3540 2770 743 389 131 258
internal_count=13835 10295 300 9995 1137 448 689 209 3540 2770 743 389 131 258
is_linear=0
shrinkage=0.03


Tree=283
num_leaves=15
num_cat=0
split_feature=6 13 6 3 5 5 5 5 14 27 17 5 27 9
split_gain=140.124 448.623 161.292 227.557 148.61 229.841 248.738 349.064 297.815 163.445 249.239 180.724 302.049 242.784
threshold=-0.99996489589289306 -20.0350587267991 -0.99925836335668994 3.6636504496918909 -0.99998780776236795 -0.9999667702095254 -0.99988477407073195 -0.99895751731029481 0.00080900300649598288 -0.80663834437063309 0.29370665496039872 0.17138293536058724 -0.026958944764768452 1.6424626890584209
decision_type=2 10 2 8 2 2 2 2 2 8 2 2 8 10
left_child=1 -1 3 -2 -4 -6 -7 8 -8 10 -9 -11 -13 -14
right_child=2 -3 4 -5 5 6 7 9 -10 11 -12 12 13 -15
leaf_value=0.059223995593989769 -0.055811983374388592 -0.036720344058197477 -0.035358491772009684 0.0029110145004233342 0.047754704644282657 -0.044669019978790157 0.075887085499707602 0.058771697363936073 0.0040029289593037807 -0.0028343986454968596 -0.014055464661121368 -0.025204883709229759 0.0058994572637931604 0.037203799368393034
leaf_weight=118 109 64 103 123 85 108 95 96 109 10076 70 251 2246 243
leaf_count=118 109 64 103 123 85 108 95 96 109 10076 70 251 2246 243
internal_value=-0.000388496 0.0254056 -0.000739947 -0.0252741 -0.000308547 -2.56018e-05 -0.000348942 3.0856e-05 0.038493 -0.000588128 0.0285484 -0.000976507 0.00584837 0.00902415
internal_weight=13896 182 13714 232 13482 13379 13294 13186 204 12982 166 12816 2740 2489
internal_count=13896 182 13714 232 13482 13379 13294 13186 204 12982 166 12816 2740 2489
is_linear=0
shrinkage=0.03


Tree=284
num_leaves=15
num_cat=0
split_feature=28 16 13 9 21 26 35 35 5 5 18 28 0 18
split_gain=148.53 399.433 946.101 283.853 271.008 266.749 518.868 311.219 263.18 310.786 270.544 285.418 498.771 287.861
threshold=10.500000000000002 33.438949273603903 5.8664837098600247 0.0009334694687566286 0.22541849431053226 1.0000000180025095e-35 74.333999333999358 78.130203130203157 0.79630428676130505 0.33763615074458181 0.15486583443294152 13.500000000000002 18.058766322150209 0.18902000520532417
decision_type=2 8 10 8 2 8 10 10 2 2 8 2 8 10
left_child=1 5 3 -3 -5 6 -1 -8 9 10 -2 12 13 -12
right_child=8 2 -4 4 -6 -7 7 -9 -10 -11 11 -13 -14 -15
leaf_value=0.013049849318119328 -0.027165933898277983 -0.014804893208863088 -0.060662503378679039 0.0049719586080406598 -0.023645458428083722 0.0049908047995626164 0.095988329306244846 0.024615187261415563 -0.037791151450442269 0.01953471488956466 -0.0050075137306936079 0.0043024702497095153 0.018790615481248982 -0.033066716692812061
leaf_weight=1185 458 934 233 4705 313 1191 115 110 198 493 595 2173 365 737
leaf_count=1185 458 934 233 4705 313 1191 115 110 198 493 595 2173 365 737
internal_value=-0.000212091 0.00213956 -0.00200982 0.000335215 0.00316517 0.0119914 0.0211157 0.0623885 -0.0043268 -0.00291468 -0.00549147 -0.00289463 -0.0120961 -0.0205984
internal_weight=13805 8786 6185 5952 5018 2601 1410 225 5019 4821 4328 3870 1697 1332
internal_count=13805 8786 6185 5952 5018 2601 1410 225 5019 4821 4328 3870 1697 1332
is_linear=0
shrinkage=0.03


Tree=285
num_leaves=15
num_cat=0
split_feature=25 27 31 25 8 8 27 19 32 21 27 18 18 6
split_gain=114.996 440.602 304.108 270.127 318.128 255.646 392.053 374.294 248.813 224.645 163.901 374.098 144.9 230.721
threshold=-0.38670699897927036 0.286593932740483 82.625765842549058 -0.42236851976276485 1.3323358283588804 -0.63861092790447571 -0.14169741022008073 -0.7567022601849408 61.2090706496301 0.1471655979575214 -0.3776394808334757 0.33731146851848537 0.033610256198705273 0.020336223314693265
decision_type=10 10 2 10 10 8 10 8 2 2 10 10 8 2
left_child=1 3 10 4 5 6 -1 8 -7 -9 11 -2 13 -12
right_child=2 -3 -4 -5 -6 7 -8 9 -10 -11 12 -13 -14 -15
leaf_value=-0.00026909727450293388 0.019800102930201822 0.073336659599614301 0.041171326295476034 0.060120351382664271 -0.042016302808033708 0.020559275348817831 -0.089731459281782597 0.0037859448734125401 0.092088876114441803 -0.03029202871064882 0.06578458365262814 -0.063311286082827156 -0.0034512239739059691 -0.004717994862369128
leaf_weight=129 78 74 134 65 146 147 62 2953 60 180 66 117 9479 100
leaf_count=129 78 74 134 65 146 147 62 2953 60 180 66 117 9479 100
internal_value=-0.00120325 0.003223 -0.00289747 0.00174045 0.000628207 0.00244839 -0.0308575 0.00439629 0.0429754 0.00178292 -0.0035182 -0.0304028 -0.00295918 0.0244171
internal_weight=13790 3816 9974 3742 3677 3531 191 3340 207 3133 9840 195 9645 166
internal_count=13790 3816 9974 3742 3677 3531 191 3340 207 3133 9840 195 9645 166
is_linear=0
shrinkage=0.03


Tree=286
num_leaves=15
num_cat=0
split_feature=6 10 25 11 29 15 28 9 1 33 28 31 31 26
split_gain=174.709 268.114 231.509 465.954 400.078 397.351 256.046 245.836 285.449 187.255 241.14 189.786 185.465 173.475
threshold=0.0034467375263736318 0.81666666666666676 0.038519277807017811 0.11354114295290767 57.013273543504191 0.77500000000000013 8.5000000000000018 1.4498381773823998 2.0879991789114327 35.895057323628755 13.500000000000002 64.433293978748537 65.883417282018684 2.9986762963902809
decision_type=2 2 8 2 2 2 2 8 8 2 2 2 2 10
left_child=1 -1 3 5 9 12 7 8 -6 10 11 -4 -2 -7
right_child=2 -3 4 -5 6 13 -8 -9 -10 -11 -12 -13 -14 -15
leaf_value=0.0010564899656444872 -0.022341328131061204 0.051993210612588187 -0.10920199822783469 -0.057979401118547012 0.0026305763568166677 0.016740428045588673 -0.011552636481110115 -0.009520511666616974 0.038841879308625947 -0.017202989537746606 -0.03219762291837535 -0.039218192650326368 0.0049535975314323102 0.067901535025009729
leaf_weight=8812 421 89 70 98 500 857 601 514 318 1191 69 82 201 60
leaf_count=8812 421 89 70 98 500 857 601 514 318 1191 69 82 201 60
internal_value=-0.000923105 0.0015947 -0.00541859 0.00381799 -0.00993781 0.00792813 -0.00105854 0.00668154 0.0168583 -0.0220467 -0.0471923 -0.0738989 -0.0105308 0.020438
internal_weight=13883 8901 4982 1637 3345 1539 1933 1332 818 1412 221 152 622 917
internal_count=13883 8901 4982 1637 3345 1539 1933 1332 818 1412 221 152 622 917
is_linear=0
shrinkage=0.03


Tree=287
num_leaves=15
num_cat=0
split_feature=2 13 28 16 9 25 27 21 26 35 31 35 8 16
split_gain=131.251 261.915 165.974 284.938 301.993 254.624 253.244 216.957 192.38 510.249 281.895 263.95 152.907 277.835
threshold=0.4154761904761905 5.0396470724466544 10.500000000000002 35.361852541414535 4.1323918849114314 0.27316692872925757 -1.0000000180025095e-35 0.0095592523243802335 1.0000000180025095e-35 74.184149184149206 79.027441090378176 78.271728271728293 -0.094507720716563867 -7.481990334017083
decision_type=2 10 2 8 10 8 10 2 8 10 2 10 10 8
left_child=2 -2 3 4 8 -5 -6 -7 9 10 -1 -11 -4 -14
right_child=1 -3 12 5 6 7 -8 -9 -10 11 -12 -13 13 -15
leaf_value=0.0064327099811317887 -0.0055285331968978717 -0.062566586218592596 0.0051083854064823903 -0.0055285331968978717 0.0064327099811317887 0.0064327099811317887 0.076143467034487863 -0.0055285331968978717 0.0064327099811317887 0.086662001470724739 0.069896188647444568 0.016899147454735846 0.047545493585367998 -0.0055285331968978717
leaf_weight=1011 532 77 1513 2231 63 3076 112 574 1114 130 62 81 85 3223
leaf_count=1011 532 77 1513 2231 63 3076 112 574 1114 130 62 81 85 3223
internal_value=0.000938651 -0.0126224 0.00156529 0.00409756 0.0124137 0.000451707 0.0499225 0.0054411 0.00957823 0.0187991 0.0102777 0.0608921 -0.0028749 -0.00552853
internal_weight=13884 609 13275 8454 2573 5881 175 3650 2398 1284 1073 211 4821 3308
internal_count=13884 609 13275 8454 2573 5881 175 3650 2398 1284 1073 211 4821 3308
is_linear=0
shrinkage=0.03


Tree=288
num_leaves=15
num_cat=0
split_feature=25 18 18 28 18 28 7 25 33 15 28 21 10 18
split_gain=127.031 222.292 275.577 187.773 367.192 141.462 132.876 311.929 238.696 199.09 183.85 353.297 244.03 222.496
threshold=2.7828983658411492 0.1147246582595793 0.5735436642511732 8.5000000000000018 0.98803849774605668 10.500000000000002 2.5165575999379928 -0.15415067982725836 79.240759240759246 0.18333333333333338 11.500000000000002 4.0150497522565199e-05 0.29166666666666669 0.51485721780684413
decision_type=10 8 10 2 10 2 10 10 2 2 2 2 2 10
left_child=6 -2 5 4 -4 -3 8 -8 -1 -10 11 12 -9 -12
right_child=1 2 3 -5 -6 -7 7 10 9 -11 13 -13 -14 -15
leaf_value=-0.00044121290253337265 0.065204759254543623 0.0035212907681241631 0.0533413531769205 0.059683067211454069 -0.036222064899546755 -0.037905267815129096 -0.073156289069548894 -0.0025620043404607951 0.015290970743669179 0.058143212344148196 -0.00023797301412560045 -0.044893534546479194 0.041429839958013456 -0.059521981038285036
leaf_weight=11970 61 195 76 104 79 114 64 318 93 123 115 112 171 108
leaf_count=11970 61 195 76 104 79 114 64 318 93 123 115 112 171 108
internal_value=-5.3812e-05 0.0130607 0.00694063 0.0294828 0.00798748 -0.0121225 -0.000689514 -0.0118597 0.000128996 0.0310232 -0.00668632 0.00199931 0.0130853 -0.0296252
internal_weight=13703 629 568 259 155 309 13074 888 12186 216 824 601 489 223
internal_count=13703 629 568 259 155 309 13074 888 12186 216 824 601 489 223
is_linear=0
shrinkage=0.03


Tree=289
num_leaves=15
num_cat=0
split_feature=5 27 31 27 35 5 14 28 9 18 8 0 18 26
split_gain=174.1 332.811 275.906 243.85 274.918 231.349 588.984 222.54 201.368 157.512 298.698 278.683 290.745 242.722
threshold=-0.99979131877397132 0.25921511157560545 7.1911604878637858 0.072540007931027231 34.373959373959387 -0.99857550500765657 0.00080900300649598288 10.500000000000002 2.2517013506230277 0.48827384531311341 -0.94505213146831746 2.3619790636406948 0.33060968441958272 -0.15954037473465463
decision_type=2 10 2 8 10 2 2 2 10 8 8 8 10 8
left_child=1 2 -1 4 -4 6 -2 -8 -3 10 -7 12 13 -12
right_child=5 8 3 -5 -6 9 7 -9 -10 -11 11 -13 -14 -15
leaf_value=0.017849701506107353 0.068913030077380186 -0.018703813618765427 -0.06213037371811158 -0.084523069716749652 0.0025437933542644202 -0.063703781334826584 -0.056813409232041409 0.021169799263660725 0.04522269817335265 0.0020691608956957029 -0.036358430010206513 0.008990605041476963 -0.030917144517425863 -0.00082429523299050401
leaf_weight=81 142 73 101 88 133 73 63 60 100 9960 181 964 477 1322
leaf_count=81 142 73 101 88 133 73 63 60 100 9960 181 964 477 1322
internal_value=0.000116868 -0.0159567 -0.0307852 -0.0431053 -0.0260869 0.000821796 0.0283072 -0.0194318 0.0184803 0.000249837 -0.00574977 -0.00420716 -0.0106392 -0.00412251
internal_weight=13818 576 403 322 234 13242 265 123 173 12977 3017 2944 1980 1503
internal_count=13818 576 403 322 234 13242 265 123 173 12977 3017 2944 1980 1503
is_linear=0
shrinkage=0.03


Tree=290
num_leaves=15
num_cat=0
split_feature=28 26 9 3 27 18 27 18 33 9 16 19 8 26
split_gain=204.69 357.079 481.95 254.39 497.333 382.307 250.311 273.558 247.066 309.248 248.705 223.276 219.725 201.703
threshold=15.500000000000002 -0.12320565758696399 0.55917947293063575 0.01456148130661645 0.14367522624261 0.99555591964590018 -0.026958944764768452 0.20053065853925917 70.761777904635053 4.9989795723965189 35.361852541414535 0.45411520267392907 0.74953319091572468 0.23755289034946084
decision_type=2 10 10 10 10 10 10 10 2 10 8 8 10 10
left_child=8 2 -2 12 5 6 -5 13 10 11 -1 -10 -3 -8
right_child=1 3 -4 4 -6 -7 7 -9 9 -11 -12 -13 -14 -15
leaf_value=-0.00015647793039723121 -0.0011660319954523296 -0.038851116911508145 0.083341372685639986 0.0090443963667049126 -0.0051881928304098992 -0.0051881928304098992 0.017684191413958307 0.087233351454520075 0.04307963049560154 0.044798765096858865 -0.0094493032488187686 0.0010404021508187461 -0.0051881928304098992 0.07891968389772451
leaf_weight=3865 117 235 121 199 385 96 208 122 113 159 4884 3132 76 60
leaf_count=3865 117 235 121 199 385 96 208 122 113 159 4884 3132 76 60
internal_value=-0.000913372 0.00909055 0.0426286 0.00317771 0.0101228 0.0266571 0.0367344 0.05057 -0.00224927 0.00460374 -0.00491669 0.00256835 -0.0204992 0.032588
internal_weight=13772 1619 238 1381 1070 685 589 390 12153 3404 8749 3245 311 268
internal_count=13772 1619 238 1381 1070 685 589 390 12153 3404 8749 3245 311 268
is_linear=0
shrinkage=0.03


Tree=291
num_leaves=15
num_cat=0
split_feature=31 16 9 26 16 7 32 5 26 6 17 20 21 28
split_gain=112.621 235.827 254.053 188.535 375.2 323.392 208.528 174.717 272.373 162.878 346.553 263.673 210.946 252.728
threshold=48.405440713133025 -9.2221798635307604 0.38967662117781893 1.2614327208834502 7.0016151505613502 2.1776585217741862 59.198493813878436 0.018343044618880137 -0.020424286670081667 0.0034467375263736318 1.4851266550699602 0.93181783826392894 0.0072996686167663112 10.500000000000002
decision_type=2 8 10 10 8 10 2 2 10 2 2 8 2 2
left_child=3 2 -2 7 -5 6 -6 -1 -9 -3 11 -11 13 -13
right_child=1 9 -4 4 5 -7 -8 8 -10 10 -12 12 -14 -15
leaf_value=-0.0045992833269319251 0.016392447690271546 0.0068154538063461044 0.06896505640403737 0.058391838953608562 -0.015541813492083981 -0.061109689432744148 0.026968672184039824 0.014133651739708623 -0.046908672979899813 0.016392447690271546 -0.037509944455111882 0.005983047917374567 -0.018784529616497455 -0.0095710139596852754
leaf_weight=6222 100 2124 98 121 119 63 82 93 205 320 246 2082 670 1176
leaf_count=6222 100 2124 98 121 119 63 82 93 205 320 246 2082 670 1176
internal_value=-0.00177954 0.000955922 0.0328059 -0.00447849 0.0157926 -0.00445449 0.0143553 -0.00568666 -0.0279397 -2.10264e-05 -0.00325614 -0.00123075 -0.00352049 -0.000357498
internal_weight=13721 6816 198 6905 385 264 201 6520 298 6618 4494 4248 3928 3258
internal_count=13721 6816 198 6905 385 264 201 6520 298 6618 4494 4248 3928 3258
is_linear=0
shrinkage=0.03


Tree=292
num_leaves=15
num_cat=0
split_feature=26 9 10 7 16 29 4 35 18 9 5 19 10 5
split_gain=154.279 496.117 328.304 233.439 226.678 211.089 173.599 168.344 166.957 160.889 148.333 354.729 290.91 287.38
threshold=0.93324574080672396 1.005879126247192 1.0000000180025095e-35 -0.4031057421114505 -1.160363926214393 60.725210487148566 0.43997833734169073 83.258408258408267 0.17406955720737025 0.71473610900481888 -0.29893977104125474 -0.043530632824223751 0.63333333333333341 -0.27932633350572111
decision_type=10 10 2 10 8 2 8 10 8 10 2 8 2 2
left_child=7 4 6 -4 -2 8 -3 10 -6 -10 11 -1 -13 -12
right_child=1 2 3 -5 5 -7 -8 -9 9 -11 13 12 -14 -15
leaf_value=-0.021408520356361115 0.052852432900896439 -0.031347021907567975 0.029998368730686079 0.085020959282175013 -0.048488643398880961 0.022051699675400466 0.029998368730686079 -0.043231318349550872 -0.0010941613602953833 -0.045557669025978867 0.059327795393764968 -0.0020172194611875276 0.04815237570892681 0.00075379810999565491
leaf_weight=960 60 69 106 136 95 199 63 79 574 79 71 1909 105 9355
leaf_count=960 60 69 106 136 95 199 63 79 574 79 71 1909 105 9355
internal_value=0.000149909 0.00964565 0.0389028 0.0593145 -0.00135897 -0.00505324 0.00068224 -0.000904389 -0.0123629 -0.00677867 -0.000617409 -0.00645298 0.000711146 0.00122622
internal_weight=13860 1381 374 242 1007 947 132 12479 748 653 12400 2974 2014 9426
internal_count=13860 1381 374 242 1007 947 132 12479 748 653 12400 2974 2014 9426
is_linear=0
shrinkage=0.03


Tree=293
num_leaves=15
num_cat=0
split_feature=5 11 8 5 28 4 1 19 25 25 5 17 31 27
split_gain=145.566 268.287 182.869 380.62 302.298 305.859 291.459 277.873 267.402 412.435 243.185 229.432 229.122 457.45
threshold=-0.29893977104125474 4.8628625472887785 -0.18898178226592408 -0.41162457626834631 12.500000000000002 -0.74309187199807869 9.7725857898974606 -0.18697142324079416 2.5898637769608572 1.6105860185642757 -0.99784199210117241 0.0082815384011485568 35.011142703450403 -0.026958944764768452
decision_type=2 2 8 2 2 10 10 10 10 10 2 2 2 8
left_child=2 -2 3 6 8 -6 7 11 9 12 -8 -1 13 -4
right_child=1 -3 4 -5 5 -7 10 -9 -10 -11 -12 -13 -14 -15
leaf_value=-0.011515798274427651 0.0017810846149851113 -0.053029359424555743 -0.076396536905072865 0.076191934736664677 -0.088851251334828477 -0.020361114770305687 0.0034026256017136631 0.0034026256017136631 0.037311417379162527 -0.066809525970673689 0.052360279414935838 -0.087655004033044923 0.0094848923299698518 -0.0064527465058433642
leaf_weight=75 10447 76 86 63 63 476 85 143 127 93 135 66 734 1139
leaf_count=75 10447 76 86 63 63 476 85 143 127 93 135 66 734 1139
internal_value=-0.000361191 0.00136023 -0.00586919 0.00956793 -0.00910117 -0.0291095 0.00057329 -0.0193653 -0.00409657 -0.00674381 0.0261705 -0.0489368 -0.00372948 -0.0116537
internal_weight=13808 10523 3285 567 2718 539 504 284 2179 2052 220 141 1959 1225
internal_count=13808 10523 3285 567 2718 539 504 284 2179 2052 220 141 1959 1225
is_linear=0
shrinkage=0.03


Tree=294
num_leaves=15
num_cat=0
split_feature=27 17 27 27 35 7 7 5 28 27 25 21 31 9
split_gain=149.449 405.601 164.986 205.582 159.865 147.169 222.559 261.078 238.62 329.34 274.288 197.943 303.781 390.474
threshold=-0.33647223662121267 0.0016008850373700804 -0.55768154954646254 -0.95916109626824209 16.558441558441562 -0.025904436630431956 -0.18590047055252687 0.22847263796948974 10.500000000000002 0.13353139262452299 0.12309638908042599 0.0024089022544703958 71.393466673186964 0.35905316865001186
decision_type=8 2 10 10 10 10 10 2 2 10 10 2 2 10
left_child=1 4 3 -3 -1 6 -2 8 10 -10 -8 -7 -13 -14
right_child=5 2 -4 -5 -6 11 7 -9 9 -11 -12 12 13 -15
leaf_value=0.046194607569384816 0.0027735878190349055 -0.014056754043325782 -0.01001929344886795 -0.079018134400248519 -0.0062810694599716825 0.00098783856123140965 0.011966466916624657 0.054377204971561524 0.011706126146177028 -0.057834482050489591 0.083867203836207799 -0.0051984975636798665 -0.011334866546094417 -0.086103075547415073
leaf_weight=92 5218 75 136 110 111 5875 162 156 230 78 64 1182 166 98
leaf_count=92 5218 75 136 110 111 5875 162 156 230 78 64 1182 166 98
internal_value=0.000755496 -0.014881 -0.0356575 -0.0537454 0.0180398 0.00138025 0.00490057 0.0208498 0.0106418 -0.00654736 0.0337023 -0.00146204 -0.0113848 -0.0401743
internal_weight=13753 524 321 185 203 13229 5908 690 534 308 226 7321 1446 264
internal_count=13753 524 321 185 203 13229 5908 690 534 308 226 7321 1446 264
is_linear=0
shrinkage=0.03


Tree=295
num_leaves=15
num_cat=0
split_feature=35 35 5 18 26 6 32 35 31 9 19 6 19 19
split_gain=224.84 191.053 164.466 338.744 447.376 340.674 277.774 270.68 253.223 224.14 260.347 425.622 243.613 212.702
threshold=8.2584082584082594 14.993339993339996 -0.29893977104125474 0.21793284219199979 0.95197446946778996 0.046067352721505368 57.825391391824958 69.663669663669694 45.577499423653272 0.84036074175184783 -0.32983482122842117 -0.55159759846895351 0.43693941472309744 -0.7567022601849408
decision_type=8 8 2 10 10 2 2 10 2 8 8 2 8 10
left_child=-1 -2 3 4 5 8 -7 -6 9 12 13 -12 -3 -11
right_child=1 2 -4 -5 7 6 -8 -9 -10 10 11 -13 -14 -15
leaf_value=0.040842595697906998 -0.040841262101306827 -0.0049217899173435546 0.00088041291917960722 -0.01814482820159127 0.095159284951193121 -0.072781788372895992 -0.0034150964432509141 0.016050532489585188 0.043479334069685315 -0.0069338463623988674 -0.0021092211159517652 0.042814870941808462 -0.075645059337839479 -0.065714450127457913
leaf_weight=110 104 114 10388 1373 62 102 102 99 116 236 655 262 67 68
leaf_count=110 104 114 10388 1373 62 102 102 99 116 236 655 262 67 68
internal_value=-0.000931706 -0.00128068 -0.000964279 -0.00684194 0.00142585 -0.00309956 -0.0390099 0.0484634 0.00183857 -0.00174902 0.00291295 0.0108888 -0.0324308 -0.0209327
internal_weight=13858 13748 13644 3256 1883 1722 204 161 1518 1402 1221 917 181 304
internal_count=13858 13748 13644 3256 1883 1722 204 161 1518 1402 1221 917 181 304
is_linear=0
shrinkage=0.03


Tree=296
num_leaves=15
num_cat=0
split_feature=5 25 9 28 18 33 16 5 25 31 31 28 21 6
split_gain=176.798 176.891 259.275 329.447 235.366 236.124 269.951 170.813 159.846 137.823 296.483 242.951 204.932 169.82
threshold=0.9996510016704615 2.6467858893430272 0.34555217891539891 8.5000000000000018 0.77307656755884413 63.392163392163397 5.2469797192367782 -0.12441196589077301 2.4012509900923642 20.307165362110421 26.354938767526182 15.500000000000002 0.1471655979575214 -0.99160070242093623
decision_type=2 10 10 2 10 2 8 2 10 2 2 2 2 2
left_child=1 8 3 -3 5 7 -7 -4 9 13 11 12 -11 -1
right_child=-2 2 4 -5 -6 6 -8 -9 -10 10 -12 -13 -14 -15
leaf_value=-0.0040579899177804746 0.041472448970745791 -0.040725941170165515 -0.047012925231577574 0.023495122501436545 0.061456050971237415 0.082157375204066435 0.012437652673785349 0.012437652673785349 -0.046939956170506773 -0.021909894173719874 -0.0013411474848796423 0.027064504928981201 -0.075554206011890376 0.018537389777777618
leaf_weight=550 84 136 69 142 132 67 63 62 65 474 11101 74 71 648
leaf_count=550 84 136 69 142 132 67 63 62 65 474 11101 74 71 648
internal_value=-0.000673958 -0.000948331 0.014014 -0.00808684 0.0295528 0.012566 0.040492 -0.0156167 -0.00172673 -0.00148115 -0.00247281 -0.0225943 -0.0295217 0.00819013
internal_weight=13738 13654 671 278 393 261 130 131 12983 12918 11720 619 545 1198
internal_count=13738 13654 671 278 393 261 130 131 12983 12918 11720 619 545 1198
is_linear=0
shrinkage=0.03


Tree=297
num_leaves=15
num_cat=0
split_feature=31 7 28 6 17 25 5 31 28 18 28 1 5 27
split_gain=158.641 342.662 404.017 295.537 268.868 256.1 204.797 313.064 227.071 212.351 243.569 190.344 155.381 146.326
threshold=76.951894259586581 0.32365272462623734 11.500000000000002 0.13740213044046892 0.098450856294920203 1.0300891213021266 0.76880355066050521 75.233893091035952 5.5000000000000009 0.9941641854863642 12.500000000000002 0.92110578297363221 0.32825582113528579 -0.80663834437063309
decision_type=2 8 2 2 2 10 2 2 2 10 2 8 2 8
left_child=6 -2 3 -3 5 12 7 13 -8 10 -10 -9 -5 -1
right_child=1 2 -4 4 -6 -7 8 11 9 -11 -12 -13 -14 -15
leaf_value=0.028032224855560343 0.042988206658623004 -0.035171035207724924 -0.071660898007890758 0.026105436243116856 -0.036445331546755236 0.057976376706462225 0.025751700881649464 0.0080433678432823494 -0.039325093078087861 -0.076905610289643794 0.017492628384358867 0.068455112354413983 -0.010506108996563126 0.0016308433868174117
leaf_weight=187 96 264 97 155 126 84 80 89 168 63 108 98 295 11945
leaf_count=187 96 264 97 155 126 84 80 89 168 63 108 98 295 11945
internal_value=0.000995126 -0.00981998 -0.0149706 -0.00866568 0.0021212 0.0114748 0.00194699 0.00265155 -0.0185549 -0.029233 -0.0171764 0.0406612 0.00225283 0.00204917
internal_weight=13855 1117 1021 924 660 534 12738 12319 419 339 276 187 450 12132
internal_count=13855 1117 1021 924 660 534 12738 12319 419 339 276 187 450 12132
is_linear=0
shrinkage=0.03


Tree=298
num_leaves=15
num_cat=0
split_feature=6 6 6 3 6 33 6 15 5 5 5 10 5 15
split_gain=147.289 206.022 204.957 252.933 247.464 238.275 194.176 170.12 163.754 161.465 238.298 150.891 391 415.731
threshold=-0.99160070242093623 -0.94069022287327853 -0.75789087746669204 0.11827734722030056 -0.83903651020426373 52.772624201195633 -0.99564042857849766 0.81666666666666676 -0.99998780776236795 -0.9999667702095254 -0.99988477407073195 0.29166666666666669 -0.81573634123587513 0.55000000000000016
decision_type=2 2 2 10 2 2 2 2 2 2 2 2 2 2
left_child=6 7 3 -3 5 -5 -1 -2 -4 -10 -11 -12 13 -13
right_child=1 2 8 4 -6 -7 -8 -9 9 10 11 12 -14 -15
leaf_value=-0.0083811300415122386 0.010198704868020929 -0.058767317839913437 -0.043949924440911184 -0.020343039969311041 -0.031963701396603129 0.05735483678547959 -0.054510925801732807 0.059648979816540895 0.046453466334126212 -0.050069825161119984 -0.0043001589803041817 0.00099639505348605669 0.00094085315367968103 0.066513018918175237
leaf_weight=589 267 117 73 63 95 71 91 78 61 82 4912 176 6912 168
leaf_count=589 267 117 73 63 95 71 91 78 61 82 4912 176 6912 168
internal_value=-0.00134671 -0.000636032 -0.00125985 -0.0238663 -0.00516008 0.0214075 -0.0149072 0.0220712 -0.000618867 -0.00034419 -0.000596081 -0.000242249 0.00250585 0.0334874
internal_weight=13755 13075 12730 346 229 134 680 345 12384 12311 12250 12168 7256 344
internal_count=13755 13075 12730 346 229 134 680 345 12384 12311 12250 12168 7256 344
is_linear=0
shrinkage=0.03


Tree=299
num_leaves=15
num_cat=0
split_feature=35 26 27 6 18 18 34 8 13 6 8 18 7 28
split_gain=131.284 331.253 218.402 438.412 149.982 252.29 523.571 245.873 299.153 259.503 230.016 287.952 487.693 205.59
threshold=40.867465867465874 0.10345355203132557 -0.044207442995975114 0.0057437386049755705 0.99676061398378124 0.94519274960236543 52.443389943389953 -0.26433477024189672 1.4032814870352914 -0.36579975290828731 -0.70419530494520444 0.2865142587120032 -0.28913958486038899 15.500000000000002
decision_type=10 10 10 2 10 10 2 10 8 2 8 10 10 2
left_child=1 4 3 -2 5 10 -7 8 -6 -9 11 12 -1 -12
right_child=2 -3 -4 -5 7 6 -8 9 -10 -11 13 -13 -14 -15
leaf_value=-0.044529254549131619 -0.071924863028291028 0.052921427500797272 -0.0019924577085836709 0.019696105496912468 0.034100943612242453 -0.014921954480871077 0.084226949085645819 -0.086478629193522713 -0.014715826605001222 -0.015560197260144144 0.0024218368653579334 -0.077489358239314132 0.045632357142588238 0.026339745946451384
leaf_weight=122 109 113 7654 77 163 88 97 61 340 167 4141 63 89 346
leaf_count=122 109 113 7654 77 163 88 97 61 340 167 4141 63 89 346
internal_value=-0.000255025 0.00316951 -0.00278452 -0.0344731 0.00213351 0.00401021 0.0379127 -0.0105054 0.00128346 -0.0359826 0.00265446 -0.0237815 -0.00632303 0.00429345
internal_weight=13630 5790 7840 186 5677 4946 185 731 503 228 4761 274 211 4487
internal_count=13630 5790 7840 186 5677 4946 185 731 503 228 4761 274 211 4487
is_linear=0
shrinkage=0.03


Tree=300
num_leaves=15
num_cat=0
split_feature=27 9 13 18 19 19 32 27 19 1 9 26 26 22
split_gain=142.415 130.47 452.255 210.06 181.983 284.041 207.103 203.453 160.248 153.839 158.96 158.445 320.601 397.292
threshold=-0.95916109626824209 0.011007817807598849 1.47107736713402 0.57932155129592966 0.4659817897559782 0.34703384431927559 58.545999455090374 1.9891728241796096 0.3840121716316896 17.162313782940114 1.2671327376887132 0.87858234768426613 1.0000000180025095e-35 0.0016541588652424419
decision_type=8 8 8 10 10 10 2 10 10 10 10 10 10 2
left_child=-1 2 3 -2 5 7 8 -3 -7 11 -11 12 -6 -14
right_child=1 4 -4 -5 9 6 -8 -9 -10 10 -12 -13 13 -15
leaf_value=0.029456168831788379 -0.0023506514488710458 0.0017952173553536597 -0.018491278115601559 0.034412790596911526 -0.006155655169883526 0.037904440543584848 0.062841148371430663 -0.048181703262962401 -0.0054859148629475378 0.057372631055316814 0.005503074464951665 0.004497630488978506 -0.017477272028014773 -0.084950256734807911
leaf_weight=134 317 7908 1259 244 2081 85 106 69 157 62 159 778 310 102
leaf_count=134 317 7908 1259 244 2081 85 106 69 157 62 159 778 310 102
internal_value=-0.000757249 -0.00106482 -0.00853033 0.01379 8.81048e-05 0.00249922 0.028834 0.00133301 0.0129677 -0.0056554 0.0183059 -0.00729978 -0.0109831 -0.035
internal_weight=13771 13637 1820 561 11817 8325 348 7977 242 3492 221 3271 2493 412
internal_count=13771 13637 1820 561 11817 8325 348 7977 242 3492 221 3271 2493 412
is_linear=0
shrinkage=0.03


Tree=301
num_leaves=15
num_cat=0
split_feature=35 5 5 8 20 26 19 29 9 9 18 9 5 19
split_gain=150.415 141.816 219.691 268.899 254.77 285.119 267.199 232.857 305.314 367.892 217.729 170.079 255.248 283.823
threshold=96.06227106227108 0.17704732522472016 0.76880355066050521 -0.085867667238075804 0.84360146535395575 0.009210409227176088 0.024976063091645354 69.638292302465103 0.58088771128096939 0.43479509134010336 0.8272247881004785 0.57018193271907258 0.97173203224090599 1.0000000180025095e-35
decision_type=10 2 2 8 8 8 10 2 10 10 8 8 2 8
left_child=1 -1 4 -4 6 10 -3 8 9 -7 -6 -5 13 -13
right_child=-2 2 3 11 5 7 -8 -9 -10 -11 -12 12 -14 -15
leaf_value=-0.00093242464734398457 0.044647269602332798 0.092618591902727213 -0.060799999661460699 0.038073368819363143 0.028234719182121882 -0.015156552163837862 0.028234719182121882 0.028234719182121882 0.0079456032037193581 -0.089819215107709155 0.0055050613964618012 0.016229925281080582 0.016271762759998219 -0.051799950940280476
leaf_weight=11054 65 69 74 78 511 358 84 101 239 67 612 80 198 160
leaf_count=11054 65 69 74 78 511 358 84 101 239 67 612 80 198 160
internal_value=0.000782815 0.00055824 0.00681107 -0.00925612 0.011467 0.00837995 0.0480895 -0.00572502 -0.0123435 -0.0278344 0.0179712 -0.00135161 -0.00872298 -0.0292549
internal_weight=13750 13685 2631 590 2041 1888 153 765 664 425 1123 516 438 240
internal_count=13750 13685 2631 590 2041 1888 153 765 664 425 1123 516 438 240
is_linear=0
shrinkage=0.03


Tree=302
num_leaves=15
num_cat=0
split_feature=11 26 26 9 14 6 6 35 35 16 19 7 14 1
split_gain=125.055 221.07 118.648 359.807 367.655 214.535 179.945 159.25 142.285 247.799 160.267 181.559 202.3 227.208
threshold=1.7574746725969856 0.24413174420445663 0.93324574080672396 1.0145706614637471 0.47446502322339018 -0.311372802239335 -0.61433054358285111 78.130203130203157 75.349650349650361 1.0000000180025095e-35 0.71143275740966516 0.84025684628615427 0.012403652186002456 0.016195339078885582
decision_type=2 8 10 10 2 2 2 10 10 8 10 10 2 8
left_child=2 -2 7 -4 5 6 -5 8 10 -10 -1 -12 13 -13
right_child=1 -3 3 4 -6 -7 -8 -9 9 -11 11 12 -14 -15
leaf_value=0.00014674037342057481 -0.013555918435363025 -0.072378990297967724 -0.0013759193326483208 0.062457763676842054 -0.013555918435363025 0.081331947204195149 0.018666677345384453 -0.013555918435363025 0.055937167107024122 -0.00020842470724268683 -0.013555918435363025 -0.0017546637935929022 -0.013555918435363025 0.021357522197433493
leaf_weight=9795 104 61 997 85 82 114 67 499 103 205 547 111 512 552
leaf_count=9795 104 61 997 85 82 114 67 499 103 205 547 111 512 552
internal_value=-0.000928996 -0.0265011 -0.000610735 0.00783303 0.0338619 0.0508893 0.0261942 -0.00153506 -0.000797031 0.0191612 -0.00133886 -0.00976513 -0.000895442 0.0100466
internal_weight=13834 165 13669 1345 348 266 152 12324 11825 308 11517 1722 1175 663
internal_count=13834 165 13669 1345 348 266 152 12324 11825 308 11517 1722 1175 663
is_linear=0
shrinkage=0.03


Tree=303
num_leaves=15
num_cat=0
split_feature=26 25 9 15 9 18 35 25 18 31 9 6 6 10
split_gain=176.308 335.506 325.855 456.347 308.705 243.486 234.329 289.903 213.468 218.489 168.936 514.654 457.445 416.233
threshold=0.93324574080672396 1.6105860185642757 1.0145706614637471 0.81666666666666676 0.78751416295101795 0.26258054732553254 88.053613053613063 0.36569702142299737 0.65282385148118471 53.513793898409283 0.94490841038585127 -0.257041141652461 0.25685854639408362 0.91666666666666685
decision_type=10 10 10 2 10 8 10 10 10 2 8 2 2 2
left_child=10 2 4 -4 6 -3 7 8 9 -2 11 -1 -12 -14
right_child=1 5 3 -5 -6 -7 -8 -9 -10 -11 12 -13 13 -15
leaf_value=-0.042298858716484096 0.043171518405570701 0.031892750171128283 0.0062010773080439603 0.088952095490392472 -0.052381886590772593 -0.023828113397986541 0.052636039506007981 -0.024656388014011706 0.071198039696766788 -0.0082461962627246987 -0.002190796933189779 0.0027670494053172075 -0.041437025940370395 0.0064178331884779507
leaf_weight=231 114 84 116 121 62 342 118 175 60 195 4534 6783 540 232
leaf_count=231 114 84 116 121 62 342 118 175 60 195 4534 6783 540 232
internal_value=-0.000658915 0.00946188 0.0192555 0.0494144 0.00911185 -0.0125984 0.0152206 0.00669926 0.0217007 0.0111088 -0.0018017 0.00125377 -0.00583811 -0.027107
internal_weight=13707 1387 961 237 724 426 662 544 369 309 12320 7014 5306 772
internal_count=13707 1387 961 237 724 426 662 544 369 309 12320 7014 5306 772
is_linear=0
shrinkage=0.03


Tree=304
num_leaves=15
num_cat=0
split_feature=35 8 25 35 18 0 25 16 6 5 8 16 27 25
split_gain=187.165 481.05 427.268 299.664 287.797 262.223 177.245 456.68 268.305 188.663 160.95 270.728 478.148 451.322
threshold=80.769230769230788 2.8310050380168001 1.5845084539838972 88.053613053613063 0.99477500734554714 1.2504370449810913 2.5270602030179976 58.360333065933283 0.037227030003707591 -0.035886121848980927 2.3929068155261901 -10.599109990410573 0.2940002957630517 0.29591312917870921
decision_type=10 8 10 10 10 8 10 8 2 2 10 10 10 10
left_child=6 -2 3 -3 5 -4 10 9 -9 -8 -1 -12 13 -13
right_child=1 2 4 -5 -6 -7 7 8 -10 -11 11 12 -14 -15
leaf_value=0.0022806296958181867 -0.069662333308354668 -0.0020142779256180896 -0.030986632486852277 0.052970820483086364 -0.075166446641087528 0.021817634418945419 0.095036109221002002 -0.038499950063809497 0.023874017287672373 0.028736191639805782 0.0036752889002707716 -0.027729954495446747 -0.010434641598786553 -0.10913970266732356
leaf_weight=11330 110 226 233 142 76 127 68 113 64 96 672 204 265 86
leaf_count=11330 110 226 233 142 76 127 68 113 64 96 672 204 265 86
internal_value=0.000814521 -0.0122667 -0.00403209 0.0196285 -0.0239986 -0.0123148 0.0017459 0.0229284 -0.0104768 0.0582248 0.00116177 -0.009137 -0.0245446 -0.0533128
internal_weight=13812 914 804 368 436 360 12898 341 177 164 12557 1227 555 290
internal_count=13812 914 804 368 436 360 12898 341 177 164 12557 1227 555 290
is_linear=0
shrinkage=0.03


Tree=305
num_leaves=15
num_cat=0
split_feature=1 5 9 8 8 27 6 2 5 31 33 7 24 7
split_gain=142.395 324.533 239.446 184.218 127.614 94.8971 221.819 110.444 116.077 159.145 120.994 358.116 101.589 413.605
threshold=0.00021038710991680144 -0.99076066250737227 0.17124958765353623 2.0564391884802817 -1.0000000180025095e-35 -0.80663834437063309 -0.00016314807971631057 0.014087301587301588 -0.29893977104125474 19.799248370676946 78.681318681318686 2.1776585217741862 0.66690291972084803 -0.58061669224710755
decision_type=8 2 8 10 10 8 2 2 2 2 2 8 8 10
left_child=1 -1 3 4 -3 6 -2 8 10 -10 -7 -12 13 -11
right_child=5 2 -4 -5 -6 7 -8 -9 9 12 11 -13 -14 -15
leaf_value=-0.05856910427204437 0.067467251190772418 -0.02664102586008698 -0.0035458777932676757 -0.0035458777932676757 -0.085720022280714389 -0.0004775140475847576 -0.0035458777932676757 -0.0035458777932676757 0.049261777619240985 0.087146823130109727 0.086816922893890966 0.012812864635055319 0.0033437192788656842 0.010739014048232014
leaf_weight=103 60 78 922 66 62 2519 95 1404 66 63 60 121 7808 374
leaf_count=103 60 78 922 66 62 2519 95 1404 66 63 60 121 7808 374
internal_value=0.000835117 -0.0088816 -0.00410608 -0.0355352 -0.0548583 0.00178984 0.0247479 0.00149337 0.00259085 0.00452591 -0.000477514 0.0261032 0.00413816 0.0181343
internal_weight=13801 1231 1128 206 140 12570 155 12415 11011 8311 2700 181 8245 437
internal_count=13801 1231 1128 206 140 12570 155 12415 11011 8311 2700 181 8245 437
is_linear=0
shrinkage=0.03


Tree=306
num_leaves=15
num_cat=0
split_feature=6 9 20 6 25 27 16 9 33 1 33 25 26 35
split_gain=179.304 264.613 576.289 298.134 350.584 504.45 323.815 291.832 290.074 379.573 285.171 249.774 214.121 223.566
threshold=0.0034467375263736318 0.94490841038585127 inf 0.33034461400463416 0.038519277807017811 0.52058619145959717 16.368988832474276 1.005879126247192 34.870684870684883 1.6488938442134302 72.55966255966257 -1.0000000180025095e-35 1.0554470580743314 72.419247419247441
decision_type=2 8 8 2 8 10 10 8 2 8 2 10 10 10
left_child=-1 3 -3 4 5 11 -5 -4 -6 -10 -11 -2 13 -9
right_child=1 2 7 6 8 -7 -8 12 9 10 -12 -13 -14 -15
leaf_value=0.0022335833400518338 0.0092190661717298054 0.049061853310799805 -0.07299503130093217 0.024693791339304997 -0.050073740583287896 -0.054764962816915036 -0.040384340428102475 -0.016526788547395931 -0.015817428599459084 0.0027061556726630134 0.062633155880145508 0.050326672864188862 0.014236267934793278 -0.065602403895949915
leaf_weight=8899 705 111 85 606 164 93 73 1156 1282 208 96 160 73 86
leaf_count=8899 705 111 85 606 164 93 73 1156 1282 208 96 160 73 86
internal_value=-0.000303441 -0.00491045 -0.0153277 -0.000247377 -0.00470956 0.0098468 0.0174531 -0.0205893 -0.0126835 -0.00867193 0.0212297 0.0170683 -0.0169382 -0.0201744
internal_weight=13797 4898 1511 3387 2708 958 679 1400 1750 1586 304 865 1315 1242
internal_count=13797 4898 1511 3387 2708 958 679 1400 1750 1586 304 865 1315 1242
is_linear=0
shrinkage=0.03


Tree=307
num_leaves=15
num_cat=0
split_feature=35 29 7 26 5 5 19 18 9 35 28 6 5 5
split_gain=166.456 134.988 117.097 282.404 182.821 218.286 156.49 251.559 161.965 267.776 292.153 229.412 213.702 146.027
threshold=96.06227106227108 71.575304432497248 1.9409748629827102 -0.029109050478624884 -0.99619506957811454 -0.84111308372528348 1.0891062942633971 0.99999855756485645 0.70393695053644401 90.234765234765248 5.5000000000000009 -0.10009483369570185 0.76880355066050521 -0.99076066250737227
decision_type=10 2 10 10 2 2 10 8 10 10 2 2 2 2
left_child=1 2 13 -4 -5 -6 7 -7 9 11 -11 -8 -10 -1
right_child=-2 -3 3 4 5 6 8 -9 12 10 -12 -13 -14 -15
leaf_value=-0.011090578781826033 0.04554723718111784 0.026975680561560501 -0.0602643761369452 0.013073890955298951 -0.045980523407231758 0.0115548819065094 -0.050928043797612191 -0.061155971427048955 0.013073890955298951 -0.090638953654662416 -0.011413372046603211 0.0087532764491300239 -0.026296277150362729 0.0011941776334247682
leaf_weight=941 66 154 84 154 126 70 62 100 357 64 111 425 120 10957
leaf_count=941 66 154 84 154 126 70 62 100 357 64 111 425 120 10957
internal_value=-0.000269394 -0.000506221 -0.000827899 -0.00824698 -0.00531676 -0.00904494 -0.00532821 -0.0317415 -0.00126443 -0.010834 -0.0421002 0.000714898 0.0119913 0.000218339
internal_weight=13791 13725 13571 1673 1589 1435 1309 170 1139 662 175 487 477 11898
internal_count=13791 13725 13571 1673 1589 1435 1309 170 1139 662 175 487 477 11898
is_linear=0
shrinkage=0.03


Tree=308
num_leaves=15
num_cat=0
split_feature=9 1 6 8 31 31 28 15 25 19 19 26 8 32
split_gain=180.661 230.959 230.423 301.025 277.407 278.343 245.016 210.383 526.812 387.514 209.724 201.238 178.002 234.372
threshold=1.4498381773823998 -1.4253735324078141 -0.4570261018104837 -2.3523462984510588 19.799248370676946 29.286098516867749 7.5000000000000009 0.70833333333333337 -0.4700036292457353 -0.47594568201146709 1.572031671588985 0.93324574080672396 -1.0716820462633538 55.586720971336362
decision_type=10 8 2 10 2 2 2 2 8 8 10 10 8 2
left_child=2 -2 3 -1 -4 6 -6 9 -9 -3 -11 -10 13 -7
right_child=1 7 4 -5 5 12 -8 8 11 10 -12 -13 -14 -15
leaf_value=-0.0096981782107613962 -0.034785086460825468 -0.012365964888923969 0.047801887642930856 -0.071538365138478055 -0.01245482434648313 0.0027017477173798196 -0.074594310661414989 0.094339056370734434 0.012737903488184 0.012737903488184 -0.011902435689405112 0.058993058489678903 0.00020069943068204947 0.069401285310204203
leaf_weight=415 103 557 105 81 232 122 72 77 723 763 312 81 10088 73
leaf_count=415 103 557 105 81 232 122 72 77 723 763 312 81 10088 73
internal_value=0.00113522 0.00822475 -0.0005254 -0.0204102 0.000406164 -8.62419e-05 -0.028141 0.0100532 0.0218243 0.00365151 0.0127379 0.0143393 0.000756423 0.0287821
internal_weight=13804 2616 11188 496 10692 10587 304 2513 881 1632 1075 804 10283 195
internal_count=13804 2616 11188 496 10692 10587 304 2513 881 1632 1075 804 10283 195
is_linear=0
shrinkage=0.03


Tree=309
num_leaves=15
num_cat=0
split_feature=19 5 5 19 18 9 25 5 5 1 8 7 18 19
split_gain=224.326 201.402 303.274 235.344 224.268 285.155 256.915 251.23 327.714 250.888 218.229 203.512 199.296 196.858
threshold=1.4552705173520446 0.89900315627826832 -0.00061441124767246894 1.9439308504368082 0.83732904877669123 0.43056320552782962 0.15710698158864303 -0.81573634123587513 -0.99962779036334315 0.75949578474025004 0.82126335673665729 2.998734241989172 0.15713662333835157 1.3499806558627505
decision_type=10 2 2 10 8 10 10 2 2 8 10 10 8 10
left_child=13 2 3 10 -5 11 -7 8 -8 -9 -2 -6 -4 -1
right_child=1 -3 12 4 5 6 7 9 -10 -11 -12 -13 -14 -15
leaf_value=0.0021963705475589643 -0.076166099078881624 -0.044608320209226802 0.044380217218172868 -0.029390673979833925 0.009707522418961596 0.059401470933641703 0.022921533299164031 -0.018614785216415106 -0.064639611618679968 0.056722767027094959 -0.0062377267008802539 -0.058918986392743657 0.0016661242088320152 0.048022305660388044
leaf_weight=11604 99 123 107 339 62 86 66 62 81 97 67 94 808 80
leaf_count=11604 99 123 107 339 62 86 66 62 81 97 67 94 808 80
internal_value=0.000910303 -0.00812767 -0.00574036 -0.0166832 -0.0104041 0.00150075 0.0151448 0.00195162 -0.0258656 0.027674 -0.0489497 -0.0321899 0.00687516 0.00253055
internal_weight=13775 2091 1968 1053 887 548 392 306 147 159 166 156 915 11684
internal_count=13775 2091 1968 1053 887 548 392 306 147 159 166 156 915 11684
is_linear=0
shrinkage=0.03


Tree=310
num_leaves=15
num_cat=0
split_feature=11 26 31 30 6 15 27 6 7 31 7 34 6 31
split_gain=108.824 253.035 89.7139 127.707 110.342 214.022 262.15 125.748 122.794 98.2987 271.079 255.349 244.397 225.689
threshold=1.3551074236682641 0.46560335770943345 9.0552304838019158 54.777365491651217 -0.98899813289017546 0.18333333333333338 0.25131442828090628 -0.97616593270056884 -0.45163542696783304 20.307165362110421 -1.6417099245071378 56.943056943056952 -0.55159759846895351 26.354938767526182
decision_type=2 8 2 2 2 2 10 2 10 2 8 2 2 2
left_child=2 -2 3 -1 5 -4 -7 8 -6 10 -9 -12 -13 -11
right_child=1 -3 4 -5 7 6 -8 9 -10 13 11 12 -14 -15
leaf_value=-0.011702679525674022 -0.011702679525674022 -0.07142688298309352 -0.011702679525674022 0.03211367823428915 0.0020843247119791621 0.0029806070585561401 0.058351875088147577 0.068557699180361045 0.058220882438696352 -0.011702679525674022 -0.011702679525674022 0.011875078234555343 0.073366113818354076 -7.1627024966532663e-05
leaf_weight=65 126 66 323 162 77 135 88 62 60 519 307 73 76 11705
leaf_count=65 126 66 323 162 77 135 88 62 60 519 307 73 76 11705
internal_value=-0.000793428 -0.0229316 -0.000473799 0.0180229 -0.000793149 -0.0117027 0.0176639 -0.000221279 0.027854 -0.000533947 0.0122029 0.00388013 0.0354528 -0.00107845
internal_weight=13844 192 13652 227 13425 546 223 12879 137 12742 518 456 149 12224
internal_count=13844 192 13652 227 13425 546 223 12879 137 12742 518 456 149 12224
is_linear=0
shrinkage=0.03


Tree=311
num_leaves=15
num_cat=0
split_feature=28 28 28 27 24 26 16 22 26 26 19 35 35 7
split_gain=134.85 276.52 265.725 225.307 222.63 210.327 223.106 269.804 228.763 206.501 195.615 186.912 258.234 197.198
threshold=15.500000000000002 12.500000000000002 13.500000000000002 2.9830733695618465 0.47939444083326826 -1.9237418440061076 0.0011651182960075951 0.0012108573098063057 0.48821310539121759 -2.9821296848137444 0.66441306107222176 20.554445554445557 31.57675657675658 -0.54130782146459555
decision_type=2 2 2 10 8 10 10 2 10 8 10 10 10 10
left_child=1 3 11 9 -2 -4 8 -8 -7 10 -1 -3 -13 -14
right_child=4 2 5 -5 -6 6 7 -9 -10 -11 -12 12 13 -15
leaf_value=-0.0090479228078671117 0.042075494304299355 -0.072963173900730913 0.04040674943777342 -0.048459095560275472 0.0046354009858890393 -0.0042152886577522409 -0.011273795239871433 -0.061909088088920511 0.040075835060448414 0.0021361440700252191 -0.069465771940495094 0.025783387082178266 -0.071081226545252965 -0.020518599486136747
leaf_weight=179 154 65 88 77 1435 679 263 119 119 9990 62 88 79 454
leaf_count=179 154 65 88 77 1435 679 263 119 119 9990 62 88 79 454
internal_value=0.000175902 -0.00089082 -0.011223 0.00107225 0.00838456 -0.00305369 -0.00645162 -0.0251455 0.00259794 0.00146852 -0.0256871 -0.0261916 -0.0207524 -0.0286038
internal_weight=13851 12262 1954 10308 1589 1268 1180 382 798 10231 241 686 621 533
internal_count=13851 12262 1954 10308 1589 1268 1180 382 798 10231 241 686 621 533
is_linear=0
shrinkage=0.03


Tree=312
num_leaves=15
num_cat=0
split_feature=25 25 1 18 35 19 27 8 27 27 9 18 9 25
split_gain=123.793 350.822 216.234 203.084 202.939 198.539 196.088 246.263 228.594 164.887 200.301 249.042 131.066 125.619
threshold=2.7828983658411492 1.6105860185642757 0.9734425769883065 0.11320256459676294 77.372627372627392 2.0851279071756443 2.017460570875651 2.9983571988025415 1.7111997946563797 1.3607141635241931 0.83147880528507978 0.41686395383843516 0.85831878610907075 1.1594137313376656
decision_type=10 10 8 8 10 10 10 8 10 10 10 8 10 10
left_child=1 6 5 -2 -5 -3 8 -8 13 12 11 -11 -6 -1
right_child=3 2 -4 4 9 -7 7 -9 -10 10 -12 -13 -14 -15
leaf_value=-0.001145673934325978 0.061823306838897134 -0.085349077008150767 -0.006403296327082122 0.044282934808362165 -0.035700104202864298 -0.028288285719229148 -0.074200239090682713 0.0042673166185617445 0.054143777768249093 -0.013371970420830871 -0.025081565615395644 0.058223203102531637 0.015339171388974554 0.016172317503149451
leaf_weight=12188 61 82 200 98 154 123 68 70 64 68 78 110 60 384
leaf_count=12188 61 82 200 98 154 123 68 70 64 68 78 110 60 384
internal_value=-0.000961987 -0.00158434 -0.0289002 0.0119873 0.00614244 -0.0501733 -0.000707318 -0.0356403 -0.000311862 -0.00219269 0.0139377 0.0312542 -0.0213665 -0.000610493
internal_weight=13808 13179 405 629 568 205 12774 138 12636 470 256 178 214 12572
internal_count=13808 13179 405 629 568 205 12774 138 12636 470 256 178 214 12572
is_linear=0
shrinkage=0.03


Tree=313
num_leaves=15
num_cat=0
split_feature=5 5 35 5 8 35 6 10 30 7 8 28 8 1
split_gain=185.578 253.827 199.978 197.742 223.091 284.05 193.425 241.924 278.824 228.372 314.51 211.45 310.632 355.362
threshold=-0.99979131877397132 -0.99962779036334315 34.373959373959387 -0.99993673205266165 1.1933377468734492 67.024642024642034 0.012655468086638063 1.0000000180025095e-35 29.735145806574383 0.84025684628615427 -0.042479087071951575 17.500000000000004 -0.30462660984997741 6.2643996384852221
decision_type=2 2 8 2 8 8 2 2 2 8 8 2 8 10
left_child=2 -2 -1 4 -4 -6 7 8 -3 -9 -11 12 -8 -14
right_child=1 6 3 -5 5 -7 11 9 -10 10 -12 -13 13 -15
leaf_value=-0.049393870767560744 0.051221821103449708 -0.02548169333769968 -0.030995562046766276 -0.036735970832673562 0.073916744225060768 0.0012411675027882059 -0.03358100097455563 0.0041583470022931498 0.0009370460057156058 0.077364472278947882 0.01534753492571213 0.026477092115405516 -0.0063837867422772854 0.021591304110532457
leaf_weight=121 86 391 100 135 62 175 322 3121 3902 74 1184 190 3540 457
leaf_count=121 86 391 100 135 62 175 322 3121 3902 74 1184 190 3540 457
internal_value=0.000553323 0.00128972 -0.0157949 -0.00675417 0.00561783 0.0213877 0.000944638 0.00356451 -0.00149598 0.00852167 0.0192874 -0.00409244 -0.00546631 -0.00316225
internal_weight=13860 13267 593 472 337 237 13181 8672 4293 4379 1258 4509 4319 3997
internal_count=13860 13267 593 472 337 237 13181 8672 4293 4379 1258 4509 4319 3997
is_linear=0
shrinkage=0.03


Tree=314
num_leaves=15
num_cat=0
split_feature=6 34 8 8 31 6 6 25 8 22 25 15 22 1
split_gain=168.576 241.257 297.193 422.352 274.867 337.454 279.026 249.143 238.378 220.883 198.531 256.145 178.198 196.093
threshold=0.012655468086638063 34.186646686646704 1.0908747470232012 -0.30462660984997741 59.79405210174442 0.046067352721505368 0.33034461400463416 0.61546695205094071 0.93251705021916032 0.0027110121511416669 0.71948024956700751 0.36666666666666675 0.00083296960815489019 1.5725400764460873
decision_type=2 2 8 10 2 2 2 10 10 2 10 2 2 10
left_child=-1 9 3 -3 5 -5 -7 -4 -6 -2 -9 -12 13 -13
right_child=1 2 7 4 8 6 -8 10 -10 -11 11 12 -14 -15
leaf_value=0.0023419665582000765 -0.01300234442043283 -0.01300234442043283 -0.01300234442043283 -0.0082877968429425439 0.0015771509172286854 0.070877249715003088 0.0016139782622859285 0.053975132770836355 0.060816023264969911 -0.050985119495726094 -0.01300234442043283 0.018717596582489428 0.0032305755916439399 0.072369393393663425
leaf_weight=9183 347 307 1744 104 702 215 69 65 62 176 372 181 91 79
leaf_count=9183 347 307 1744 104 702 215 69 65 62 176 372 181 91 79
internal_value=8.73396e-06 -0.00473519 -0.00221103 0.00855554 0.017285 0.0376821 0.0543683 -0.00841962 0.00674866 -0.0237937 0.00573303 0.00105499 0.0194635 0.0342046
internal_weight=13697 4514 3991 1459 1152 388 284 2532 764 523 788 723 351 260
internal_count=13697 4514 3991 1459 1152 388 284 2532 764 523 788 723 351 260
is_linear=0
shrinkage=0.03


Tree=315
num_leaves=15
num_cat=0
split_feature=28 7 25 6 7 13 6 6 6 35 15 8 35 19
split_gain=203.938 286.841 199.657 233.376 193.872 187.945 277.913 184.613 253.268 237.906 201.231 187.873 310.507 172.465
threshold=1.5000000000000002 -0.035788946307685691 0.37469344944141075 -0.041002743827575239 -0.85172801272313758 -81.822719893800723 -0.042773043263616507 -0.99972669214285148 -0.99160070242093623 19.005994005994008 0.18333333333333338 -1.3318330161407752 27.455877455877459 -0.34024761739479276
decision_type=2 10 10 2 10 10 2 2 2 10 2 8 10 10
left_child=5 2 7 4 -4 -1 -7 9 10 -2 -9 12 -10 -3
right_child=1 13 3 -5 -6 6 -8 8 11 -11 -12 -13 -14 -15
leaf_value=-0.0077928542765296717 0.0018203797283237926 -0.022899851087843606 -0.035493552585714495 -0.068260840527389358 0.029394045522393181 -0.09127220133209929 -0.024274995739710131 -0.056668677528216999 0.018147999120169671 0.081913337144916026 0.011291977747512812 0.008073881879053061 -0.060875532100016769 -0.0027318199917490613
leaf_weight=843 68 398 75 64 81 63 124 98 82 61 61 4509 89 7247
leaf_count=843 68 398 75 64 81 63 124 98 82 61 61 4509 89 7247
internal_value=-0.00113538 -0.000102177 0.0053395 -0.0223182 -0.00193538 -0.0139456 -0.0407571 0.00658549 0.00561736 0.0413371 -0.0310464 0.00689479 -0.0235422 -0.00379605
internal_weight=13863 12833 5188 220 156 1030 187 4968 4839 129 159 4680 171 7645
internal_count=13863 12833 5188 220 156 1030 187 4968 4839 129 159 4680 171 7645
is_linear=0
shrinkage=0.03


Tree=316
num_leaves=15
num_cat=0
split_feature=6 19 31 27 18 31 21 16 26 5 26 16 6 19
split_gain=149.787 263.529 211.642 195.28 173.636 177.405 230.809 264.506 329.421 217.826 179.6 172.557 159.129 144.885
threshold=-1.0000000180025095e-35 -2.6249789207059977 48.384307999692616 -1.0000000180025095e-35 0.074628613639974375 49.177919982115789 0.0020633078577058732 0.24198090204008196 0.11182272016178009 0.096310478277009115 0.61625201713482902 -9.2221798635307604 0.061419139447798407 -1.0566983428437424
decision_type=2 8 2 10 8 2 2 8 10 2 10 8 2 8
left_child=2 3 -1 -2 -4 -6 7 8 -7 10 -8 12 -3 -13
right_child=1 11 4 -5 5 6 9 -9 -10 -11 -12 13 -14 -15
leaf_value=-0.0001679136740368781 -0.0005054647188920241 0.011929108840867857 -0.032641436761617661 -0.063827805711633781 0.051765648022575196 0.029449838485656375 0.0064881748453981258 0.011360093386055594 0.10229296443013239 -0.046949883228603828 -0.034231146339214202 0.011929108840867857 0.053175121113244031 -0.0036561133037904415
leaf_weight=4522 73 74 70 105 101 161 284 867 66 89 94 182 103 7062
leaf_count=4522 73 74 70 105 101 161 284 867 66 89 94 182 103 7062
internal_value=-0.000186279 -0.0030154 0.00325094 -0.0385819 0.0121519 0.0141307 0.0115382 0.0190493 0.0475396 -0.00607295 0.00403879 -0.0021369 0.0267181 -0.00285989
internal_weight=13853 7599 6254 178 1732 1662 1561 1094 227 467 378 7421 177 7244
internal_count=13853 7599 6254 178 1732 1662 1561 1094 227 467 378 7421 177 7244
is_linear=0
shrinkage=0.03


Tree=317
num_leaves=15
num_cat=0
split_feature=28 28 16 8 8 8 26 25 9 8 27 28 13 28
split_gain=206.61 366.783 325.516 274.752 307.066 265.89 265.83 234.276 229.926 258.835 262.967 621.946 293.38 390.996
threshold=12.500000000000002 13.500000000000002 -9.2221798635307604 -2.3523462984510588 -0.25618126632285149 -0.3823322326194542 -2.2244989501187846 -0.13572374511754146 0.52577386333535414 2.9172566899264321 0.16063650844390856 9.5000000000000018 1.5945979018405723 10.500000000000002
decision_type=2 2 8 8 8 10 10 10 10 10 10 2 8 2
left_child=3 -2 -3 -1 5 7 -4 -5 9 10 12 -12 13 -6
right_child=1 2 6 4 8 -7 -8 -9 -10 -11 11 -13 -14 -15
leaf_value=0.051075888845510779 -0.026358464679906057 0.054425270544009259 0.025286814955642684 -0.046895443986711166 0.0069651397529203784 -0.071868274992879691 -0.0065064559423624107 0.0070318036498468791 0.0083527594841719122 0.020758159586772223 -0.007872783137179578 -0.080154978312071287 -0.0042932282459057867 0.063888591097529271
leaf_weight=95 689 84 210 106 1079 80 2596 206 3469 442 799 119 3773 116
leaf_count=95 689 84 210 106 1079 80 2596 206 3469 442 799 119 3773 116
internal_value=-0.000570408 -0.00677341 -0.00206671 0.00159058 0.00110436 -0.0247619 -0.00385164 -0.0117403 0.00215143 -0.00125203 -0.00292107 -0.0176261 -0.000188837 0.0127339
internal_weight=13863 3579 2890 10284 10189 392 2806 312 9797 6328 5886 918 4968 1195
internal_count=13863 3579 2890 10284 10189 392 2806 312 9797 6328 5886 918 4968 1195
is_linear=0
shrinkage=0.03


Tree=318
num_leaves=15
num_cat=0
split_feature=8 6 25 27 28 6 6 10 25 3 21 8 27 8
split_gain=211.731 196.889 280.955 296.978 241.298 218.499 213.137 229.829 222.776 353.242 303.966 251.29 207.677 222.782
threshold=-2.9983170795021699 -0.69637284895157092 -0.36772478012531734 -0.14169741022008073 12.500000000000002 -0.83903651020426373 0.0034467375263736318 0.81666666666666676 0.032703563873410564 -1.7404867591946249 0.23226675497872834 -0.010384996010092349 0.58906217579792175 1.5012173526931145
decision_type=8 2 8 8 2 2 2 2 8 8 2 8 8 10
left_child=-1 2 4 -4 -2 -5 7 8 -3 -10 11 -11 -13 -14
right_child=1 6 3 5 -6 -7 -8 -9 9 10 -12 12 13 -15
leaf_value=0.029213419218559734 -0.003838460032756512 -0.0018297350174330872 -0.074207050642753777 -0.0058953013055932681 0.065814530470886742 -0.041203804021574433 -0.0033359947899887629 0.052115207090103935 -0.059031564577975697 0.028119869880383799 -0.022719389597471818 -0.0013775963292341395 0.010525191721282997 0.028119869880383799
leaf_weight=226 112 3161 69 920 69 186 4962 86 63 269 236 1073 2073 295
leaf_count=226 112 3161 69 920 69 186 4962 86 63 269 236 1073 2073 295
internal_value=0.000733154 0.00024839 -0.0105755 -0.0159444 0.0237698 -0.011992 0.0014535 0.00472883 0.00412453 0.00881576 0.00997231 0.0120797 0.0095686 0.014521
internal_weight=13800 13574 1356 1175 181 1106 12218 7256 7170 4009 3946 3710 3441 2368
internal_count=13800 13574 1356 1175 181 1106 12218 7256 7170 4009 3946 3710 3441 2368
is_linear=0
shrinkage=0.03


Tree=319
num_leaves=15
num_cat=0
split_feature=6 9 15 25 18 18 6 29 31 6 25 6 26 9
split_gain=161.268 141.815 281.617 343.589 234.436 215.354 185.613 223.883 229.295 173.4 246.617 481.097 265.569 158.915
threshold=0.9904983019613105 1.4498381773823998 0.81666666666666676 -0.4451354615795175 0.22213157806205422 0.99999855756485645 -0.95719316065923088 55.419776381807829 7.8874117335655827 -0.94069022287327853 -0.33647223662121267 -0.19937416095637853 0.3528044866404017 1.395814279163891
decision_type=2 10 2 8 8 10 2 2 2 2 8 2 10 10
left_child=1 6 9 -4 -5 -6 7 8 -1 -3 11 -11 -12 -8
right_child=-2 2 3 4 5 -7 13 -9 -10 10 12 -13 -14 -15
leaf_value=-0.013984043238273897 -0.031545472255219587 0.01055006894329384 0.075353818087977295 0.067557631834693571 0.01055006894329384 0.05366919531886067 0.00046582938308127505 0.016880495253090672 -0.071627214747412446 -0.088239944231297288 0.0083519550627304453 -0.0035753594831593578 -0.041153236905995164 -0.043947434231434782
leaf_weight=61 133 604 89 64 635 100 10742 73 107 86 670 181 109 68
leaf_count=61 133 604 89 64 635 100 10742 73 107 86 670 181 109 68
internal_value=0.000722342 0.00104964 0.00743724 0.0210077 0.0145231 0.0105501 -0.000420045 -0.0261875 -0.0448486 9.24758e-05 -0.00737274 -0.0319664 0.00120676 0.00016626
internal_weight=13722 13589 2538 888 799 735 11051 241 168 1650 1046 267 779 10810
internal_count=13722 13589 2538 888 799 735 11051 241 168 1650 1046 267 779 10810
is_linear=0
shrinkage=0.03


Tree=320
num_leaves=15
num_cat=0
split_feature=29 31 7 8 13 18 6 31 9 13 19 6 5 13
split_gain=136.365 153.229 236.181 305.669 273.327 327.443 187.372 148.382 132.007 413.637 228.154 237.723 225.768 279.898
threshold=71.575304432497248 76.951894259586581 0.40534413442490541 2.0044628098475106 -4.3640196096330026 0.08942260635863114 0.11157637012483275 74.14316452777993 0.44541294939304188 0.52182441683870395 -0.24719458677199133 0.16281656154814497 0.79630428676130505 -16.516728436190586
decision_type=2 2 8 8 10 10 2 2 8 8 10 2 2 10
left_child=1 7 -3 -4 6 -6 -5 8 9 -1 11 -10 -12 -14
right_child=-2 2 3 4 5 -7 -8 -9 10 -11 12 -13 13 -15
leaf_value=0.010452396764652096 0.026833004950811819 0.013236042198365328 -0.073925987100228671 -0.016551987049604124 -0.094504236573210124 -0.017470537115374336 0.013236042198365328 0.013236042198365328 -0.00030603032945564825 -0.0092208495143085815 0.0096231074629605576 -0.026024658870922413 0.013236042198365328 -0.053107835265328827
leaf_weight=1311 163 125 75 143 60 225 330 397 3444 3572 3420 352 88 113
leaf_count=1311 163 125 75 143 60 225 330 397 3444 3572 3420 352 88 113
internal_value=-3.05455e-05 -0.000360921 -0.0118983 -0.0180795 -0.0121056 -0.0350379 0.00193395 0.000513923 -0.000105555 -0.00393364 0.00241563 -0.00272199 0.00779787 -0.0227382
internal_weight=13818 13655 958 833 758 285 473 12697 12300 4883 7417 3796 3621 201
internal_count=13818 13655 958 833 758 285 473 12697 12300 4883 7417 3796 3621 201
is_linear=0
shrinkage=0.03


Tree=321
num_leaves=15
num_cat=0
split_feature=28 31 32 25 6 9 27 31 5 28 27 33 35 5
split_gain=127.306 176.717 342.202 375.716 276.445 260.656 256.68 236.582 231.839 220.639 245.411 209.218 200.115 195.851
threshold=1.5000000000000002 17.989702605087221 58.537616229923934 0.36569702142299737 -0.257041141652461 0.92018366729283918 0.064538521137571317 25.168482311339456 -0.99979131877397132 15.500000000000002 -0.071526308584576967 48.800405943263094 38.336663336663342 -0.72611382010189052
decision_type=2 2 2 8 2 10 8 2 2 2 8 2 10 2
left_child=-1 2 6 -4 5 7 -2 -3 11 10 13 -6 -9 -7
right_child=1 4 3 -5 8 9 -8 12 -10 -11 -12 -13 -14 -15
leaf_value=-0.0097142966671073631 -0.029505368304807086 0.013918452008760402 0.08013724108226597 0.020957883596712905 -0.070604509969015378 -0.084238758208777964 0.016407989987044208 -0.088179613900052883 0.0026811521836667472 0.023786250349523416 -0.0054679004019791526 -0.0028476995184105272 -0.028887509789045262 -0.011013192096725105
leaf_weight=1055 167 65 127 139 69 63 297 77 10170 196 1129 93 159 67
leaf_count=1055 167 65 127 139 69 63 297 77 10170 196 1129 93 159 67
internal_value=0.000277681 0.00110355 0.0153859 0.042171 0.000235027 -0.0107523 -0.000255246 -0.0359281 0.0021067 -0.00543887 -0.0100647 -0.0329569 -0.0496609 -0.0483051
internal_weight=13873 12818 730 266 12088 1756 464 301 10332 1455 1259 162 236 130
internal_count=13873 12818 730 266 12088 1756 464 301 10332 1455 1259 162 236 130
is_linear=0
shrinkage=0.03


Tree=322
num_leaves=15
num_cat=0
split_feature=6 31 6 8 13 27 10 10 25 7 31 9 6 34
split_gain=123.556 550.416 130.306 166.613 287.431 392.589 263.275 215.56 193.96 225.121 392.141 236.754 345.265 340.637
threshold=0.95355015554601552 63.767176879064998 0.00022297331869397112 -0.17641297634471884 -2.5768016214091296 -0.4054651081081645 1.0000000180025095e-35 0.81666666666666676 -0.6220294679131867 -1.0034970843156044 18.750480288941834 1.4498381773823998 -0.16643030302452363 57.463369963369971
decision_type=2 2 2 8 10 10 2 2 8 8 2 10 2 2
left_child=2 -2 3 4 -1 -6 -7 8 -5 10 -10 12 13 -11
right_child=1 -3 -4 7 5 6 -8 -9 9 11 -12 -13 -14 -15
leaf_value=0.027717268448810613 -0.052725188640447763 0.050164517843547987 -0.0039209357853908127 0.026442268573653172 -0.070667125258923449 -0.03218928829341481 0.011881997568936452 0.052701635410563205 0.026442268573653172 -0.025706135995798782 -0.034102448175433384 0.013856623827918206 0.0021327974845125066 0.0088115224681590519
leaf_weight=568 60 165 4866 216 63 122 282 66 74 879 371 1038 4595 360
leaf_count=568 60 165 4866 216 63 122 282 66 74 879 371 1038 4595 360
internal_value=0.000374256 0.0221775 2.79163e-06 0.00221514 0.013477 -0.00395327 0.00718684 0.000673399 0.000182902 -0.00065413 -0.0212108 0.00069148 -0.00166076 -0.0156817
internal_weight=13725 225 13500 8634 1035 467 404 7599 7533 7317 445 6872 5834 1239
internal_count=13725 225 13500 8634 1035 467 404 7599 7533 7317 445 6872 5834 1239
is_linear=0
shrinkage=0.03


Tree=323
num_leaves=15
num_cat=0
split_feature=27 7 15 9 25 27 14 5 7 5 5 8 16 5
split_gain=139.094 138.376 415.084 199.224 556.817 135.652 143.219 184.416 183.177 123.443 273.152 239.216 279.4 201.832
threshold=-0.3776394808334757 -1.0395549532144119 0.36666666666666675 0.39373358116490764 -0.2546932187825241 1.9891728241796096 0.58972710282642316 -0.044282945627341343 2.2473768769002356 -0.99979131877397132 -0.99993673205266165 -0.18898178226592408 30.503436179871539 -0.99962779036334315
decision_type=8 10 2 10 10 10 2 2 10 2 2 8 8 2
left_child=1 2 -1 -3 -5 9 7 -7 -9 10 11 -2 -13 -11
right_child=5 3 -4 4 -6 6 -8 8 -10 13 -12 12 -14 -15
leaf_value=-0.029313158120100314 -0.050118716670708219 0.0064757232232713806 0.056890731379616907 0.0056995607561924882 -0.094662137606946542 -0.032652630649041892 -0.057665719742124727 -0.019231834736902539 0.044528766329641693 0.04678735265283139 -0.044831204434479667 0.058781046238402988 -0.0046640803772569081 0.0019421474478669278
leaf_weight=125 61 99 77 97 96 91 61 77 76 86 158 81 226 12378
leaf_count=125 61 99 77 97 96 91 61 77 76 86 158 81 226 12378
internal_value=0.000616921 -0.0149333 0.0041272 -0.0279665 -0.0453511 0.00120011 -0.0184135 -0.00763954 0.012847 0.00166754 -0.0125001 0.00179606 0.0127493 0.00227021
internal_weight=13789 494 202 292 193 13295 305 244 153 12990 526 368 307 12464
internal_count=13789 494 202 292 193 13295 305 244 153 12990 526 368 307 12464
is_linear=0
shrinkage=0.03


Tree=324
num_leaves=15
num_cat=0
split_feature=27 9 8 27 18 5 5 31 27 18 18 7 8 14
split_gain=116.14 317.892 478.527 281.24 443.09 251.897 250.153 224.843 217.559 358.801 243.104 236.093 181.484 414.068
threshold=0.68934488086733559 0.40989874980134916 2.8310050380168001 0.48640147106874904 0.3094666864102476 0.67959147259872943 0.028388747750557334 61.688311688311693 0.80870304104163904 0.87031689521967515 0.50622665165189196 2.998734241989172 1.9854903154021886 0.0033598817218247179
decision_type=10 10 10 10 8 2 2 2 10 10 10 10 10 2
left_child=3 2 7 12 -5 6 8 -2 9 -3 11 -10 -1 -14
right_child=1 5 -4 4 -6 -7 -8 -9 10 -11 -12 -13 13 -15
leaf_value=0.00053230366975670531 -0.0037135293523204468 0.045628264073548259 0.020349116715056053 0.028092514306684083 -0.057326040526700983 -0.021325661221204637 0.039804565549554624 -0.042217710448017753 -0.00027480448176572613 -0.02597468705581767 0.019958673173346177 -0.057765421979498154 0.0081191265801192486 -0.02802241155043279
leaf_weight=10075 247 260 329 74 180 149 373 303 177 79 237 96 509 639
leaf_count=10075 247 260 329 74 180 149 373 303 177 79 237 96 509 639
internal_value=-0.00024895 0.00597561 -0.00807948 -0.00147131 -0.0323784 0.0149835 0.0194796 -0.0251151 0.0103692 0.028807 -0.00204723 -0.0211666 -0.000757711 -0.0120323
internal_weight=13727 2250 879 11477 254 1371 1222 550 849 339 510 273 11223 1148
internal_count=13727 2250 879 11477 254 1371 1222 550 849 339 510 273 11223 1148
is_linear=0
shrinkage=0.03


Tree=325
num_leaves=15
num_cat=0
split_feature=27 27 25 8 35 9 7 8 31 9 8 14 5 26
split_gain=95.922 442.499 299.619 300.057 464.121 363.007 318.541 268.36 260.632 338.561 249.187 393.497 297.65 236.811
threshold=0.65801258263666751 0.48640147106874904 -0.2478361639045816 2.8310050380168001 81.44355644355646 0.38967662117781893 1.7576795775455614 0.40936135121171896 25.986600811775642 1.2997940810556223 2.0893269893854112 0.035686925489330286 0.58895224050621631 -0.012362233693844702
decision_type=8 10 8 8 10 10 8 10 2 10 8 2 2 10
left_child=1 10 -2 4 5 -4 -5 -3 -7 -10 -1 13 -13 -12
right_child=2 7 3 6 -6 8 -8 -9 9 -11 11 12 -14 -15
leaf_value=0.0031127497613420564 0.066992918591607706 -0.067915041813613866 -0.044824583223805975 0.025027342925380804 -0.088315057742434575 -0.035895181643190208 0.0020171194099724787 -0.0045253622938286175 0.0034069553042730587 0.080929491479570653 0.033065416552126407 -0.017043127416529823 -0.079447444993499164 -0.0024292171997371227
leaf_weight=5608 61 138 151 621 69 76 4018 105 173 67 188 1100 69 1366
leaf_count=5608 61 138 151 621 69 76 4018 105 173 67 188 1100 69 1366
internal_value=0.000275284 -0.00167833 0.00347289 0.00266021 -0.0184882 -0.00734488 0.00512101 -0.0411679 0.010984 0.0262586 -0.000502487 -0.0079401 -0.0210492 0.00195713
internal_weight=13810 8574 5236 5175 536 467 4639 243 316 240 8331 2723 1169 1554
internal_count=13810 8574 5236 5175 536 467 4639 243 316 240 8331 2723 1169 1554
is_linear=0
shrinkage=0.03


Tree=326
num_leaves=15
num_cat=0
split_feature=8 7 13 9 19 25 28 19 31 8 28 33 26 7
split_gain=89.7526 281.619 253.224 151.087 112.303 220.102 221.53 177.525 166.782 238.35 244.886 273.765 221.796 213.989
threshold=-2.6615409674307835 0.39788125010269854 -1.0000000180025095e-35 4.9989795723965189 -2.9926726933648431 -0.96779413010344062 12.500000000000002 -2.3292366561179265 48.405440713133025 0.20468680901740391 8.5000000000000018 58.357198357198364 -0.2782144739355647 0.040569718471917156
decision_type=8 10 10 10 8 8 2 8 2 10 2 2 8 8
left_child=1 2 3 -1 -2 6 -6 -7 9 12 11 -11 -9 -10
right_child=4 -3 -4 -5 5 7 -8 8 13 10 -12 -13 -14 -15
leaf_value=-0.010844878401171466 -0.014910489350209848 0.068432591707039053 -0.043841725539746162 0.046453518744317752 -0.0022671321023787772 0.038054082610954838 0.073711779130342076 0.029949136286859912 0.012807518185880959 -0.011625148615390062 -0.0257048389320544 0.048444874327867586 -0.0026095194658153969 -0.00014915539865986195
leaf_weight=62 456 66 74 88 65 103 68 191 1467 245 787 89 4797 5199
leaf_count=62 456 66 74 88 65 103 68 191 1467 245 787 89 4797 5199
internal_value=-5.80023e-07 0.0163687 -0.000130747 0.022152 -0.000359023 0.000156498 0.0378425 -0.000247247 -0.000570823 -0.00414975 -0.016617 0.00485997 -0.00133404 0.00270971
internal_weight=13757 290 224 150 13467 13011 133 12878 12775 6109 1121 334 4988 6666
internal_count=13757 290 224 150 13467 13011 133 12878 12775 6109 1121 334 4988 6666
is_linear=0
shrinkage=0.03


Tree=327
num_leaves=15
num_cat=0
split_feature=5 5 8 18 6 6 5 6 18 31 8 28 6 8
split_gain=112.928 201.474 304.713 369.076 345.567 184.028 207.215 164.208 285.131 153.996 150.609 281.088 201.849 183.628
threshold=0.76880355066050521 0.83572516268794739 0.014873105448209857 0.89380533394646755 0.19238287463426831 0.73822445825432426 0.98550164731477852 0.61481142621195828 0.5906761531122503 92.578849721706874 -2.9983170795021699 12.500000000000002 -0.90151072645992236 -1.3318330161407752
decision_type=2 2 8 10 2 2 2 2 10 2 8 2 2 8
left_child=7 -2 -3 4 -4 -6 -7 9 -9 10 11 -1 -13 -12
right_child=1 2 3 -5 5 6 -8 8 -10 -11 13 12 -14 -15
leaf_value=0.073552500395589082 -0.052037088647484776 -0.056192641383860001 0.051931178816737464 0.052876648739785759 -0.065550979784614327 -0.040177057186270702 0.020084986322692462 0.041681628463771735 -0.028420367916704901 -0.042269127514958378 -0.026094039141188387 0.038657556894059121 -0.028229566483447946 0.00090321849458694053
leaf_weight=68 91 81 60 106 69 96 100 201 66 70 226 69 85 12315
leaf_count=68 91 81 60 106 69 96 100 201 66 70 226 69 85 12315
internal_value=0.000496398 -0.0121431 -0.00461792 0.00560803 -0.0103764 -0.0251842 -0.00969631 0.00108261 0.0241492 0.000593478 0.000845023 0.0250631 0.00201257 0.000406498
internal_weight=13703 603 512 431 325 265 196 13100 267 12833 12763 222 154 12541
internal_count=13703 603 512 431 325 265 196 13100 267 12833 12763 222 154 12541
is_linear=0
shrinkage=0.03


Tree=328
num_leaves=15
num_cat=0
split_feature=31 19 28 13 18 5 30 5 27 27 25 5 26 9
split_gain=125.584 286.855 399.247 216.959 379.745 271.284 134.975 122.359 117.086 258.16 188.98 192.227 130.044 246.116
threshold=76.951894259586581 0.41531620809648123 12.500000000000002 -8.3409459380278808 0.081687308919095106 0.22087588482127526 75.979377765092067 0.4998908647359202 2.644133515347268 1.3922115899433924 2.1090955246456806 0.034128881477503904 1.0000000180025095e-35 1.0145706614637471
decision_type=2 8 2 10 10 2 2 2 10 10 10 2 10 10
left_child=8 -2 3 5 -5 -3 7 -7 9 12 11 -11 -1 -14
right_child=1 2 -4 4 -6 6 -8 -9 -10 10 -12 -13 13 -15
leaf_value=0.0018558867816325637 0.026279237756638651 -0.016503827646739345 -0.082772694748640047 -0.096340738447239754 -0.016503827646739345 0.022375908234397206 0.044426639711314983 -0.016503827646739345 -0.027516294464269894 -0.008691924911731019 0.065847692722454665 0.04670234820535106 -0.011601697483172222 0.0097845155252691586
leaf_weight=9765 163 230 70 60 206 146 105 111 126 140 81 88 1797 658
leaf_count=9765 163 230 70 60 206 146 105 111 126 140 81 88 1797 658
internal_value=-0.000144068 -0.00988615 -0.0163453 -0.0104776 -0.0327098 -0.000297881 0.0166052 0.00460761 0.00069938 0.000993999 0.0278532 0.0132317 0.000303713 -0.00586143
internal_weight=13746 1091 928 858 266 592 362 257 12655 12529 309 228 12220 2455
internal_count=13746 1091 928 858 266 592 362 257 12655 12529 309 228 12220 2455
is_linear=0
shrinkage=0.03


Tree=329
num_leaves=15
num_cat=0
split_feature=5 20 19 7 7 25 28 13 5 8 32 9 9 7
split_gain=125.371 270.157 364.165 321.585 283.678 377.172 425.889 265.093 264.523 151.625 149.611 147.231 190.158 144.983
threshold=0.25059931138534952 0.99999808943656865 0.007875422153689195 -0.48757951899701263 0.62301991131386381 1.2044150865308034 12.500000000000002 -11.874863971109544 0.42403268855252113 1.0002089680151454 52.651194958887267 0.53150375609846601 0.78028008215049327 -0.21133830164815845
decision_type=2 8 10 8 8 10 2 10 2 8 2 8 10 10
left_child=-1 2 -2 8 13 6 7 -6 -3 -10 -8 -9 -13 -5
right_child=1 3 -4 4 5 -7 10 11 9 -11 -12 12 -14 -15
leaf_value=-0.0016068974528728975 0.089903436398870024 -0.077895509962093185 0.022003945075569624 -0.0086249151534133865 0.010324155672894608 0.022003945075569624 -0.087672466649501415 -0.0095862144165597112 0.022003945075569624 -0.039721683431694757 -0.022932086746123702 -0.070657591109849358 -0.0095862144165597112 0.022003945075569624
leaf_weight=11633 81 69 98 138 434 262 76 60 72 62 61 101 63 637
leaf_count=11633 81 69 98 138 434 262 76 60 72 62 61 101 63 637
internal_value=-0.000361004 0.00617415 0.040989 0.00301886 0.00701492 -0.00309858 -0.0135468 -0.00335206 -0.0323459 -0.00693289 -0.0606689 -0.0294966 -0.0459724 0.0207399
internal_weight=13847 2214 179 2035 1832 1057 795 658 203 134 137 224 164 775
internal_count=13847 2214 179 2035 1832 1057 795 658 203 134 137 224 164 775
is_linear=0
shrinkage=0.03


Tree=330
num_leaves=15
num_cat=0
split_feature=5 18 2 6 5 8 25 10 3 16 35 6 8 6
split_gain=125.869 169.643 411.69 283.718 264.554 264.723 238.661 215.779 199.444 192.125 185.776 184.639 279.211 283.541
threshold=0.22847263796948974 0.87402661303296336 0.50892857142857151 -0.78191853760990859 1.0000000180025095e-35 -0.99272747293457619 -0.065405282292653397 0.63333333333333341 0.42282050550227557 0.53766477717330685 54.736929736929746 0.031122502140531059 0.54440492279576269 0.13740213044046892
decision_type=2 8 2 2 2 8 10 2 10 10 10 2 10 2
left_child=1 2 3 -1 5 -5 -6 -7 9 -8 -10 -3 13 -13
right_child=-2 11 -4 4 6 7 8 -9 10 -11 -12 12 -14 -15
leaf_value=-0.034552573470342192 0.0072436575029705217 0.0044457343836420997 -0.065233564689239062 -0.034552573470342192 -0.034552573470342192 0.0022735724837305593 -0.00091190944850788483 0.032799116778573806 0.04585639800679861 -0.034552573470342192 -0.00091190944850788483 -0.013497310986396002 -0.028695910993852828 0.019589683656005909
leaf_weight=230 2304 6109 96 76 303 2330 237 224 104 219 161 522 399 413
leaf_count=230 2304 6109 96 76 303 2330 237 224 104 219 161 522 399 413
internal_value=0.000855222 -0.00043592 -0.00543166 -0.00387158 -0.00181252 0.00322766 -0.0147103 0.00500969 -0.00519073 -0.017152 0.0153282 0.00223731 -0.00785492 0.00114405
internal_weight=13727 11423 3980 3884 3654 2630 1024 2554 721 456 265 7443 1334 935
internal_count=13727 11423 3980 3884 3654 2630 1024 2554 721 456 265 7443 1334 935
is_linear=0
shrinkage=0.03


Tree=331
num_leaves=15
num_cat=0
split_feature=19 25 6 24 10 25 27 17 16 27 5 5 6 8
split_gain=169.368 288.459 270.742 264.24 252.095 241.949 227.158 416.432 192.344 273.848 190.823 171.299 189.484 158.661
threshold=-0.45839070820522115 -0.55908005446511833 -0.080486724093903617 1.0000000180025095e-35 0.36666666666666675 -0.38670699897927036 -0.10486026549103421 0.85823350975896406 39.188849743785831 0.22201869144720202 0.45668964481302438 -0.019549585073347451 0.012655468086638063 -0.55797730074235019
decision_type=8 8 2 8 2 8 10 2 10 10 2 2 2 8
left_child=3 2 -2 -1 -4 -3 7 -5 9 10 -8 -11 -13 -7
right_child=1 5 4 6 -6 13 8 -9 -10 11 -12 12 -14 -15
leaf_value=0.036197113715112209 0.019630342729389669 0.040177060273977425 -0.088257784319274557 0.013229029673900189 -0.0079990733203603257 0.018113635511780007 -0.025019131013718634 -0.048347749453185512 -0.056356040949059515 0.013229029673900189 0.013229029673900189 -0.034416633796786174 0.013229029673900189 0.0017494843850907815
leaf_weight=115 60 151 80 340 62 556 892 96 92 216 98 73 73 10823
leaf_count=115 60 151 80 340 62 556 892 96 92 216 98 73 73 10823
internal_value=0.00106295 0.00243767 -0.0326661 -0.00700723 -0.0546792 0.00306656 -0.00973905 0.00916103 -0.0154576 -0.0124772 -0.020614 0.00975299 -0.0192695 0.00255667
internal_weight=13727 11732 202 1995 142 11530 1880 436 1444 1352 990 362 146 11379
internal_count=13727 11732 202 1995 142 11530 1880 436 1444 1352 990 362 146 11379
is_linear=0
shrinkage=0.03


Tree=332
num_leaves=15
num_cat=0
split_feature=31 7 35 31 19 8 18 8 8 35 35 8 28 6
split_gain=152.188 259.783 622.222 241.089 237.248 228.515 210.066 196.179 174.826 420.053 394.975 197.224 398.019 515.276
threshold=20.307165362110421 -1.0034970843156044 32.442557442557451 26.354938767526182 -2.9926726933648431 2.9983571988025415 0.55479766202932723 -2.6615409674307835 -1.0716820462633538 53.263403263403269 23.834498834498842 -0.30462660984997741 16.500000000000004 0.018720655752707944
decision_type=2 10 10 2 10 10 8 10 8 10 10 8 2 2
left_child=1 4 -3 5 6 -2 -1 -6 9 10 -5 12 13 -10
right_child=3 2 -4 8 7 -7 -8 -9 11 -11 -12 -13 -14 -15
leaf_value=0.060136350705791763 -0.024496824026936148 -0.091057362045560558 0.007380177560409212 0.057037486067185034 0.093740310086653775 0.032670453774257438 0.006570922389935451 0.020694301219191403 -0.0030617635026283095 0.07640017314599111 -0.024062678591263563 0.00027445718488173907 0.031979890977473634 -0.069113678754986932
leaf_weight=69 592 65 328 73 60 66 619 75 251 86 171 11117 109 180
leaf_count=69 592 65 328 73 60 66 619 75 251 86 171 11117 109 180
internal_value=2.68483e-05 0.0101414 -0.00984024 -0.000949432 0.0196848 -0.0185596 0.0123382 0.0553476 2.45736e-05 0.021392 0.000859006 -0.000589232 -0.0182094 -0.0311235
internal_weight=13861 1216 393 12645 823 658 688 135 11987 330 244 11657 540 431
internal_count=13861 1216 393 12645 823 658 688 135 11987 330 244 11657 540 431
is_linear=0
shrinkage=0.03


Tree=333
num_leaves=15
num_cat=0
split_feature=6 6 5 27 8 27 8 19 1 26 22 5 27 14
split_gain=194.321 231.011 177.323 157.042 221.364 210.238 278.673 159.785 127.678 260.456 242.99 239.225 269.778 237.143
threshold=-0.99160070242093623 -0.99564042857849766 -0.9999820389804065 -0.95916109626824209 -0.21474423055230216 -0.4700036292457353 -0.3823322326194542 -0.027808587035577755 4.6385883258758218 -0.077114626139710638 8.4492436236871757e-05 0.56502734550287803 0.11842119783618622 0.22845055303251977
decision_type=2 2 2 8 8 8 10 10 10 8 2 2 8 2
left_child=1 -1 -2 4 -4 6 -5 -8 11 -10 -11 -7 13 -13
right_child=2 -3 3 5 -6 8 7 -9 9 10 -12 12 -14 -15
leaf_value=-0.0081366034107228143 -0.037342330586786071 -0.057231539897228782 -0.0067654771940863648 0.01561292948878624 0.06943447761276425 0.0013076286008343455 -0.078446344373555008 -0.013469448889677341 0.054247809565086437 0.019913215707289551 0.0045205363860620724 -0.023413176274677708 -0.00085792937279982454 -0.089457054162288413
leaf_weight=609 103 96 64 83 67 10137 82 60 102 933 757 196 357 63
leaf_count=609 103 96 64 83 67 10137 82 60 102 933 757 196 357 63
internal_value=0.000105346 -0.0151778 0.000939425 0.00125941 0.0333269 0.000917533 -0.0275061 -0.0523833 0.00143808 0.00884008 0.00594756 0.000200992 -0.0178739 -0.0408679
internal_weight=13709 705 13004 12901 131 12770 225 142 12545 1792 1690 10753 616 259
internal_count=13709 705 13004 12901 131 12770 225 142 12545 1792 1690 10753 616 259
is_linear=0
shrinkage=0.03


Tree=334
num_leaves=15
num_cat=0
split_feature=6 16 18 1 9 17 35 9 3 35 7 6 33 31
split_gain=144.208 166.572 153.736 185.983 278.315 144.962 188.006 173.943 363.008 159.125 140.715 134.028 133.541 116.622
threshold=0.0034467375263736318 -9.2221798635307604 0.1147246582595793 6.0310568203067811 1.395814279163891 0.99997541044525107 45.113220113220116 0.95485582996120011 2.3974729548632627 36.571761571761577 0.19846305974482983 0.1686732298505432 72.24775224775226 48.405440713133025
decision_type=2 8 8 8 8 2 8 10 8 10 10 2 2 2
left_child=2 -2 3 4 -1 6 10 8 11 -7 -3 -8 -12 -4
right_child=1 5 13 -5 -6 9 7 -9 -10 -11 12 -13 -14 -15
leaf_value=-0.01008541105184122 0.02884650156060432 0.012302195730772555 0.0019637180897584148 0.026406021718926066 -0.077630624909636001 -0.04707557285878252 -0.011346908370471609 -0.011346908370471609 0.012302195730772555 -0.011346908370471609 -0.011346908370471609 0.0016884715136032764 0.012302195730772555 0.010204591610092713
leaf_weight=251 136 798 6391 74 66 136 1302 471 715 324 297 613 139 2035
leaf_count=251 136 798 6391 74 66 136 1302 471 715 324 297 613 139 2035
internal_value=0.000805277 -0.00330121 0.00310244 -0.0151706 -0.0251355 -0.00424211 -0.00253148 -0.00647031 -0.00198275 -0.0201623 0.00735283 -0.00892525 -0.00661109 0.00395888
internal_weight=13748 4931 8817 391 317 4795 4335 3101 2630 460 1234 1915 436 8426
internal_count=13748 4931 8817 391 317 4795 4335 3101 2630 460 1234 1915 436 8426
is_linear=0
shrinkage=0.03


Tree=335
num_leaves=15
num_cat=0
split_feature=5 5 7 7 19 6 1 18 25 13 18 1 31 31
split_gain=120.385 176.889 197.014 311.938 185.652 210.857 230.67 206.763 200.101 183.317 294.877 181.557 175.096 399.737
threshold=0.23681849366879726 0.52785770673991939 -0.48757951899701263 0.021323831446232514 2.7039712011208361 0.03316855343452188 4.4961026822061685 0.90098303939493818 0.7503055943998943 -2.0334926199526095 0.071079532474097581 6.5232890991338435 66.508918431995383 60.179156507827841
decision_type=2 2 8 8 10 2 10 10 10 10 10 8 2 2
left_child=-1 2 -2 -4 5 -5 7 8 -7 11 -11 -3 13 -12
right_child=1 9 3 4 -6 6 -8 -9 -10 10 12 -13 -14 -15
leaf_value=-0.00065701944124999304 -0.021311515521618626 1.3304450656796077e-05 0.051428902395473756 0.045189417671449114 0.042291794129135737 0.0063215525403687483 0.043016480107556328 -0.058782968171084159 -0.044016673201366381 -0.069900451939749086 -0.0032655093300755504 0.038505733405860762 -0.0032655093300755504 -0.09267608378483698
leaf_weight=11490 119 471 207 96 137 429 86 60 80 71 102 139 253 60
leaf_count=11490 119 471 207 96 137 429 86 60 80 71 102 139 253 60
internal_value=0.000600195 0.00684153 0.0147052 0.0186984 0.0108234 0.0048411 -0.00137009 -0.00839505 -0.00194137 -0.00189598 -0.0155573 0.00902627 -0.00553856 -0.0342001
internal_weight=13800 2310 1214 1095 888 751 655 569 509 1096 486 610 415 162
internal_count=13800 2310 1214 1095 888 751 655 569 509 1096 486 610 415 162
is_linear=0
shrinkage=0.03


Tree=336
num_leaves=15
num_cat=0
split_feature=6 18 28 32 27 7 31 19 28 35 19 31 18 6
split_gain=138.55 211.136 403.466 327.512 379.321 244 211.883 209.2 168.23 272.052 197.225 256.201 155.249 154.611
threshold=-0.43846095176540151 0.22474878180057456 11.500000000000002 61.193701403491623 -0.026958944764768452 -1.0000000180025095e-35 20.892294518668152 2.8494067485836232 8.5000000000000018 43.614718614718619 0.1379302430380234 11.668002327342988 0.38031538557019484 0.0098928469804979175
decision_type=2 10 2 2 8 10 2 10 2 8 10 2 10 2
left_child=1 2 8 4 6 -4 -3 12 9 -1 11 -11 -6 -2
right_child=13 3 5 -5 7 -7 -8 -9 -10 10 -12 -13 -14 -15
leaf_value=0.038419651638250799 0.0038414163603500574 -0.029095595735422475 0.0041506175861133823 0.042082424617062013 -0.045904688403677583 0.060829913117209054 -0.0973345704633614 -0.048615110973685476 -0.036269785328038838 0.0045085876920659624 0.025124523136764765 -0.036697458638046493 0.003495285403172049 -0.0031813470886980361
leaf_weight=116 7135 89 138 67 62 132 82 113 161 247 111 294 390 4660
leaf_count=116 7135 89 138 67 62 132 82 113 161 247 111 294 390 4660
internal_value=-0.000172779 -0.0074596 0.000525995 -0.0193128 -0.025148 0.0324627 -0.0636539 -0.0130378 -0.00888002 -0.00294069 -0.0105357 -0.0180153 -0.00370892 0.00106667
internal_weight=13797 2002 1199 803 736 270 171 565 929 768 652 541 452 11795
internal_count=13797 2002 1199 803 736 270 171 565 929 768 652 541 452 11795
is_linear=0
shrinkage=0.03


Tree=337
num_leaves=15
num_cat=0
split_feature=28 7 30 10 7 18 32 7 13 18 10 18 28 18
split_gain=105.322 199.467 186.976 158.301 224.875 169.787 224.365 126.752 122.495 203.336 271.368 170.146 340.841 148.597
threshold=1.5000000000000002 -1.1773417901120558 78.788473431330587 0.70833333333333337 -0.58061669224710755 0.5906761531122503 43.275954814416366 -1.0034970843156044 1.5396726026959879 0.23402908568696068 0.45000000000000007 0.90912670794625183 7.5000000000000009 0.50000000002128864
decision_type=2 10 2 2 10 10 2 10 8 10 2 10 2 10
left_child=2 8 -1 7 -5 -6 -7 -3 11 -10 13 -2 -13 -11
right_child=1 3 -4 4 5 6 -8 -9 9 10 -12 12 -14 -15
leaf_value=-0.015203340356779135 0.011082563908991332 -0.033170199600979687 0.018473149219435221 0.063089193461293519 0.0033826082847688748 0.0033826082847688748 0.054616001466208174 -0.00212278713459985 0.0096885534679083778 -0.060166491899639359 0.011082563908991332 0.070555887929302577 0.011082563908991332 -0.014800385255221423
leaf_weight=830 539 115 176 61 834 112 133 8753 1538 75 108 136 80 380
leaf_count=830 539 115 176 61 834 112 133 8753 1538 75 108 136 80 380
internal_value=7.42223e-05 0.000806666 -0.00924941 -0.00118974 0.00930909 0.00599172 0.0287002 -0.00254387 0.00779233 0.00404782 -0.0113111 0.0181173 0.0405082 -0.022851
internal_weight=13870 12864 1006 10008 1140 1079 245 8868 2856 2101 563 755 216 455
internal_count=13870 12864 1006 10008 1140 1079 245 8868 2856 2101 563 755 216 455
is_linear=0
shrinkage=0.03


Tree=338
num_leaves=15
num_cat=0
split_feature=25 18 18 6 4 31 16 18 0 25 33 18 6 3
split_gain=131.093 192.296 287.744 248.202 230.909 157.948 165.194 146.55 449.341 258.081 210.74 195.371 211.746 246.107
threshold=2.6467858893430272 0.11320256459676294 0.39706591278895342 0.027110470201620326 inf 61.436640282794137 0.60258096711124365 0.1164780578617453 4.4013043357484856 -0.058171641320828631 45.404595404595412 0.13330601678139076 0.26569989976067249 -0.46872368621525035
decision_type=10 8 8 2 8 2 8 8 8 10 2 8 2 8
left_child=7 -2 3 -3 -4 6 -6 8 9 10 -1 -9 13 -13
right_child=1 2 4 -5 5 -7 -8 11 -10 -11 -12 12 -14 -15
leaf_value=-0.099122343103387467 0.061548944058066067 -0.058553570057166382 -0.022390025038860346 0.017983236817473713 0.075414242947643442 0.0058102680299733141 0.021318093530433482 0.041156823847768371 0.025696364581149995 -0.012792802561947167 -0.030376283333795821 -0.025259927205000667 -0.011329953515625968 0.0018621043566953595
leaf_weight=62 61 89 90 61 94 143 116 98 192 388 118 305 1391 10502
leaf_count=62 61 89 90 61 94 143 116 98 192 388 118 305 1391 10502
internal_value=-0.000121205 0.0129339 0.00746024 -0.0278525 0.0195946 0.0304621 0.0467233 -0.000779862 -0.0135201 -0.0268849 -0.0560945 1.27706e-05 -0.000334513 0.00108533
internal_weight=13710 654 593 150 443 353 210 13056 760 568 180 12296 12198 10807
internal_count=13710 654 593 150 443 353 210 13056 760 568 180 12296 12198 10807
is_linear=0
shrinkage=0.03


Tree=339
num_leaves=15
num_cat=0
split_feature=28 28 24 25 25 19 8 26 18 6 10 28 5 32
split_gain=119.251 263.245 408.683 300.703 401.221 485.763 360.809 487.993 398.203 494.818 307.443 342.947 261.718 214.91
threshold=10.500000000000002 15.500000000000002 -0.0089002758368267858 -0.090915890428325805 0.36569702142299737 0.024976063091645354 -0.10332577740426795 -0.30975965943970957 0.98215419233086287 0.00162433368822592 0.81666666666666676 12.500000000000002 -0.39907971079584476 50.316117448984592
decision_type=2 2 10 10 10 10 10 10 10 2 2 2 2 2
left_child=-1 2 3 -2 6 12 7 -5 10 -10 11 -8 -6 -4
right_child=1 -3 13 4 5 -7 8 -9 9 -11 -12 -13 -14 -15
leaf_value=0.0027821335310126817 -0.019634269763048117 0.0070548397182685785 -0.075705073600224521 0.10643965554122742 -0.0076725053757821255 -0.025685905153505592 0.0055127120293643438 0.017591324968092389 0.061412013658898416 -0.025685905153505592 0.029845278843878262 -0.025685905153505592 0.075157559532385593 -0.025685905153505592
leaf_weight=8853 895 1600 113 60 71 393 441 410 168 60 161 513 60 110
leaf_count=8853 895 1600 113 60 71 393 441 410 168 60 161 513 60 110
internal_value=0.00068356 -0.00299086 -0.00764647 -0.00489997 0.000772686 -0.0222236 0.00746201 0.0299347 -0.000484452 0.0351999 -0.00790592 -0.0143993 0.0316333 -0.0464718
internal_weight=13908 5055 3455 3232 2337 524 1813 470 1343 228 1115 954 131 223
internal_count=13908 5055 3455 3232 2337 524 1813 470 1343 228 1115 954 131 223
is_linear=0
shrinkage=0.03


Tree=340
num_leaves=15
num_cat=0
split_feature=7 16 15 21 35 28 26 32 6 19 5 5 5 19
split_gain=131.263 324.508 337.171 304.679 226.537 243.099 209.279 191.111 185.928 266.92 172.357 145.387 248.505 201.356
threshold=-0.1158530141624645 -6.9949207728990013 0.36666666666666675 0.0025354043124583381 49.358974358974372 7.5000000000000009 0.089812660505148592 54.845154845154845 -0.24816919874186419 -0.5658426475172601 0.52785770673991939 -1.0000000180025095e-35 -0.86289714407481044 -0.69300953403174226
decision_type=8 8 2 2 10 2 10 2 2 10 2 2 2 10
left_child=1 -1 7 -2 5 -4 8 11 -7 -10 -5 12 -3 -14
right_child=3 2 4 10 -6 6 -8 -9 9 -11 -12 -13 13 -15
leaf_value=0.059771241163834928 0.00074010060347041615 -0.012131760583334046 0.031722715087583946 -0.010114480308585441 -0.00015289673308286234 -0.00015289673308286234 0.031722715087583946 -0.00015289673308286234 0.031722715087583946 0.0003133445724510846 -0.049519938364765551 -0.012131760583334046 -0.10441265734789126 -0.031040080934762956
leaf_weight=91 8893 131 205 1888 610 264 138 432 289 402 101 218 63 79
leaf_count=91 8893 131 205 1888 610 264 138 432 289 402 101 218 63 79
internal_value=-0.000119659 0.00552034 0.00367419 -0.00163593 0.0108668 0.0181434 0.0111638 -0.0111726 0.00555273 0.0167387 -0.0122346 -0.0241106 -0.0391381 -0.0660369
internal_weight=13804 2922 2831 10882 1908 1298 1093 923 955 691 1989 491 273 142
internal_count=13804 2922 2831 10882 1908 1298 1093 923 955 691 1989 491 273 142
is_linear=0
shrinkage=0.03


Tree=341
num_leaves=15
num_cat=0
split_feature=7 5 5 32 28 7 8 6 6 30 6 18 18 18
split_gain=182.893 126.767 120.997 168.265 130.44 135.669 279.24 125.64 206.41 264.307 200.418 121.369 380.103 262.121
threshold=-0.025904436630431956 0.98550164731477852 0.58895224050621631 37.91208791208792 4.5000000000000009 0.79044348928010433 0.089701601700666003 -0.98899813289017546 -0.99564042857849766 73.714975500689803 -0.94069022287327853 0.34890011010092986 0.46860126799909857 0.15128888577333552
decision_type=10 2 2 2 2 10 10 2 2 2 2 8 8 10
left_child=1 -1 7 -4 -5 6 -6 8 9 -2 -9 13 -13 -12
right_child=2 -3 3 4 5 -7 -8 10 -10 -11 11 12 -14 -15
leaf_value=0.0037114381748010821 -0.026270115222195509 0.036967256516218183 -0.054162650421429218 0.030343897193670272 -0.031473179230475025 -0.029929922637711093 0.040173031846259498 0.0397938699565 -0.058837389960215335 0.041864045983552929 -0.0082844315982316917 -0.032609047516594478 -0.0012263639463654329 0.018410442819386055
leaf_weight=6164 157 100 84 61 65 226 89 103 84 70 588 369 4881 746
leaf_count=6164 157 100 84 61 65 226 89 103 84 70 588 369 4881 746
internal_value=0.000486546 0.0042714 -0.00266565 -0.0164868 -0.00878371 -0.0153772 0.00624894 -0.00161773 -0.0201028 -0.00481015 -0.000743647 -0.00140753 -0.00346105 0.00665689
internal_weight=13787 6264 7523 525 441 380 154 6998 311 227 6687 6584 5250 1334
internal_count=13787 6264 7523 525 441 380 154 6998 311 227 6687 6584 5250 1334
is_linear=0
shrinkage=0.03


Tree=342
num_leaves=15
num_cat=0
split_feature=19 28 8 28 8 35 19 26 5 16 18 5 5 19
split_gain=106.609 405.908 258.44 201.568 381.342 253.624 186.481 182.166 137.645 236.114 219.846 167.839 191.799 184.937
threshold=-1.093763815896059 7.5000000000000009 2.5738110319343601 14.500000000000002 -0.6085097815806132 29.478854478854483 -2.9926726933648431 -0.25106890487211414 0.74528688638626572 -12.796348735907181 0.92487402218540682 0.67959147259872943 0.58895224050621631 1.5251340583424533
decision_type=8 2 10 2 8 10 10 10 2 10 8 2 2 8
left_child=1 2 6 7 -5 -6 -1 -3 11 -10 -11 12 -2 -14
right_child=8 3 -4 4 5 -7 -8 -9 9 10 -12 -13 13 -15
leaf_value=0.022850996226072309 -0.00054036264756790757 -0.049514255087743417 -0.0098405543431429789 -0.026553703045524724 0.085178459040820595 0.01417074311038722 0.083497287070675358 -0.0041413263818039815 -0.0007558110279528654 -0.020598637027602892 -0.083084825185472014 0.033403861120689743 -0.058230632482753959 0.0047726787209510808
leaf_weight=85 11771 89 66 102 75 110 108 529 360 143 68 124 97 70
leaf_count=85 11771 89 66 102 75 110 108 529 360 143 68 124 97 70
internal_value=-0.000515654 0.00815223 0.040883 -0.00138807 0.0191872 0.0444416 0.0580393 -0.0110206 -0.00131722 -0.0156445 -0.0404415 -0.000632782 -0.00100016 -0.032451
internal_weight=13797 1164 259 905 287 185 193 618 12633 571 211 12062 11938 167
internal_count=13797 1164 259 905 287 185 193 618 12633 571 211 12062 11938 167
is_linear=0
shrinkage=0.03


Tree=343
num_leaves=15
num_cat=0
split_feature=18 18 27 18 18 31 9 28 28 13 26 13 16 14
split_gain=141.881 306.176 234.963 270.44 229.122 210.045 516.809 572.576 405.478 324.797 293.917 358.638 364.474 260.447
threshold=0.83732904877669123 0.87402661303296336 1.9891728241796096 0.81790825835170855 0.34224451184407129 46.229594581242942 0.94490841038585127 11.500000000000002 5.5000000000000009 2.5784687478069475 0.0052125311487811752 2.4780475919926057 -85.094209830590998 0.14877894760553714
decision_type=10 10 10 10 8 2 10 2 2 8 10 8 10 2
left_child=2 -2 3 -1 -4 10 8 -8 9 -7 11 12 -3 -12
right_child=1 5 4 -5 -6 6 7 -9 -10 -11 13 -13 -14 -15
leaf_value=0.0014794598062173165 -0.044526755127272652 0.066345872408710413 -0.0033183825570961521 0.052063972624018781 -0.063076134196087486 0.0015456081600859761 -0.010896513021754142 -0.10745855170668978 0.0087928947586141809 -0.051650782615513251 0.005983774836980895 -0.0015955492768065698 0.015897590047555164 -0.067140283157428107
leaf_weight=10478 171 172 140 91 94 187 128 94 785 225 84 788 219 85
leaf_count=10478 171 172 140 91 94 187 128 94 785 225 84 788 219 85
internal_value=-0.000315137 -0.00615477 0.00127513 0.00193941 -0.028141 -0.00370735 -0.0117445 -0.0532495 -0.00385735 -0.0277768 0.00476525 0.0100992 0.0333907 -0.0316671
internal_weight=13741 2938 10803 10569 234 2767 1419 222 1197 412 1348 1179 391 169
internal_count=13741 2938 10803 10569 234 2767 1419 222 1197 412 1348 1179 391 169
is_linear=0
shrinkage=0.03


Tree=344
num_leaves=15
num_cat=0
split_feature=28 27 27 1 9 8 35 28 8 5 8 18 5 9
split_gain=105.518 221.466 321.098 299.431 220.759 318.689 273.374 238.308 214.647 213.39 172.943 503.625 185.897 218.698
threshold=1.5000000000000002 0.58906217579792175 0.48640147106874904 2.9971015929757501 0.57576136299877045 2.8310050380168001 77.680652680652699 13.500000000000002 0.55594401542210303 -0.19630609752781425 2.3929068155261901 0.9941641854863642 0.043256151329046151 0.60489871401774897
decision_type=2 8 10 8 10 8 10 2 10 2 10 8 2 10
left_child=-1 2 10 4 5 6 7 -3 -4 -7 -2 12 13 -12
right_child=1 3 8 -5 -6 9 -8 -9 -10 -11 11 -13 -14 -15
leaf_value=-0.0090123179646076478 0.00060363113717234681 -0.04870911305550147 -0.064653061416000121 0.01682612665267999 0.0086221327706169863 -0.026076819375213233 -0.08999177027436403 0.0086221327706169863 0.0041385425085371189 0.0041691694820854275 0.014043439472875287 0.0040124510827422187 -0.065533002270919502 -0.047160709738400912
leaf_weight=1022 7338 105 115 1593 873 245 60 92 61 1305 88 596 152 119
leaf_count=1022 7338 105 115 1593 873 245 60 92 61 1305 88 596 152 119
internal_value=0.00023846 0.000983683 -0.0018258 0.00654765 0.000418139 -0.00585496 -0.0364564 -0.0183273 -0.0413548 -0.000680124 -0.000962476 -0.0129365 -0.0407433 -0.021424
internal_weight=13764 12742 8469 4273 2680 1807 257 197 176 1550 8293 955 359 207
internal_count=13764 12742 8469 4273 2680 1807 257 197 176 1550 8293 955 359 207
is_linear=0
shrinkage=0.03


Tree=345
num_leaves=15
num_cat=0
split_feature=5 31 8 6 8 6 25 19 8 8 18 5 19 19
split_gain=141.559 85.9852 215.561 254.146 236.787 192.978 331.47 192.113 263.655 375.691 343.601 299.789 274.489 224.077
threshold=0.9996510016704615 48.405440713133025 0.18753756155782678 0.17483843206456598 0.38591348716938617 0.0034467375263736318 -0.28700226269376111 -1.0202098111190911 -0.43726089999342838 -0.16502656996820428 0.99901309760488255 -0.47669187471048147 -2.7749851617342638 -0.50585760968569804
decision_type=2 2 10 2 10 2 8 8 8 10 10 2 10 8
left_child=1 2 3 7 -4 6 -3 8 10 12 11 -1 -10 -9
right_child=-2 5 4 -5 -6 -7 -8 13 9 -11 -12 -13 -14 -15
leaf_value=-0.071024785408606891 0.036357721582055094 0.074604537270285862 -0.047075584815879694 -0.056264111669482413 -0.0095513920912427882 -0.0024746491683887029 0.0062907946466690522 -0.031534611697548925 0.020801557040068547 -0.011302248838132824 0.052729230783879755 0.0094969983874698682 0.10260565777113449 -0.00063066350752003788
leaf_weight=73 85 61 168 69 1251 4578 2107 216 69 82 61 87 83 4748
leaf_count=73 85 61 168 69 1251 4578 2107 216 69 82 61 87 83 4748
internal_value=-0.00114463 -0.00139134 -0.003743 -0.00104333 -0.0141437 0.00101744 0.00838015 -0.000288985 0.0182592 0.0401059 -0.00524814 -0.0282801 0.067316 -0.00200577
internal_weight=13738 13653 6907 5488 1419 6746 2168 5419 455 234 221 160 152 4964
internal_count=13738 13653 6907 5488 1419 6746 2168 5419 455 234 221 160 152 4964
is_linear=0
shrinkage=0.03


Tree=346
num_leaves=15
num_cat=0
split_feature=27 17 6 35 18 0 35 28 31 27 25 7 15 16
split_gain=138.436 205.565 216.6 140.701 271.258 591.971 305.953 267.043 321.403 298.364 254.024 208.133 304.389 211.873
threshold=-0.29260571772069638 0.3341749842481358 0.0098928469804979175 49.358974358974372 0.106564965785772 4.8484199755633126 39.443889443889454 16.500000000000004 35.768078075770397 0.48640147106874904 -0.1411960656632418 -0.38569309693965165 0.22500000000000003 -6.5736481697768436
decision_type=8 2 2 10 8 8 10 2 2 10 10 10 2 10
left_child=1 -1 -3 4 5 6 -2 9 -9 -6 -10 12 -5 -14
right_child=3 2 -4 11 7 -7 -8 8 10 -11 -12 -13 13 -15
leaf_value=-0.00089847272746775247 -0.028239890178260594 -0.019441494883621107 -0.080764404075841109 -0.063794903828441593 0.0033645390826770386 0.026997369235366817 -0.10811583547356457 0.074158457357436411 0.052497346287175096 -0.040702324802888198 -0.0053117961311960945 -0.0015952490976875384 0.01355934937706756 -0.029699209016387545
leaf_weight=360 133 143 67 114 7212 122 63 95 93 136 224 4611 192 207
leaf_count=360 133 143 67 114 7212 122 63 95 93 136 224 4611 192 207
internal_value=-0.000363519 -0.0147732 -0.0379845 0.000263982 0.00273002 -0.0242115 -0.0559651 0.00384894 0.0272043 0.00252181 0.0121998 -0.0036226 -0.0216537 -0.00897287
internal_weight=13772 570 210 13202 8078 318 196 7760 412 7348 317 5124 513 399
internal_count=13772 570 210 13202 8078 318 196 7760 412 7348 317 5124 513 399
is_linear=0
shrinkage=0.03


Tree=347
num_leaves=15
num_cat=0
split_feature=9 5 31 6 1 18 33 18 18 32 18 16 8 6
split_gain=103.654 158.963 203.258 161.036 137.732 310.22 496.928 233.886 210.611 184.54 202.322 172.705 123.065 105.524
threshold=0.011007817807598849 -0.99999491953369346 8.4136642578201037 -0.99996489589289306 4.6385883258758218 0.23082792317126702 56.388056388056398 0.21164422520958606 0.59799689163464131 41.192374059506939 0.84389100271801032 178.43174699288781 -1.0000000180025095e-35 -0.99953008057962933
decision_type=10 2 2 2 8 8 2 8 10 2 10 8 10 2
left_child=4 -2 -3 -4 7 6 -6 -1 -9 -7 -11 -10 -12 -5
right_child=1 2 3 13 5 9 -8 8 11 10 12 -13 -14 -15
leaf_value=-0.067992890761859381 -0.042415112531042264 0.051555427322919303 0.037910954332878437 -0.02614686559572816 -0.00090176897604138623 -0.0073004881855753866 0.099794859589742754 -0.0073004881855753866 -0.014584391611101833 -0.0015928195382978697 0.01153082582101758 -0.080292705702093917 0.047275617064908147 0.001595917727749733
leaf_weight=62 68 69 104 120 119 1062 65 762 87 1132 331 60 115 9657
leaf_count=62 68 69 104 120 119 1062 65 762 87 1132 331 60 115 9657
internal_value=9.68029e-05 0.00169635 0.00201896 0.00164715 -0.00412233 -0.000763257 0.0363694 -0.0138377 -0.00979222 -0.00341515 0.00411485 -0.0431631 0.0211695 0.00124222
internal_weight=13813 10018 9950 9881 3795 2824 184 971 909 2640 1578 147 446 9777
internal_count=13813 10018 9950 9881 3795 2824 184 971 909 2640 1578 147 446 9777
is_linear=0
shrinkage=0.03


Tree=348
num_leaves=15
num_cat=0
split_feature=5 5 8 16 7 35 35 27 27 8 21 7 5 7
split_gain=114.351 234.547 239.902 204.361 231.447 159.047 190.315 122.09 293.426 241.707 251.364 207.686 285.058 239.429
threshold=0.74528688638626572 0.67959147259872943 1.2668557994814169 -1.0000000180025095e-35 1.3265471822270387 67.574092574092575 44.372294372294377 -0.10486026549103421 -0.29260571772069638 -1.0716820462633538 0.0064847381042568665 0.26448534008756136 0.016214797738388662 -1.0000000180025095e-35
decision_type=2 2 8 10 8 10 8 8 10 10 2 10 2 10
left_child=1 7 -3 5 -5 6 -2 8 11 -10 -11 12 13 -1
right_child=3 2 -4 4 -6 -7 -8 -9 9 10 -12 -13 -14 -15
leaf_value=0.0019538283858768985 0.023845238642848057 0.080404132480987087 0.00037350014858954662 -0.017390733612702589 -0.072816946343721253 0.037291048549744021 -0.017390733612702589 -0.001078332314161918 -0.023519706083716799 0.050102155081077709 -0.0050427636811148048 -0.043624733127653595 -0.044787021172180606 0.058578984403404692
leaf_weight=297 110 61 69 145 87 78 218 12045 68 293 98 97 84 82
leaf_count=297 110 61 69 145 87 78 218 12045 68 293 98 97 84 82
internal_value=-0.000428859 0.000173132 0.0395134 -0.0127827 -0.0349189 0.000137463 -0.0091251 -0.000233311 0.00971168 0.027358 0.0363915 -0.00486609 0.0036333 0.0148084
internal_weight=13832 13194 130 638 232 406 328 13064 1019 459 391 560 463 379
internal_count=13832 13194 130 638 232 406 328 13064 1019 459 391 560 463 379
is_linear=0
shrinkage=0.03


Tree=349
num_leaves=15
num_cat=0
split_feature=7 4 25 35 29 27 5 25 5 35 34 8 25 20
split_gain=93.4662 338.734 229.459 184.057 169.401 158.809 146.774 133.904 122.707 92.0846 152.803 119.745 232.528 234.635
threshold=2.6588869232420786 inf 1.6105860185642757 31.818181818181824 61.111705444073088 1.3607141635241931 0.69867051392725787 2.7828983658411492 -0.14498845584910375 88.827838827838846 48.018648018648022 0.12612698075668585 0.61546695205094071 0.86289178017109436
decision_type=10 8 10 10 2 10 2 10 2 10 2 8 10 10
left_child=9 2 3 -2 7 -3 -5 -4 -7 11 -11 12 13 -1
right_child=1 5 4 6 -6 8 -8 -9 -10 10 -12 -13 -14 -15
leaf_value=0.0076175969560095163 -0.057425397134094093 -0.0042987388311847433 -0.085702517892693564 -0.0057299269709757093 -0.0057299269709757093 -0.0047300167009234426 -0.043349760345956112 -0.03374339891010629 0.038430908784157961 -0.0029883324886017504 0.053597884926848208 -0.0017915426230613522 -0.036511260643601419 -0.045407655438432441
leaf_weight=3171 62 364 90 454 65 83 89 71 194 96 72 8691 113 72
leaf_count=3171 62 364 90 454 65 83 89 71 194 96 72 8691 113 72
internal_value=-0.000482478 -0.00761057 -0.0201987 -0.0103883 -0.0456678 0.00873882 -0.00572993 -0.0617569 0.0256437 0.000379274 0.0221111 6.71685e-05 0.00487616 0.00637226
internal_weight=13687 1472 831 605 226 641 543 161 277 12215 168 12047 3356 3243
internal_count=13687 1472 831 605 226 641 543 161 277 12215 168 12047 3356 3243
is_linear=0
shrinkage=0.03


Tree=350
num_leaves=15
num_cat=0
split_feature=28 20 12 18 9 25 19 25 35 28 18 9 9 9
split_gain=152.648 286.432 185.051 195.977 311.152 202.312 200.404 213.127 184.213 138.936 145.568 283.302 234.432 122.237
threshold=15.500000000000002 0.62955399543320234 0.29134536627184032 0.83236645670547238 0.54224138436965885 0.186493840620682 -0.50585760968569804 -0.49351211126892375 20.10489510489511 7.5000000000000009 0.081687308919095106 1.8373188509460294 2.3570535787836557 0.52577386333535414
decision_type=2 8 2 10 10 10 10 10 8 2 10 10 10 10
left_child=8 -2 3 4 5 -3 7 -6 9 -1 12 -12 -11 -10
right_child=1 2 -4 -5 6 -7 -8 -9 13 10 11 -13 -14 -15
leaf_value=0.012261813093209638 0.055509327954074386 -0.012822253491460199 -0.036879653929826915 -0.012221207587469009 0.030323539284550654 0.028136248386712095 0.030323539284550654 -0.014584988966466183 -0.0029494875256667885 -0.085401157054300528 0.020672709449243386 -0.048245544207884981 -0.0084036092289856493 0.0033555237875780696
leaf_weight=91 104 410 84 336 60 142 376 115 7219 77 109 97 65 4481
leaf_count=91 104 410 84 336 60 142 376 115 7219 77 109 97 65 4481
internal_value=-9.66951e-05 0.00851777 0.00513775 0.00770968 0.0138088 -0.00212784 0.02965 -0.0017539 -0.00125433 -0.0202216 -0.0287691 -0.0121533 -0.0516405 -0.00053432
internal_weight=13766 1627 1523 1439 1103 552 551 175 12139 439 348 206 142 11700
internal_count=13766 1627 1523 1439 1103 552 551 175 12139 439 348 206 142 11700
is_linear=0
shrinkage=0.03


Tree=351
num_leaves=15
num_cat=0
split_feature=5 28 9 28 20 5 26 16 26 9 7 5 16 9
split_gain=98.0649 310.835 248.483 121.412 383.515 294.333 238.481 196.889 174.393 223.109 240.498 274.002 165.074 196.833
threshold=0.97173203224090599 11.500000000000002 1.2671327376887132 15.500000000000002 0.83585424228031246 0.046689717863067949 -0.99347076489211072 -16.706682889484512 -1.2401785903797033 0.64937659653437352 -0.85172801272313758 -0.084442033480503789 35.361852541414535 1.157199917346212
decision_type=2 2 10 2 8 2 10 10 8 10 10 2 10 8
left_child=3 2 -2 8 -5 6 -6 -8 9 -1 -11 -12 -10 -14
right_child=1 -3 -4 4 5 -7 7 -9 12 10 11 -13 13 -15
leaf_value=-0.00083819936332292847 0.066228962797502219 -0.034783022444891301 -0.0040560255668781421 0.054814576525241139 0.028121301558451269 0.020856704638039247 0.0016012298663784015 -0.026187824969151948 -0.0015880659957969734 -0.0062305929003791376 -0.021566586022193614 -0.11239511618560011 -0.011799954513068971 -0.053898767644508939
leaf_weight=235 105 71 76 127 88 471 451 461 11127 94 60 61 246 117
leaf_count=235 105 71 76 127 88 471 451 461 11127 94 60 61 246 117
internal_value=-0.0015774 0.0167826 0.0374013 -0.00192522 0.00582863 0.00142803 -0.00778112 -0.0125118 -0.00296497 -0.0211822 -0.0428942 -0.0699993 -0.0022426 -0.0220118
internal_weight=13790 252 181 13538 1598 1471 1000 912 11940 450 215 121 11490 363
internal_count=13790 252 181 13538 1598 1471 1000 912 11940 450 215 121 11490 363
is_linear=0
shrinkage=0.03


Tree=352
num_leaves=15
num_cat=0
split_feature=32 28 16 13 9 6 35 8 18 0 18 18 18 8
split_gain=106.975 108.173 262.39 420.18 195.034 216.49 194.479 175.559 202.618 170.7 384.174 273.491 253.385 378.859
threshold=67.104224446881801 10.500000000000002 35.361852541414535 3.5398434894003019 0.011007817807598849 -0.40474959110128267 80.769230769230788 1.919316386763229 0.95265631953764662 inf 0.98803849774605668 0.9994593330874596 0.50622665165189196 -1.139209541402497
decision_type=2 2 8 10 8 2 8 8 10 8 10 10 8 10
left_child=1 2 6 4 -4 -6 -1 -5 -9 10 12 -12 13 -3
right_child=-2 9 3 7 5 -7 -8 8 -10 -11 11 -13 -14 -15
leaf_value=0.016899307827838085 0.032872052556786102 -0.078212596142638313 -0.011046530243898536 -0.017943776636628505 -0.0090875497793651647 0.0052260651208855553 0.0052260651208855553 -0.075838731440122834 -0.017943776636628505 0.016876549200788141 -0.06471986608418423 -0.015695475858529057 0.0051743569107991511 -0.0070787593409860211
leaf_weight=1671 90 66 968 75 1006 3907 936 127 62 370 122 560 2512 1363
leaf_count=1671 90 66 968 75 1006 3907 936 127 62 370 122 560 2512 1363
internal_value=0.00114618 0.000926563 0.00293615 -0.000449146 0.0012269 0.00365389 0.0109013 -0.0371145 -0.0544451 -0.00259537 -0.00417034 -0.0248724 -0.000560816 -0.0106254
internal_weight=13835 13745 8752 6145 5881 4913 2607 264 189 4993 4623 682 3941 1429
internal_count=13835 13745 8752 6145 5881 4913 2607 264 189 4993 4623 682 3941 1429
is_linear=0
shrinkage=0.03


Tree=353
num_leaves=15
num_cat=0
split_feature=31 7 35 32 6 5 6 30 13 7 19 27 27 6
split_gain=112.808 340.361 424.972 339.761 245.711 201.581 154.962 186.071 162.498 139.117 137.672 134.875 251.784 117.598
threshold=19.249980788442333 -1.0034970843156044 32.442557442557451 58.537616229923934 -0.56912729239084314 -0.84111308372528348 -0.91935984026257456 74.011702583131168 -15.502686549988644 -2.3775128891461796 -1.1356234717896665 -0.91629073187415477 -0.55768154954646254 -0.94069022287327853
decision_type=2 8 8 2 2 2 2 2 10 8 10 8 8 2
left_child=1 3 -3 -1 5 6 7 -4 -9 10 13 -11 -13 -2
right_child=9 2 4 -5 -6 -7 -8 8 -10 11 -12 12 -14 -15
leaf_value=0.0098718959746000971 0.017801823500776665 -0.073252138642232803 -0.018888102298958247 0.081946625201404097 0.039900135175503837 -0.042718008323572573 0.047862394692806093 0.033724563164370398 -0.0011116298721233397 0.036433312102275732 -0.053238283728444295 -0.042698629381643101 -0.0010393309698965257 -0.022812642259903402
leaf_weight=147 91 62 262 95 146 91 60 184 74 80 81 127 12112 191
leaf_count=147 91 62 262 95 146 91 60 184 74 80 81 127 12112 191
internal_value=-0.000964056 0.00813683 -0.000603072 0.0392518 0.00532211 -0.00244104 0.00418938 -0.00125766 0.0166648 -0.0017714 -0.0199478 -0.00122793 -0.00148888 -0.00962475
internal_weight=13803 1121 879 242 817 671 580 520 258 12682 363 12319 12239 282
internal_count=13803 1121 879 242 817 671 580 520 258 12682 363 12319 12239 282
is_linear=0
shrinkage=0.03


Tree=354
num_leaves=15
num_cat=0
split_feature=6 29 6 28 17 8 28 19 3 5 31 6 19 7
split_gain=125.254 93.7004 91.9031 171.628 158.197 157.324 313.229 130.003 196.211 107.554 308.881 244.622 149.005 107.684
threshold=0.9904983019613105 62.817657345429581 -0.99160070242093623 15.500000000000002 0.074188011264120141 -2.6615409674307835 13.500000000000002 -0.2828889160696732 3.6636504496918909 0.89900315627826832 78.534402660276797 0.0034467375263736318 0.48992109815450574 -0.87904477368920897
decision_type=2 2 2 2 2 8 2 10 8 2 2 2 8 8
left_child=2 -2 3 4 7 6 -4 8 -1 13 11 -11 -13 -7
right_child=1 -3 5 -5 -6 9 -8 -9 -10 10 -12 12 -14 -15
leaf_value=-0.030189635194981856 -0.055114183648325064 -0.0043730216084846424 0.075195011316913446 0.034496271569620478 -0.05054892962708056 -0.010526822881832409 -0.0042230063088300844 0.007978604074083101 0.0062572359516249072 0.017921659727509202 0.031624268561537411 -0.022991297931502622 -0.076588507240676146 0.0001853729189756613
leaf_weight=175 63 65 68 61 98 906 114 218 149 60 82 101 93 11580
leaf_count=175 63 65 68 61 98 906 114 218 149 60 82 101 93 11580
internal_value=-0.00150622 -0.0304803 -0.0012246 -0.0117663 -0.0164089 -0.000652027 0.0266668 -0.00983034 -0.0217521 -0.00105004 -0.0176731 -0.0338913 -0.0499636 -0.00059582
internal_weight=13833 128 13705 701 640 13004 182 542 324 12822 336 254 194 12486
internal_count=13833 128 13705 701 640 13004 182 542 324 12822 336 254 194 12486
is_linear=0
shrinkage=0.03


Tree=355
num_leaves=15
num_cat=0
split_feature=27 9 9 18 25 21 1 7 12 35 15 0 18 26
split_gain=74.7516 229.895 234.141 155.051 151.569 98.7181 367.273 139.809 95.9966 126.946 256.456 420.645 191.271 170.167
threshold=-0.55768154954646254 1.0273402597924362 0.3970359745195281 0.25427685581773957 -0.96779413010344062 0.19370064490988276 0.0084036075926994611 1.3488087314301167 1.0000000180025095e-35 37.812187812187823 0.81666666666666676 15.288972348391853 0.99676061398378124 -0.2782144739355647
decision_type=8 10 10 10 8 2 8 10 2 8 2 10 8 10
left_child=1 2 -1 -3 -2 8 -7 -8 9 10 -6 12 13 -12
right_child=4 3 -4 -5 5 6 7 -9 -10 -11 11 -13 -14 -15
leaf_value=-0.0043638996674980916 0.033629445031377651 0.032666238413358306 -0.084325392290727413 -0.018409226383817822 -0.0017533642796310992 -0.060825147142188736 -0.004829407064828279 -0.032827277103508509 -0.004829407064828279 -2.0315473044972467e-05 0.0083919116949916685 0.087050673607736814 0.0083919116949916685 0.041569194524590208
leaf_weight=66 116 96 62 109 850 108 597 105 646 10035 134 70 519 311
leaf_count=66 116 96 62 109 850 108 597 105 646 10035 134 70 519 311
internal_value=-0.00014509 -0.0140799 -0.0448093 0.00571733 0.000203953 -9.84019e-05 -0.0102165 -0.00482941 0.000557662 0.00132268 0.00845717 0.0185372 0.0131386 0.0291727
internal_weight=13824 333 128 205 13491 13375 810 702 12565 11919 1884 1034 964 445
internal_count=13824 333 128 205 13491 13375 810 702 12565 11919 1884 1034 964 445
is_linear=0
shrinkage=0.03


Tree=356
num_leaves=15
num_cat=0
split_feature=5 26 26 8 9 28 18 9 35 7 0 8 1 18
split_gain=150.26 108.517 90.2995 251.275 163.382 206.384 212.238 148.07 169.351 230.325 163.647 149.308 160.442 174.589
threshold=-0.99998780776236795 0.42477723452753763 1.11584996023562 -0.53310331046901538 1.0145706614637471 12.500000000000002 0.98215419233086287 0.28165836913001357 62.637362637362649 1.0470217603561196 0.90898863039724953 1.0551457334471392 0.05895386877165442 0.99999855756485645
decision_type=2 8 10 8 10 2 8 10 10 10 10 8 10 8
left_child=1 -1 -2 -4 7 6 -6 11 -9 -10 -11 -5 -13 -14
right_child=2 -3 3 4 5 -7 -8 8 9 10 -12 12 13 -15
leaf_value=-0.047657424447346462 -0.0015955737309779232 -1.9702874607854075e-05 0.063924991390244532 -0.019958565308313282 0.073845868203168116 -0.017474405642871449 0.011826306895529928 0.017953883298544276 -0.053550562852980578 -0.028127201742359571 0.021849862852612058 -0.015446527425812769 0.058722754295279338 0.0097062549894737695
leaf_weight=102 12302 72 61 100 85 77 116 111 138 121 106 74 118 95
leaf_count=102 12302 72 61 100 85 77 116 111 138 121 106 74 118 95
internal_value=-0.00119015 -0.0284964 -0.000827885 0.00700317 0.0036944 0.0234778 0.0392093 -0.00277699 -0.0139164 -0.0237201 -0.00482195 0.0109269 0.0218459 0.034859
internal_weight=13678 174 13504 1202 1141 278 201 863 476 365 227 387 287 213
internal_count=13678 174 13504 1202 1141 278 201 863 476 365 227 387 287 213
is_linear=0
shrinkage=0.03


Tree=357
num_leaves=15
num_cat=0
split_feature=27 8 5 32 28 13 34 35 21 8 32 31 18 5
split_gain=149.063 248.778 157.02 109.236 108.82 210.44 126.597 104.838 280.574 188.005 823.612 352.015 292.641 260.103
threshold=2.017460570875651 2.9983571988025415 -0.059654323867817195 50.760777683854613 1.5000000000000002 -81.822719893800723 56.829836829836829 74.700299700299709 0.5336844693411239 2.3929068155261901 58.545999455090374 38.122866144844174 0.50622665165189196 0.74528688638626572
decision_type=10 8 2 2 2 10 2 8 2 8 2 2 10 2
left_child=4 -2 -3 -4 5 -1 -7 9 -9 12 -11 -12 -6 -14
right_child=1 2 3 -5 7 6 -8 8 -10 10 11 -13 13 -15
leaf_value=-0.0017960878712335844 -0.067703310042619702 -0.040586097026998932 -0.0097799850759967676 0.03942967295442542 -0.0015658750074012187 -0.062756495082771382 -0.019012192738898998 0.0076293089939379619 -0.048567355748538557 -0.015672232888533089 0.055351014235844979 0.0085841370948226171 0.014867150969476136 -0.029834895350933074
leaf_weight=848 70 69 88 68 4131 86 106 3312 77 2150 190 573 1959 120
leaf_count=848 70 69 88 68 4131 86 106 3312 77 2150 190 573 1959 120
internal_value=0.000542683 -0.0203743 -0.00449802 0.0122287 0.00100535 -0.00829573 -0.0362283 0.00178146 0.00628282 0.000106779 -0.00617498 0.0205144 0.00305604 0.0122216
internal_weight=13847 295 225 156 13552 1040 192 12512 3389 9123 2913 763 6210 2079
internal_count=13847 295 225 156 13552 1040 192 12512 3389 9123 2913 763 6210 2079
is_linear=0
shrinkage=0.03


Tree=358
num_leaves=15
num_cat=0
split_feature=27 33 31 8 9 1 32 10 31 19 7 18 27 9
split_gain=104.973 106.223 229.664 178.99 132.869 101.737 131.93 94.3464 149.631 162.45 213.836 258.086 144.671 142.776
threshold=-1.0926241931447518 71.043242471813912 85.137512060589003 -0.065827776783276434 0.99101331596025022 inf 56.862368400829951 0.70833333333333337 70.227849074002933 2.5825761270503063 0.62301991131386381 0.99289524853706379 2.92225506707566 0.46622830524210668
decision_type=8 2 2 8 10 8 2 2 2 10 8 8 10 8
left_child=-1 2 7 4 -3 -5 -7 8 12 10 -10 13 -2 -12
right_child=1 3 -4 5 -6 6 -8 -9 9 -11 11 -13 -14 -15
leaf_value=0.028818923820436528 -0.00139907024739516 0.053349613127323378 -0.043549348518658333 0.0012833922299994387 0.0026487051003119527 0.0093046127080940264 0.053659852616590994 0.0012833922299994387 -0.00074908314983748465 -0.00074908314983748465 -0.040964376254081725 -0.00074908314983748465 -0.046330047616591818 -0.098641039291801666
leaf_weight=108 8439 108 112 2891 80 307 68 945 134 215 120 81 60 64
leaf_count=108 8439 108 112 2891 80 307 68 945 134 215 120 81 60 64
internal_value=2.32212e-05 -0.000215537 -0.00175939 0.00432617 0.0324023 0.00266297 0.0173258 -0.00127263 -0.00278156 -0.0170227 -0.0284559 -0.0438937 -0.00174332 -0.0631046
internal_weight=13732 13624 10170 3454 188 3266 375 10058 9113 614 399 265 8499 184
internal_count=13732 13624 10170 3454 188 3266 375 10058 9113 614 399 265 8499 184
is_linear=0
shrinkage=0.03


Tree=359
num_leaves=15
num_cat=0
split_feature=6 9 16 35 8 8 7 19 8 16 34 0 35 19
split_gain=107.719 181.05 239.151 222.025 200.462 172.582 343.447 178.859 184.188 217.414 257.83 169.955 169.694 261.353
threshold=-1.0000000180025095e-35 0.19916876875824405 3.0994475999330553 44.663669663669673 0.2296634965221003 1.2668557994814169 -0.82240941724844141 -0.71002048835566434 1.5662393746229493 -10.599109990410573 38.415750915750927 0.00052180070069477488 16.81651681651682 -2.6249789207059977
decision_type=2 8 8 10 10 10 10 10 10 10 2 10 8 8
left_child=1 2 4 -4 -1 12 -7 -8 -9 -10 -11 -5 -2 -14
right_child=5 -3 3 11 -6 6 7 8 9 10 -12 -13 13 -15
leaf_value=0.026408806881094194 0.032259935214339445 0.0014030170071988699 -0.015151902269572019 -0.021759378960090024 0.078054436814272779 -0.069921969972377596 0.038820912635219952 -0.046659971859144125 0.0085937272616998951 -0.062490749952226574 -0.0095452589235712811 0.026408806881094194 -0.05087010712808241 8.2001080013940043e-05
leaf_weight=99 139 5507 235 65 91 81 65 110 465 96 474 282 87 5969
leaf_count=99 139 5507 235 65 91 81 65 110 465 96 474 282 87 5969
internal_value=0.000420727 0.00331709 0.0168741 0.00717272 0.0456449 -0.00200923 -0.0119648 -0.00781327 -0.0106179 -0.00658144 -0.0189283 0.0222922 7.34283e-05 -0.000691334
internal_weight=13765 6279 772 582 190 7486 1291 1210 1145 1035 570 347 6195 6056
internal_count=13765 6279 772 582 190 7486 1291 1210 1145 1035 570 347 6195 6056
is_linear=0
shrinkage=0.03


Tree=360
num_leaves=15
num_cat=0
split_feature=5 12 6 6 6 31 15 19 9 6 6 5 35 6
split_gain=150.372 258.122 212.49 383.534 139.015 234.612 387.454 263.846 250.336 171.035 284.768 208.729 147.39 136.517
threshold=-0.77177352961326362 0.36496836496836499 -0.98899813289017546 -0.90151072645992236 0.53326308676867284 42.219319142396074 0.63333333333333341 1.0111918993644775 1.6755500217373553 -0.56912729239084314 -0.91935984026257456 -0.98837458935365008 73.767898767898785 -0.78191853760990859
decision_type=2 2 2 2 2 2 2 10 8 2 2 2 10 2
left_child=1 4 -2 -4 5 8 7 -7 -1 10 12 -11 -10 -12
right_child=2 -3 3 -5 -6 6 -8 -9 9 11 13 -13 -14 -15
leaf_value=-0.033921246690824046 -0.04767624780535698 -0.063049612087263188 0.066201281241540386 0.0018640563228766835 -0.033921246690824046 -0.033921246690824046 0.059843440976647927 0.024520902325726249 -0.0030396829910628019 -0.0016575410013849085 -0.033921246690824046 0.064585151486098766 0.031772918782130941 0.0025455796582259469
leaf_weight=264 72 66 79 11633 61 75 126 72 788 105 184 67 122 92
leaf_count=264 72 66 79 11633 61 75 126 72 788 105 184 67 122 92
internal_value=0.000702944 -0.00684527 0.00200049 0.00232609 -0.00479288 -0.00318724 0.0222937 -0.0108016 -0.00753128 -0.00228516 -0.00636648 0.0252418 0.00177562 -0.0327657
internal_weight=13806 2022 11784 11712 1956 1895 273 147 1622 1358 1186 172 910 276
internal_count=13806 2022 11784 11712 1956 1895 273 147 1622 1358 1186 172 910 276
is_linear=0
shrinkage=0.03


Tree=361
num_leaves=15
num_cat=0
split_feature=9 3 26 26 34 5 26 9 9 28 33 9 25 26
split_gain=81.7966 269.083 281.477 308.081 296.526 255.352 160.771 258.893 311.546 252.737 249.297 233.017 263.514 387.785
threshold=0.13842471284246052 0.00026427616814425739 0.086540184385936594 2.060585481259134 52.733932733932747 -0.011786711394585861 1.0000000180025095e-35 0.94490841038585127 1.2115327130650637 17.500000000000004 79.7946497946498 0.87582679840857869 -0.14660347419187533 -0.41813716608522261
decision_type=8 8 10 10 2 2 10 8 8 2 2 10 8 10
left_child=1 -1 4 -4 -3 -6 7 11 -9 10 -8 12 13 -2
right_child=6 2 3 -5 5 -7 9 8 -10 -11 -12 -13 -14 -15
leaf_value=-0.033108547955249132 -0.018012482499660445 -0.017280545906351662 0.055890537015230252 -0.010236953573824264 0.050316355134663954 -0.0016964499834522132 -0.0052585871847173433 -0.023615035485074726 0.0013355636910022447 -0.044555322474667002 0.039648790611670565 0.043619882881870131 0.0041494511000008229 0.042370652018706927
leaf_weight=262 124 354 146 107 84 1862 2271 496 4456 135 112 166 2873 382
leaf_count=262 124 354 146 107 84 1862 2271 496 4456 135 112 166 2873 382
internal_value=0.000106888 -0.00445234 -0.00145254 0.0282672 -0.00477594 0.000671903 0.00127354 0.0032465 -0.00118483 -0.00537748 -0.00306936 0.00942956 0.00768793 0.0275417
internal_weight=13830 2815 2553 253 2300 1946 11015 8497 4952 2518 2383 3545 3379 506
internal_count=13830 2815 2553 253 2300 1946 11015 8497 4952 2518 2383 3545 3379 506
is_linear=0
shrinkage=0.03


Tree=362
num_leaves=15
num_cat=0
split_feature=6 9 20 6 18 21 21 31 5 7 18 6 1 28
split_gain=165.637 217.741 435.513 411.977 290.802 340.439 251.108 206.281 279.997 241.053 218.89 211.913 211.571 194.551
threshold=0.0098928469804979175 0.64937659653437352 inf 0.051213696614164174 0.57932155129592966 7.8666592621797374e-05 0.13278220946830488 63.767176879064998 -0.56117960259836164 -1.0395549532144119 0.97949906115429786 0.27587118530595039 4.9849610352170908 4.5000000000000009
decision_type=2 8 8 2 8 2 2 2 2 10 8 2 8 2
left_child=-1 3 -3 6 5 -4 13 8 11 -10 -9 -6 -12 -2
right_child=1 2 4 -5 7 -7 -8 10 9 -11 12 -13 -14 -15
leaf_value=0.0025003112613174315 0.028094108928191034 0.036769478799811066 0.010711171919972994 0.0092740726685777552 0.010711171919972994 -0.056860993424349499 -0.073835571245505258 -0.047834579781407406 -0.010426922759839466 -0.060265981589758093 -0.015354806833412511 -0.036429713223098723 0.010711171919972994 -0.01830694777055895
leaf_weight=9057 90 151 366 1780 124 64 60 121 121 333 537 116 183 576
leaf_count=9057 90 151 366 1780 124 64 60 121 121 333 537 116 183 576
internal_value=0.000142321 -0.00447597 -0.0115501 0.00150837 -0.0153471 0.00639995 -0.0174647 -0.0214402 -0.0335046 -0.0472412 -0.0113453 -0.00708569 -0.0049255 -0.0118739
internal_weight=13679 4622 2116 2506 1965 430 726 1535 694 454 841 240 720 666
internal_count=13679 4622 2116 2506 1965 430 726 1535 694 454 841 240 720 666
is_linear=0
shrinkage=0.03


Tree=363
num_leaves=15
num_cat=0
split_feature=7 16 35 6 8 35 8 8 8 35 26 28 25 8
split_gain=163.975 226.495 228.367 267.73 242.327 303.19 214.499 273.717 299.724 178.783 180.582 293.046 181.379 169.946
threshold=-0.69825567199770056 -2.4900389834558343 59.165834165834177 0.25685854639408362 0.47370491095018524 14.993339993339996 0.83483893116155994 1.2668557994814169 2.3929068155261901 10.989010989010991 -0.94922891931642706 13.500000000000002 0.072411248128305697 0.14987248599857853
decision_type=8 8 10 2 10 10 10 10 10 8 8 2 10 10
left_child=1 -1 3 4 5 -3 -6 -8 -9 -2 11 12 -11 -13
right_child=9 2 -4 -5 6 -7 7 8 -10 10 -12 13 -14 -15
leaf_value=0.05760556541383266 0.044931810694305518 -0.029546597513556479 -0.022692512411043267 -0.037619845726332819 -0.044675208550912358 0.032191291674113963 0.032191291674113963 -0.041905594950630551 0.016905181277815887 -0.057120917243290846 -0.00051637438883548215 0.040776219452420867 -0.0092568618408762487 -0.021242278671513001
leaf_weight=79 71 70 197 86 76 529 68 121 200 168 11881 85 125 67
leaf_count=79 71 70 197 86 76 529 68 121 200 168 11881 85 125 67
internal_value=0.000168766 0.00978434 0.00677702 0.0119017 0.0160616 0.0285942 -0.000215037 0.00892798 -0.00556608 -0.000940792 -0.00122314 -0.0198775 -0.037199 0.0136332
internal_weight=13823 1426 1347 1150 1064 599 465 389 321 12397 12326 445 293 152
internal_count=13823 1426 1347 1150 1064 599 465 389 321 12397 12326 445 293 152
is_linear=0
shrinkage=0.03


Tree=364
num_leaves=15
num_cat=0
split_feature=18 18 0 31 18 8 27 7 7 9 15 6 26 31
split_gain=102.121 259.786 239.734 232.995 231.176 196.309 184.91 210.192 326.247 251.179 239.505 220.776 197.264 177.91
threshold=0.8272247881004785 0.8892710258583848 17.025211646318883 74.978867286559606 0.81040723345868093 -0.99272747293457619 0.39517219278930532 2.998734241989172 0.99742790782526491 0.37216953581992934 0.18333333333333338 -0.53658352707095369 -0.023255505208843449 70.227849074002933
decision_type=8 8 10 2 10 8 10 10 10 10 2 2 10 2
left_child=4 -2 6 -4 5 -1 -3 8 10 -9 -8 -11 -12 -7
right_child=1 2 3 -5 -6 13 7 9 -10 11 12 -13 -14 -15
leaf_value=-0.031660286653426385 -0.030735574921567897 -0.002143003984705591 0.0041267240580132496 0.039147720094204433 0.055342809170841764 0.0053565822349259436 -0.071355812407760733 -0.061414159751086494 0.0035660742486106362 -0.056184367648791519 -0.042295715830487697 0.0026000161102722181 0.00070855625755137817 -0.010811217097173463
leaf_weight=150 291 6644 858 209 68 3702 78 156 257 75 60 203 231 729
leaf_count=150 291 6644 858 209 68 3702 78 156 257 75 60 203 231 729
internal_value=-0.00123789 -0.00309176 -0.00215761 0.0111371 0.00237518 0.00152945 -0.00400496 -0.0156107 -0.00441163 -0.0315299 -0.0263109 -0.0139715 -0.0132356 0.00268742
internal_weight=13711 9062 8771 1067 4649 4581 7704 1060 626 434 369 278 291 4431
internal_count=13711 9062 8771 1067 4649 4581 7704 1060 626 434 369 278 291 4431
is_linear=0
shrinkage=0.03


Tree=365
num_leaves=15
num_cat=0
split_feature=6 8 5 9 26 5 18 35 33 10 6 18 5 21
split_gain=140.491 271.602 439.892 207.977 189.758 180.855 171.437 238.811 312.215 317.16 200.691 242.479 257.227 200.771
threshold=-0.47649239746626365 -2.9983170795021699 -0.99699381819763222 1.6755500217373553 0.46560335770943345 0.16524665664254676 0.17406955720737025 83.258408258408267 62.398712398712398 0.63333333333333341 -0.096143360015825755 0.21793284219199979 0.00070006482602476521 0.18294004912318604
decision_type=2 8 2 8 10 2 8 10 2 2 2 8 2 2
left_child=1 2 -1 -3 5 -5 7 8 9 -2 13 12 -12 -8
right_child=6 3 -4 4 -6 -7 10 -9 -10 -11 11 -13 -14 -15
leaf_value=-0.023829123118010005 -0.026824869441249122 -0.046085963275121607 0.075251513787291266 -0.0087912997072232026 0.022483534647273064 -0.059310864868448741 0.015048687563646955 -0.05505268117942308 0.026445695326940431 0.0065852761656174106 0.060117009505033486 -0.00019540030270446065 -0.0031133617906432065 -0.01440736279312412
leaf_weight=71 570 133 83 1432 164 62 1660 90 217 328 120 8555 107 234
leaf_count=71 570 133 83 1432 164 62 1660 90 217 328 120 8555 107 234
internal_value=0.000101478 -0.00736203 0.0302586 -0.0106721 -0.00770127 -0.0110787 0.00132589 -0.00937728 -0.00546117 -0.0132751 0.00253778 0.000625163 0.0308876 0.0113811
internal_weight=13826 1945 154 1791 1658 1494 11881 1205 1115 898 10676 8782 227 1894
internal_count=13826 1945 154 1791 1658 1494 11881 1205 1115 898 10676 8782 227 1894
is_linear=0
shrinkage=0.03


Tree=366
num_leaves=15
num_cat=0
split_feature=28 20 32 18 18 30 16 18 18 25 25 8 26 35
split_gain=134.583 439.115 339.727 163.209 232.437 402.252 150.239 249.802 269.153 233.883 231.437 290.249 231.154 671.706
threshold=15.500000000000002 0.79989884308117321 31.576814793598015 0.15713662333835157 0.82042131446190936 30.771014699586132 13.199341428342342 0.9941641854863642 0.96447003099579731 1.6105860185642757 -0.77737919217518836 -1.6850940153729643 1.0000000180025095e-35 74.184149184149206
decision_type=2 8 2 8 10 2 8 8 10 10 8 10 8 8
left_child=6 -2 -3 -4 5 -5 12 8 -8 10 11 -9 13 -1
right_child=1 2 3 4 -6 -7 7 9 -10 -11 -12 -13 -14 -15
leaf_value=0.0046664298740560529 0.060936221986696237 -0.045477693675993344 -0.018695500162826686 -0.017677019172150529 -0.0096200585317882618 0.031185929886870318 -0.0097943421494659285 0.00063842515208649333 -0.057414711870155052 -0.023871742096647247 0.00063842515208649333 -0.059730409602093137 0.00063842515208649333 0.053662129146348984
leaf_weight=1696 126 112 177 193 325 658 1785 60 109 357 6266 124 1465 291
leaf_count=1696 126 112 177 193 325 658 1785 60 109 357 6266 124 1465 291
internal_value=0.000118174 0.00830876 0.00359057 0.00780488 0.0118557 0.0200657 -0.000957065 -0.00305774 -0.0126789 -0.000373389 0.000638425 -0.0326076 0.00433459 0.0119586
internal_weight=13744 1591 1465 1353 1176 851 12153 8701 1894 6807 6450 184 3452 1987
internal_count=13744 1591 1465 1353 1176 851 12153 8701 1894 6807 6450 184 3452 1987
is_linear=0
shrinkage=0.03


Tree=367
num_leaves=15
num_cat=0
split_feature=28 26 25 16 18 19 26 9 27 18 25 28 6 26
split_gain=156.239 307.431 258.997 196.583 307.654 285.025 163.522 225.456 162.116 156.041 161.634 115.452 112.212 360.559
threshold=15.500000000000002 -0.20541419447444828 -0.33647223662121267 -16.706682889484512 0.99555591964590018 -0.52453594507532564 -2.9821296848137444 0.61674557939225683 0.040624146573874149 0.96991349781219804 0.50098279984740401 8.5000000000000018 -0.66778142453824729 1.1452552690885682
decision_type=2 10 10 10 10 10 8 10 10 8 10 2 2 10
left_child=6 2 -2 9 5 -5 7 8 -1 -3 -11 -9 13 -8
right_child=1 3 -4 4 -6 -7 12 11 -10 10 -12 -13 -14 -15
leaf_value=0.023890870630235993 0.086424613426625732 0.041275345364622039 0.017188122111062208 -0.046077188182001308 -0.056851864472776646 0.0033577104724013132 -0.01384571973859796 -0.0096768488108434463 -0.034272335855399856 0.0033577104724013132 0.047281816616439473 -0.060807278535629464 -0.00016870602497543537 0.044344192297811301
leaf_weight=113 70 148 148 103 95 509 1237 61 63 421 73 122 10499 99
leaf_count=113 70 148 148 103 95 509 1237 61 63 421 73 122 10499 99
internal_value=-0.000675366 0.00822658 0.0408593 0.00282167 -0.00806661 -9.43884e-05 -0.00182222 -0.021628 0.00269947 0.014782 0.00651071 -0.0444744 -0.00121256 -0.00938448
internal_weight=13761 1567 218 1349 707 612 12194 359 176 642 494 183 11835 1336
internal_count=13761 1567 218 1349 707 612 12194 359 176 642 494 183 11835 1336
is_linear=0
shrinkage=0.03


Tree=368
num_leaves=15
num_cat=0
split_feature=27 8 16 19 25 35 18 20 18 35 19 35 31 6
split_gain=102.649 265.814 76.0334 258.23 212.826 226.567 184.748 212.371 169.508 164.806 245.993 357.902 376.778 168.815
threshold=-0.95916109626824209 -0.17641297634471884 133.3645267970042 -2.9926726933648431 2.5270602030179976 80.211455211455231 0.99676061398378124 1.0000000180025095e-35 0.24656319593716133 34.640359640359648 -0.18697142324079416 21.511821511821516 47.152847152847158 0.044142609958955768
decision_type=8 8 8 8 10 10 8 10 8 8 10 10 2 2
left_child=1 -1 3 -2 -5 -6 7 -4 -7 10 11 -8 -13 -12
right_child=2 -3 6 4 5 8 9 -9 -10 -11 13 12 -14 -15
leaf_value=-0.015706311313511981 0.040708311738707363 0.06607649360938618 -0.008819066839996198 0.00051525684914331335 0.052900071353747927 0.044755203681997952 0.00051525684914331335 -0.05436255796489739 0.00051525684914331335 0.00051525684914331335 0.00051525684914331335 -0.067984022599475627 -0.001474261485585352 -0.027089037425706491
leaf_weight=68 152 67 1099 4723 140 75 190 96 150 6225 335 215 118 199
leaf_count=68 152 67 1099 4723 140 75 190 96 150 6225 335 215 118 199
internal_value=0.000234308 0.0257925 -2.65373e-05 0.00281278 0.00164183 0.0236487 -0.00178226 -0.0126891 0.00469358 1.50545e-05 -0.0113753 -0.0260118 -0.0447864 0.000515257
internal_weight=13852 135 13717 5240 5088 365 8477 1195 225 7282 1057 523 333 534
internal_count=13852 135 13717 5240 5088 365 8477 1195 225 7282 1057 523 333 534
is_linear=0
shrinkage=0.03


Tree=369
num_leaves=15
num_cat=0
split_feature=31 8 8 18 18 31 18 7 8 7 6 25 5 5
split_gain=109.282 323.982 384.763 235.42 238.735 305.436 237.675 223.914 289.761 266.569 246.084 268.341 268.311 293.497
threshold=30.861446246061629 -0.16502656996820428 -0.43726089999342838 0.93993125279798828 0.49282082593349646 17.573086254404938 0.24656319593716133 -1.9724962552049596 -2.9983170795021699 -0.12648437056035441 -0.99160070242093623 0.67041599352156689 -0.038550924024497481 -0.11070265938588829
decision_type=2 10 10 8 10 2 10 8 10 8 2 8 2 2
left_child=1 2 3 4 5 -1 -7 8 -5 -9 -11 -12 13 -13
right_child=-2 -3 -4 7 -6 6 -8 9 -10 10 11 12 -14 -15
leaf_value=0.047573770941936808 0.0015599818523288457 -0.025074338696871205 0.06020486411788771 0.068880467625109076 -0.051032571885734797 -0.066300875428067133 0.013520546508106319 -0.040048274667540067 -0.0072241002908193094 -0.017015970528408145 0.051002378447892814 0.0058842312662639243 0.058215064022639026 -0.060818701703911245
leaf_weight=68 11346 572 88 94 157 66 61 137 81 338 136 421 68 64
leaf_count=68 11346 572 88 94 157 66 61 137 81 338 136 421 68 64
internal_value=0.000339724 -0.00554009 0.00079341 -0.00246675 -0.024116 -0.0017106 -0.0289016 0.003293 0.0344327 -0.00151592 0.00379336 0.0140508 0.00458762 -0.00344859
internal_weight=13697 2351 1779 1691 352 195 127 1339 175 1164 1027 689 553 485
internal_count=13697 2351 1779 1691 352 195 127 1339 175 1164 1027 689 553 485
is_linear=0
shrinkage=0.03


Tree=370
num_leaves=15
num_cat=0
split_feature=28 5 31 8 13 3 5 10 34 25 18 31 8 8
split_gain=121.341 136.853 187.447 162.101 131.728 182.268 117.863 110.183 225.232 169.376 111.531 195.322 194.616 389.767
threshold=1.5000000000000002 -0.99998780776236795 7.8874117335655827 1.5236822270670933 -9.9770230855382938 10.813240543777752 -0.9999762380454883 0.81666666666666676 54.699467199467207 -0.19641258658617231 0.17406955720737025 39.864836018682183 -0.70419530494520444 -0.27581244503674268
decision_type=2 2 2 8 10 10 2 2 2 10 10 2 8 8
left_child=4 3 -3 -2 5 -1 -4 10 -9 -10 11 -8 -13 -14
right_child=1 2 6 -5 -6 -7 7 8 9 -11 -12 12 13 -15
leaf_value=-0.013329767336292583 -0.061731075857366827 0.050460792285070485 0.038966259573187147 -0.001356198133505655 -0.034934601833478414 0.018963971336258618 0.0039025858686000461 0.0039025858686000461 0.058524737239974298 0.01706566542959817 0.002085996289435392 0.0039025858686000461 -0.062797690567094833 -0.0078396272664033543
leaf_weight=674 65 62 65 94 163 200 1789 818 118 209 5505 132 115 3758
leaf_count=674 65 62 65 94 163 200 1789 818 118 209 5505 132 115 3758
internal_value=-0.000745109 6.05154e-05 0.000415562 -0.0271673 -0.0105876 -0.00587406 0.000147453 -7.08819e-05 0.00877606 0.0302287 -0.000970884 -0.00387458 -0.00755715 -0.00955035
internal_weight=13767 12730 12571 159 1037 874 12509 12444 1145 327 11299 5794 4005 3873
internal_count=13767 12730 12571 159 1037 874 12509 12444 1145 327 11299 5794 4005 3873
is_linear=0
shrinkage=0.03


Tree=371
num_leaves=15
num_cat=0
split_feature=35 28 16 9 35 35 8 8 21 19 32 22 11 25
split_gain=148.267 97.9669 308.359 265.985 239.302 392.812 257.563 234.086 224.743 261.92 335.109 224.591 185.316 205.923
threshold=96.06227106227108 10.500000000000002 28.397111415878765 4.3869544962076077 77.680652680652699 74.333999333999358 2.4770506181985295 1.5415905392642435 0.23226675497872834 1.0000000180025095e-35 58.810420348881898 0.0087014352382410159 2.0101010101010108 0.29591312917870921
decision_type=10 2 8 10 8 10 8 10 2 8 2 2 2 10
left_child=1 2 3 4 5 6 7 -1 9 10 -4 -11 13 -3
right_child=-2 12 8 -5 -6 -7 -8 -9 -10 11 -12 -13 -14 -15
leaf_value=0.016931970543966928 0.044376607785713583 0.00025776999516648592 -0.012892263694175281 0.045843151386982452 0.0044731596763403891 0.06404923035478105 0.0044731596763403891 0.062304111048019015 -0.025433622507049756 0.0044731596763403891 0.0044731596763403891 -0.012892263694175281 -0.052953639865588785 -0.015384745141397911
leaf_weight=474 63 3987 1453 175 945 142 682 128 335 3556 523 379 62 930
leaf_count=474 63 3987 1453 175 945 142 682 128 335 3556 523 379 62 930
internal_value=0.000187068 -3.11252e-05 0.00187278 0.0106618 0.0079741 0.017547 0.0121757 0.027013 -0.00171547 -0.000350905 -0.00924906 0.00412346 -0.00339158 -0.00271347
internal_weight=13834 13771 8792 2546 2371 1426 1284 602 6246 5911 1976 3935 4979 4917
internal_count=13834 13771 8792 2546 2371 1426 1284 602 6246 5911 1976 3935 4979 4917
is_linear=0
shrinkage=0.03


Tree=372
num_leaves=15
num_cat=0
split_feature=5 18 5 35 27 13 9 6 33 35 5 19 7 18
split_gain=132.622 354.096 313.136 179.986 194.16 275.923 167.398 148 140.383 138.249 133.256 130.263 118.899 104.732
threshold=-0.99076066250737227 0.45785085302039524 -0.99503686156528004 52.039627039627042 0.36362165518683504 -81.822719893800723 2.2517013506230277 -0.17818950809480813 25.912975912975917 44.871794871794883 -0.98600651115538296 -1.7197260268052876 -0.43629840609578791 0.48827384531311341
decision_type=2 8 2 8 8 10 10 2 2 10 2 10 10 10
left_child=1 -1 3 8 7 -6 -7 -5 -3 11 -2 -10 -13 -12
right_child=10 2 -4 4 5 6 -8 -9 9 -11 13 12 -14 -15
leaf_value=0.049909006105848107 0.035502667720570709 -0.065272481307315708 -0.058708155924292994 0.0066633111536502834 0.010997829184882709 -0.068904476533917819 -0.013874414600808252 0.063093817113940381 -0.034837404645602157 -0.040635841746722287 -0.0013467262534717158 0.041521251640814757 -0.010924493397554655 0.0044860855532292835
leaf_weight=78 94 60 122 115 239 80 86 62 74 69 8471 65 84 4111
leaf_count=78 94 60 122 115 239 80 86 62 74 69 8471 65 84 4111
internal_value=-4.76762e-05 -0.00985363 -0.0144823 -0.00842364 0.00184783 -0.00961514 -0.0387467 0.0276202 -0.0251946 -0.0159992 0.000833108 -0.00358749 0.0125598 0.000560092
internal_weight=13810 1134 1056 934 582 405 166 177 352 292 12676 223 149 12582
internal_count=13810 1134 1056 934 582 405 166 177 352 292 12676 223 149 12582
is_linear=0
shrinkage=0.03


Tree=373
num_leaves=15
num_cat=0
split_feature=6 6 31 33 28 31 7 27 31 21 9 7 6 31
split_gain=94.8877 248.771 168.181 216.684 176.32 151.834 212.57 204.589 156.013 172.557 147.632 268.765 287.885 255.846
threshold=-0.99160070242093623 -0.99564042857849766 11.668002327342988 52.304045161188021 10.500000000000002 20.892294518668152 -2.3775128891461796 -0.91629073187415477 25.986600811775642 0.00010447638966239272 0.44541294939304188 -0.38569309693965165 0.46771623732504602 71.710981326365953
decision_type=2 2 2 2 2 2 8 8 2 2 8 10 2 2
left_child=1 2 -1 -4 -5 -2 -7 -8 9 -9 11 -10 -13 -12
right_child=5 -3 3 4 -6 6 7 8 10 -11 13 12 -14 -15
leaf_value=0.014858379821247021 0.014343859141488502 -0.054628270907383973 -0.042591742912656626 -0.017773814144705937 0.040552278657100704 -0.026365671196890143 0.046976054486106422 -0.0061794402548697907 0.013669128784515823 -0.050744509201009418 0.006710360784288349 -0.0063700087126239329 0.046950736681239738 -0.010222302926410185
leaf_weight=258 698 94 155 116 71 264 80 297 775 102 5201 4658 88 945
leaf_count=258 698 94 155 116 71 264 80 297 775 102 5201 4658 88 945
internal_value=0.000206608 -0.0105634 -0.00326543 -0.0169549 0.00485074 0.000780631 1.22984e-05 0.000596251 0.000269413 -0.018059 0.000903696 -0.00265563 -0.00533297 0.00410063
internal_weight=13802 694 600 342 187 13108 12410 12146 12066 399 11667 5521 4746 6146
internal_count=13802 694 600 342 187 13108 12410 12146 12066 399 11667 5521 4746 6146
is_linear=0
shrinkage=0.03


Tree=374
num_leaves=15
num_cat=0
split_feature=7 18 25 5 9 6 19 20 32 9 5 27 14 9
split_gain=126.408 311.812 233.684 298.314 182.94 151.53 137.419 325.135 297.654 240.964 247.009 231.767 307.298 279.291
threshold=2.6588869232420786 0.092961834124840992 -0.098036709074603032 -0.99619506957811454 1.7081937618022542 -0.69637284895157092 -0.22852784871278239 0.83439182426060465 30.71054819306568 1.0404003216637874 -0.99983995306282936 -0.1335313926245226 0.0077036033906570578 1.395814279163891
decision_type=10 8 10 2 10 2 8 8 2 10 2 10 2 10
left_child=6 -2 -3 4 -4 -5 7 -1 -9 10 -8 12 -11 -13
right_child=1 2 3 5 -6 -7 9 8 -10 11 -12 13 -14 -15
leaf_value=0.033552461103846624 0.055416535907848313 -0.059298704781158021 0.061398334814661962 -0.047056442899544033 -0.0041691392660140984 -0.0097902949531299046 -0.040639882604050076 -0.067951949353087432 -0.0063606381692865319 0.017844094181034182 0.0011967824116073925 0.04516861885154861 -0.034040903816832918 0.011403865448199211
leaf_weight=175 61 81 78 104 70 1055 124 68 2248 219 8236 296 185 845
leaf_count=175 61 81 78 104 70 1055 124 68 2248 219 8236 296 185 845
internal_value=1.53295e-06 -0.00836705 -0.0113591 -0.00817339 0.0312639 -0.013322 0.000982737 -0.00530912 -0.00831151 0.00256695 0.000552318 0.0134312 -0.00604082 0.020322
internal_weight=13845 1449 1388 1307 148 1159 12396 2491 2316 9905 8360 1545 404 1141
internal_count=13845 1449 1388 1307 148 1159 12396 2491 2316 9905 8360 1545 404 1141
is_linear=0
shrinkage=0.03


Tree=375
num_leaves=15
num_cat=0
split_feature=28 13 34 0 31 28 26 9 18 3 34 33 4 16
split_gain=107.97 224.793 197.239 181.095 102.918 81.5328 208.292 250.155 421.343 173.839 189.084 213.755 222.516 158.756
threshold=1.5000000000000002 -81.822719893800723 56.829836829836829 8.5443530318572982 9.0552304838019158 14.500000000000002 -0.18410543288216449 0.24663483827083885 0.33731146851848537 23.966738561979806 52.443389943389953 59.959881388452828 -0.024496481261639644 13.199341428342342
decision_type=2 10 2 10 2 2 10 10 8 10 2 2 10 8
left_child=1 3 -3 -1 -2 9 7 -7 -9 13 -11 -12 -13 -6
right_child=4 2 -4 -5 5 6 -8 8 -10 10 11 12 -14 -15
leaf_value=-0.0099663098307107307 0.02733986249491507 -0.073819916522107926 -0.019946259841946652 0.020900314249871099 0.0053886070118189045 -0.021297248959308492 0.0031279407314071801 -0.024111825728149554 0.063932508293426393 0.0074903315714025765 0.019155365299790009 0.037193431763156697 0.091563164680213707 -0.0029223410024408025
leaf_weight=624 138 78 99 230 2972 67 1880 62 193 284 200 99 86 6774
leaf_count=624 138 78 99 230 2972 67 1880 62 193 284 200 99 86 6774
internal_value=0.00127432 -0.00804065 -0.0383125 -0.00158002 0.00203012 0.00174257 0.00698048 0.0290818 0.0424736 0.000632322 0.0153672 0.0308204 0.0552315 -0.00038649
internal_weight=13786 1031 177 854 12755 12617 2202 322 255 10415 669 385 185 9746
internal_count=13786 1031 177 854 12755 12617 2202 322 255 10415 669 385 185 9746
is_linear=0
shrinkage=0.03


Tree=376
num_leaves=15
num_cat=0
split_feature=27 7 28 35 28 19 27 15 0 32 5 25 25 8
split_gain=120.711 213.104 159.736 222.051 179.13 153.323 146.791 307.483 315.825 284.111 202.223 191.429 195.369 179.506
threshold=-0.3776394808334757 0.12615635797340022 9.5000000000000018 27.455877455877459 15.500000000000002 -1.2204624549811507 -0.10486026549103421 0.81666666666666676 5.7093566143368406 48.222756264714313 -0.02178963353159822 -0.96779413010344062 -0.58579569741144788 1.673897814195642
decision_type=8 10 2 10 2 10 8 2 10 2 2 8 8 8
left_child=1 2 -1 4 5 -4 7 9 -9 10 -2 -8 13 -13
right_child=6 -3 3 -5 -6 -7 11 8 -10 -11 -12 12 -14 -15
leaf_value=0.033485594017540705 -0.009435196625676507 -0.050382439387792889 -0.014601299901165671 0.034050999774899282 0.0040398496972783556 -0.078082246927393448 0.044202085191199739 0.019247048449087405 0.089910223371273759 0.013550800290245732 -0.062977551371819263 -0.055667630059378484 0.00096681958912677465 0.0075444908051387127
leaf_weight=80 84 105 69 66 101 69 86 266 69 95 92 100 12505 64
leaf_count=80 84 105 69 66 101 69 86 266 69 95 92 100 12505 64
internal_value=0.000995851 -0.0135526 -0.00299093 -0.0129443 -0.0263539 -0.0479621 0.00153427 0.015899 0.0349097 -0.00780812 -0.0324212 0.000845828 0.000534195 -0.0315061
internal_weight=13851 490 385 305 239 138 13361 606 335 271 176 12755 12669 164
internal_count=13851 490 385 305 239 138 13361 606 335 271 176 12755 12669 164
is_linear=0
shrinkage=0.03


Tree=377
num_leaves=15
num_cat=0
split_feature=9 21 31 19 7 8 28 5 6 13 8 35 26 6
split_gain=152.679 258.544 212.555 233.173 127.561 217.937 318.786 211.014 166.803 134.363 129.838 374.202 254.734 200.237
threshold=1.0000000180025095e-35 0.058281248461027647 11.668002327342988 -2.465665299622148 -2.2110766920597293 -0.10332577740426795 13.500000000000002 -0.47669187471048147 -0.53658352707095369 30.854671228711744 -1.0716820462633538 53.504828504828517 -1.0000000180025095e-35 -0.034570662783664857
decision_type=10 2 2 10 8 10 2 2 2 8 8 10 10 2
left_child=1 -1 3 -2 5 8 7 9 -4 -7 11 12 -6 -14
right_child=2 -3 4 -5 10 6 -8 -9 -10 -11 -12 -13 13 -15
leaf_value=-0.0042007870943599002 0.0625346906323518 -0.042413621409210608 0.03474741659692622 -0.0040788900206486381 0.039310212386772035 -0.039328206004919826 0.020849072039351765 -0.0088573270781951777 -0.0187858964406857 -0.10190837336978052 0.00060603075071332855 0.059304700143131099 -0.042570817515481515 0.016862840547281151
leaf_weight=3533 100 162 107 85 91 76 78 80 94 63 8937 128 126 80
leaf_count=3533 100 162 107 85 91 76 78 80 94 63 8937 128 126 80
internal_value=-0.000721373 -0.00593121 0.00119703 0.0326265 0.000591095 -0.0141269 -0.0302575 -0.0485189 0.00986363 -0.0702455 0.00138112 0.0174834 -0.00122402 -0.0196371
internal_weight=13740 3695 10045 185 9860 498 297 219 201 139 9362 425 297 206
internal_count=13740 3695 10045 185 9860 498 297 219 201 139 9362 425 297 206
is_linear=0
shrinkage=0.03


Tree=378
num_leaves=15
num_cat=0
split_feature=31 13 0 5 5 35 5 5 8 6 15 28 5 5
split_gain=108.763 117.546 232.618 107.793 147.517 308.337 290.984 243.757 210.99 189.416 333.111 377.382 114.388 162.891
threshold=9.0552304838019158 -0.78552625340679694 1.4570353658811843 -0.99999491953369346 -0.99993673205266165 33.008658008658017 -0.99979131877397132 -0.99962779036334315 1.3938735525170849 -0.98899813289017546 0.22500000000000003 11.500000000000002 -0.99895751731029481 -0.99076066250737227
decision_type=2 10 8 2 2 10 2 2 8 2 2 2 2 2
left_child=1 2 -1 -2 5 -5 -6 -8 -7 10 11 -9 -11 -14
right_child=3 -3 -4 4 6 8 7 9 -10 12 -12 -13 13 -15
leaf_value=0.0090139250674032435 -0.037758392278186004 -0.014203468708564405 0.061871402816592973 -0.035367638049217366 -0.043170468425052566 0.0028112225388658455 0.055293590942738759 -0.066008285011447385 0.065424854591488835 0.037378956468121421 0.022941189969590464 -0.0078115258185557368 -0.02928327092217535 0.00037063623453114232
leaf_weight=71 64 64 105 60 138 82 66 173 115 69 107 100 164 12326
leaf_count=71 64 64 105 60 138 82 66 173 115 69 107 100 164 12326
internal_value=2.45607e-06 0.0198115 0.0322313 -0.000357871 -0.000165224 0.0221247 -0.000609332 -0.000141285 0.040077 -0.0004453 -0.0211726 -0.0385642 0.000190026 -3.02967e-05
internal_weight=13704 240 176 13464 13400 257 13143 13005 197 12939 380 273 12559 12490
internal_count=13704 240 176 13464 13400 257 13143 13005 197 12939 380 273 12559 12490
is_linear=0
shrinkage=0.03


Tree=379
num_leaves=15
num_cat=0
split_feature=6 13 5 19 7 7 31 19 20 7 7 16 25 16
split_gain=93.6341 327.154 156.988 223.229 192.382 113.48 333.053 327.644 221.946 215.54 181.527 218.871 203.966 158.536
threshold=-0.99996489589289306 -81.822719893800723 -0.99988477407073195 -1.8996868660152788 0.38397703101469466 -1.0034970843156044 19.249980788442333 -2.9926726933648431 inf -1.1276407264061781 -0.74232222193846276 9.7124603695611587 -0.27436344581906819 18.575240132217704
decision_type=2 10 2 10 10 8 2 10 8 10 8 8 10 10
left_child=1 -1 3 -2 -5 6 7 -4 -8 13 11 -7 -13 -10
right_child=2 -3 5 4 -6 10 8 -9 9 -11 -12 12 -14 -15
leaf_value=0.048237947888555933 -0.056914229818953659 -0.033869916798213301 -0.016092001531741264 0.023046903336624135 -0.030364719485082931 0.060112698747217662 0.03147367056306094 0.061598752156043282 -0.01261916736240231 -0.071286580918671238 8.3227313171923054e-05 0.032363372307230499 -0.019532467657473029 -0.061954043697227124
leaf_weight=123 101 62 89 114 119 95 68 99 576 72 12061 62 118 61
leaf_count=123 101 62 89 114 119 95 68 99 576 72 12061 62 118 61
internal_value=-0.000361654 0.0205535 -0.000652862 -0.0208128 -0.00429682 -0.000138996 -0.0100191 0.0253556 -0.0186857 -0.0236832 0.000637638 0.0245174 0.00461405 -0.0177893
internal_weight=13820 185 13635 334 233 13301 965 188 777 709 12336 275 180 637
internal_count=13820 185 13635 334 233 13301 965 188 777 709 12336 275 180 637
is_linear=0
shrinkage=0.03


Tree=380
num_leaves=15
num_cat=0
split_feature=35 26 26 8 7 6 16 6 6 6 6 26 0 19
split_gain=155.752 105.806 305.66 312.456 212.247 220.658 210.385 198.485 157.008 152.388 218.25 325.185 248.848 280.526
threshold=96.06227106227108 1.0000000180025095e-35 0.097871414230803047 -0.77692966887072579 0.11232900083282084 0.00022297331869397112 -4.5364716616576048 -0.015726647887972279 -0.17818950809480813 -0.99992899568226579 -0.55159759846895351 -0.4053587562486482 0.087447922602038416 -1.0000000180025095e-35
decision_type=10 10 10 8 10 2 8 2 2 2 2 8 8 10
left_child=1 9 4 -4 7 -6 -5 8 -3 -1 11 -11 13 -13
right_child=-2 2 3 6 5 -7 -8 -9 -10 10 -12 12 -14 -15
leaf_value=0.028418477160302366 0.044633264213695491 -0.002752210347559945 0.04800142457309578 0.037181743123314598 -0.018259106271434577 -0.085088170698170179 -0.0053430423214884835 0.023561936145027478 -0.064100129667137351 0.049736597087528353 0.0025383903625715853 -0.06918631288171545 -0.0075163970725833085 -0.024496648928084609
leaf_weight=180 66 82 107 105 91 89 2184 94 65 71 9459 158 984 80
leaf_count=180 66 82 107 105 91 89 2184 94 65 71 9459 158 984 80
internal_value=0.000314207 8.53113e-05 -0.00509382 -0.000928683 -0.0285093 -0.052709 -0.00331557 -0.00973097 -0.0310951 0.00142161 0.000956652 -0.0105798 -0.0142727 -0.0414769
internal_weight=13815 13749 2817 2396 421 180 2289 241 147 10932 10752 1293 1222 238
internal_count=13815 13749 2817 2396 421 180 2289 241 147 10932 10752 1293 1222 238
is_linear=0
shrinkage=0.03


Tree=381
num_leaves=15
num_cat=0
split_feature=27 17 18 19 8 19 19 10 19 6 18 18 28 18
split_gain=107.129 331.761 173.429 211.608 133.777 122.321 209.292 192.441 206.532 240.209 236.444 205.894 185.54 319.123
threshold=-0.3776394808334757 0.34178260311182662 0.32614479979084915 -0.84367537683413729 1.0000000180025095e-35 1.4552705173520446 1.3499806558627505 0.81666666666666676 2.7039712011208361 -0.0307861516429353 0.25719708889658571 0.63695047731784871 5.5000000000000009 0.8272247881004785
decision_type=8 2 10 10 8 10 10 2 10 2 8 8 2 10
left_child=1 2 -1 -4 -3 6 -2 8 9 -7 -10 -12 13 -13
right_child=5 4 3 -5 -6 7 -8 -9 10 -11 11 12 -14 -15
leaf_value=0.02394958640064072 0.0011890520591178813 -0.070709804243163046 0.032910756232107388 -0.020298668924152847 -0.020298668924152847 0.0035027943400885251 0.050819286692452122 0.038437866331583047 0.015117843761104512 -0.036973682622923401 -0.032199458886255944 -0.0015030754312756471 0.0076441113858728522 -0.067705369854530129
leaf_weight=179 11248 90 63 69 91 199 72 78 208 382 241 235 657 86
leaf_count=179 11248 90 63 69 91 199 72 78 208 382 241 235 657 86
internal_value=-0.000210702 -0.0138878 0.00499135 -0.0202987 -0.0455887 0.000296238 0.00152702 -0.00637047 -0.00820218 -0.0231984 -0.00203683 -0.00766552 -0.0014868 -0.0200059
internal_weight=13898 492 311 132 181 13406 11320 2086 2008 581 1427 1219 978 321
internal_count=13898 492 311 132 181 13406 11320 2086 2008 581 1427 1219 978 321
is_linear=0
shrinkage=0.03


Tree=382
num_leaves=15
num_cat=0
split_feature=18 1 33 9 8 16 27 21 18 5 6 27 8 22
split_gain=109.252 315.125 248.764 204.122 260.339 328.401 158.542 150.885 150.159 265.286 180.275 206.089 223.062 200.829
threshold=0.32614479979084915 6.8383154079472783 59.578516721373866 0.067971446189417611 0.53590493453071553 7.0016151505613502 0.074454592618210094 1.0000000180025095e-35 0.48827384531311341 -0.9721211838587327 0.15222485463297283 0.32937287692130651 0.46609238233057942 0.0012108573098063057
decision_type=8 8 2 10 8 10 10 2 8 2 2 8 8 2
left_child=1 3 -3 -1 5 -5 -7 -6 9 -2 11 -11 -13 -14
right_child=8 2 -4 4 7 6 -8 -9 -10 10 -12 12 13 -15
leaf_value=-0.028770589493592649 0.045438800650147292 0.019083960626207024 0.08122680500149726 0.0082744038506735746 0.015836544542908587 -0.012939309251383728 -0.057827317201505024 -0.0048914292244958361 9.223916681095735e-05 -0.038413845618108386 0.015010949264085569 0.044566928142538438 0.00038246094774116169 -0.059938402225573853
leaf_weight=180 60 327 67 375 687 154 131 322 10725 375 124 60 160 67
leaf_count=180 60 327 67 375 687 154 131 322 10725 375 124 60 160 67
internal_value=0.000305201 0.00635711 0.0305369 0.00113623 0.00443796 -0.0101656 -0.034153 0.0139933 -0.00087018 -0.0129999 -0.0177199 -0.0239173 -0.0046425 -0.0183296
internal_weight=13814 2243 394 1849 1669 660 285 1009 11571 846 786 662 287 227
internal_count=13814 2243 394 1849 1669 660 285 1009 11571 846 786 662 287 227
is_linear=0
shrinkage=0.03


Tree=383
num_leaves=15
num_cat=0
split_feature=31 6 35 6 5 25 3 6 26 6 35 31 6 8
split_gain=105.346 83.4925 108.567 113.463 89.8337 197.602 325.947 225.829 195.145 274.999 307.757 286.048 191.893 171.838
threshold=7.1911604878637858 -0.99953008057962933 63.278388278388285 -0.99996489589289306 0.52785770673991939 0.23702806099439891 23.966738561979806 0.61481142621195828 0.011269072818113736 0.19238287463426831 29.229104229104234 80.934450165219403 0.87905713213354786 -2.1805026403795922
decision_type=2 2 10 2 2 10 8 2 10 2 10 2 2 10
left_child=-1 2 3 -2 -3 8 7 13 9 -6 11 -11 -13 -7
right_child=1 4 -4 -5 5 6 -8 -9 -10 10 -12 12 -14 -15
leaf_value=0.031851920121710516 0.0024752662517130374 0.001702257681679614 0.0096785626261351766 -0.045939518385643106 0.037334955017721154 -0.022717972201881584 0.022046316848421583 -0.010079187545497201 -0.043758408151272882 -0.065234607277072476 0.020429484879950412 -0.032028292347825678 0.0348446706130029 -0.082469276255544482
leaf_weight=93 67 12383 99 117 186 76 93 74 71 102 217 77 68 114
leaf_count=93 67 12383 99 117 186 76 93 74 71 102 217 77 68 114
internal_value=0.000857869 0.000636638 -0.0153466 -0.0287111 0.000978239 -0.00730804 -0.0253937 -0.0422047 0.00176022 0.00702834 -0.00538895 -0.0280268 -0.00055106 -0.0597641
internal_weight=13837 13744 283 184 13461 1078 357 264 721 650 464 247 145 190
internal_count=13837 13744 283 184 13461 1078 357 264 721 650 464 247 145 190
is_linear=0
shrinkage=0.03


Tree=384
num_leaves=15
num_cat=0
split_feature=31 7 19 6 6 31 21 10 17 5 18 31 6 18
split_gain=91.4733 300.052 464.148 301.055 224.102 191.185 138.082 165.456 135.582 173.649 121.522 119.635 106.896 102.32
threshold=20.892294518668152 -2.3775128891461796 -0.032630010379935286 -0.81144785599196523 -0.99160070242093623 17.132867132867137 0.5336844693411239 0.29166666666666669 0.0010107168508065214 -0.96764096041738101 0.99820314117901265 15.52538370720189 -0.66778142453824729 0.62489757413162106
decision_type=2 8 8 2 2 2 2 2 2 2 10 2 2 10
left_child=1 4 3 -3 -1 10 13 -8 9 -7 11 12 -4 -2
right_child=6 2 5 -5 -6 8 7 -9 -10 -11 -12 -13 -14 -15
leaf_value=0.014958058457929066 -0.0022049478441383821 -0.086182438578547502 0.0056794416719020214 -0.0016790881210104807 0.082827536014467476 0.019041892522987922 -0.046869784929186205 -0.011137352840375928 -0.0062893417071717885 0.065760190782020791 -0.03501767774522304 -0.025675831471985957 0.045933206269274586 0.0038731852357366172
leaf_weight=112 8898 77 441 71 70 61 137 139 62 123 70 89 64 3457
leaf_count=112 8898 77 441 71 70 61 137 139 62 123 70 89 64 3457
internal_value=-0.000212175 0.00754642 0.0013482 -0.0470233 0.0425784 0.00942918 -0.00097653 -0.0217713 0.0317336 0.0443731 0.000990386 0.00549064 0.0111812 -0.000503372
internal_weight=13871 1240 1058 148 182 910 12631 276 246 184 664 594 505 12355
internal_count=13871 1240 1058 148 182 910 12631 276 246 184 664 594 505 12355
is_linear=0
shrinkage=0.03


Tree=385
num_leaves=15
num_cat=0
split_feature=31 5 6 6 5 19 9 9 5 34 13 35 27 0
split_gain=168.936 157.769 187.317 159.426 91.6988 212.282 216.676 225.848 191.62 167.779 170.607 157.505 152.502 255.939
threshold=92.578849721706874 0.99814924464042198 0.9904983019613105 0.95355015554601552 0.58895224050621631 -0.87481432287691507 0.67106497041041202 0.78751416295101795 0.22847263796948974 48.018648018648022 -2.0334926199526095 80.769230769230788 -0.40546510810816422 2.5514426478454295
decision_type=2 2 2 2 2 10 10 10 2 2 10 10 10 8
left_child=1 2 3 4 8 -6 -7 -8 -1 10 -9 12 13 -10
right_child=-2 -3 -4 -5 5 6 7 9 11 -11 -12 -13 -14 -15
leaf_value=0.00030384170570796668 -0.028315952401793434 0.039997431918820166 -0.047953426443572554 0.043474764830432833 0.023373006351372533 0.0078612012322011732 -0.081863695588796886 -0.020386890328270107 -0.034715030675234147 0.002318576471697466 -0.074328000055083748 -0.018613688285152117 0.020611624977098324 0.029084025417814161
leaf_weight=11435 171 89 65 75 134 185 62 65 124 148 74 130 994 96
leaf_count=11435 171 89 65 75 134 185 62 65 124 148 74 130 994 96
internal_value=0.000889244 0.00126463 0.000996296 0.00124923 0.000997652 -0.00979636 -0.0182594 -0.032021 0.0015655 -0.0200362 -0.0430924 0.012259 0.0156278 -0.00684779
internal_weight=13847 13676 13587 13522 13447 668 534 349 12779 287 139 1344 1214 220
internal_count=13847 13676 13587 13522 13447 668 534 349 12779 287 139 1344 1214 220
is_linear=0
shrinkage=0.03


Tree=386
num_leaves=15
num_cat=0
split_feature=31 5 6 26 35 6 31 18 7 33 6 6 19 16
split_gain=72.3945 117.395 81.3246 238.937 294.561 357.608 190.913 201.811 190.309 253.506 229.606 211.759 194.833 166.381
threshold=9.0552304838019158 -0.99983995306282936 -0.55159759846895351 -0.25106890487211414 31.285381285381288 -0.94069022287327853 19.249980788442333 1.0000000180025095e-35 1.4678318876266385 65.845265845265857 -0.99160070242093623 -0.97616593270056884 1.8022610546790603 23.749881699630894
decision_type=2 2 2 8 8 2 2 10 8 2 2 2 8 8
left_child=1 -1 3 -2 5 -5 7 -4 9 -6 -10 -12 -13 -14
right_child=2 -3 6 4 8 -7 -8 -9 10 -11 11 12 13 -15
leaf_value=-0.0070825267372954933 0.038823266839038355 0.034550380450036881 0.056617534160614012 -0.0120869605357412 -0.00085122753550386269 -0.09399211078543554 0.0003141375303809388 -0.010023841144078794 -0.06525603264004369 0.052849786937236784 0.032931951858796354 -0.066590471715881269 0.027084539712273648 -0.022936021785650934
leaf_weight=106 93 134 105 132 653 72 11789 63 74 85 81 60 79 205
leaf_count=106 93 134 105 132 653 72 11789 63 74 85 81 60 79 205
internal_value=0.000231684 0.0163932 -6.17909e-05 -0.00655307 -0.00960571 -0.0425517 0.000773386 0.0320596 -0.00402299 0.00564788 -0.0182399 -0.00938999 -0.0196844 -0.00879399
internal_weight=13731 240 13491 1534 1441 204 11957 168 1237 738 499 425 344 284
internal_count=13731 240 13491 1534 1441 204 11957 168 1237 738 499 425 344 284
is_linear=0
shrinkage=0.03


Tree=387
num_leaves=15
num_cat=0
split_feature=5 8 7 5 9 30 9 13 28 29 9 30 5 35
split_gain=102.102 402.793 207.186 206.36 237.528 118.473 71.1938 375.141 207.857 361.227 120.632 211.787 146.238 149.176
threshold=0.97173203224090599 0.52620998288353082 1.581770583953934 0.89900315627826832 1.0689342212360813 79.634948384948402 1.0000000180025095e-35 1.47107736713402 5.5000000000000009 48.722064260525805 0.10134501794315072 22.234907949193666 -0.0059914543500782678 37.537462537462545
decision_type=2 8 8 2 10 2 8 8 2 2 8 2 2 8
left_child=3 -2 -3 6 -5 -4 7 -1 9 -9 11 -8 -13 -14
right_child=1 2 5 4 -6 -7 10 8 -10 -11 -12 12 13 -15
leaf_value=0.014127895461995863 -0.046832796014956574 0.082505634633394387 -0.0088003452066332099 -0.0044412260102148259 -0.073496378107290525 0.045188297376684519 -0.023240636310345213 -0.068520930894072851 -0.005917617619698526 -0.012424815020953807 -0.00083156431331231058 0.039351112695137191 0.0460240016935093 -0.00070740240483196232
leaf_weight=539 62 60 75 111 71 64 124 153 732 307 10854 206 71 321
leaf_count=539 62 60 75 111 71 64 124 153 732 307 10854 206 71 321
internal_value=-0.000966786 0.01744 0.0381217 -0.00132927 -0.0326252 0.0167636 -0.000889142 -0.00655447 -0.0159266 -0.031619 -3.95219e-05 0.0117913 0.0191879 0.00822975
internal_weight=13750 261 199 13489 182 139 13307 1731 1192 460 11576 722 598 392
internal_count=13750 261 199 13489 182 139 13307 1731 1192 460 11576 722 598 392
is_linear=0
shrinkage=0.03


Tree=388
num_leaves=15
num_cat=0
split_feature=18 20 19 8 5 31 31 31 17 19 35 18 8 6
split_gain=118.195 329.721 216.973 276.08 325.981 305.03 239.716 399.027 206.565 201.968 260.606 189.801 167.482 166.781
threshold=0.9994593330874596 0.89830535630672348 -0.14918711845523089 -0.11265644953826558 -0.0095896669946785879 16.110812264658421 66.508918431995383 53.513793898409283 2.7456702902203056 -1.3826255947555361 32.675657675657682 0.84389100271801032 0.68773799038626582 -0.15439093558067782
decision_type=10 8 8 10 2 2 2 2 2 10 10 10 10 2
left_child=8 -2 9 4 5 -4 7 -6 -1 10 -3 -10 -11 -5
right_child=1 2 3 13 6 -7 -8 -9 11 12 -12 -13 -14 -15
leaf_value=-0.0013682173437412979 0.071966381564059045 -0.026151609138768409 -0.027312220799593397 -0.011449574092659381 -0.013186989070874821 0.037806616188813078 0.032154718469121032 -0.092981814511797642 -0.013500622305004756 -0.072365513667464257 0.037806616188813078 -0.068771456879164486 -0.0073146497620188676 0.029509917485790894
leaf_weight=11665 61 102 73 104 406 185 74 61 298 79 62 65 64 547
leaf_count=11665 61 102 73 104 406 185 74 61 298 79 62 65 64 547
internal_value=-0.000988828 0.0061303 0.00364685 0.00850537 -0.00331612 0.0241455 -0.0165136 -0.0244844 -0.00206696 -0.0190691 0.00375063 -0.0241975 -0.0444825 0.0229291
internal_weight=13846 1818 1757 1450 799 258 541 467 12028 307 164 363 143 651
internal_count=13846 1818 1757 1450 799 258 541 467 12028 307 164 363 143 651
is_linear=0
shrinkage=0.03


Tree=389
num_leaves=15
num_cat=0
split_feature=33 31 1 26 32 25 7 27 7 35 26 18 25 18
split_gain=145.768 220.44 105.786 331.452 149.083 220.86 108.897 100.554 138.302 109.363 221.128 143.535 130.203 229.073
threshold=70.761777904635053 85.137512060589003 1.7188084187524622 0.069956575643254318 59.232376015592813 -0.1147755145924285 1.4974070250847291 -0.33647223662121267 0.14774755066032433 80.769230769230788 0.75287344750528462 0.020649608656260383 1.6705898534350834 0.98589824151019056
decision_type=2 2 8 10 2 10 10 8 10 10 10 8 10 8
left_child=1 7 -2 4 -4 -6 -7 8 -1 11 -11 -9 -12 -14
right_child=2 -3 3 -5 5 6 -8 9 -10 10 12 -13 13 -15
leaf_value=-0.0056902310616630258 0.0020700954896741043 -0.045357649012961805 0.0066739375586429405 0.062873576158391578 0.014850497572215309 0.08392255796229138 0.02609090432524681 -0.04224660024046898 -0.04365634114557021 -0.047981324835419656 0.0020700954896741043 0.00088177528618639382 -0.0024278923450252424 -0.060301157759245612
leaf_weight=398 1863 97 1034 100 378 63 63 65 106 120 265 8854 212 82
leaf_count=398 1863 97 1034 100 378 63 63 65 106 120 265 8854 212 82
internal_value=0.000338177 -0.00147519 0.00561538 0.0112778 0.00773018 0.0230271 0.0571062 -0.00103159 -0.0140256 -0.00034232 -0.0119031 0.00054397 -0.00380146 -0.0193079
internal_weight=13700 10199 3501 1638 1538 504 126 10102 504 9598 679 8919 559 294
internal_count=13700 10199 3501 1638 1538 504 126 10102 504 9598 679 8919 559 294
is_linear=0
shrinkage=0.03


Tree=390
num_leaves=15
num_cat=0
split_feature=28 26 0 18 19 18 7 8 34 15 27 6 8 6
split_gain=87.7935 263.397 282.487 164.024 146.587 196.8 281.814 176.222 238.569 166.304 137.729 132.926 324.238 342.042
threshold=15.500000000000002 -0.57817297955146596 0.045184649733439268 0.21164422520958606 -0.50585760968569804 0.98803849774605668 -0.12648437056035441 -0.042479087071951575 41.445221445221456 0.91666666666666685 0.014818338392846632 0.0057437386049755705 -0.31728890439586349 0.12857835344859739
decision_type=2 10 10 10 10 10 10 10 2 2 10 2 8 2
left_child=11 3 10 -2 -4 6 -6 8 -8 -10 -3 -1 -13 -14
right_child=1 2 4 -5 5 -7 7 -9 9 -11 -12 12 13 -15
leaf_value=0.0019056740767170064 0.0097064794323752437 -0.037383093930059862 -0.006659285184435944 0.067509928614053194 0.05839867324362065 -0.006659285184435944 -0.006659285184435944 0.0010113390381644729 0.024062560306182392 0.08191932264338718 -0.006659285184435944 -0.037004101864908261 -0.012564279418925205 0.0052843453096707649
leaf_weight=8024 84 212 208 93 144 134 66 421 65 84 86 257 1713 2204
leaf_count=8024 84 212 208 93 144 134 66 421 65 84 86 257 1713 2204
internal_value=0.000514096 0.00711689 0.00275186 0.0410981 0.00965647 0.015026 0.0212054 0.0123944 0.0341544 0.0547844 -0.022975 -0.000352924 -0.00469189 -0.00252736
internal_weight=13795 1597 1420 177 1122 914 780 636 215 149 298 12198 4174 3917
internal_count=13795 1597 1420 177 1122 914 780 636 215 149 298 12198 4174 3917
is_linear=0
shrinkage=0.03


Tree=391
num_leaves=15
num_cat=0
split_feature=6 13 6 9 26 28 7 18 30 9 6 9 8 7
split_gain=108.589 235.994 157.891 303.664 267.419 350.701 312.521 251.511 242.676 173.774 272.175 526.193 341.953 522.383
threshold=-0.99996489589289306 -81.822719893800723 -0.55159759846895351 4.1323918849114314 0.83036953228532273 15.500000000000002 -0.97387347407762348 0.6619905349037406 31.238404452690173 1.4498381773823998 -0.14556803095510384 1.7873700584211478 -0.49240829301211159 -0.6604570734157259
decision_type=2 10 2 10 10 2 10 8 2 10 2 10 10 10
left_child=1 -1 3 8 5 7 -7 -5 -2 -4 11 -11 -13 -14
right_child=2 -3 9 4 -6 6 -8 -9 -10 10 -12 12 13 -15
leaf_value=0.045676396260969344 -0.074984594645296651 -0.024474212855777954 -0.0003604931611376967 -0.053048361495501642 0.050098226817136396 0.08431069982158286 -0.003081120648762075 -0.0051402875984687419 -0.018640689591665854 0.070679200821939639 -0.0024120237211875846 -0.022372797148797426 -0.003724755427450131 0.084714481771895375
leaf_weight=124 77 61 10789 110 84 65 77 703 471 165 614 184 152 94
leaf_count=124 77 61 10789 110 84 65 77 703 471 165 614 184 152 94
internal_value=-1.24898e-05 0.0225103 -0.000327373 -0.00920462 0.000352446 -0.00426124 0.0384292 -0.011907 -0.027164 0.000850183 0.0116111 0.0259816 0.00821492 0.0310835
internal_weight=13770 185 13585 1587 1039 955 142 813 548 11998 1209 595 430 246
internal_count=13770 185 13585 1587 1039 955 142 813 548 11998 1209 595 430 246
is_linear=0
shrinkage=0.03


Tree=392
num_leaves=15
num_cat=0
split_feature=5 18 7 10 0 9 27 27 27 2 6 27 25 25
split_gain=108.293 102.299 309.889 381.577 321.934 265.902 210.003 207.243 158.796 154.31 146.471 104.556 104.438 244.278
threshold=0.9996510016704615 0.1164780578617453 2.0459969851326396 0.63333333333333341 5.1606827212378414 0.78751416295101795 0.2453975612036117 -0.065067901811692183 2.957426722368071 0.028174603174603179 0.9904983019613105 0.81333985943430354 0.16679588687792893 0.14119056780465747
decision_type=2 8 10 2 8 8 10 8 10 2 2 10 10 10
left_child=1 2 3 4 5 9 7 -5 10 -1 12 -8 13 -3
right_child=-2 8 -4 6 -6 -7 11 -9 -10 -11 -12 -13 -14 -15
leaf_value=-0.030623528668613564 0.033426300769050912 0.0026197597669540304 0.038806914417139647 0.040725743717778089 -0.012167651793913728 -0.089338065894303195 0.065521610014427162 -0.012167651793913728 -0.042157149546240502 -0.074448119640350335 -0.036381852721147565 0.010908632274244873 -0.0026657788221587505 0.037181681039435983
leaf_weight=191 85 8857 100 62 85 102 60 120 71 70 87 66 3657 183
leaf_count=191 85 8857 100 62 85 102 60 120 71 70 87 66 3657 183
internal_value=0.00062569 0.000410234 -0.00960109 -0.0162172 -0.0337451 -0.0490794 0.00940979 -0.0111666 0.00108035 -0.0319626 0.00133687 0.038423 0.00160954 0.00333958
internal_weight=13796 13711 856 756 448 363 308 182 12855 261 12784 126 12697 9040
internal_count=13796 13711 856 756 448 363 308 182 12855 261 12784 126 12697 9040
is_linear=0
shrinkage=0.03


Tree=393
num_leaves=15
num_cat=0
split_feature=35 35 18 31 27 33 5 5 7 28 7 19 16 5
split_gain=234.408 151.163 246.535 178.022 114.397 207.215 120.497 208.902 331.797 287.626 280.169 194.268 170.978 297.214
threshold=96.06227106227108 90.234765234765248 0.85506266881315707 61.436640282794137 2.017460570875651 63.392163392163397 0.22847263796948974 0.4998908647359202 -0.48757951899701263 13.500000000000002 2.8737758245807905 -0.36393458319970845 -12.796348735907181 0.94788322771907652
decision_type=10 10 8 2 10 2 2 2 8 2 10 8 10 2
left_child=1 4 3 -3 6 -6 -1 8 -8 10 -10 -9 13 -13
right_child=-2 2 -4 -5 5 -7 7 11 9 -11 -12 12 -14 -15
leaf_value=-0.0015562708085188994 0.05509341307262431 0.027058508490003515 -0.047376139700243416 -0.027419147747799313 -0.042737572358232244 0.019011297690868376 -0.031727502251975237 0.025644547253025674 0.0062253376658144097 0.050602212054614459 0.070602931393616231 -0.011522929202830582 -0.024742887534822025 0.031466724387646174
leaf_weight=10947 62 111 160 96 141 70 115 173 678 225 62 371 355 194
leaf_count=10947 62 111 160 96 141 70 115 173 678 225 62 371 355 194
internal_value=-0.000884588 -0.00115797 -0.0200205 0.0017427 -0.000631374 -0.0222863 -0.000274756 0.00616993 0.0154963 0.0212586 0.0120568 -0.00307414 -0.00858393 0.00169703
internal_weight=13760 13698 367 207 13331 211 13120 2173 1080 965 740 1093 920 565
internal_count=13760 13698 367 207 13331 211 13120 2173 1080 965 740 1093 920 565
is_linear=0
shrinkage=0.03


Tree=394
num_leaves=15
num_cat=0
split_feature=6 6 31 9 13 18 26 31 19 31 28 5 28 8
split_gain=133.621 317.702 201.21 301.83 322.644 293.358 279.141 262.718 186.719 250.786 221.243 266.45 143.122 132.614
threshold=-0.99160070242093623 -0.99564042857849766 21.497733036194578 4.9989795723965189 1.0000000180025095e-35 0.35566835874916514 -0.94922891931642706 18.331668331668336 -0.024101199053742303 11.668002327342988 7.5000000000000009 -0.99895751731029481 2.5000000000000004 -2.9983170795021699
decision_type=2 2 2 10 10 10 10 2 10 2 2 2 2 10
left_child=1 8 3 5 7 6 -2 13 9 12 -10 -12 -1 -5
right_child=2 -3 -4 4 -6 -7 -8 -9 10 -11 11 -13 -14 -15
leaf_value=-0.017423469575882797 0.002654355928754887 -0.062410512203730791 0.00031703152803850502 0.069096024022163707 -0.012864462838986436 -0.040041613170975134 0.071467867775318716 0.10948215323864766 0.046339976744432201 -0.054550083065405486 -0.044138264001250781 0.03336239036273312 0.033370127693883006 0.024442823771794436
leaf_weight=137 291 93 12435 63 69 109 60 64 109 111 82 69 72 64
leaf_count=137 291 93 12435 63 69 109 60 64 109 111 82 69 72 64
internal_value=0.000543928 -0.0124441 0.00121286 0.0165757 0.0420794 0.00186313 0.0152559 0.0617501 -0.00396735 -0.0191767 0.0147605 -0.00878982 0.000445641 0.0344603
internal_weight=13828 673 13155 720 260 460 351 191 580 320 260 151 209 127
internal_count=13828 673 13155 720 260 460 351 191 580 320 260 151 209 127
is_linear=0
shrinkage=0.03


Tree=395
num_leaves=15
num_cat=0
split_feature=19 17 8 32 35 5 7 9 35 18 26 26 9 35
split_gain=130.585 416.443 315.604 323.069 275.232 275.167 216.093 189.247 167.144 212.316 247.151 218.946 250.034 136.099
threshold=-1.093763815896059 0.015768779970386278 -2.0386498767572685 59.198493813878436 52.772227772227787 -0.41162457626834631 -2.5523418613654196 3.6166680020170006 20.554445554445557 0.10282371249179829 -0.50680135607828702 -0.99347076489211072 0.75965289332019181 24.700299700299706
decision_type=8 2 10 2 10 2 8 10 8 10 10 10 10 8
left_child=1 2 3 -1 -3 -4 -2 -7 9 10 -8 -11 -13 -10
right_child=6 4 5 -5 -6 7 8 -9 13 11 -12 12 -14 -15
leaf_value=0.016440519023248376 -0.041140706535232691 0.0018474549230219971 0.0069855644031339625 0.10097194383174858 -0.051699314933756117 0.056636162695355256 -0.087583566555674647 0.0072242849332387329 0.021653661159898287 0.039999562877265714 -0.009970785616951831 0.0097078539569946855 -0.061351011611129103 0.00049194634052313101
leaf_weight=80 109 346 222 83 110 174 66 117 275 74 80 105 71 11840
leaf_count=80 109 346 222 83 110 174 66 117 275 74 80 105 71 11840
internal_value=0.00085349 0.0105912 0.0254613 0.0612082 -0.0114902 0.0136219 -2.38185e-05 0.0372271 0.000350698 -0.0187052 -0.0467944 -0.00170528 -0.0198608 0.000981034
internal_weight=13752 1132 676 163 456 513 12620 291 12511 396 146 250 176 12115
internal_count=13752 1132 676 163 456 513 12620 291 12511 396 146 250 176 12115
is_linear=0
shrinkage=0.03


Tree=396
num_leaves=15
num_cat=0
split_feature=19 19 18 5 19 29 1 5 25 31 15 31 5 35
split_gain=101.391 165.794 321.669 162.127 473.178 210.787 204.296 215.321 155.321 150.148 145.447 135.366 158.492 130.233
threshold=0.70055274034948856 0.79840074400030592 0.068341755611497038 0.42403268855252113 1.2901311561045088 60.948549397100855 6.0310568203067811 0.89900315627826832 0.062826083021996229 75.233893091035952 0.18333333333333338 70.227849074002933 -0.0095896669946785879 74.700299700299709
decision_type=10 10 10 2 10 2 8 2 10 2 2 2 2 8
left_child=-1 2 -2 5 -5 8 7 9 10 -6 -3 12 -7 -10
right_child=1 3 -4 4 6 11 -8 -9 13 -11 -12 -13 -14 -15
leaf_value=0.0019501615345706564 0.0065221515397230782 -0.029741338162489653 -0.077213097988993312 -0.075911124519565526 0.016363223618840093 0.013632549670646371 0.045681191146373742 -0.050644205014835644 -0.016756201493039077 -0.027726816178524287 0.0078716890361673567 0.0078716890361673567 0.064302965495735401 0.00034101689061641924
leaf_weight=10657 85 101 74 97 126 133 60 89 773 82 266 204 95 827
leaf_count=10657 85 101 74 97 126 133 60 89 773 82 266 204 95 827
internal_value=0.000576435 -0.00427923 -0.0336149 -0.00258839 -0.0189237 0.000535934 -0.00260512 -0.0129547 -0.00364265 0.00398227 0.00787169 0.019386 0.0356721 -0.00794554
internal_weight=13669 3012 159 2853 454 2399 357 297 1967 208 367 432 228 1600
internal_count=13669 3012 159 2853 454 2399 357 297 1967 208 367 432 228 1600
is_linear=0
shrinkage=0.03


Tree=397
num_leaves=15
num_cat=0
split_feature=27 6 6 31 6 6 19 34 8 13 19 10 6 16
split_gain=92.2994 85.7573 103.955 120.3 92.7684 447.621 291.594 498.639 326.354 169.224 178.819 143.545 124.073 116.983
threshold=-1.0926241931447518 0.9904983019613105 0.95355015554601552 90.766376480662217 0.32057553605161809 0.30255083820402656 0.63024075779556832 41.779054279054286 1.9509442535400581 77.802604884616812 0.11765399759373542 0.70833333333333337 0.28544495653294449 0.0072331451206766057
decision_type=8 2 2 2 2 2 10 2 8 8 8 2 2 10
left_child=-1 2 3 4 5 12 9 -8 -9 10 13 -11 -2 -6
right_child=1 -3 -4 -5 6 -7 7 8 -10 11 -12 -13 -14 -15
leaf_value=0.026216943856233205 -0.00070361533977693444 -0.024699032602277193 0.030963247997196099 -0.025385256737788242 0.058006099888876284 -0.067966308739622325 -0.068451973959748252 -0.03069374696725773 0.027480119394496957 -0.01804371208803994 0.062240198116217345 0.019520352476187282 0.034457235306317169 0.019520352476187282
leaf_weight=112 12159 126 90 168 68 84 96 119 234 135 135 106 86 135
leaf_count=112 12159 126 90 168 68 84 96 119 234 135 135 106 86 135
internal_value=-0.000316302 -0.000542026 -0.00030948 -0.000528945 -0.000206929 -0.000930126 0.00842903 -0.00965763 0.00706448 0.0224174 0.0359561 0.00308462 -0.000442708 0.0195204
internal_weight=13853 13741 13615 13525 13357 12329 1028 449 353 579 338 241 12245 203
internal_count=13853 13741 13615 13525 13357 12329 1028 449 353 579 338 241 12245 203
is_linear=0
shrinkage=0.03


Tree=398
num_leaves=15
num_cat=0
split_feature=6 10 26 9 9 35 6 8 31 9 9 9 19 31
split_gain=123.706 261.256 193.508 154.375 333.276 606.594 341.102 330.33 324.791 281.855 258.134 259.945 222.622 220.494
threshold=0.011356122766320777 0.81666666666666676 1.4214855071430643 1.4498381773823998 1.0545871262151587 56.809856809856818 -0.23101009549615206 -0.18898178226592408 19.799248370676946 2.4628544642468362 0.84036074175184783 0.70393695053644401 0.20935713360591637 44.17615351681286
decision_type=2 2 10 10 10 10 2 8 2 10 10 10 8 2
left_child=1 2 3 4 6 -6 8 -8 -1 -5 11 -9 -13 -11
right_child=-2 -3 -4 9 5 -7 7 10 -10 13 -12 12 -14 -15
leaf_value=-0.0019494016101765158 -0.0049917734745404127 0.044643322584433022 0.016474329987450437 0.022545711960550087 -0.058417066743627927 0.021362479155076972 0.022545711960550087 -0.00064886825064909049 -0.039778576658035698 0.0028020572232613531 0.022545711960550087 -0.0090298273712396612 -0.080683318914790789 -0.047181522010692527
leaf_weight=447 4593 117 626 480 239 129 327 4608 372 1455 162 95 63 79
leaf_count=447 4593 117 626 480 239 129 327 4608 372 1455 162 95 63 79
internal_value=-0.000973675 0.00103416 0.000448101 -0.000747359 -0.00301399 -0.0305394 -0.00132258 0.00149005 -0.019269 0.00649221 -0.000552152 -0.00196661 -0.0391991 8.30121e-05
internal_weight=13792 9199 9082 8456 6442 368 6074 5255 819 2014 4928 4766 158 1534
internal_count=13792 9199 9082 8456 6442 368 6074 5255 819 2014 4928 4766 158 1534
is_linear=0
shrinkage=0.03


Tree=399
num_leaves=15
num_cat=0
split_feature=6 25 10 11 15 19 28 19 15 6 9 8 25 28
split_gain=119.725 275.071 364.963 218.965 226.539 186.584 309.994 248.41 348.682 376.676 301.571 275.964 231.695 240.698
threshold=0.022220589320337502 0.051748539204453443 0.29166666666666669 0.11354114295290767 0.77500000000000013 -0.21439894278914282 11.500000000000002 0.41531620809648123 0.55000000000000016 0.1199457031968031 0.55392770677373637 -0.3823322326194542 0.47000362924573541 15.500000000000002
decision_type=2 8 2 2 2 8 2 8 2 2 10 8 8 2
left_child=-1 2 -2 4 -4 6 -3 8 -7 -10 -11 -9 -13 -14
right_child=1 5 3 -5 -6 7 -8 11 9 10 -12 12 13 -15
leaf_value=0.00067276434781215891 -0.056743587244440008 -0.067501078877216722 -0.0034200699063742126 -0.023982979368667043 0.022174870555011106 -0.023892370986777382 0.0069377474640977795 -0.073721055855805226 0.0015121932351584743 0.025824890379279628 0.10361314401847042 -0.03050868012168027 -0.0085945089164145994 0.044498316090967924
leaf_weight=9489 76 122 512 90 784 180 82 61 154 129 68 437 1519 76
leaf_count=9489 76 122 512 90 784 180 82 61 154 129 68 437 1519 76
internal_value=-0.00120794 -0.00536378 0.00518981 0.00877763 0.012089 -0.0108192 -0.0381294 -0.00862755 0.00963111 0.0269168 0.0545757 -0.0132717 -0.0112806 -0.00593354
internal_weight=13779 4290 1462 1386 1296 2828 204 2624 531 351 197 2093 2032 1595
internal_count=13779 4290 1462 1386 1296 2828 204 2624 531 351 197 2093 2032 1595
is_linear=0
shrinkage=0.03


end of trees

feature_importances:
Column_18=442
Column_6=376
Column_8=333
Column_5=322
Column_9=306
Column_7=248
Column_28=226
Column_31=209
Column_16=205
Column_27=204
Column_35=198
Column_25=194
Column_19=191
Column_3=184
Column_34=174
Column_32=165
Column_26=155
Column_21=153
Column_1=150
Column_17=144
Column_14=138
Column_13=131
Column_0=120
Column_29=116
Column_10=111
Column_33=83
Column_22=77
Column_15=68
Column_11=45
Column_30=42
Column_2=31
Column_20=27
Column_4=18
Column_12=8
Column_24=6

parameters:
[boosting: gbdt]
[objective: regression]
[metric: l2]
[tree_learner: serial]
[device_type: cpu]
[data_sample_strategy: bagging]
[data: ]
[valid: ]
[num_iterations: 400]
[learning_rate: 0.03]
[num_leaves: 15]
[num_threads: 0]
[seed: 42]
[deterministic: 0]
[force_col_wise: 0]
[force_row_wise: 0]
[histogram_pool_size: -1]
[max_depth: -1]
[min_data_in_leaf: 60]
[min_sum_hessian_in_leaf: 0.001]
[bagging_fraction: 0.8]
[pos_bagging_fraction: 1]
[neg_bagging_fraction: 1]
[bagging_freq: 1]
[bagging_seed: 400]
[bagging_by_query: 0]
[feature_fraction: 0.8]
[feature_fraction_bynode: 1]
[feature_fraction_seed: 30056]
[extra_trees: 0]
[extra_seed: 12879]
[early_stopping_round: 0]
[early_stopping_min_delta: 0]
[first_metric_only: 0]
[max_delta_step: 0]
[lambda_l1: 0]
[lambda_l2: 5]
[linear_lambda: 0]
[min_gain_to_split: 0]
[drop_rate: 0.1]
[max_drop: 50]
[skip_drop: 0.5]
[xgboost_dart_mode: 0]
[uniform_drop: 0]
[drop_seed: 17869]
[top_rate: 0.2]
[other_rate: 0.1]
[min_data_per_group: 100]
[max_cat_threshold: 32]
[cat_l2: 10]
[cat_smooth: 10]
[max_cat_to_onehot: 4]
[top_k: 20]
[monotone_constraints: 1,1,-1,1,1,0,0,0,0,0,1,-1,-1,-1,-1,1,-1,-1,0,0,-1,-1,-1,-1,-1,0,0,0,0,1,1,0,1,1,1,0]
[monotone_constraints_method: basic]
[monotone_penalty: 0]
[feature_contri: ]
[forcedsplits_filename: ]
[refit_decay_rate: 0.9]
[cegb_tradeoff: 1]
[cegb_penalty_split: 0]
[cegb_penalty_feature_lazy: ]
[cegb_penalty_feature_coupled: ]
[path_smooth: 0]
[interaction_constraints: ]
[verbosity: -1]
[saved_feature_importance_type: 0]
[use_quantized_grad: 0]
[num_grad_quant_bins: 4]
[quant_train_renew_leaf: 0]
[stochastic_rounding: 1]
[linear_tree: 0]
[max_bin: 255]
[max_bin_by_feature: ]
[min_data_in_bin: 3]
[bin_construct_sample_cnt: 200000]
[data_random_seed: 175]
[is_enable_sparse: 1]
[enable_bundle: 1]
[use_missing: 1]
[zero_as_missing: 0]
[feature_pre_filter: 1]
[pre_partition: 0]
[two_round: 0]
[header: 0]
[label_column: ]
[weight_column: ]
[group_column: ]
[ignore_column: ]
[categorical_feature: ]
[forcedbins_filename: ]
[precise_float_parser: 0]
[parser_config_file: ]
[objective_seed: 16083]
[num_class: 1]
[is_unbalance: 0]
[scale_pos_weight: 1]
[sigmoid: 1]
[boost_from_average: 1]
[reg_sqrt: 0]
[alpha: 0.9]
[fair_c: 1]
[poisson_max_delta_step: 0.7]
[tweedie_variance_power: 1.5]
[lambdarank_truncation_level: 30]
[lambdarank_norm: 1]
[label_gain: ]
[lambdarank_position_bias_regularization: 0]
[eval_at: ]
[multi_error_top_k: 1]
[auc_mu_weights: ]
[num_machines: 1]
[local_listen_port: 12400]
[time_out: 120]
[machine_list_filename: ]
[machines: ]
[gpu_platform_id: -1]
[gpu_device_id: -1]
[gpu_device_id_list: ]
[gpu_use_dp: 0]
[num_gpu: 1]

end of parameters

pandas_categorical:null
