tree
version=v4
num_class=1
num_tree_per_iteration=1
label_index=0
max_feature_idx=35
objective=binary sigmoid:1
feature_names=Column_0 Column_1 Column_2 Column_3 Column_4 Column_5 Column_6 Column_7 Column_8 Column_9 Column_10 Column_11 Column_12 Column_13 Column_14 Column_15 Column_16 Column_17 Column_18 Column_19 Column_20 Column_21 Column_22 Column_23 Column_24 Column_25 Column_26 Column_27 Column_28 Column_29 Column_30 Column_31 Column_32 Column_33 Column_34 Column_35
monotone_constraints=-1 -1 1 -1 -1 -1 -1 -1 -1 1 -1 1 1 1 1 -1 1 1 1 -1 1 1 1 1 1 -1 -1 -1 0 -1 -1 -1 -1 -1 -1 -1
feature_infos=[-12:24] [-12:24] [0:1] [-12:24] [-3:3] [-0.9999999976723416:0.99999998854275651] [-0.9999999927189267:0.99999999085685076] [-3:3] [-3:3] [0:5] [0:1] [0:50] [0:50] [-90:340.74255596816448] [0:3] [0:1] [-90:365] [0:3] [0.0048197344056507023:1] [-3:3] [0:1.5] [0:2] [0:1] [0:10] [-1.5:1.5] [-3:3] [-3:3] [-3:3] [1:18] [19.071125455740841:76.370508608650894] [0.44122544122544077:85.004281432852864] [5.167909014062861:98.729841586984435] [3.5502958579881665:67.678475370783062] [0.29970029970030065:82.5119325119325] [1.5651015651015676:70.712620712620705] [0.96570096570096575:97.702297702297699]
tree_sizes=1702 1782 1748 1770 1553 1774 1750 1761 1769 1777 1445 1779 1770 1781 1766 1233 1657 1772 1760 1773 1771 1666 1759 1769 1767 1755 1756 1766 1665 1781 1765 1787 1781 1680 1791 1773 1769 1782 1775 1755 1784 1790 1784 1782 1771 1772 1791 1777 1764 1775 1791 1677 1784 1780 1776 1762 1779 1782 1778 1775 1775 1785 1781 1789 1781 1770 1563 1784 1792 1786 1777 1669 1779 1790 1686 1781 1765 1785 1788 1791 1775 1787 1787 1788 1784 1795 1793 1775 1790 1773 1787 1775 1783 1777 1784 1788 1771 1782 1782 1773 1778 1677 1779 1785 1784 1789 1790 1765 1776 1778 1775 1781 1777 1784 1781 1679 1784 1779 1789 1794 1783 1782 1780 1797 1790 1775 1779 1777 1781 1792 1677 1782 1753 1774 1787 1782 1761 1675 1790 1782 1773 1782 1785 1792 1775 1782 1771 1778 1789 1778 1769 1772 1772 1781 1761 1765 1793 1796 1782 1783 1777 1786 1790 1777 1793 1778 1770 1776 1775 1762 1788 1792 1780 1779 1771 1792 1778 1784 1778 1782 1784 1774 1789 1785 1775 1777 1784 1760 1793 1770 1767 1777 1763 1771 1779 1771 1773 1737 1793 1781 1780 1777 1784 1777 1787 1758 1777 1786 1752 1786 1762 1787 1779 1759 1778 1780 1778 1785 1788 1766 1791 1781 1760 1793 1783 1772 1783 1788 1781 1784 1761 1555 1674 1789 1775 1790 1777 1785 1775 1779 1794 1786 1798 1788 1780 1760 1755 1778 1777 1787 1787 1766 1785 1774 1768 1763 1763 1784 1779 1772 1777 1766 1775 1785 1758 1762 1763 1788 1787 1773 1753 1773 1786 1778 1776 1780 1769 1772 1753 1767 1568 1778 1775 1786 1785 1788 1773 1788 1792 1784 1776 1785 1808 1786 1798 1798 1798 1773 1781 1787 1787 1786 1781 1770 1804 1772 1792 1747 1778 1759 1789 1799 1680 1774 1797 1789 1789 1672 1797 1790 1780 1781 1787 1765 1767 1783 1753 1780 1766 1773 1783 1764 1777 1778 1775 1776 1774 1761 1766 1785 1782 1745 1784 1783 1773 1773 1770 1773 1772 1779 1779 1771 1800 1788 1767 1772 1792 1792 1792 1786 1767 1771 1787 1782 1774 1789 1791 1789 1791 1753 1778 1771 1779 1786 1782 1779 1763 1761 1768 1756 1781 1779 1759 1779 1765 1779 1765 1801 1812 1791 1769 1774 1786 1783 1756 1782 1787 1759 1788 1771

Tree=0
num_leaves=15
num_cat=0
split_feature=14 2 11 23 1 14 32 32 9 29 20 29 14 16
split_gain=1615.2 1258.35 235.262 167.675 112.246 46.2587 27.9411 17.2729 15.352 10.2215 6.37869 5.84206 3.90439 2.65647
threshold=0.19350325949813543 1.0000000180025095e-35 1.0000000180025095e-35 6.770944389660727e-06 0.16511964441540369 0.28989410770962182 53.050795358487669 57.317507667158026 1.0273402597924362 40.852955347460849 0.56430169225614535 53.920802065405304 0.074962930693718136 0.31001307489020197
decision_type=2 2 2 2 10 2 2 2 8 2 10 2 2 10
left_child=1 2 3 6 -3 -2 8 -5 12 -6 -9 -10 -1 -8
right_child=5 4 -4 7 9 -7 13 10 11 -11 -12 -13 -14 -15
leaf_value=-1.1454079690019559 -1.079176730673868 -1.0855896553604956 -1.111524770999661 -1.1257141889249793 -1.0985572131800783 -1.0360392881821336 -1.151069900536142 -1.1353127707345647 -1.1353127707345647 -1.111524770999661 -1.130513479829772 -1.140191458518707 -1.140191458518707 -1.1454079690019559
leaf_weight=423.88008159399033 43.203875333070755 188.20572301745415 59.150370091199875 327.45941561460495 30.965867727994919 175.96771541237831 552.00831273198128 112.73800945281982 224.178048402071 145.37269639968872 11.125461459159849 122.38007605075836 45.428967624902725 73.98431870341301
leaf_count=2286 233 1015 319 1766 167 949 2977 608 1209 784 60 660 245 399
internal_value=-1.12033 -1.12775 -1.13746 -1.1399 -1.08559 -1.04343 -1.14491 -1.12571 -1.14097 -1.11152 -1.13531 -1.13576 -1.14462 -1.14984
internal_weight=2536.05 2316.88 1952.33 1893.18 364.544 219.172 1441.86 451.323 815.867 176.339 123.863 346.558 469.309 625.993
internal_count=13677 12495 10529 10210 1966 1182 7776 2434 4400 951 668 1869 2531 3376
is_linear=0
shrinkage=1


Tree=1
num_leaves=15
num_cat=0
split_feature=3 14 23 1 32 32 22 11 20 1 4 9 18 4
split_gain=1560.71 1230.56 343.3 121.012 107.982 86.5446 37.0798 18.7214 14.643 10.6254 8.97222 5.90868 5.74017 3.47578
threshold=-1.0000000180025095e-35 0.15125709785715405 0.00026256836396914245 0.077534971124533517 48.659731876515096 55.429186198416978 9.7139758150889365e-06 0.097767498757597784 0.54229152500235844 0.00021038710991680144 -0.24200469093685789 0.39373358116490764 0.14030088806396618 -0.15045206691258109
decision_type=8 2 2 10 2 2 2 2 10 10 10 8 10 10
left_child=3 2 4 -1 7 6 -4 10 -7 11 -2 -6 13 -11
right_child=1 -3 5 -5 9 8 -8 -9 -10 12 -12 -13 -14 -15
leaf_value=0.089783157836460376 -0.011849743328734712 0.035087829674865699 0.00098570410187487486 0.035087829674865699 -0.02420048186376662 -0.0081598607403719978 0.010131268944121748 -0.0081598607403719978 0.00098570410187487486 -0.027147961557009683 -0.017237702739289484 -0.017237702739289484 -0.02420048186376662 -0.033230434057777369
leaf_weight=161.86080013215542 112.46996876597404 233.73991341888905 156.70148773491383 51.195817664265633 172.80989529192448 153.37454514205456 214.91042371094227 35.059756070375443 16.27832792699337 292.90270909667015 203.57857111096382 110.47185234725475 291.03889527916908 325.56455746293068
leaf_count=857 612 1220 847 273 944 831 1157 188 88 1598 1108 602 1589 1778
internal_value=0.000318698 -0.00688263 -0.0148253 0.0770583 -0.0220144 0.00569471 0.0101313 -0.00815986 -0.00815986 -0.0263155 -0.0155396 -0.0203482 -0.0280528 -0.0300954
internal_weight=2531.96 2318.9 2085.16 213.057 1543.9 541.265 371.612 351.108 169.653 1192.79 316.049 283.282 909.506 618.467
internal_count=13692 12562 11342 1130 8419 2923 2004 1908 919 6511 1720 1546 4965 3376
is_linear=0
shrinkage=0.03


Tree=2
num_leaves=15
num_cat=0
split_feature=3 32 32 34 1 11 21 12 9 23 18 32 3 32
split_gain=1319.81 1078.16 169.967 158.572 113.782 78.053 37.9636 31.6945 16.6815 13.2604 13.0941 7.2975 3.22143 2.13481
threshold=-1.0000000180025095e-35 48.659731876515096 36.052409129332219 32.692307692307701 0.10339900256836758 0.04318135236356184 0.016520045575699579 1.0000000180025095e-35 inf 0.014450280519572105 0.078245826800036056 40.284889935239597 0.60475248337322229 54.948897256589568
decision_type=8 2 2 2 10 2 2 2 8 2 10 2 10 2
left_child=4 2 -2 9 -1 6 11 8 10 -3 12 -4 -5 -10
right_child=1 3 5 7 -6 -7 -8 -9 13 -11 -12 -13 -14 -15
leaf_value=0.081180487359583428 0.031768885279656503 -0.011321166892524055 0.0068226144850710418 -0.026215100989132163 0.031768885279656503 0.021023471698256628 0.012310297834997611 -0.011321166892524055 -0.018110160684465044 0.001334931135144473 -0.022367697908442605 0.001334931135144473 -0.032989886214541228 -0.022367697908442605
leaf_weight=172.36198402941227 295.83531220257282 50.73362785577774 128.27660664916039 323.01094807684422 48.064165458083153 51.532856658101082 76.668863534927368 23.438042968511581 175.54415082931519 144.54779760539532 464.57917161285877 206.64388456940651 302.35751989483833 90.692743733525276
leaf_count=875 1557 279 688 1784 252 276 409 128 962 781 2558 1124 1675 501
internal_value=0.000447797 -0.00623489 0.0230415 -0.0203717 0.0697727 0.0102781 0.00359712 -0.0239773 -0.0248992 0.00133493 -0.0266252 0.00133493 -0.0297263 -0.0181102
internal_weight=2554.29 2333.86 758.958 1574.9 220.426 463.122 411.589 1379.62 1356.18 195.281 1089.95 334.92 625.368 266.237
internal_count=13849 12722 4054 8668 1127 2497 2221 7608 7480 1060 6017 1812 3459 1463
is_linear=0
shrinkage=0.03


Tree=3
num_leaves=15
num_cat=0
split_feature=14 30 11 23 32 32 1 3 14 20 3 16 9 35
split_gain=1372.07 1178.78 264.62 157.724 43.8496 19.2497 13.9194 11.8386 5.16756 4.72036 4.35196 3.86871 3.14073 0.26407
threshold=0.25740724689093381 27.793634936492083 1.0000000180025095e-35 2.1354507459986294e-08 48.7596319764152 57.317507667158026 9.7725857898974606 0.0008997212295169736 0.04149420284324188 0.36682843204032839 0.0073969820565936723 7.5820104109869524 0.33047978005438511 13.103563103563106
decision_type=2 2 2 2 2 2 10 10 2 10 10 10 8 10
left_child=1 -1 3 4 8 -5 -2 12 10 -7 -3 13 -6 -9
right_child=6 2 -4 5 7 9 -8 11 -10 -11 -12 -13 -14 -15
leaf_value=0.033821532778894263 0.077706770038796183 -0.01556669787967474 0.009565784228653406 -0.0039556654906561239 -0.023108396054243075 -0.013132444390667884 0.039382698168551201 -0.025563269102113467 -0.013132444390667884 -0.0085440549406620037 -0.019162266574581765 -0.023108396054243075 -0.019162266574581765 -0.029274665976466045
leaf_weight=292.86653651297092 178.64171196520329 27.958104953169823 74.001147389411926 350.6064718067646 167.36532168090343 117.39419975876808 26.19964300096035 204.10177916288376 121.32908853888512 12.691448777914045 201.79901418089867 51.700446560978889 107.34085342288017 606.12881740927696
leaf_count=1492 897 152 393 1895 937 645 132 1143 650 69 1103 289 594 3411
internal_value=0.000372873 -0.00621716 -0.01469 -0.0174771 -0.0223092 -0.00395567 0.0738602 -0.0251921 -0.0131324 -0.0131324 -0.018001 -0.0270545 -0.0191623 -0.0280181
internal_weight=2540.12 2335.28 2042.42 1968.42 1487.72 480.692 204.841 1136.64 351.086 130.086 229.757 861.931 274.706 810.231
internal_count=13802 12773 11281 10888 8279 2609 1029 6374 1905 714 1255 4843 1531 4554
is_linear=0
shrinkage=0.03


Tree=4
num_leaves=13
num_cat=0
split_feature=14 30 11 23 14 16 3 34 29 20 1 28
split_gain=1224.82 1044.46 243.572 155.524 42.6831 28.232 26.7142 11.5814 6.9617 7.06784 4.81425 0.91791
threshold=0.19350325949813543 27.793634936492083 1.0000000180025095e-35 2.1354507459986294e-08 0.27243223978610498 6.9936460768208013 1.0000000180025095e-35 54.329004329004341 51.282675070685976 0.22628957764408719 9.7725857898974606 13.500000000000002
decision_type=2 2 2 2 2 10 10 2 2 10 10 2
left_child=1 -1 3 5 -2 6 -3 11 -5 -10 -6 -8
right_child=4 2 -4 8 10 -7 7 -9 9 -11 -12 -13
leaf_value=0.028745114562908437 0.029631604268676025 -0.018912850905526007 0.0070966225053363174 -0.0051526776650782273 0.072781005913612584 -0.013782820012408051 -0.022746115240346972 -0.029769593440849521 -0.013782820012408051 -0.0084933178663163609 0.049569494885914785 -0.026257854340598248
leaf_weight=289.60162742435932 39.493657350540161 262.89959582686424 74.1583062261343 277.75287282466888 180.35930366814137 171.88678327202797 343.50069798529148 559.2926424741745 192.19281813502312 19.168105438351631 24.060170486569405 101.19029082357883
leaf_count=1453 201 1476 392 1508 875 951 1946 3174 1053 104 119 572
internal_value=0.000566429 -0.00628551 -0.0145519 -0.017402 0.0637757 -0.022413 -0.0240429 -0.0265794 -0.00515268 -0.011834 0.0695074 -0.0227461
internal_weight=2535.56 2291.64 2002.04 1927.88 243.913 1438.77 1266.88 1003.98 489.114 211.361 204.419 444.691
internal_count=13824 12629 11176 10784 1195 8119 7168 5692 2665 1157 994 2518
is_linear=0
shrinkage=0.03


Tree=5
num_leaves=15
num_cat=0
split_feature=3 32 34 1 32 18 34 23 1 23 22 22 7 3
split_gain=1115.71 920.807 234.315 85.4819 82.647 34.1265 25.8896 25.6404 12.3363 5.10554 4.86053 3.57659 2.85449 0.917135
threshold=-1.0000000180025095e-35 40.284889935239597 31.518481518481519 0.10339900256836758 48.7596319764152 0.1698138011469898 47.625707625707633 0.0011329557892752438 0.019328645257373468 0.014450280519572105 0.00075861166510202875 1.0000000180025095e-35 -0.41309505837783073 0.27563031470859056
decision_type=8 2 2 10 2 8 2 2 10 2 2 2 10 10
left_child=3 5 9 -1 11 6 -2 8 -6 -3 -10 12 -4 -9
right_child=1 2 4 -5 7 -7 -8 13 10 -11 -12 -13 -14 -15
leaf_value=0.072169161633785603 0.018093733361934958 -0.0066605542595429531 -0.010671901833057539 0.028415251344071538 -0.019653349523120027 0.028415251344071538 0.0064465609381949328 -0.014683249406572126 -0.028610844383974692 0.0064465609381949328 -0.023165523551021163 -0.0066605542595429531 -0.014683249406572126 -0.019653349523120027
leaf_weight=181.96910732984543 36.948591068387032 48.169313758611679 22.819829061627388 49.884972915053368 296.36809106171131 386.23679785430431 49.57694086432457 151.00313457846642 576.68862184882164 186.54271030426025 244.41318212449551 167.22306551039219 47.751758798956871 74.402232155203819
leaf_count=866 193 269 126 253 1687 1973 265 830 3335 1002 1408 912 264 413
internal_value=0.000623503 -0.00578041 -0.0155221 0.0626109 -0.0197677 0.0284153 0.00777222 -0.0227059 -0.0246234 0.00644656 -0.0266777 -0.00666055 -0.0146832 -0.0146832
internal_weight=2520 2288.14 1815.38 231.854 1580.67 472.762 86.5255 1342.88 1117.47 234.712 821.102 237.795 70.5716 225.405
internal_count=13796 12677 10246 1119 8975 2431 458 7673 6430 1271 4743 1302 390 1243
is_linear=0
shrinkage=0.03


Tree=6
num_leaves=15
num_cat=0
split_feature=14 2 34 32 14 30 32 32 29 18 35 7 28 18
split_gain=1123.01 909.214 184.436 80.0192 34.4778 33.4921 27.0281 20.9498 16.0748 15.9241 15.6555 8.02368 4.37765 3.12188
threshold=0.19350325949813543 0.012163561076604556 33.707958707958717 48.7596319764152 0.43982366947471624 24.500499500499505 58.967955121801282 54.653039268423889 45.225325512538312 0.94519274960236543 34.182484182484195 0.027491813581892902 12.500000000000002 0.11951571351005436
decision_type=2 2 2 2 2 2 2 2 2 8 10 10 2 10
left_child=1 2 6 9 13 -3 -1 10 -7 11 -5 -4 -12 -2
right_child=4 5 3 7 -6 8 -8 -9 -10 -11 12 -13 -14 -15
leaf_value=0.0057519878670198353 0.026697947230629591 0.026697947230629591 -0.010240110292213611 -0.0149065337244656 0.068868169616352073 0.016376253820146264 -0.0065914475387320601 -0.027175789026097113 0.0057519878670198353 -0.0065914475387320601 -0.022991960922523896 -0.0149065337244656 -0.018949247323494747 0.044386790264397374
leaf_weight=182.76842513680458 16.280079171061516 225.06183667480946 137.30807568132877 283.01676627993584 162.46838781237602 53.259149760007858 70.389927744865417 558.16847935318947 105.31118920445442 125.5942167788744 304.93921832740307 132.79018208384514 77.163133889436722 73.601877614855766
leaf_count=985 79 1073 752 1625 760 281 392 3261 581 689 1761 731 446 354
internal_value=0.000388394 -0.00637179 -0.015194 -0.0189349 0.0597677 0.0266979 0.00575199 -0.0227213 0.00605456 -0.00709181 -0.0188081 -0.0138888 -0.022992 0.0405556
internal_weight=2508.12 2255.77 1872.14 1618.98 252.35 383.632 253.158 1223.29 158.57 395.692 665.119 270.098 382.102 89.882
internal_count=13770 12577 10642 9265 1193 1935 1377 7093 862 2172 3832 1483 2207 433
is_linear=0
shrinkage=0.03


Tree=7
num_leaves=15
num_cat=0
split_feature=14 2 34 32 14 1 1 32 18 18 29 34 9 28
split_gain=991.65 871.234 198.385 75.3911 34.9366 29.1219 20.518 16.8812 14.0391 11.1644 11.0542 6.42948 5.77976 3.87494
threshold=0.19350325949813543 1.0000000180025095e-35 34.049284049284054 48.659731876515096 0.28989410770962182 0.22185491369092439 0.010982208033670485 59.175439944670721 0.39706591278895337 0.14030088806396618 45.225325512538312 51.764901764901772 0.84036074175184783 11.500000000000002
decision_type=2 2 2 2 2 10 10 2 8 10 2 2 8 2
left_child=1 2 7 8 -2 -3 12 -1 -4 11 -7 -8 13 -5
right_child=4 5 3 6 -6 10 9 -9 -10 -11 -12 -13 -14 -15
leaf_value=0.0054401088391513568 0.029394643884822796 0.025339612784907775 -0.01437788677936026 -0.020394216752929784 0.062088230537600098 0.015389860812029567 -0.023935520816407103 -0.0065016885915926302 -0.0065016885915926302 -0.020394216752929784 0.0054401088391513568 -0.030742096958385898 -0.01437788677936026 -0.017034391692851966
leaf_weight=180.87532959878445 50.644771635532379 231.944215670228 141.16306239366531 201.76253220438957 204.23964899778366 59.508649438619614 227.01462504267693 74.773536622524261 239.65992401540279 268.5599035769701 103.56065519154072 335.2926729619503 136.70350061357021 49.612659230828285
leaf_count=972 246 1098 781 1168 934 310 1338 418 1321 1584 568 2005 779 287
internal_value=0.000792288 -0.0056034 -0.0144594 -0.0184435 0.0562826 0.0253396 -0.0220766 0.00544011 -0.00667919 -0.0248143 0.00544011 -0.0274768 -0.0159741 -0.0196909
internal_weight=2505.32 2250.43 1855.42 1599.77 254.884 395.014 1218.95 255.649 380.823 830.867 163.069 562.307 388.079 251.375
internal_count=13809 12629 10653 9263 1180 1976 7161 1390 2102 4927 878 3343 2234 1455
is_linear=0
shrinkage=0.03


Tree=8
num_leaves=15
num_cat=0
split_feature=30 14 34 32 3 21 3 34 32 18 7 9 33 28
split_gain=953.003 845.674 232.249 80.8741 45.3902 41.3924 21.9472 12.8287 12.2782 8.72041 9.72082 7.63835 5.51998 2.77112
threshold=22.234907949193666 0.079070203122113908 33.707958707958717 48.7596319764152 -0.107476787000178 0.0099992119154716057 0.017869556912909201 52.847152847152856 59.317605471451635 0.99999855756485645 1.0000000180025095e-35 0.15147656392170469 49.686424686424694 11.500000000000002
decision_type=2 2 2 2 10 2 10 2 2 8 10 8 2 2
left_child=4 2 8 9 -1 -6 11 -8 -2 10 -4 13 -9 -5
right_child=1 -3 3 6 5 -7 7 12 -10 -11 -12 -13 -14 -15
leaf_value=0.067877314789662344 0.0063002517045724097 0.025813197390074389 -0.0083590773855004661 -0.019687758325116336 0.025813197390074389 0.052598692309396192 -0.019687758325116336 -0.023647640323768836 -0.0056902584595105781 -0.0056902584595105781 -0.013470822260715307 -0.013470822260715307 -0.030453857320710619 -0.016577826672995594
leaf_weight=146.91386230289936 205.58060856163502 332.45409081876278 132.54461036622524 186.50340563058853 52.73744760453701 43.302697747945786 374.97853867709637 149.37170094251633 80.728323847055435 83.645087778568268 147.84093815088272 186.76267264783382 324.79731597006321 46.125347480177879
leaf_count=669 1095 1589 732 1092 251 206 2222 900 450 460 819 1073 1964 269
internal_value=0.000969163 -0.00516773 -0.0132127 -0.0176808 0.0567941 0.0373201 -0.0212514 -0.0240924 0.00630025 -0.00569026 -0.0110279 -0.0152832 -0.0276075 -0.0196848
internal_weight=2494.29 2251.33 1918.88 1632.57 242.954 96.0401 1268.54 849.148 286.309 364.031 280.386 419.391 474.169 232.629
internal_count=13791 12665 11076 9531 1126 457 7520 5086 1545 2011 1551 2434 2864 1361
is_linear=0
shrinkage=0.03


Tree=9
num_leaves=15
num_cat=0
split_feature=14 30 23 32 32 14 27 3 22 20 22 1 22 33
split_gain=884.995 751.701 226.652 82.2165 51.9649 35.8716 10.385 9.15442 8.51218 7.08613 4.86378 4.6319 4.5009 3.12248
threshold=0.19350325949813543 26.10306360306361 2.1354507459986294e-08 48.7596319764152 55.936371320986709 0.27243223978610498 0.040624146573874149 1.6941470186605069e-16 0.00075861166510202875 0.50571228417593661 1.4518193443827046e-06 9.0915505007591531 6.3572559321731841e-05 49.686424686424694
decision_type=2 2 2 2 2 2 10 10 2 10 2 10 2 2
left_child=1 -1 3 6 10 -2 -3 -5 13 -6 -4 -7 -8 -9
right_child=5 2 4 7 9 11 12 8 -10 -11 -12 -13 -14 -15
leaf_value=0.023417144187779938 0.023994944036448206 -0.0071010651542188956 -0.00077023581169243503 -0.016857349633954934 -0.0071010651542188956 0.059829891609374124 -0.014994274359275242 -0.023786982672592955 -0.02069131338375977 -0.00077023581169243503 0.0055605935308340251 0.040467103584877415 -0.010899426025676211 -0.029129074299588494
leaf_weight=274.5541568249464 46.23728121817112 195.06357909739017 153.06458853185177 233.88218779861927 146.15541875362396 194.81135146319866 71.224268674850464 178.44296059012413 243.48351296782494 15.525610208511351 214.67044894397259 30.740650922060013 95.814201757311821 382.7324438393116
leaf_count=1284 221 1078 862 1385 830 863 399 1090 1465 85 1146 139 533 2350
internal_value=0.00130218 -0.00503512 -0.012296 -0.0185985 0.00439642 0.0518694 -0.00710107 -0.0228875 -0.0245253 -0.00710107 0.00556059 0.0569393 -0.0146978 -0.0268827
internal_weight=2476.4 2204.61 1930.06 1400.64 529.416 271.789 362.102 1038.54 804.659 161.681 367.735 225.552 167.038 561.175
internal_count=13730 12507 11223 8300 2923 1223 2010 6290 4905 915 2008 1002 932 3440
is_linear=0
shrinkage=0.03


Tree=10
num_leaves=12
num_cat=0
split_feature=3 14 34 11 1 12 4 16 0 34 33
split_gain=850.543 718.083 256.917 92.2784 62.7353 29.4156 26.0578 11.8388 3.67723 3.20667 1.89147
threshold=-1.0000000180025095e-35 0.079070203122113908 33.707958707958717 0.037404624154530983 0.077534971124533517 1.0000000180025095e-35 -0.24200469093685789 0.051868964468754053 0.35215566382589986 35.235597735597743 50.023865023865035
decision_type=8 2 2 2 10 2 10 10 10 2 2
left_child=4 2 -2 5 -1 6 8 -8 -4 -6 -10
right_child=1 -3 3 -5 9 -7 7 -9 10 -11 -12
leaf_value=0.061353085404405309 0.0059147859591566956 0.024173274839172556 -0.016782885956075341 -0.0057199553762840001 0.042610482790982042 -0.012666695900256092 -0.027825885891136746 -0.020983252364486116 -0.01862699578022756 0.024173274839172556 -0.020983252364486116
leaf_weight=192.17795947194099 298.86991772055626 334.2086525708437 435.3011744171381 44.100483849644661 12.57959735393524 42.892658933997154 533.44895896315575 187.878124371171 99.605059891939163 43.680553361773491 242.55150257050991
leaf_count=849 1605 1564 2561 234 60 245 3253 1094 594 212 1479
internal_value=0.00110691 -0.00482956 -0.0123437 -0.0173547 0.0531761 -0.0196134 -0.0208991 -0.0251075 -0.016859 0.0241733 -0.0204711
internal_weight=2467.29 2218.86 1884.65 1585.78 248.438 1541.68 1498.78 721.327 777.458 56.2602 342.157
internal_count=13750 12629 11065 9460 1121 9226 8981 4347 4634 272 2073
is_linear=0
shrinkage=0.03


Tree=11
num_leaves=15
num_cat=0
split_feature=3 32 14 11 23 1 30 23 16 4 13 30 34 34
split_gain=845.411 686.175 180.482 120.726 106.78 59.2507 39.6041 10.6455 10.415 12.3738 7.87781 2.75283 1.94003 1.44869
threshold=-1.0000000180025095e-35 48.659731876515096 0.17640182550893177 1.0000000180025095e-35 0.00026256836396914245 0.077534971124533517 40.530897673754829 2.1354507459986294e-08 7.5820104109869524 -0.26315589197207373 -2.5054026490662813 64.753104038818336 46.85814185814187 54.953379953379972
decision_type=8 2 2 2 2 10 2 2 10 10 10 2 2 2
left_child=5 2 3 7 8 -1 -6 -2 9 13 -8 -11 -12 -3
right_child=1 4 -4 -5 6 -7 10 -9 -10 11 12 -13 -14 -15
leaf_value=0.060916414943656426 0.00068558859285810234 -0.017400241140998484 0.024269848060723076 0.014694363378232803 0.00068558859285810234 0.024269848060723076 -0.01233882312777446 0.0076899759855454542 -0.01233882312777446 -0.023221147853065616 -0.0054634934836986001 -0.030414596752113152 -0.0089011583057365291 -0.020555562823948815
leaf_weight=195.11393569409847 314.67141242325306 134.00002337992191 248.87863746285439 75.691983461380005 107.91933590173721 57.08343194425106 152.64551205933094 133.63397431373596 51.635727673768997 293.97800958156586 37.891364470124245 178.36683450639248 73.390502393245697 390.55121199786663
leaf_count=847 1776 822 1102 392 586 273 868 711 314 1830 209 1133 425 2404
internal_value=0.00155193 -0.00447249 0.0182024 0.00511888 -0.0168313 0.0530122 -0.00296707 0.000685589 -0.0217106 -0.0224617 -0.0116126 -0.0262277 -0.00546349 -0.0188548
internal_weight=2445.45 2193.25 772.876 523.997 1420.38 252.197 371.847 448.305 1048.53 996.896 263.927 472.345 111.282 524.551
internal_count=13692 12572 3981 2879 8591 1120 2088 2487 6503 6189 1502 2963 634 3226
is_linear=0
shrinkage=0.03


Tree=12
num_leaves=15
num_cat=0
split_feature=14 2 23 11 22 14 1 18 18 4 33 14 1 0
split_gain=739.759 644.408 165.112 58.6931 39.7631 39.7397 23.0746 18.0036 4.61767 4.41433 3.38627 3.19716 2.86827 2.5076
threshold=0.17640182550893177 1.0000000180025095e-35 2.1354507459986294e-08 0.29629694660509548 1.4518193443827046e-06 0.28989410770962182 0.0031494166352515492 0.49606927164596359 0.1698138011469898 -0.16168531457734081 46.378621378621382 0.022884996909553409 0.36686286819634878 0.99091369621107639
decision_type=2 2 2 2 2 2 10 10 8 10 2 2 10 10
left_child=1 2 3 6 11 10 -1 9 -7 -8 -2 -4 -3 -14
right_child=5 12 4 -5 -6 8 7 -9 -10 -11 -12 -13 13 -15
leaf_value=-0.013946163368840003 0.031988559298813085 0.021031790216979044 -0.0077623573722878135 -0.0077623573722878135 0.0041830921307374567 0.037768220116125614 -0.021803473120762751 -0.018184704641857209 0.054884301379967297 -0.028193724937232767 0.021031790216979044 -0.0017896326207751782 0.010095829313296077 0.0041830921307374567
leaf_weight=288.91395878791809 40.637948513031006 273.05557286739349 156.62689824402332 28.48983159661293 294.06730258464813 15.335256293416021 303.27444231510162 299.84481982886791 205.40564922988415 367.07811315357685 22.015918970108032 13.577189505100248 64.00359845161438 65.498619467020035
leaf_count=1745 190 1238 903 152 1617 66 1896 1807 883 2311 103 73 343 368
internal_value=0.00148384 -0.00454623 -0.0126656 -0.0181781 0.00265336 0.0466098 -0.02013 -0.0224232 0.0527032 -0.0254222 0.0228332 -0.00776236 0.0210318 0.00418309
internal_weight=2437.83 2154.43 1751.87 1287.6 464.271 283.395 1259.11 970.197 220.741 670.353 62.6539 170.204 402.558 129.502
internal_count=13695 12453 10504 7911 2593 1242 7759 6014 949 4207 293 976 1949 711
is_linear=0
shrinkage=0.03


Tree=13
num_leaves=15
num_cat=0
split_feature=3 32 14 11 20 0 12 4 21 16 0 34 23 33
split_gain=711.863 654.167 146.81 120.98 105.059 66.0886 41.9083 22.7077 15.3661 7.80606 7.23288 6.18921 5.18771 2.21613
threshold=-1.0000000180025095e-35 48.659731876515096 0.19350325949813543 0.037404624154530983 0.40311766009587019 0.00052180070069477488 1.0000000180025095e-35 -0.98328589779672482 2.6527730054526942e-05 -8.100072707496242 0.47129662360535335 54.329004329004341 2.1354507459986294e-08 45.946275946275954
decision_type=8 2 2 2 10 10 2 10 2 10 10 2 2 2
left_child=5 2 3 12 6 -1 7 11 -7 10 -9 -3 -2 -13
right_child=1 4 -4 -5 -6 8 -8 9 -10 -11 -12 13 -14 -15
leaf_value=0.058703713590463356 0.00078513683523644519 -0.01436902898557813 0.021997854664696576 0.013721400667975942 0.00078513683523644519 0.021997854664696576 -0.0088138874330567669 -0.022649471573594933 0.041633240036180311 -0.019416947232076074 -0.029467492818118945 -0.016595177658007668 0.0072532687516061933 -0.019416947232076074
leaf_weight=173.74833686649799 318.68093597888947 237.96203377842903 251.20054475963116 79.979854196310043 43.744495749473572 55.197321310639381 37.709039390087128 202.27897226810455 31.774769350886345 223.99111944437027 305.4723759740591 48.059749990701675 137.98458024859428 305.80579856038094
leaf_count=738 1813 1408 1085 411 237 255 214 1244 142 1392 1952 299 729 1920
internal_value=0.00161491 -0.00399563 0.0178166 0.00544495 -0.0162463 0.0479913 -0.0184129 -0.0199242 0.0245628 -0.0235394 -0.025882 -0.0152945 0.000785137 -0.0188213
internal_weight=2453.59 2192.87 787.846 536.645 1405.02 260.72 1361.28 1323.57 86.9721 731.742 507.751 591.828 456.666 353.866
internal_count=13839 12704 4038 2953 8666 1135 8429 8215 397 4588 3196 3627 2542 2219
is_linear=0
shrinkage=0.03


Tree=14
num_leaves=15
num_cat=0
split_feature=3 32 14 34 11 2 34 12 4 20 30 34 34 16
split_gain=694.576 639.813 144.589 110.402 109.075 27.3243 29.2603 23.5506 18.989 9.71766 9.89209 8.29803 5.47475 4.5181
threshold=-1.0000000180025095e-35 48.659731876515096 0.19350325949813543 32.950382950382952 1.0000000180025095e-35 0.44097222222222227 50.959040959040962 1.0000000180025095e-35 -0.26315589197207373 0.36682843204032839 35.596546310832032 48.401598401598413 21.603396603396607 -22.78953264225413
decision_type=8 2 2 2 2 2 2 2 10 10 2 2 2 10
left_child=5 2 4 9 12 6 -1 8 11 10 -3 -5 -2 -10
right_child=1 3 -4 7 -6 -7 -8 -9 13 -11 -12 -13 -14 -15
leaf_value=0.047106388102202572 0.0065911960123117581 -0.0043053134743767409 0.021193755180432285 -0.015479316208060876 0.012972006928203746 0.058723921113298411 0.021193755180432285 -0.0099341979497583732 -0.027752121064779926 0.0002103850964197712 -0.0099341979497583732 -0.020381535171991403 0.0002103850964197712 -0.021319050145169813
leaf_weight=85.16605344414711 35.499462693929672 44.577685251832008 254.32030838727951 203.97635437548161 78.730831936001778 115.82818949222565 60.49077895283699 20.843292251229286 361.07222758233547 37.91726116836071 109.15015864372253 443.43025580048561 420.25351947546005 173.42889897525311
leaf_count=368 180 241 1092 1237 401 489 268 125 2360 202 613 2820 2355 1112
internal_value=0.00111599 -0.0044553 0.0170708 -0.01665 0.00475026 0.0468428 0.0357594 -0.0200788 -0.0210244 0.000210385 -0.00882101 -0.0172778 0.000210385 -0.0253603
internal_weight=2444.69 2183.2 788.804 1394.4 534.484 261.485 145.657 1202.75 1181.91 191.645 153.728 647.407 455.753 534.501
internal_count=13863 12738 4028 8710 2936 1125 636 7654 7529 1056 854 4057 2535 3472
is_linear=0
shrinkage=0.03


Tree=15
num_leaves=10
num_cat=0
split_feature=14 30 11 23 14 3 18 34 14
split_gain=657.046 605.953 189.935 134.198 35.4487 17.2536 8.3769 9.35955 4.14669
threshold=0.26869603650985069 27.793634936492083 1.0000000180025095e-35 2.1354507459986294e-08 0.04149420284324188 1.0000000180025095e-35 0.5468255687846223 53.521478521478535 0.45503683561911862
decision_type=2 2 2 2 2 10 10 2 2
left_child=1 -1 3 4 5 -3 7 -7 -2
right_child=8 2 -4 -5 -6 6 -8 -9 -10
leaf_value=0.022542559273354492 0.035047862132863462 -0.015663531885438727 0.006150001817820154 -0.0035473809303447753 -0.010957448938327978 -0.021680926241571429 -0.019021716102357828 -0.027894769852971655 0.0522587582381661
leaf_weight=329.79283554852009 66.551516428589821 231.13450539112091 80.016441702842712 475.07280203700066 134.10585807263851 301.18161605298519 242.30138598382473 404.11533863842487 175.63968187570572
leaf_count=1492 282 1439 413 2682 713 1935 1519 2668 737
internal_value=0.00195975 -0.00324886 -0.0102426 -0.0132448 -0.0183675 -0.0203696 -0.0223799 -0.0243401 0.048334
internal_weight=2439.91 2197.72 1867.93 1787.91 1312.84 1178.73 947.598 705.297 242.191
internal_count=13880 12861 11369 10956 8274 7561 6122 4603 1019
is_linear=0
shrinkage=0.03


Tree=16
num_leaves=14
num_cat=0
split_feature=14 2 23 11 14 32 18 3 1 33 4 34 34
split_gain=603.286 578.303 159.914 59.9216 35.2304 32.7105 21.0256 17.2827 6.32821 5.13923 3.36101 2.35818 1.04945
threshold=0.16781155128206288 1.0000000180025095e-35 2.1354507459986294e-08 0.092044971995751457 0.27243223978610498 57.317507667158026 0.5468255687846223 0.052228680512927304 15.480061916039768 46.728271728271729 -0.24200469093685789 48.626373626373642 48.2933732933733
decision_type=2 2 2 2 2 2 10 10 10 2 10 2 2
left_child=1 2 3 6 11 12 7 -1 -6 -8 -9 -2 -4
right_child=4 -3 5 -5 8 -7 9 10 -10 -11 -12 -13 -14
leaf_value=-0.01786121965784274 0.029648356475693045 0.018644068224094434 0.0033753699372073751 -0.0072361667311159686 0.048752024000103582 -0.0072361667311159686 -0.013426600368302106 -0.021617326689810153 0.032559825376795609 -0.01786121965784274 -0.02784971957059686 0.018644068224094434 -0.0019303983969542965
leaf_weight=244.63675051927567 26.888401389122009 417.26695938408375 202.17965571582317 33.28645047545433 215.30497874319553 119.93118742108345 187.44739736616611 242.30814701318741 25.776817619800568 181.54106436669827 349.97234061360359 35.087405323982239 145.1022816747427
leaf_count=1552 126 1988 1086 177 895 706 1159 1593 109 1156 2325 164 848
internal_value=0.00186744 -0.00381508 -0.0118933 -0.0175138 0.0411032 0.00304146 -0.019617 -0.0222958 0.0463453 -0.0134266 -0.0253734 0.0187744 0.00337537
internal_weight=2426.73 2123.67 1706.41 1239.19 303.058 467.213 1205.91 836.917 241.082 368.988 592.28 61.9758 347.282
internal_count=13884 12590 10602 7962 1294 2640 7785 5470 1004 2315 3918 290 1934
is_linear=0
shrinkage=0.03


Tree=17
num_leaves=15
num_cat=0
split_feature=30 32 14 11 34 0 21 28 2 0 13 34 23 32
split_gain=608.436 559.897 127.713 106.065 96.1069 31.6232 25.3413 17.8173 11.7077 7.2968 7.80957 6.33448 4.75208 4.67607
threshold=21.317967746539178 48.7596319764152 0.19350325949813543 1.0000000180025095e-35 33.449883449883451 -1.0000000180025095e-35 0.0099992119154716057 2.5000000000000004 0.047010281385281398 0.35215566382589986 -30.956889671101873 54.224941724941736 0.00026256836396914245 54.948897256589568
decision_type=2 2 2 2 2 10 2 2 2 10 10 2 2 2
left_child=5 2 3 -2 12 -1 -7 13 9 11 -11 -9 -3 -6
right_child=1 4 -4 -5 7 6 -8 8 -10 10 -12 -13 -14 -15
leaf_value=0.052543229342029887 0.0003538894106884144 -0.0092064791088484303 0.020620620948195396 0.012775204553079214 -0.0092064791088484303 0.020620620948195396 0.039821784032778106 -0.015378427398008496 -0.0092064791088484303 -0.028412092086482685 -0.021169968997574545 -0.021169968997574545 0.0003538894106884144 -0.017136663919647379
leaf_weight=172.04000410437584 456.44391389191151 34.6023800522089 264.43017654120922 78.685219913721085 149.90366354584694 48.119273871183395 35.883588060736656 162.30349411070347 58.367657229304314 263.75871780514717 203.87947058677673 234.91032339632511 153.26977050304413 79.324430018663406
leaf_count=708 2562 211 1110 398 951 215 159 1017 336 1819 1375 1556 836 518
internal_value=0.00163295 -0.00363361 0.0161732 0.00492979 -0.0154655 0.0448749 0.0271003 -0.0187668 -0.0206512 -0.0215504 -0.0243656 -0.0179744 0.000353889 -0.0108987
internal_weight=2395.92 2139.88 799.559 535.129 1340.32 256.043 84.0029 1152.45 923.22 864.852 467.638 397.214 187.872 229.228
internal_count=13771 12689 4070 2960 8619 1082 374 7572 6103 5767 3194 2573 1047 1469
is_linear=0
shrinkage=0.03


Tree=18
num_leaves=15
num_cat=0
split_feature=32 30 11 0 23 20 4 33 21 16 34 29 32 17
split_gain=564.042 275.902 217.238 135.304 76.8516 44.9393 22.1684 9.81968 9.45498 6.16337 5.04882 4.52389 3.84048 3.31824
threshold=48.7596319764152 34.28357356928786 1.0000000180025095e-35 -1.0000000180025095e-35 6.770944389660727e-06 0.36682843204032839 -0.63559419129389594 35.246499532213825 1.0000000180025095e-35 -1.0000000180025095e-35 49.467199467199478 48.435355686604446 48.101898101898108 0.050215880278169998
decision_type=2 2 2 10 2 10 10 2 2 10 2 2 2 2
left_child=2 -2 3 11 7 6 10 13 -6 -8 -3 -1 -4 -5
right_child=1 5 12 4 8 -7 9 -9 -10 -11 -12 -13 -14 -15
leaf_value=0.036836398057178428 0.0053906026382143394 -0.012300391267616078 0.062365727125304256 0.0097019588930178837 0.014013315147821429 -0.0058497334160111727 -0.02520607136125563 0.0053906026382143394 0.022636027657428517 -0.018482556865513061 -0.016817706084414321 0.022636027657428517 0.036836398057178428 0.014013315147821429
leaf_weight=108.90081787109375 334.05328929424286 193.90801951289177 97.31941494345665 47.788709983229637 71.573149412870407 32.569291800260544 406.03662447631359 309.2718273550272 109.33160749077797 172.73789472877979 337.84899845719337 49.441681146621704 13.019983261823652 106.58372144401073
leaf_count=465 1755 1189 466 256 357 180 2753 1648 522 1143 2253 244 66 517
internal_value=0.00187963 -0.0095708 0.020352 0.0147144 0.00843566 -0.0170901 -0.018751 0.0053906 0.022636 -0.0228873 -0.0140778 0.0368364 0.0589584 0.0140133
internal_weight=2390.39 1477.15 913.231 802.892 644.549 1143.1 1110.53 463.644 180.905 578.775 531.757 158.342 110.339 154.372
internal_count=13814 9273 4541 4009 3300 7518 7338 2421 879 3896 3442 709 532 773
is_linear=0
shrinkage=0.03


Tree=19
num_leaves=15
num_cat=0
split_feature=14 30 23 11 14 20 3 12 18 33 29 33 11 14
split_gain=524.392 456.113 167.017 60.3505 30.7302 26.6359 24.6034 23.457 17.6608 10.0016 5.03464 3.46886 2.57268 0.385283
threshold=0.16781155128206288 27.793634936492083 2.1354507459986294e-08 0.29629694660509548 0.43982366947471624 0.0002577480714804976 1.6941470186605069e-16 1.0000000180025095e-35 0.081687308919095078 46.378621378621382 53.151843986993633 52.480852480852484 0.071778837733983067 0.2045831911799926
decision_type=2 2 2 2 2 10 10 2 10 2 2 2 2 2
left_child=1 -1 3 6 9 7 -3 12 10 13 -8 -10 -4 -2
right_child=4 2 5 -5 -6 -7 8 -9 11 -11 -12 -13 -14 -15
leaf_value=0.017688377079449022 0.025138647833427803 -0.01187356537387753 -0.0058941632539017937 -0.0058941632539017937 0.047143996055141919 0.0039088523934615897 -0.020040356955204654 0.00011654182417713169 -0.015990271149890052 0.017688377079449022 -0.0273205122524817 -0.020040356955204654 -0.0028888107148623307 0.036085172933068385
leaf_weight=317.74793808162212 14.913899108767508 244.57535363733768 359.91031074523926 33.81234036386013 175.53456518054008 84.603764340281487 233.23418292403221 38.832257956266403 316.22400948405266 44.974900364875793 278.2175380885601 153.48160511255264 20.086320221424103 62.387125313282013
leaf_count=1412 72 1570 2087 173 719 454 1590 204 1972 196 1969 1008 98 265
internal_value=0.00192433 -0.0034358 -0.00987067 -0.0156972 0.0388126 0.00390885 -0.017853 -0.00367577 -0.020107 0.0254701 -0.0240904 -0.0159903 -0.00589416 0.0325889
internal_weight=2378.54 2080.73 1762.98 1259.55 297.81 503.433 1225.73 418.829 981.157 122.276 511.452 469.706 379.997 77.301
internal_count=13789 12537 11125 8282 1252 2843 8109 2389 6539 533 3559 2980 2185 337
is_linear=0
shrinkage=0.03


Tree=20
num_leaves=15
num_cat=0
split_feature=3 32 14 20 11 1 12 4 0 23 33 23 32 21
split_gain=509.088 509.934 100.498 92.601 87.7127 37.628 36.6283 20.045 7.15673 6.6038 4.93501 4.84306 3.44778 0.988916
threshold=-1.0000000180025095e-35 48.659731876515096 0.17640182550893177 0.36682843204032839 1.0000000180025095e-35 0.10339900256836758 0.042544464893621646 -0.26315589197207373 0.58731708632005419 2.1354507459986294e-08 49.198024198024207 1.5393133537202297 54.653039268423889 4.0150497522565199e-05
decision_type=8 2 2 10 2 10 2 10 10 2 2 2 2 2
left_child=5 2 4 6 9 -1 7 11 -9 -2 -10 12 -3 -7
right_child=1 3 -4 -5 -6 13 -8 8 10 -11 -12 -13 -14 -15
leaf_value=0.046320235192114034 0.00069968524908852272 -0.014851344690713983 0.01881230157024643 0.00069968524908852272 0.011967692383435551 0.01881230157024643 -0.008010613050683445 -0.01846745873291027 -0.022065943455732394 0.0063336888162620376 -0.029369985504242503 -0.013130958076145506 -0.01846745873291027 0.031075187388074792
leaf_weight=212.93990679085255 304.66707590222359 318.06359453499317 271.40498834848404 41.458569005131721 83.354139879345894 37.724285081028938 35.129934474825859 242.57146093249321 124.47478049993515 135.66866481304169 205.0962260812521 124.09241512417793 220.30754460394382 15.788363218307493
leaf_count=870 1777 2126 1130 225 408 174 208 1595 861 706 1460 740 1478 70
internal_value=0.00196578 -0.00301069 0.0158851 -0.0144857 0.00512308 0.0406353 -0.0167209 -0.0182513 -0.0224564 0.000699685 -0.0256644 -0.0144785 -0.0165717 0.0188123
internal_weight=2372.74 2106.29 795.095 1311.19 523.69 266.453 1269.74 1234.61 572.142 440.336 329.571 662.464 538.371 53.5126
internal_count=13828 12714 4021 8693 2891 1114 8468 8260 3916 2483 2321 4344 3604 244
is_linear=0
shrinkage=0.03


Tree=21
num_leaves=14
num_cat=0
split_feature=14 2 11 23 14 2 1 18 1 4 23 29 27
split_gain=494.318 410.668 116.129 80.2073 64.3754 23.0061 20.6852 10.0875 5.78779 4.95369 4.23179 0.263852 0.191128
threshold=0.081901656932688596 1.0000000180025095e-35 1.0000000180025095e-35 2.1354507459986294e-08 0.29703999425608768 0.033629629629629641 0.00021038710991680144 0.69328055255980858 9.7725857898974606 -0.25054389672361793 0.0079676529341015916 52.474280376078596 -0.038967612666986
decision_type=2 2 2 2 2 2 10 10 10 10 2 2 10
left_child=1 2 3 6 5 10 11 9 -6 -8 -2 -1 -11
right_child=4 -3 -4 -5 8 -7 7 -9 -10 12 -12 -13 -14
leaf_value=-0.012319937240663091 0.014120668190809071 0.014120668190809071 0.0014202378657904155 -0.0062710673778844589 0.045005394100999449 0.029956743452596041 -0.019638562697705007 -0.016516409673727136 0.029956743452596041 -0.022456422423703614 0.022038705821702559 -0.015766344901464398 -0.0265666697965081
leaf_weight=101.67626048624516 103.61916452646255 387.39956192672253 63.47477488219738 413.21031795442104 202.90132655203342 36.940275639295578 251.19192773103714 199.28336127102375 29.151324406266212 53.284682959318161 27.454267457127571 156.90580813586712 343.07210104167461
leaf_count=646 521 1828 320 2400 824 160 1746 1314 120 369 130 1051 2447
internal_value=0.00212717 -0.00407058 -0.0112802 -0.0139624 0.0323119 0.0173985 -0.0183688 -0.0207129 0.042515 -0.0227607 0.0141207 -0.0123199 -0.0252743
internal_weight=2369.57 1969.5 1582.1 1518.62 400.066 168.014 1105.41 846.832 232.053 647.549 131.073 258.582 396.357
internal_count=13876 12121 10293 9973 1755 811 7573 5876 944 4562 651 1697 2816
is_linear=0
shrinkage=0.03


Tree=22
num_leaves=15
num_cat=0
split_feature=3 32 14 11 34 1 32 26 34 28 30 3 34 16
split_gain=454.102 441.713 84.4576 88.9242 78.2679 38.6694 23.6198 14.891 12.5329 9.08042 5.13552 3.47085 2.86446 2.37627
threshold=-1.0000000180025095e-35 48.659731876515096 0.27243223978610498 0.0388048351697994 31.518481518481519 0.077534971124533517 54.778787645920524 -0.067184474289023285 32.142857142857146 11.500000000000002 35.239760239760251 -0.94951187661970138 33.707958707958717 -6.8135251335158484
decision_type=8 2 2 2 2 10 2 10 2 2 2 10 2 10
left_child=5 2 3 8 -3 11 7 -6 -2 -9 -8 -1 -7 -12
right_child=1 4 -4 -5 6 12 10 9 -10 -11 13 -13 -14 -15
leaf_value=0.052432561967143618 0.0060738088777953112 0.00050803756299807852 0.017662380064533512 0.011639580192592543 -0.0080802054090564936 0.030987200048064784 -0.016903871882997381 -0.016903871882997381 0.00050803756299807852 -0.012097352245258554 -0.025380498731238082 0.036947270005341322 0.017662380064533512 -0.020037912404084954
leaf_weight=84.939534679055214 78.77615088224411 171.58220142126083 219.80096857249737 86.50599193572998 213.05556824803352 13.878711372613905 97.942821398377419 268.65208245813847 413.48646754026413 111.84495931863785 286.03014025092125 124.25324821472168 49.072620674967766 132.57224042713642
leaf_count=344 396 966 891 419 1417 60 635 1862 2328 771 2080 504 221 941
internal_value=0.00202459 -0.00277489 0.0146834 0.00561678 -0.0136673 0.0380997 -0.0166684 -0.0123973 0.000508038 -0.0161145 -0.0214104 0.044312 0.0176624 -0.023172
internal_weight=2352.39 2080.25 798.57 578.769 1281.68 272.144 1110.1 593.553 492.263 380.497 516.545 209.193 62.9513 418.602
internal_count=13835 12706 4034 3143 8672 1129 7706 4050 2724 2633 3656 848 281 3021
is_linear=0
shrinkage=0.03


Tree=23
num_leaves=15
num_cat=0
split_feature=30 32 14 11 34 1 21 32 35 28 30 20 30 4
split_gain=443.153 414.513 93.5309 85.8297 74.3884 27.1866 21.7599 21.2037 12.6219 8.02136 4.91905 2.65218 9.41964 1.50863
threshold=22.234907949193666 48.659731876515096 0.14231547297481581 1.0000000180025095e-35 32.950382950382952 -0.0054337069468075021 0.0099992119154716057 54.653039268423889 34.182484182484195 11.500000000000002 34.039175110603686 0.36682843204032839 35.860568003425151 -0.26315589197207373
decision_type=2 2 2 2 2 10 2 2 10 2 2 10 2 10
left_child=5 2 3 -2 11 -1 -7 8 -6 -10 -9 12 -3 -12
right_child=1 4 -4 -5 7 6 -8 10 9 -11 13 -13 -14 -15
leaf_value=0.045261461613239344 0.00047770373482332426 -0.0028107209236036095 0.017499290219230117 0.010746562304006608 -0.0079090384950738536 0.017499290219230117 0.034511432419561311 -0.016536431878636643 -0.016536431878636643 -0.011988623807176095 -0.019541006143147504 0.00047770373482332426 -0.0079090384950738536 -0.024806164653758612
leaf_weight=170.03711801767349 431.42939588427544 41.30080671608448 290.1141252964735 80.71505706012249 248.86389264464378 63.598689302802086 42.42950364947319 83.647603794932365 239.14995519816875 94.145463839173317 167.96773464977741 34.196298271417618 101.45337188243866 250.87015528231859
leaf_count=685 2438 227 1219 392 1688 278 183 545 1664 645 1208 183 596 1863
internal_value=0.0022318 -0.00257497 0.0142322 0.00399383 -0.0132767 0.0375735 0.0237614 -0.0162958 -0.0122075 -0.0160682 -0.0208654 0.000477704 -0.00609915 -0.0225456
internal_weight=2339.92 2063.85 802.259 512.144 1261.6 276.065 106.028 1084.64 582.159 333.295 502.485 176.95 142.754 418.838
internal_count=13814 12668 4049 2830 8619 1146 461 7613 3997 2309 3616 1006 823 3071
is_linear=0
shrinkage=0.03


Tree=24
num_leaves=15
num_cat=0
split_feature=20 14 2 11 12 4 14 3 32 17 18 1 28 17
split_gain=446.452 439.086 411.21 107.833 49.1009 34.4879 20.722 10.9886 10.7833 8.64947 7.61269 1.98637 0.912271 0.462903
threshold=0.9063878823108632 0.19350325949813543 1.0000000180025095e-35 1.0000000180025095e-35 0.041169770642512836 -0.25054389672361793 0.45503683561911862 0.11441434580115868 54.778787645920524 0.004121689953263649 0.39706591278895337 9.0915505007591531 6.5000000000000009 0.00023277160539375685
decision_type=10 2 2 2 2 10 2 10 2 2 10 10 2 2
left_child=1 2 3 4 5 8 9 -7 -1 -3 13 -8 -11 -9
right_child=-2 6 -4 -5 -6 7 11 10 -10 12 -12 -13 -14 -15
leaf_value=-0.01162180703123088 0.079734043133360535 0.01466826471364447 0.01466826471364447 0.001208077218632768 -0.0067262377560928562 -0.01659331918560801 0.039810804223629086 -0.028843737672900143 -0.01659331918560801 0.031152798785665591 -0.020202704123715869 0.031152798785665591 0.021908179176855603 -0.023607162660592346
leaf_weight=540.72851158678532 59.814279705286026 40.164576843380928 409.78960068523884 61.165579363703728 62.272956043481827 197.5291309133172 145.49713253974915 254.46748776733875 211.82301956415176 24.558339670300484 181.04032370448112 27.27365331351757 46.72028474509716 78.049895361065865
leaf_count=3497 282 168 1915 305 364 1305 586 1899 1490 103 1163 111 195 489
internal_value=0.00209339 -0.000112435 -0.00510411 -0.0122521 -0.0146606 -0.0165174 0.0344406 -0.021284 -0.0119026 0.0224948 -0.0238121 0.0398108 0.0291481 -0.0270116
internal_weight=2340.89 2281.08 1996.87 1587.08 1525.91 1463.64 284.214 711.087 752.552 111.443 513.558 172.771 71.2786 332.517
internal_count=13872 13590 12427 10512 10207 9843 1163 4856 4987 466 3551 697 298 2388
is_linear=0
shrinkage=0.03


Tree=25
num_leaves=15
num_cat=0
split_feature=20 3 32 32 12 18 1 9 0 18 34 24 32 23
split_gain=411.742 366.057 373.494 59.4201 52.1372 45.0839 23.927 22.3031 16.0245 9.10482 7.58105 3.44402 1.70355 1.7948
threshold=0.9063878823108632 -0.028137813170641245 48.659731876515096 36.651809728732815 1.0000000180025095e-35 0.94519274960236543 0.17860789153304837 inf 0.56281886734491604 0.23653231352259754 50.657675657675661 -1.0512471108195622 55.663567202028752 0.0030572262482800971
decision_type=10 8 2 2 2 8 10 8 10 10 2 10 2 2
left_child=1 6 3 -3 7 11 -1 8 10 -10 -4 -5 -9 -14
right_child=-2 2 4 5 -6 -7 -8 12 9 -11 -12 -13 13 -15
leaf_value=0.03783607885988248 0.075507792810319066 0.016071155728415037 -0.013003449023252013 -0.00094313786058340503 -0.00094313786058340503 0.0099356353985381764 0.016071155728415037 -0.0083022533518371539 -0.025360968124090433 -0.017929184371447061 -0.017929184371447061 0.0044962487689773857 -0.013003449023252013 -0.010652851187544584
leaf_weight=188.36459578573704 62.215831339359283 354.03421948850155 247.10341630131006 258.77224537730217 39.226459592580795 156.57514292001724 37.028274834156036 147.0228521078825 306.70572207123041 140.19491585344076 275.97635354101658 23.268177285790443 63.364335969090462 29.17938531935215
leaf_count=761 285 1651 1557 1418 232 817 167 980 2302 1000 1965 113 460 172
internal_value=0.00233447 0.000164365 -0.00387216 0.0121877 -0.014074 0.00380012 0.0360145 -0.0156614 -0.0177046 -0.0219797 -0.0138786 -0.000943138 -0.00830225 -0.0130034
internal_weight=2329.03 2266.82 2041.42 792.65 1248.77 438.616 225.393 1209.55 969.98 446.901 523.08 282.04 239.567 92.5437
internal_count=13880 13595 12667 3999 8668 2348 928 8436 6824 3302 3522 1531 1612 632
is_linear=0
shrinkage=0.03


Tree=26
num_leaves=15
num_cat=0
split_feature=20 3 32 18 12 32 9 1 34 0 33 1 21 34
split_gain=379.522 362.191 365.239 66.6956 52.3803 31.0538 22.1678 15.4558 10.1192 7.74981 4.55853 5.16072 3.67911 2.07406
threshold=0.90077249375178681 -0.028137813170641245 48.659731876515096 0.80268120521486386 0.038896986440282132 36.42511334819028 inf 0.17860789153304837 50.522810522810531 0.47129662360535335 49.686424686424694 0.055556206695035089 5.4645182231276038e-05 55.627705627705645
decision_type=10 8 2 8 2 2 8 10 2 10 2 10 2 2
left_child=1 7 3 5 6 13 8 -1 9 -4 -10 -12 -7 -3
right_child=-2 2 4 -5 -6 12 -8 -9 10 -11 11 -13 -14 -15
leaf_value=0.036707782872230137 0.073227029921391004 0.009529291491257948 -0.013103364055640894 0.016070372460599648 -0.0011007254860318457 -0.0011007254860318457 -0.0084143290757559535 0.016070372460599648 -0.017446391025348101 -0.017446391025348101 -0.020396365962395822 -0.027071864284361872 0.0042142830026130514 0.0042142830026130514
leaf_weight=187.57049430906773 60.907980665564537 105.32002000510693 226.36106897890568 363.12962014973164 36.993020668625832 174.95806697010994 236.73125296831131 36.015118420124054 189.71540835499763 213.02115327864885 112.72482638806105 209.88282044231892 76.553070083260536 77.744881972670555
leaf_count=756 276 505 1436 1757 220 984 1605 161 1407 1507 796 1646 386 379
internal_value=0.00227048 0.000188536 -0.00384673 0.0119071 -0.0141086 0.00298821 -0.0157279 0.0359875 -0.0177924 -0.014104 -0.0207888 -0.0233463 -0.00110073 0.00952929
internal_weight=2307.63 2246.72 2023.14 797.706 1225.43 434.576 1188.44 223.586 951.705 439.382 512.323 322.608 251.511 183.065
internal_count=13821 13545 12628 4011 8617 2254 8397 917 6792 2943 3849 2442 1370 884
is_linear=0
shrinkage=0.03


Tree=27
num_leaves=15
num_cat=0
split_feature=14 30 23 11 3 32 14 18 34 23 9 18 35 34
split_gain=386.677 311.244 139.265 55.8126 20.5171 18.8745 17.5517 11.5532 10.089 4.53767 3.5026 2.6321 0.628618 0.23141
threshold=0.16781155128206288 27.793634936492083 2.1354507459986294e-08 0.097767498757597784 1.0000000180025095e-35 57.317507667158026 0.28989410770962182 0.14030088806396618 53.521478521478535 0.00067878138439574521 0.50213339140813096 0.17790720500369703 36.12221112221112 21.062271062271066
decision_type=2 2 2 2 10 2 2 10 2 2 8 8 8 2
left_child=1 -1 3 4 -3 -4 9 8 -6 -2 -9 -8 -10 -7
right_child=6 2 5 -5 7 13 11 10 12 -11 -12 -13 -14 -15
leaf_value=0.015624903544017903 0.015624903544017903 -0.010392214525974559 0.00383042526568988 -0.0048650420838009592 -0.017695063425177997 -0.00051730840905553973 0.028176606128558684 -0.017695063425177997 -0.021436281477436422 0.028176606128558684 -0.014214726293021311 0.039508762117108902 -0.026855274770300721 -0.0048650420838009592
leaf_weight=326.04846340417862 56.599114537239075 220.06454350054264 370.24539405107498 37.93999856710434 212.32889968156815 21.131844386458397 18.572483703494072 132.61470241099596 60.16242640465498 15.257229968905447 276.06369719654322 215.04157866537571 236.09943921118975 92.900957435369492
leaf_count=1430 249 1492 2082 193 1570 123 75 879 475 65 1870 866 1827 599
internal_value=0.00248834 -0.00237407 -0.00796405 -0.0135605 -0.0159194 0.00383043 0.0336239 -0.0180372 -0.0211754 0.0185923 -0.0142147 0.0377609 -0.0251775 -0.00486504
internal_weight=2291.07 1985.6 1659.55 1175.27 1137.33 484.278 305.47 917.269 508.591 71.8563 408.678 233.614 296.262 114.033
internal_count=13795 12540 11110 8306 8113 2804 1255 6621 3872 314 2749 941 2302 722
is_linear=0
shrinkage=0.03


Tree=28
num_leaves=14
num_cat=0
split_feature=14 2 11 23 8 33 1 1 0 22 14 9 30
split_gain=345.105 326.534 115.357 70.3656 21.6065 15.9957 14.3239 13.7083 8.05266 6.24132 5.74419 1.55571 0.764833
threshold=0.26195631403980263 1.0000000180025095e-35 1.0000000180025095e-35 2.1354507459986294e-08 0.079192931284631576 53.890553890553896 18.623866926374664 0.17134780854856183 0.00052180070069477488 0.00050502315063974 0.45503683561911862 0.67620233457411627 48.16968745540175
decision_type=2 2 2 2 10 2 10 10 10 2 2 10 2
left_child=1 2 3 4 5 -1 10 -3 -7 11 -2 -6 -9
right_child=6 7 -4 -5 9 8 -8 12 -10 -11 -12 -13 -14
leaf_value=-0.0089728914501689024 0.027119832583002212 0.016730211058873609 0.0043751912654940127 -0.0031652175910632813 -0.027509257822421345 -0.012408994079504954 0.016730211058873609 0.0067559953042329824 -0.016257376575307951 -0.016257376575307951 0.041497863545318071 -0.020159956381962222 0.0043751912654940127
leaf_weight=317.38875836879015 70.047893509268761 244.3092727959156 68.130429938435555 414.6452659368515 126.15516119450331 132.45972757041454 24.471537172794342 139.20063942670822 294.22422709316015 130.12865027785301 161.10526412725449 108.61443230509758 40.161545991897583
leaf_count=2178 284 1009 335 2444 900 912 99 719 2265 903 647 790 240
internal_value=0.00258586 -0.00161103 -0.00797983 -0.0107056 -0.0147806 -0.0117043 0.0350715 0.0167302 -0.0158451 -0.0208105 0.0375095 -0.0240625 0.0048002
internal_weight=2271.04 2015.42 1591.75 1523.62 1108.97 744.073 255.625 423.671 426.684 364.898 231.153 234.77 179.362
internal_count=13725 12695 10727 10392 7948 5355 1030 1968 3177 2593 931 1690 959
is_linear=0
shrinkage=0.03


Tree=29
num_leaves=15
num_cat=0
split_feature=20 3 32 32 11 0 34 32 21 33 1 3 34 3
split_gain=347.013 315.585 333.591 42.0325 36.8433 28.7612 24.6001 29.6781 9.88731 8.61706 10.1499 6.60014 5.55132 4.83939
threshold=0.91773755555792469 -1.0000000180025095e-35 48.659731876515096 36.505801890417281 0.037404624154530983 4.4804714308273123e-16 49.342324342324353 53.267362008620751 5.4645182231276038e-05 49.382284382284389 1.62850866816033e-14 5.1361381161425088 34.915084915084925 0.052228680512927304
decision_type=10 8 2 2 2 10 2 2 2 2 10 8 2 10
left_child=1 5 3 -3 8 -1 7 11 -5 -8 -11 -4 -7 -9
right_child=-2 2 6 4 -6 12 9 13 -10 10 -12 -13 -14 -15
leaf_value=0.035747348158795288 0.070737174292008764 0.014140369768394181 -0.00092785915995189457 -0.00092785915995189457 0.0091888253456824057 0.025630624259173677 -0.012969632402209193 -0.0069487457810805432 0.0041304830928652553 -0.016468040060996173 -0.023619182261160433 -0.0069487457810805432 0.014140369768394181 -0.012969632402209193
leaf_weight=172.70760363340378 60.672390341758728 346.4862075895071 87.931014262139797 287.16653607785702 55.732962504029274 20.593657702207565 214.35103192925453 71.792799808084965 96.956179931759834 130.49946507811546 305.74628043174744 111.10835245996714 63.927564308047295 245.87719791382551
leaf_count=695 269 1611 556 1615 268 85 1624 457 493 934 2446 729 275 1734
internal_value=0.00277791 0.000757522 -0.00338209 0.0116779 0.00423728 0.0316628 -0.0135336 -0.00851578 -0.000927859 -0.0174235 -0.0199664 -0.000927859 0.0155139 -0.0129696
internal_weight=2271.55 2210.88 1953.65 786.342 439.856 257.229 1167.31 516.709 384.123 650.597 436.246 199.039 84.5212 317.67
internal_count=13791 13522 12467 3987 2376 1055 8480 3476 2108 5004 3380 1285 360 2191
is_linear=0
shrinkage=0.03


Tree=30
num_leaves=15
num_cat=0
split_feature=14 2 34 32 11 23 18 7 19 22 33 30 12 29
split_gain=318.526 329.017 104.292 44.3264 21.1138 14.2594 13.2551 12.9052 7.2763 6.91734 4.55023 4.35761 3.58166 2.44609
threshold=0.2045831911799926 1.0000000180025095e-35 33.707958707958717 54.778787645920524 0.0388048351697994 0.030748977103369188 0.18513466590418695 1.0000000180025095e-35 1.8022610546790603 0.00075861166510202875 46.728271728271729 58.641358641358657 0.042544464893621646 52.474280376078596
decision_type=2 2 2 2 2 2 8 10 8 2 2 2 2 2
left_child=1 2 -1 4 7 6 -2 10 -8 11 -4 -5 -9 -12
right_child=5 -3 3 9 -6 -7 8 12 -10 -11 13 -13 -14 -15
leaf_value=0.0033228676956182507 0.014989664620590436 0.014989664620590436 -0.007374395749698736 -0.018314431288151078 -0.0043241839357981088 0.043738425124611846 0.033719388811405182 -0.014082180479771561 0.022212832922810181 -0.014082180479771561 -0.0090802501030861193 -0.027332378480710462 -0.010882877257729269 -0.010882877257729269
leaf_weight=242.10392961651087 20.109002590179443 429.80877602100372 206.21037545800209 172.13360643386841 34.030038237571716 75.952670380473137 143.77883672714233 247.81678964942694 55.972275227308273 107.48204882442951 164.86389546096325 131.918352201581 17.725112631917 210.13991866260767
leaf_count=1343 83 1989 1333 1344 172 307 584 1678 227 852 1091 1094 111 1537
internal_value=0.0028148 -0.00158384 -0.00834393 -0.0119712 -0.0080961 0.0315632 0.0264781 -0.0104246 0.029436 -0.0200683 -0.00768357 -0.0225467 -0.0140822 -0.0107861
internal_weight=2260.05 1964.23 1534.42 1292.32 880.786 295.813 219.86 846.756 199.751 411.534 581.214 304.052 265.542 375.004
internal_count=13745 12544 10555 9212 5922 1201 894 5750 811 3290 3961 2438 1789 2628
is_linear=0
shrinkage=0.03


Tree=31
num_leaves=15
num_cat=0
split_feature=11 14 30 23 14 3 32 32 2 18 3 8 22 29
split_gain=282.134 311.909 215.188 47.2635 21.3351 18.5856 14.3492 13.6987 11.6742 11.1871 10.0338 5.71162 1.99959 1.01435
threshold=1.0000000180025095e-35 0.079070203122113908 34.28357356928786 2.1354507459986294e-08 0.27243223978610498 -0.00094472539534589349 57.317507667158026 48.101898101898108 0.012163561076604556 0.5468255687846223 2.0030602226439063e-17 0.073863546631669066 9.7139758150889365e-06 53.786093471408172
decision_type=2 2 2 2 2 10 2 2 2 10 10 10 2 2
left_child=1 2 8 5 10 -4 12 -2 -1 11 -3 13 -5 -7
right_child=7 4 3 6 -6 9 -8 -9 -10 -11 -12 -13 -14 -15
leaf_value=-0.0017036702303184254 0.050465075729073321 0.016766200454293046 -0.0091722079182497002 -0.0054379390742840634 0.022774042447621524 -0.016845055371282985 -0.0091722079182497002 0.022774042447621524 0.0085224586393284705 -0.013457809680027414 0.0085224586393284705 -0.024709041061204223 -0.0017036702303184254 -0.020462887436388619
leaf_weight=164.49355863034725 102.17205949127674 39.916824847459793 191.13018336892128 136.2899062037468 233.42029827833176 156.40555867552757 93.179668366909027 19.098572760820389 268.22490152716637 209.28421174734831 110.26152440905571 200.17779607325792 141.94297562539577 176.70980503410101
leaf_count=1083 462 174 1358 850 940 1201 607 97 1163 1486 554 1557 781 1445
internal_value=0.00228743 -0.000304932 -0.00572913 -0.0119298 0.022774 -0.0155157 -0.00282871 0.045853 0.00852246 -0.0177434 0.0107584 -0.0202323 -0.00170367 -0.0172165
internal_weight=2242.71 2121.44 1737.84 1305.12 383.599 933.708 371.413 121.271 432.718 742.577 150.178 533.293 278.233 333.115
internal_count=13758 13199 11531 9285 1668 7047 2238 559 2246 5689 728 4203 1631 2646
is_linear=0
shrinkage=0.03


Tree=32
num_leaves=15
num_cat=0
split_feature=30 14 23 32 27 21 2 21 3 34 24 33 25 28
split_gain=306.176 268.99 156.428 28.2524 13.4757 13.3382 36.795 13.0734 8.91338 9.42704 8.10282 7.78288 1.14088 1.00024
threshold=21.317967746539178 0.15125709785715405 2.1354507459986294e-08 48.659731876515096 1.0000000180025095e-35 0.0099992119154716057 0.44097222222222227 1.0000000180025095e-35 6.170765946906257e-16 54.595404595404602 -1.0512471108195622 49.542679542679558 -0.0062017044288587 12.500000000000002
decision_type=2 2 2 2 10 2 2 2 10 2 10 2 10 2
left_child=5 2 3 4 -2 6 -1 10 12 -10 -4 -11 -5 -14
right_child=1 -3 7 8 -6 -7 -8 -9 9 11 -12 -13 13 -15
leaf_value=0.015394412979522192 -0.0043025046682437298 0.015394412979522192 -0.0043025046682437298 -0.010693595118731313 -0.010693595118731313 0.044764121156280416 0.035867005479780022 0.0043217392720721589 -0.014243078264379807 -0.017832207893221364 0.00043457237080728737 -0.025332845464742446 -0.014243078264379807 -0.012468336691555559
leaf_weight=82.275716319680214 175.62045204639435 291.06703595817089 218.90822996199131 95.162588335573673 161.78583094477654 70.856535851955414 104.97786377370358 272.29570695757866 283.29715523123741 106.05970764905214 34.253112837672234 224.6288695782423 100.27934458851814 21.949560202658176
leaf_count=343 1009 1204 1349 662 966 292 424 1477 2236 873 190 1903 731 154
internal_value=0.00220191 -0.00182379 -0.00675093 -0.0129267 -0.00549537 0.0326126 0.0269699 0.00432174 -0.0158918 -0.0177926 -0.00345259 -0.0214213 -0.0106936 -0.0142431
internal_weight=2243.42 1985.31 1694.24 1168.78 337.406 258.11 187.254 525.457 831.377 613.986 253.161 330.689 217.391 122.229
internal_count=13813 12754 11550 8534 1975 1059 767 3016 6559 5012 1539 2776 1547 885
is_linear=0
shrinkage=0.03


Tree=33
num_leaves=14
num_cat=0
split_feature=20 0 14 12 1 22 34 9 35 18 18 21 35
split_gain=296.413 280.844 270.953 133.008 27.653 19.0516 14.62 10.8125 4.98605 1.79979 1.43409 2.54866 1.01623
threshold=0.90780002431892515 -1.0000000180025095e-35 0.079070203122113908 0.038896986440282132 0.53013468949480469 0.00052900970413193146 50.959040959040962 1.2342703793834811 37.037962037962053 1.0000000180025095e-35 0.99999855756485645 0.013006048353072773 28.921078921078927
decision_type=10 8 2 2 10 2 2 8 10 10 8 2 10
left_child=1 -1 3 4 6 7 10 12 -8 -7 11 -3 -6
right_child=-2 2 -4 -5 5 9 8 -9 -10 -11 -12 -13 -14
leaf_value=0.033029759846690779 0.065487687198934746 -0.0074002783915203376 0.015230145418761979 0.0036567568574882563 -0.019202687519092574 -0.015025566659149669 -0.0074002783915203376 -0.015025566659149669 -0.011043301413778791 -0.011043301413778791 -0.003757255369261886 -0.0054259458883424679 -0.025009880608777752
leaf_weight=164.77234327793121 60.20179583132267 122.00445446372032 368.08059202134609 100.74845141917467 46.560255520045757 143.33961997181177 156.14390053600073 219.71160407364368 235.6740819439292 166.65246069431305 195.0811981856823 46.387244753539562 214.39705328643322
leaf_count=666 264 734 1599 540 347 1069 1102 1680 1687 1085 1204 251 1622
internal_value=0.00245867 0.000571832 -0.00256947 -0.00791663 -0.0111713 -0.0150934 -0.00699319 -0.0190078 -0.0110433 -0.0110433 -0.00375726 -0.00709464 -0.0233798
internal_weight=2239.76 2179.55 2014.78 1646.7 1545.95 790.661 755.291 480.669 391.818 309.992 363.473 168.392 260.957
internal_count=13850 13586 12920 11321 10781 5803 4978 3649 2789 2154 2189 985 1969
is_linear=0
shrinkage=0.03


Tree=34
num_leaves=15
num_cat=0
split_feature=11 14 1 20 4 14 12 1 30 27 18 3 16 3
split_gain=281.735 296.605 198.838 52.1834 33.1588 28.0703 21.4486 9.25272 8.72447 8.68815 4.81957 3.54806 2.35211 0.295816
threshold=1.0000000180025095e-35 0.079070203122113908 0.10339900256836758 0.002439068902327745 -0.63559419129389594 0.27243223978610498 1.0000000180025095e-35 0.11984570973394634 24.500499500499505 -0.035246623431093298 0.20578973944160686 0.27563031470859056 -0.044560501123811803 1.0000000180025095e-35
decision_type=2 2 8 10 10 2 2 8 2 10 10 10 10 10
left_child=1 2 8 4 10 7 9 -3 -1 -6 11 -4 -11 -10
right_child=-2 5 3 -5 6 -7 -8 -9 13 12 -12 -13 -14 -15
leaf_value=0.0088717927664383987 0.04637964420698025 0.016627211889276159 -0.0089426136387800118 -0.0010536310818331934 -0.015884409574881936 0.023189491813988432 -0.012185990330508408 0.0088717927664383987 0.0039090808423026032 -0.023623593342669932 -0.0069605538609326953 -0.012185990330508408 -0.018702895014499465 -0.0010536310818331934
leaf_weight=189.56991559267044 119.88298079371452 33.026158273220062 146.80836573243141 58.906150460243225 106.03514723479748 238.3671206086874 40.197927072644234 124.2500312179327 10.923101082444189 345.57945317775011 267.45783390104771 143.07385119050741 231.35190377384424 164.51807051897049
leaf_count=788 548 142 1021 314 753 962 241 608 68 2700 1850 1097 1593 1113
internal_value=0.00260259 -6.60579e-07 -0.00544591 -0.0109791 -0.0128675 0.0231895 -0.0171016 0.0100649 0.00887179 -0.0195828 -0.00727041 -0.0109247 -0.0215214 -0.00105363
internal_weight=2219.95 2100.07 1704.42 1339.41 1280.5 395.643 723.164 157.276 365.011 682.967 557.34 289.882 576.931 175.441
internal_count=13798 13250 11538 9569 9255 1712 5287 750 1969 5046 3968 2118 4293 1181
is_linear=0
shrinkage=0.03


Tree=35
num_leaves=15
num_cat=0
split_feature=20 14 30 11 12 4 14 1 8 32 14 30 16 23
split_gain=282.674 246.847 202.543 94.8295 50.9308 30.3683 14.4056 10.5409 5.78293 5.4921 4.51205 3.66294 1.53632 1.43146
threshold=0.90780002431892515 0.27243223978610498 26.10306360306361 1.0000000180025095e-35 1.0000000180025095e-35 -0.29433670657479521 0.042544927673699461 15.480061916039768 0.11352837695731478 54.778787645920524 0.41000445982772538 40.819894391322968 -22.78953264225413 1.5852805277850546
decision_type=10 2 2 2 2 10 2 10 10 2 2 2 10 2
left_child=1 2 -1 4 5 9 8 10 12 -4 -3 -10 -7 -11
right_child=-2 7 3 -5 -6 6 -8 -9 11 13 -12 -13 -14 -15
leaf_value=0.013090210891414265 0.062224511774416826 0.022261692844713066 -0.0078552410502042858 0.002884294994230679 -0.0035376082911089913 -0.018511153056757202 -0.012095742387498628 0.013090210891414265 -0.018511153056757202 -0.012095742387498628 0.031433174798011866 -0.02452049112504532 -0.015308138219562874 -0.0099754917188514571
leaf_weight=289.76633881032467 64.249860361218452 48.050938293337822 515.80405475944281 81.433213338255882 74.450260333716869 205.30771604180336 99.994807600975037 27.968337804079056 92.241733595728874 168.11197154223919 161.55693966150284 225.392388433218 137.17553938925266 20.374175384640694
leaf_count=1237 278 194 3511 383 428 1662 527 112 621 1333 653 1751 966 128
internal_value=0.00256698 0.000641838 -0.00297111 -0.00732162 -0.00995951 -0.0121729 -0.0163362 0.0291515 -0.0185205 -0.00785524 0.0314332 -0.0217142 -0.0153081 -0.0120957
internal_weight=2211.88 2147.63 1910.05 1620.29 1538.85 1464.4 760.112 237.576 660.117 704.29 209.608 317.634 342.483 188.486
internal_count=13784 13506 12547 11310 10927 10499 5527 959 5000 4972 847 2372 2628 1461
is_linear=0
shrinkage=0.03


Tree=36
num_leaves=15
num_cat=0
split_feature=30 32 23 14 11 1 18 30 30 3 21 16 13 12
split_gain=261.15 243.692 65.7469 52.4965 61.1824 22.1182 13.9004 13.6803 10.1343 5.90617 9.49002 5.83121 4.93898 4.73375
threshold=21.317967746539178 48.659731876515096 0.00026256836396914245 0.27243223978610498 1.0000000180025095e-35 0.10339900256836758 0.3094666864102476 48.16968745540175 64.753104038818336 -0.94951187661970138 1.0000000180025095e-35 0.22254428375660004 -60.579316732067333 0.042544464893621646
decision_type=2 2 2 2 2 10 10 2 2 10 2 10 10 2
left_child=5 3 6 4 13 9 8 -4 -3 -1 -11 -8 -9 -2
right_child=1 2 7 -5 -6 -7 11 12 -10 10 -12 -13 -14 -15
leaf_value=0.041887464884110569 0.0010412809784953508 -0.014068211083537807 0.0010412809784953508 0.0147367132601358 0.0098397254885368313 0.0147367132601358 -0.012036693866555526 -0.0066702722282517071 -0.023538584264255466 0.024219214584617062 0.035000660863462041 -0.0066702722282517071 -0.002814495624878178 0.0054405032335160912
leaf_weight=84.16382996737957 432.78416195511818 377.59117687493563 135.2028499096632 221.59851236641407 87.540645226836205 29.121081173419952 215.14181289076805 102.90589053928852 165.47716622799635 87.362244591116905 68.411550641059875 47.97543004155159 94.016019597649574 47.128029704093933
leaf_count=342 2468 3042 783 891 397 124 1696 680 1499 359 283 372 603 250
internal_value=0.00298284 -0.000911148 -0.00977592 0.0118585 0.00494274 0.0303846 -0.0143818 0.00104128 -0.0171423 0.0337017 0.0281139 -0.00847079 -0.00667027 0.00104128
internal_weight=2196.42 1927.36 1138.31 789.051 567.453 269.059 806.186 332.125 543.068 239.938 155.774 263.117 196.922 479.912
internal_count=13789 12681 8675 4006 3115 1108 6609 2066 4541 984 642 2068 1283 2718
is_linear=0
shrinkage=0.03


Tree=37
num_leaves=15
num_cat=0
split_feature=11 14 2 20 12 8 14 32 22 0 1 22 7 13
split_gain=259.266 257.822 195.35 56.3004 30.2049 28.1337 11.9345 9.34126 3.44844 3.04732 2.85848 2.26396 1.704 0.991974
threshold=1.0000000180025095e-35 0.14231547297481581 0.012163561076604556 0.00078329944037832451 0.042544464893621646 0.079192931284631576 0.27243223978610498 54.778787645920524 0.00052900970413193146 0.47129662360535335 0.037364777372693531 4.5886441037165753e-05 1.0000000180025095e-35 34.5299733589327
decision_type=2 2 2 10 2 10 2 2 2 10 10 2 10 10
left_child=1 2 3 4 5 7 10 12 13 -9 -3 -2 -1 -7
right_child=11 6 -4 -5 -6 8 -8 9 -10 -11 -12 -13 -14 -15
leaf_value=-0.0097142161287339917 0.022484195202042114 0.015832388794381376 0.009143854281106879 -0.00024971570179404379 -0.0059778536757434473 -0.023968057714227466 0.022484195202042114 -0.012498559609386608 -0.015282903090039225 -0.015282903090039225 0.009143854281106879 0.046804216133876746 -0.012498559609386608 -0.018950268351647467
leaf_weight=473.95486676692963 14.189022630453108 15.927820965647696 371.38782376796007 67.697338536381721 53.178339794278145 238.30565750598907 238.62542702257633 114.84898353368044 135.80133734643459 173.62046894431114 65.760711640119553 107.3772696107626 110.09069275856018 12.290715761482714
leaf_count=3385 64 68 1754 358 321 1872 966 878 992 1488 302 483 799 80
internal_value=0.00291659 0.000368909 -0.00419649 -0.00964329 -0.011706 -0.0134506 0.0224842 -0.0103616 -0.0202042 -0.0152829 0.00918058 0.0445995 -0.00971422 -0.0226176
internal_weight=2193.06 2071.49 1751.18 1379.79 1312.09 1258.91 320.314 872.515 386.398 288.469 81.6885 121.566 584.046 250.596
internal_count=13810 13263 11927 10173 9815 9494 1336 6550 2944 2366 370 547 4184 1952
is_linear=0
shrinkage=0.03


Tree=38
num_leaves=15
num_cat=0
split_feature=11 14 3 23 14 27 3 34 4 23 32 12 32 32
split_gain=238.496 235.685 161.345 49.5659 19.8613 19.0216 13.2622 18.6095 11.448 9.76096 9.59448 6.11096 5.67028 4.22734
threshold=1.0000000180025095e-35 0.079070203122113908 0.052228680512927304 2.1354507459986294e-08 0.27243223978610498 -0.035246623431093298 -1.0000000180025095e-35 43.265068265068273 -0.27485909644597534 0.0079676529341015916 55.663567202028752 0.051679710785916204 54.653039268423889 48.29366437758047
decision_type=2 2 8 2 2 10 10 2 10 2 2 2 2 2
left_child=1 2 6 5 9 12 -1 -8 -7 -3 -5 -10 -4 -2
right_child=13 4 3 10 -6 8 7 -9 11 -11 -12 -13 -14 -15
leaf_value=0.008586538163957087 0.044813095006512309 0.008586538163957087 -0.0072453090552474465 -0.00067889974887965908 0.021483251835573078 -0.012308141413597963 0.0045486025368445494 -0.00067889974887965908 -0.022599761712273996 0.015926804399594516 -0.0072453090552474465 -0.016425988737703512 -0.012308141413597963 0.021483251835573078
leaf_weight=206.1484557390213 111.10953356325626 121.30927906930447 205.95480070263147 254.68595977127552 231.68951611220837 216.90580893307924 110.71850860863924 125.13325993716717 331.83266020566225 37.119962394237518 105.94400088489056 16.39761995524168 96.327558800578117 15.1012647151947
leaf_count=852 486 592 1538 1510 939 1687 639 924 2809 166 705 111 827 75
internal_value=0.00312447 0.000625259 -0.00429253 -0.00994434 0.0214656 -0.0138117 0.00858654 0.000510667 -0.0170644 0.0103704 -0.0006789 -0.0205438 -0.00755186 0.0423412
internal_weight=2186.38 2060.17 1670.05 1228.05 390.119 867.418 442 235.852 565.136 158.429 360.63 348.23 302.282 126.211
internal_count=13860 13299 11602 9187 1697 6972 2415 1563 4607 758 2215 2920 2365 561
is_linear=0
shrinkage=0.03


Tree=39
num_leaves=15
num_cat=0
split_feature=32 30 23 14 12 16 23 1 24 18 4 32 9 0
split_gain=202.07 122.966 81.9775 58.3516 27.9239 28.2592 22.4841 13.4341 11.4211 11.4164 12.8547 6.93327 3.74042 1.35365
threshold=48.659731876515096 34.28357356928786 0.00067878138439574521 0.27243223978610498 0.038896986440282132 102.94642255387403 0.00026256836396914245 0.001411512520655369 -1.0691264447078581 0.30171617614430063 -0.16168531457734081 58.253285176362105 0.26237554917412831 5.0186928742098553
decision_type=2 2 2 2 2 8 2 10 10 10 10 2 8 10
left_child=2 -2 3 7 5 8 9 -1 -4 10 13 -8 -11 -3
right_child=1 6 4 -5 -6 -7 11 -9 -10 12 -12 -13 -14 -15
leaf_value=0.010871579475007415 0.004587401584562098 -0.012467280360304598 0.017155757365452731 0.017155757365452731 0.043851528837333807 0.032396567779027649 -0.0030713064583902734 0.004587401584562098 0.02477616257224019 -0.012467280360304598 -0.022523635555394467 -0.0083947857505579822 -0.0083947857505579822 -0.017495457957849535
leaf_weight=74.872027516365051 326.71023639291525 186.6515424773097 108.59679318964481 170.18802614510059 66.645455047488213 65.613124653697014 187.582284681499 361.09516808390617 50.729023069143295 82.417550124228001 188.97945638000965 73.041574381291866 155.95647250860929 57.758762829005718
leaf_count=355 1767 1560 530 691 294 286 1185 2072 228 658 1795 499 1286 505
internal_value=0.00304472 -0.00470522 0.01388 0.00748255 0.026829 0.0209416 -0.01073 0.0045874 0.0171558 -0.013617 -0.0165398 -0.00317262 -0.00839479 -0.0124673
internal_weight=2156.84 1259.1 897.74 606.155 291.584 224.939 932.388 435.967 159.326 671.764 433.39 260.624 238.374 244.41
internal_count=13711 9255 4456 3118 1338 1044 7488 2427 758 5804 3860 1684 1944 2065
is_linear=0
shrinkage=0.03


Tree=40
num_leaves=15
num_cat=0
split_feature=20 0 14 11 21 4 16 34 32 14 18 29 32 9
split_gain=236.568 222.832 205.018 108.118 51.3314 22.8066 9.22167 6.19102 5.68808 4.57292 4.42756 1.2433 0.254228 0.101725
threshold=0.90780002431892515 -1.0000000180025095e-35 0.079070203122113908 1.0000000180025095e-35 1.0000000180025095e-35 -0.63559419129389594 7.5820104109869524 53.521478521478535 54.778787645920524 0.27243223978610498 0.71326830208167502 56.57636435049023 59.317605471451635 0.72172288852206912
decision_type=10 8 2 2 2 10 10 2 2 2 10 2 2 10
left_child=1 -1 3 4 5 8 7 -7 -3 10 -4 13 -6 -9
right_child=-2 2 9 -5 12 6 -8 11 -10 -11 -12 -13 -14 -15
leaf_value=0.029941101240821655 0.058720760693972689 -0.0079137875555639961 0.0037501418539743194 0.0037501418539743194 -0.0029487589346465296 -0.015666448692274834 -0.012495360774517437 -0.022896000956084326 -0.012495360774517437 0.014086937700801853 0.0094807236616444336 -0.026561804060531925 -0.0079137875555639961 -0.018901918121638502
leaf_weight=169.62474043667316 61.28629669547081 411.62342059612274 94.471120715141296 97.464969888329506 218.03348825871944 227.36020316928625 105.19214221090078 91.0866833999753 114.43929601460695 223.85075311362743 51.030060186982155 95.113773912191391 121.46591051667929 94.348764277994633
leaf_count=695 265 2967 454 437 1326 1688 704 694 920 905 244 912 855 795
internal_value=0.00291317 0.00116144 -0.00176723 -0.00658665 -0.00964766 -0.0128788 -0.0168182 -0.0188375 -0.00817247 0.0140869 0.00487451 -0.0221374 -0.00294876 -0.0192302
internal_weight=2176.39 2115.11 1945.48 1576.13 1478.66 1139.16 613.102 507.909 526.063 369.352 145.501 280.549 339.499 185.435
internal_count=13861 13596 12901 11298 10861 8680 4793 4089 3887 1603 698 2401 2181 1489
is_linear=0
shrinkage=0.03


Tree=41
num_leaves=15
num_cat=0
split_feature=0 14 23 21 32 22 18 20 2 22 0 0 9 17
split_gain=234.711 176.586 140.149 27.4498 24.6745 22.8779 10.9691 6.17367 5.65967 4.41045 1.27342 1.2455 1.05076 0.737505
threshold=-1.0000000180025095e-35 0.26195631403980263 0.0011329557892752438 0.00024743494774526073 54.653039268423889 0.00050502315063974 0.7084852431570805 0.96728788207662453 0.034935163996948897 0.00041027346825233725 1.9329932462307918e-16 -0.10538820265864453 0.37715471266896822 0.00011181564685330924
decision_type=8 2 2 2 2 2 10 10 2 2 10 10 8 2
left_child=11 2 4 7 5 6 10 -4 9 13 -2 -1 -8 -6
right_child=1 -3 3 -5 8 -7 12 -9 -10 -11 -12 -13 -14 -15
leaf_value=0.038408962127632403 -0.0083607557935011095 0.017704746110849656 -0.0012424549732250158 0.0070230049163083636 -0.022454978791686717 -0.0012424549732250158 -0.0083607557935011095 0.0028902749715416743 -0.011149005788271563 -0.014408898224796773 -0.011149005788271563 0.024165334284841959 -0.0055725057987306573 -0.017634825836933193
leaf_weight=130.95501482486725 123.05871416628361 236.13743871450424 243.4108352214098 295.52147223800421 182.15814557671547 240.1257386058569 83.954725623130798 11.187403425574301 51.491791374981403 125.773646235466 268.28815686702728 43.83339524269104 90.989011369645596 17.49244387447834
leaf_count=540 913 957 1511 1549 1719 1548 594 49 309 1111 1975 181 612 155
internal_value=0.00279585 -0.000198845 -0.00365874 0.007023 -0.00950791 -0.00647868 -0.00990256 -0.00124245 -0.0158193 -0.0176688 -0.011149 0.0356083 -0.00557251 -0.0208608
internal_weight=2144.38 1969.59 1733.45 550.12 1183.33 806.416 566.291 254.598 376.916 325.424 391.347 174.788 174.944 199.651
internal_count=13723 13002 12045 3109 8936 5642 4094 1560 3294 2985 2888 721 1206 1874
is_linear=0
shrinkage=0.03


Tree=42
num_leaves=15
num_cat=0
split_feature=11 14 2 23 4 14 18 32 22 32 3 18 7 22
split_gain=205.561 194.424 159.266 66.0038 21.0721 9.14808 8.76818 7.80309 6.43902 6.314 4.73734 3.03788 2.67182 1.99741
threshold=1.0000000180025095e-35 0.13842865379951877 0.012163561076604556 0.00026256836396914245 -0.25054389672361793 0.28989410770962182 0.14030088806396618 54.311073541842781 0.00058393323365743966 57.953584876661807 0.59159108631344082 0.71326830208167502 -1.3002659292538199 0.00071654475289817529
decision_type=2 2 2 2 10 2 10 2 2 2 10 10 10 2
left_child=1 2 3 4 7 11 10 12 -2 -5 -6 -3 -1 -11
right_child=8 5 -4 9 6 -7 -8 -9 -10 13 -12 -13 -14 -15
leaf_value=-0.0062804607569835426 0.024273734131458984 0.0085368823159824789 0.0085368823159824789 0.00010624257815203458 -0.016905239917234482 0.020372110242312121 -0.012596471981710487 -0.012596471981710487 0.04565790975346417 -0.0062804607569835426 -0.025763365447162099 0.015052090483037775 -0.009438466369347016 -0.0030871090894157541
leaf_weight=162.42713721841574 39.368666768074036 57.217191323637962 363.35188119858503 305.85295805335045 118.4096644371748 221.35729162395 228.74731880426407 129.97912354767323 83.156659573316574 65.805771730840206 126.73207996040583 38.265226185321808 180.53564604371786 25.737057313323021
leaf_count=1235 174 258 1730 1818 1044 906 1748 1164 365 450 1248 170 1360 163
internal_value=0.00306514 0.000736152 -0.00329835 -0.0083244 -0.0126672 0.0203721 -0.0171412 -0.00805173 0.0400081 0.000106243 -0.021214 0.00973207 -0.00628046 -0.00628046
internal_weight=2146.94 2024.42 1707.58 1344.23 946.831 316.84 473.889 472.942 122.525 397.396 245.142 95.4824 342.963 91.5428
internal_count=13833 13294 11960 10230 7799 1334 4040 3759 539 2431 2292 428 2595 613
is_linear=0
shrinkage=0.03


Tree=43
num_leaves=15
num_cat=0
split_feature=20 0 14 11 12 27 1 16 20 0 28 4 29 34
split_gain=232.909 191.02 174.869 97.8936 56.7168 27.0833 12.0715 6.10837 5.13899 3.52906 1.3661 0.527987 0.479513 0.249272
threshold=0.84360146535395575 -1.0000000180025095e-35 0.087426712675931398 1.0000000180025095e-35 1.0000000180025095e-35 -0.038967612666986 0.10339900256836758 -1.0000000180025095e-35 0.93792492401601923 0.56281886734491604 11.500000000000002 -0.15320638257366512 52.123863393793478 52.181152181152193
decision_type=10 8 2 2 2 10 10 10 10 10 2 10 2 2
left_child=1 -1 3 4 5 -3 10 9 -2 -8 12 -11 -7 -9
right_child=8 2 -4 -5 -6 6 7 13 -10 11 -12 -13 -14 -15
leaf_value=0.02744156877738212 0.02744156877738212 -0.0072052026181152733 0.012988028944356897 0.0035102814511499413 -0.0027587608725637442 -0.010950608317612598 -0.017038156920052932 -0.014078021912123659 0.058231842096185593 -0.019872688809432562 -0.010950608317612598 -0.024953299659245597 -0.014078021912123659 -0.017038156920052932
leaf_weight=165.76224505901337 13.469448924064634 442.84408248215914 350.51484397798777 98.690739661455154 78.516467064619064 112.37200994044542 117.00048136711121 136.15434638410807 61.286594972014427 71.645318180322647 88.052473247051239 165.17888002097607 95.892817452549934 127.48799630999565
leaf_count=687 63 3289 1520 438 442 751 885 921 264 600 602 1486 766 993
internal_value=0.00327237 0.0013124 -0.00146551 -0.00596747 -0.0090278 -0.0116516 -0.014696 -0.0172054 0.0535707 -0.0199983 -0.0109506 -0.0227072 -0.014078 -0.014078
internal_weight=2124.87 2050.11 1884.35 1533.84 1435.14 1356.63 913.784 617.467 74.756 353.825 296.317 236.824 208.265 263.642
internal_count=13707 13380 12693 11173 10735 10293 7004 4885 327 2971 2119 2086 1517 1914
is_linear=0
shrinkage=0.03


Tree=44
num_leaves=15
num_cat=0
split_feature=20 3 32 23 11 14 23 30 3 33 34 1 28 9
split_gain=208.552 178.554 168.984 56.5846 19.8785 19.0571 21.065 14.2307 12.5902 11.5387 12.4483 6.3289 4.03863 1.1655
threshold=0.9063878823108632 -0.107476787000178 40.284889935239597 0.013863126021198871 0.097767498757597784 0.28989410770962182 2.0916037597200402e-05 45.750677893535041 0.001771306138511432 49.844599844599848 49.225774225774231 0.17134780854856183 3.5000000000000004 0.28165836913001357
decision_type=10 8 2 2 2 2 2 2 10 2 2 10 2 8
left_child=1 11 5 4 8 6 -3 -5 -4 13 -11 -1 -9 -10
right_child=-2 2 3 7 -6 -7 -8 12 9 10 -12 -13 -14 -15
leaf_value=0.028193455367461723 0.054981683975088361 0.0032407994710458954 -0.0079804200443657543 0.0032407994710458954 -0.0039237306840780315 0.013443474296587357 0.0097085012878200417 -0.00034146560651606794 -0.014361972812146901 -0.014361972812146901 -0.02224600477186213 0.013443474296587357 -0.0039237306840780315 -0.011105267705554025
leaf_weight=147.20988032221794 62.554968357086182 223.25622221827507 251.13589084148407 163.00490152090788 32.126155540347099 194.23112179338932 95.510775715112686 67.844439134001732 40.092695996165276 151.53281608223915 263.50599493831396 24.272915303707123 159.65410926938057 238.14769567549229
leaf_count=612 269 1228 1828 872 151 792 446 434 315 1256 2459 108 1034 1937
internal_value=0.00311653 0.00140523 -0.00130651 -0.00681494 -0.0106592 0.0132965 0.00597353 0.00281176 -0.0120371 -0.0142301 -0.0176187 0.0281935 -0.00392373 -0.0111053
internal_weight=2114.08 2051.53 1880.04 1367.04 976.541 512.998 318.767 390.503 944.415 693.279 415.039 171.483 227.499 278.24
internal_count=13741 13472 12752 10286 7946 2466 1674 2340 7795 5967 3715 720 1468 2252
is_linear=0
shrinkage=0.03


Tree=45
num_leaves=15
num_cat=0
split_feature=20 0 32 18 21 14 18 0 0 4 9 11 28 3
split_gain=191.797 164.794 175.554 50.1686 32.9448 19.741 15.2044 13.3373 13.2995 7.26704 5.98345 4.0135 1.71064 1.48123
threshold=0.9063878823108632 -1.0000000180025095e-35 48.7596319764152 0.71925165519133183 1.0000000180025095e-35 0.19350325949813543 0.30171617614430063 0.47129662360535335 0.71465400742158958 -0.2133428888761971 0.28559702139780424 0.097767498757597784 11.500000000000002 -0.107476787000178
decision_type=10 8 2 8 2 2 10 10 8 10 8 2 2 10
left_child=1 13 3 5 6 11 7 -4 -6 -9 12 -3 -8 -1
right_child=-2 2 4 -5 8 -7 10 9 -10 -11 -12 -13 -14 -15
leaf_value=0.027395372188304252 0.053377769097162041 0.00016845966637481918 -0.010655669297124836 0.013132628909104421 0.00016845966637481918 0.0071924554591577088 -0.010655669297124836 -0.015103372078511637 -0.005874802717995814 -0.02474646217166717 -0.005874802717995814 0.003680457562766264 -0.0082652360075603244 0.013132628909104421
leaf_weight=139.97390069067478 60.989303827285767 272.32079093158245 249.79190198332071 409.19305419176817 158.58565592765808 91.811254933476448 96.430897355079651 141.37177786231041 93.477085024118423 138.12156657129526 169.58863614499569 38.541779145598412 32.018080994486809 24.136630281805992
leaf_count=585 262 1599 1951 2003 1036 376 742 1248 697 1396 1394 167 252 100
internal_value=0.00303278 0.00141298 -0.00113011 0.00937629 -0.00903937 0.00125228 -0.0119181 -0.014969 0.00016846 -0.0195511 -0.00634236 0.00016846 -0.0106557 0.0273954
internal_weight=2116.35 2055.36 1891.25 811.867 1079.39 402.674 827.323 529.285 252.063 279.493 298.038 310.863 128.449 164.111
internal_count=13808 13546 12861 4145 8716 2142 6983 4595 1733 2644 2388 1766 994 685
is_linear=0
shrinkage=0.03


Tree=46
num_leaves=15
num_cat=0
split_feature=12 0 14 20 23 27 3 22 4 3 18 8 8 26
split_gain=205.416 154.887 143.213 55.7862 27.5697 23.2216 19.3495 9.74615 4.02655 2.43042 2.07549 1.54168 1.32777 0.408334
threshold=1.0000000180025095e-35 -1.0000000180025095e-35 0.04149420284324188 0.073602725190706722 0.0016259104977722923 -0.087011376989629449 0.041814936867645008 0.00049458885088251951 -0.2191802262642133 1.035739392742667e-05 0.21793284219199979 0.23931325120222183 0.19252657941760368 -0.049810740178636508
decision_type=2 8 2 10 2 10 10 2 10 10 8 10 10 10
left_child=1 -1 3 5 9 12 -7 8 -8 -2 -6 -10 -3 -14
right_child=4 2 -4 -5 10 6 7 -9 11 -11 -12 -13 13 -15
leaf_value=0.018314199253920509 0.032247551208710555 -0.0046300670017599636 0.0079362981216998564 0.00034295753025914184 0.032247551208710555 -0.0084846888553063854 -0.015722841541560964 -0.01217840026095288 -0.018724697319156301 0.018314199253920509 0.049884916659992458 -0.025647735974223734 -0.0065573779285331753 -0.0084846888553063854
leaf_weight=156.3330140709877 13.36348734796047 376.61263811588287 406.39605148881674 79.395964361727238 14.224301204085348 333.58263158798218 89.724107459187508 227.64066783338785 141.50826333463192 41.678013704717159 79.052383556962013 108.46447464078665 8.7731209099292737 36.356257885694504
leaf_count=658 59 2830 1859 388 64 2308 740 1769 1257 251 369 936 56 282
internal_value=0.00289715 0.000286638 -0.0024416 -0.00725038 0.0363418 -0.00960309 -0.0123393 -0.0158721 -0.0192673 0.0183142 0.0461809 -0.0217266 -0.00463007 -0.00848469
internal_weight=2113.11 1964.79 1808.45 1402.06 148.318 1322.66 900.92 567.338 339.697 55.0415 93.2767 249.973 421.742 45.1294
internal_count=13826 13083 12425 10566 743 10178 7010 4702 2933 310 433 2193 3168 338
is_linear=0
shrinkage=0.03


Tree=47
num_leaves=15
num_cat=0
split_feature=12 0 32 20 23 18 18 24 0 4 0 8 8 30
split_gain=181.802 139.529 114.513 34.5005 22.0301 22.0242 20.0932 14.7617 13.4704 5.84919 4.72303 3.29872 3.27554 2.72211
threshold=1.0000000180025095e-35 -1.0000000180025095e-35 48.659731876515096 0.36682843204032839 0.0026744041597167169 0.71925165519133183 0.033610256198705273 -1.0512471108195622 0.51837920129088466 -0.26901559041766171 0.20431316137652347 0.046954766449940351 0.21257734894841998 30.771014699586132
decision_type=2 8 2 10 2 8 10 10 10 10 10 10 10 2
left_child=1 -1 5 6 13 7 8 -3 11 -10 -6 -4 -8 -2
right_child=4 2 3 -5 10 -7 12 -9 9 -11 -12 -13 -14 -15
leaf_value=0.017398556585558705 0.030011161851265407 -0.00050430446505230929 -0.009511875223003995 -0.00050430446505230929 0.050404544920753913 0.0077890469165036785 -0.0053003264651916892 0.0041519663282627755 -0.013934558701719956 -0.022738592336883658 0.030011161851265407 -0.013934558701719956 -0.009511875223003995 0.017398556585558705
leaf_weight=154.71413360536098 18.202627956867218 336.74582018703222 221.98122461140156 43.112456157803535 55.5019371509552 362.09810908138752 312.526960298419 44.058699131011963 138.93703978508711 149.48864804208279 42.643067345023155 69.919960029423237 115.27275793999434 39.667877875268459
leaf_count=653 83 1832 1693 215 251 1772 2472 203 1204 1513 200 551 950 244
internal_value=0.00334649 0.000813111 -0.00182046 -0.0081759 0.033984 0.0071673 -0.0100963 0.000514886 -0.0137234 -0.0183572 0.0426238 -0.00951188 -0.00530033 0.0173986
internal_weight=2104.87 1948.86 1794.14 1051.24 156.016 742.903 1008.13 380.805 580.327 288.426 98.145 291.901 427.8 57.8705
internal_count=13836 13058 12405 8598 778 3807 8383 2035 4961 2717 451 2244 3422 327
is_linear=0
shrinkage=0.03


Tree=48
num_leaves=15
num_cat=0
split_feature=14 2 23 8 32 22 32 23 18 1 33 1 0 3
split_gain=153.23 149.613 74.8925 18.8043 20.0162 16.1016 11.8049 11.0195 8.98141 7.63487 6.03327 3.43976 2.09079 1.92789
threshold=0.26195631403980263 1.0000000180025095e-35 2.1354507459986294e-08 0.10189702116185996 48.659731876515096 6.6210969376664263e-07 57.317507667158026 0.11361094949548517 0.49282082593349646 9.0915505007591531 45.147075147075149 0.15909510958735543 6.3238186071964639 1.0634150863895175
decision_type=2 2 2 10 2 2 2 2 8 8 2 10 10 10
left_child=1 2 3 4 -1 -5 -4 8 -2 -10 -6 -3 -7 -13
right_child=7 11 6 5 10 12 -8 -9 9 -11 -12 13 -14 -15
leaf_value=-0.0028213916014971918 0.012380427996389283 0.012380427996389283 0.0037873072291048442 -0.024706802904727248 -0.006486324956921025 -0.010862268196359577 -0.0028213916014971918 0.037646301967801665 0.029107791266087597 0.018353109124813603 -0.010862268196359577 0.0077258802925196665 -0.01778453555054341 0.0037873072291048442
leaf_weight=168.43348678946495 43.298398777842522 236.96381296217442 346.77391336858273 107.63128720968962 94.461559526622295 194.41205505281687 97.944586984813213 52.188538655638695 100.09806242585182 50.295837700366974 399.080735206604 142.10412739217281 25.586301028728485 38.273078396916389
leaf_count=990 180 1005 1983 934 843 1524 683 219 416 205 3664 730 225 246
internal_value=0.00286968 -0.00011109 -0.00480581 -0.00943009 -0.00643942 -0.0152851 0.00378731 0.0248719 0.0205693 0.0243258 -0.0101513 0.0123804 -0.0108623 0.00538823
internal_weight=2097.55 1851.66 1434.32 989.605 661.976 327.63 444.719 245.881 193.692 150.394 493.542 417.341 219.998 180.377
internal_count=13847 12827 10846 8180 5497 2683 2666 1020 801 621 4507 1981 1749 976
is_linear=0
shrinkage=0.03


Tree=49
num_leaves=15
num_cat=0
split_feature=20 14 2 11 12 8 1 13 34 1 14 3 13 13
split_gain=178.333 163.221 129.969 64.0616 30.0891 30.2707 13.339 12.6068 8.51843 8.38141 4.54862 4.07807 3.21353 2.73198
threshold=0.94204301282539538 0.26195631403980263 0.012163561076604556 1.0000000180025095e-35 0.038896986440282132 0.079192931284631576 0.17134780854856183 -60.579316732067333 53.521478521478535 9.0915505007591531 0.43982366947471624 0.46631709524414744 36.09555338298896 -1.5020173737792912
decision_type=10 2 2 2 2 10 10 10 2 10 2 10 10 10
left_child=1 2 3 4 5 7 -4 11 -7 10 -3 -1 -10 -8
right_child=-2 9 6 -5 -6 8 13 -9 12 -11 -12 -13 -14 -15
leaf_value=-0.0091930199359509801 0.051825634883122723 0.019069272336676282 0.011455004238304402 0.0027538304004834568 -0.0027986941042859302 -0.012609573281626686 0.0027538304004834568 -0.0064659730184494337 -0.024611813835600051 0.011455004238304402 0.026683540435048159 -0.012022687858095481 -0.017429023991716371 0.0071044173193939289
leaf_weight=219.19544006884098 60.542807027697563 61.421845689415932 218.68501450121403 71.679328829050064 61.832433126866817 216.92433342337608 88.543140761554241 480.66101315617561 159.54150455445051 33.140770778059959 145.34197369217873 171.54286038130522 11.032454505562781 87.998673766851425
leaf_count=1765 262 252 925 323 359 1615 515 3492 1443 134 609 1635 71 454
internal_value=0.00311973 0.00154145 -0.00160087 -0.00594734 -0.00835122 -0.0101333 0.011455 -0.00696346 -0.0170819 0.0245109 0.0266835 -0.0119201 -0.0222485 0.00275383
internal_weight=2088.08 2027.54 1787.64 1392.41 1320.73 1258.9 395.227 871.399 387.498 239.905 206.764 390.738 170.574 176.542
internal_count=13854 13592 12597 10703 10380 10021 1894 6892 3129 995 861 3400 1514 969
is_linear=0
shrinkage=0.03


Tree=50
num_leaves=15
num_cat=0
split_feature=11 14 30 23 18 8 22 4 22 2 0 2 0 18
split_gain=157.178 137.459 116.877 30.5597 21.0588 9.49729 9.03017 8.47823 5.91791 5.6019 2.78566 2.46866 2.34342 1.78785
threshold=1.0000000180025095e-35 0.27243223978610498 34.28357356928786 2.1354507459986294e-08 0.12697891118552199 0.026770683756237371 1.7044762783410557e-05 -0.17139559973865071 0.00058393323365743966 0.10597147950089127 -1.0000000180025095e-35 0.020942982456140354 6.13062284633006 0.76420388984102072
decision_type=2 2 2 2 10 10 2 10 2 2 10 2 10 10
left_child=1 2 9 4 7 -6 -5 12 -2 10 -1 -9 -4 -7
right_child=8 -3 3 6 5 13 -8 11 -10 -11 -12 -13 -14 -15
leaf_value=0.0050965755173839897 0.021188584733105493 0.01849820251550326 -0.0095672888741796715 -0.0042152343988082494 -0.0042152343988082494 -0.0095672888741796715 0.001105790111199479 -0.021013901762303309 0.040665895301742819 0.0084986886945275005 0.001105790111199479 -0.014526741839879313 -0.014526741839879313 -0.0068912616364939601
leaf_weight=12.798446357250212 39.981319472193718 225.63978230953217 177.58006173372269 156.91642338782549 297.94956854730844 100.5263039842248 219.53201323002577 165.66351348906755 85.475089207291603 232.94037279486656 207.12439374625683 19.328215770423412 51.929578341543674 77.029338985681534
leaf_count=53 176 942 1570 1035 2270 758 1305 1724 375 1024 1323 134 485 601
internal_value=0.00362976 0.00148768 -0.00150083 -0.00628711 -0.00930369 -0.00491581 0.000873223 -0.0142188 0.0355087 0.00849869 0.00169446 -0.0190604 -0.00999306 -0.00956729
internal_weight=2070.41 1944.96 1719.32 1266.46 890.007 475.505 376.448 414.501 125.456 452.863 219.923 184.992 229.51 177.556
internal_count=13775 13224 12282 9882 7542 3629 2340 3913 551 2400 1376 1858 2055 1359
is_linear=0
shrinkage=0.03


Tree=51
num_leaves=14
num_cat=0
split_feature=12 14 3 11 23 23 4 16 32 1 22 3 3
split_gain=161.788 132.552 95.8056 47.7453 35.2774 24.2854 18.7689 15.2217 5.6099 4.86068 4.72923 2.09194 1.99132
threshold=1.0000000180025095e-35 0.27243223978610498 -1.0000000180025095e-35 1.0000000180025095e-35 2.1354507459986294e-08 0.0016259104977722923 -0.26315589197207373 7.5820104109869524 54.522400676246839 0.27341283059803628 0.00038885156281639685 0.51095113769235534 5.9689086062301906e-17
decision_type=2 2 8 2 2 2 10 10 2 10 2 10 8
left_child=1 2 -1 4 6 12 8 10 -4 -7 11 -8 -2
right_child=5 -3 3 -5 -6 9 7 -9 -10 -11 -12 -13 -14
leaf_value=0.007201645434368258 0.029238505480820236 0.016680795428526685 -0.0072448788004286337 0.00085415400072055879 -0.0034232283687190643 0.049091293200306974 -0.018486421338525239 -0.011243740502143534 -0.011243740502143534 0.029238505480820236 -0.015042354034989262 -0.025639569856185093 0.016680795428526685
leaf_weight=218.21749606728554 12.103783056139944 225.71020683646202 358.51500654965639 81.495358690619469 421.40044362097979 56.632609277963638 106.96212105453014 108.16284608095884 133.30789168179035 37.560709103941917 154.30041255056858 118.65117499232292 42.938370391726494
leaf_count=928 54 944 2761 359 2589 257 975 729 1243 174 1346 1238 258
internal_value=0.00308239 0.000713813 -0.0022775 -0.00549334 -0.00770061 0.0326478 -0.0110665 -0.0152426 -0.00724488 0.0417962 -0.018841 -0.0219305 0.0166808
internal_weight=2075.96 1926.72 1701.01 1482.8 1401.3 149.235 979.899 488.077 491.823 94.1933 379.914 225.613 55.0422
internal_count=13855 13112 12168 11240 10881 743 8292 4288 4004 431 3559 2213 312
is_linear=0
shrinkage=0.03


Tree=52
num_leaves=15
num_cat=0
split_feature=20 3 14 12 25 34 34 18 3 28 1 3 16 1
split_gain=177.237 140.878 127.681 76.809 16.6494 10.576 9.12257 6.58596 5.65771 2.90502 2.04324 1.43161 1.68391 0.907333
threshold=0.90780002431892515 -0.107476787000178 0.14231547297481581 1.0000000180025095e-35 0.030811217193615018 54.329004329004341 51.456876456876465 0.48827384531311341 -0.0076197195044826896 16.500000000000004 0.17860789153304837 0.49912723792209712 -6.8135251335158484 7.338143601687503
decision_type=10 8 2 2 10 2 2 10 10 2 10 10 10 10
left_child=1 10 3 4 5 9 11 -8 -7 13 -1 -6 -13 -3
right_child=-2 2 -4 -5 6 8 7 -9 -10 -11 -12 12 -14 -15
leaf_value=0.025773247094425647 0.050062565089968543 -0.0017026684099896473 0.012397631072966013 0.0039128632433709388 -0.0081224579471961458 -0.0049006049356341555 -0.020185948062108858 -0.012051749984635681 -0.0081224579471961458 -0.0049006049356341555 0.012397631072966013 -0.012051749984635681 -0.009956469333859656 -0.0049006049356341555
leaf_weight=143.90107744932175 64.987229779362679 362.79121281951666 289.79265075922012 110.75066418200731 184.4332140237093 185.85783433169127 150.94733164459467 81.413513891398907 244.96239473670721 31.335202023386955 24.462164059281349 61.370496451854706 55.868415139615536 61.397720381617546
leaf_count=615 283 2480 1230 575 1180 1455 1397 638 2210 219 108 532 396 492
internal_value=0.00313855 0.00148393 -0.000977985 -0.0045719 -0.0073182 -0.00475333 -0.0114916 -0.015981 -0.00809854 -0.00170267 0.0257732 -0.00812246 -0.0117905 -0.00170267
internal_weight=2054.27 1989.28 1820.92 1531.13 1420.38 886.344 534.033 232.361 430.82 455.524 168.363 301.672 117.239 424.189
internal_count=13810 13527 12804 11574 10999 6856 4143 2035 3665 3191 723 2108 928 2972
is_linear=0
shrinkage=0.03


Tree=53
num_leaves=15
num_cat=0
split_feature=20 11 14 2 3 22 33 27 29 23 28 28 8 16
split_gain=161.336 125.452 124.868 89.2005 23.8928 9.55023 11.3028 4.8254 4.4965 4.43531 3.904 1.8057 1.33821 0.254763
threshold=0.92229919352317524 0.071778837733983067 0.079070203122113908 0.012163561076604556 0.052228680512927304 0.00042237075585435706 50.780885780885789 0.87687917552472072 52.474280376078596 0.0011329557892752438 13.500000000000002 4.5000000000000009 0.22448243902937295 0.71784285219423372
decision_type=10 2 2 2 10 2 2 10 2 2 2 2 10 8
left_child=1 2 3 4 8 6 12 -4 -1 -8 -7 13 -6 -10
right_child=-2 -3 7 -5 5 10 9 -9 11 -11 -12 -13 -14 -15
leaf_value=-0.0018068726690229639 0.04999696438522129 0.02595710119919423 0.012973761907503172 0.0045153020382689407 -0.010728116471113967 -0.0069998678000267236 -0.021792384149429384 0.0045153020382689407 -0.0069998678000267236 -0.014792122257888524 -0.010728116471113967 -0.0069998678000267236 -0.014792122257888524 -0.0043536307699563893
leaf_weight=278.07259112596512 59.887771293520927 111.92226099967957 329.54200825095177 327.00856033712626 108.90378893911839 224.26710124313831 182.2510583922267 46.670236930251122 27.717362269759178 60.396021038293839 75.627656258642673 81.139363199472427 78.964486099779606 52.500722736120224
leaf_count=1967 262 490 1463 1602 911 1842 1938 207 223 426 607 703 695 422
internal_value=0.00344386 0.00191724 -9.57738e-06 -0.00394316 -0.00812905 -0.0114387 -0.014318 0.0129738 -0.00256105 -0.0188561 -0.00713821 -0.00690039 -0.0107281 -0.00435363
internal_weight=2044.87 1984.98 1873.06 1496.85 1169.84 730.41 430.515 376.212 439.43 242.647 299.895 161.357 187.868 80.2181
internal_count=13758 13496 13006 11336 9734 6419 3970 1670 3315 2364 2449 1348 1606 645
is_linear=0
shrinkage=0.03


Tree=54
num_leaves=15
num_cat=0
split_feature=11 3 23 32 29 33 3 34 9 16 11 12 9 32
split_gain=154.239 135.923 98.1984 44.5901 18.6558 13.3091 10.7511 7.7012 4.97991 3.23357 2.97261 2.47314 0.895797 0.695845
threshold=0.04318135236356184 -1.0000000180025095e-35 2.1354507459986294e-08 40.076706510272949 51.282675070685976 49.844599844599848 0.27563031470859056 50.066600066600081 0.28165836913001357 -0.0097445896518658266 3.0189109136477561 0.042544464893621646 0.11360720191002978 48.29366437758047
decision_type=2 8 2 2 2 2 10 2 8 8 2 2 8 2
left_child=1 -1 3 9 -4 8 12 -8 -5 -3 13 -6 -7 -2
right_child=10 2 4 5 11 6 7 -9 -10 -11 -12 -13 -14 -15
leaf_value=0.017710685890340794 0.030697065923282901 -0.0052764502771846314 0.0077847454446694836 -0.0099961699863397487 0.00032929890555268417 -0.014106974277094586 -0.014148654784754584 -0.022642944270771712 -0.0052764502771846314 0.00032929890555268417 0.047085040027508372 0.004057022175111084 -0.0099961699863397487 0.017710685890340794
leaf_weight=242.24076581001282 84.475277081131935 24.101365454494953 350.23348592221737 79.042623296380043 170.20860610157251 86.305400803685188 89.668132252991199 167.6132350564003 244.80994780361652 292.61593201011419 27.997747629880905 12.260060533881186 151.01928748190403 15.323138177394865
leaf_count=1047 363 139 1905 668 1128 756 856 1774 2107 1480 122 62 1301 74
internal_value=0.00316696 0.00099085 -0.0021412 -0.00712615 0.00778475 -0.0108822 -0.0139763 -0.0183011 -0.006016 0.000329299 0.0344305 0.000329299 -0.00999617 0.0288033
internal_weight=2037.92 1910.12 1667.88 1135.18 532.702 818.459 494.606 257.281 323.853 316.717 127.796 182.469 237.325 99.7984
internal_count=13782 13223 12176 9081 3095 7462 4687 2630 2775 1619 559 1190 2057 437
is_linear=0
shrinkage=0.03


Tree=55
num_leaves=15
num_cat=0
split_feature=20 3 32 14 11 1 16 22 4 9 1 0 32 22
split_gain=141.714 135.653 115.511 37.4625 39.2929 14.518 13.088 11.8817 7.51436 4.39774 4.10732 3.50012 1.43365 1.25062
threshold=0.94204301282539538 -0.107476787000178 48.659731876515096 0.28989410770962182 1.0000000180025095e-35 0.25911057755973227 -6.8135251335158484 6.6210969376664263e-07 -0.18615210647459501 inf 0.17134780854856183 0.60984987270159918 59.317605471451635 0.00050502315063974
decision_type=10 8 2 2 2 10 10 2 10 8 10 10 2 2
left_child=1 10 3 4 -3 7 8 9 13 -4 -1 -10 -9 -7
right_child=-2 2 5 -5 -6 6 -8 12 11 -11 -12 -13 -14 -15
leaf_value=0.024975154539091625 0.047868186834565847 0.00058174462972312513 -0.0066679052302500473 0.01229696415237711 0.0077701689417996262 -0.014038417909815229 -0.0066679052302500473 0.00058174462972312513 -0.014169917308173411 -0.0030430803002634609 0.01229696415237711 -0.021221906366388432 -0.0030430803002634609 -0.010190181030982619
leaf_weight=148.29457969963551 57.798944070935249 481.60383117198944 207.81864831596613 210.85247714817524 95.311601579189301 119.27242436259985 172.22322257608175 96.935178495943546 46.882189474999905 74.64158046990633 23.108697444200516 139.47486291825771 79.651856787502766 79.568250671029091
leaf_count=642 253 2790 1690 882 405 1134 1565 632 411 561 101 1492 558 661
internal_value=0.00349778 0.00208212 -0.000381226 0.00821248 0.00324337 -0.00704899 -0.010286 -0.00304984 -0.0137125 -0.00666791 0.0249752 -0.0181497 0.000581745 -0.0101902
internal_weight=2033.44 1975.64 1804.24 787.768 576.915 1016.47 557.421 459.047 385.198 282.46 171.403 186.357 176.587 198.841
internal_count=13777 13524 12781 4077 3195 8704 5263 3441 3698 2251 743 1903 1190 1795
is_linear=0
shrinkage=0.03


Tree=56
num_leaves=15
num_cat=0
split_feature=11 0 12 32 34 27 30 28 22 32 18 22 11 4
split_gain=147.184 116.356 70.037 55.1976 30.1427 15.3957 8.35725 6.66575 4.67373 3.67797 3.16375 2.87199 2.3775 1.64623
threshold=0.071778837733983067 -1.0000000180025095e-35 1.0000000180025095e-35 40.284889935239597 33.707958707958717 -0.035246623431093298 68.188953903239636 9.5000000000000018 7.2444092493699277e-05 54.653039268423889 0.5468255687846223 6.6210969376664263e-07 0.9115050812254285 -0.23576817254342
decision_type=2 8 2 2 2 10 2 2 2 2 10 2 2 10
left_child=1 -1 3 -3 -5 9 7 11 -2 -6 -8 -7 -10 -13
right_child=8 2 -4 4 5 6 10 -9 12 -11 -12 13 -14 -15
leaf_value=0.018002313756754186 0.018002313756754186 0.0026798744244600553 0.0084999102396930912 -0.0019783810069354869 -0.0056378987729212831 -0.015108426827911775 -0.024160834710214612 -0.0088988854875731889 0.027675489159211222 -0.0088988854875731889 -0.015108426827911775 -0.0088988854875731889 0.044609513786172068 -0.012395194604073881
leaf_weight=156.4072590470314 18.174608647823334 423.7716728374362 115.95003982633352 213.39270103722811 233.35979187488556 148.66825320571661 74.223379231989384 248.83802442252636 53.317835211753845 120.37065338343382 34.634145639836788 34.607504740357399 51.723078399896622 97.459918931126595
leaf_count=683 78 2113 602 1245 1826 1287 853 2076 236 1099 314 296 225 844
internal_value=0.00349695 0.00139564 -0.00100249 -0.00314016 -0.00663664 -0.00929742 -0.0121599 -0.0104194 0.034609 -0.0056379 -0.0197974 -0.0140668 0.0373487 -0.00968196
internal_weight=2024.9 1901.68 1745.28 1629.33 1205.55 992.162 638.431 529.574 123.216 353.73 108.858 280.736 105.041 132.067
internal_count=13777 13238 12555 11953 9840 8595 5670 4503 539 2925 1167 2427 461 1140
is_linear=0
shrinkage=0.03


Tree=57
num_leaves=15
num_cat=0
split_feature=12 14 2 11 20 4 1 18 3 34 24 16 18 32
split_gain=141.822 99.2772 73.5014 39.4571 25.3947 28.8113 15.2779 11.3509 7.47295 6.39425 4.03669 3.75419 0.835328 0.696913
threshold=1.0000000180025095e-35 0.081901656932688596 0.11952380952380955 1.0000000180025095e-35 0.00078329944037832451 -0.55761160595332893 2.2064447078783123 0.49282082593349646 0.052228680512927304 54.224941724941736 -0.96622709599959544 -1.0000000180025095e-35 0.57043146642171061 54.778787645920524
decision_type=2 2 2 2 10 10 10 8 10 2 10 10 10 2
left_child=1 2 3 4 5 13 9 10 -7 -2 -3 -10 -13 -1
right_child=6 7 -4 -5 -6 8 -8 -9 11 -11 -12 12 -14 -15
leaf_value=-0.0065700407013270625 0.038487338250575473 0.0066478967211810467 0.0066478967211810467 0.00065145008384442211 -0.0034699231437239565 -0.010463954895021534 0.016047407383091933 0.016047407383091933 -0.019138393870812034 0.025459572235302996 0.011347652052136491 -0.01628713123147069 -0.013435868592129349 -0.010463954895021534
leaf_weight=383.94600167870522 121.17874670028687 102.95290809869766 239.92419079691172 74.229612171649933 70.210097394883633 141.83640475571156 18.19328834861517 238.00152526795864 253.57863084226847 14.01517293602228 13.699484467506407 110.22950049489737 98.487752482295036 130.45917911827564
leaf_count=2987 590 473 1162 324 360 1053 96 1050 2607 78 59 936 797 1160
internal_value=0.00358554 0.00125858 -0.00212298 -0.005345 -0.0075913 -0.00967016 0.0308362 0.0154188 -0.0143579 0.0348717 0.0066479 -0.0164078 -0.0134359 -0.00657004
internal_weight=2010.94 1857.56 1502.9 1262.98 1188.75 1118.54 153.387 354.654 604.132 135.194 116.652 462.296 208.717 514.405
internal_count=13732 12968 11386 10224 9900 9540 764 1582 5393 668 532 4340 1733 4147
is_linear=0
shrinkage=0.03


Tree=58
num_leaves=15
num_cat=0
split_feature=20 3 32 18 12 18 3 11 7 35 32 8 1 21
split_gain=143.76 127.368 97.8028 40.1849 27.0462 14.6759 17.7013 11.8899 7.41589 3.37855 3.23072 2.94884 2.52244 1.73803
threshold=0.9063878823108632 -0.107476787000178 48.659731876515096 0.86243245405764135 0.038896986440282132 0.081687308919095078 0.60475248337322229 0.092044971995751457 -2.2110766920597293 37.246087246087257 55.536770921386314 0.11352837695731478 0.17860789153304837 0.049255975817773009
decision_type=10 8 2 8 2 10 10 2 10 10 2 10 10 2
left_child=1 12 3 7 5 6 11 9 -8 -3 -7 -4 -1 -12
right_child=-2 2 4 -5 -6 10 8 -9 -10 -11 13 -13 -14 -15
leaf_value=0.024174214030100862 0.046270528723999144 0.0035575438420502787 -0.0076277890107800802 0.011921624419549592 0.00051471993803548974 -0.003873761863681895 -0.012725134637422003 0.0066003677460650676 -0.022715069908094181 0.00051471993803548974 -0.0076277890107800802 -0.012725134637422003 0.011921624419549592 -0.0057507754372309872
leaf_weight=145.88635358214378 63.595896154642105 113.23229119181633 252.45851650089025 333.00371346622705 41.891181826591492 256.14816121011972 97.159768417477608 41.779203474521637 130.58653505891562 298.41258680075407 123.15589591860771 80.169274047017097 25.69501368701458 20.45560958981514
leaf_count=640 282 601 2046 1630 238 2086 925 176 1483 1661 1128 693 112 145
internal_value=0.00357735 0.0020779 -0.000330965 0.00756152 -0.00653208 -0.00826224 -0.0113818 0.00127911 -0.0178225 0.00051472 -0.00387376 -0.00762779 0.0241742 -0.00762779
internal_weight=2023.63 1960.03 1788.45 786.428 1002.02 960.134 560.374 453.424 227.746 411.645 399.76 332.628 171.581 143.612
internal_count=13846 13564 12812 4068 8744 8506 5147 2438 2408 2262 3359 2739 752 1273
is_linear=0
shrinkage=0.03


Tree=59
num_leaves=15
num_cat=0
split_feature=20 1 14 11 12 4 22 29 35 30 18 9 18 2
split_gain=148.81 115.51 99.565 63.7518 39.7463 23.3757 12.0703 4.75841 3.97565 4.12245 2.57336 2.56956 2.45407 1.33572
threshold=0.92229919352317524 -1.0000000180025095e-35 0.19350325949813543 1.0000000180025095e-35 1.0000000180025095e-35 -0.29433670657479521 0.00040005374358075251 52.123863393793478 35.839160839160847 52.693734836591993 0.025386012988682101 inf 0.4355420970213883 0.44097222222222227
decision_type=10 8 2 2 2 10 2 2 10 2 10 8 10 2
left_child=1 13 3 4 5 7 8 -3 -7 -10 -8 -9 -11 -1
right_child=-2 2 -4 -5 -6 6 10 11 9 12 -12 -13 -14 -15
leaf_value=0.015237597696702675 0.046367999158469321 -0.0046423907610867489 0.011817740948597976 0.0041463136796047826 -0.00094576677376365548 -0.012052690520377246 -0.012052690520377246 -0.0084352887715684333 -0.01487748606776735 -0.026657950046120742 -0.0084352887715684333 -0.0065265125234265893 -0.018545235373257699 0.024067107773520204
leaf_weight=57.174623489379883 64.765277609229088 331.52305526286364 265.80373691022396 105.76796701550484 91.600506648421288 102.33311028033495 107.73264021426439 197.97230629622936 165.71581433713436 82.065654795616865 173.06675401329994 115.585444226861 46.890591472387314 98.395840689539909
leaf_count=250 288 2343 1115 453 487 909 979 1729 1284 907 1186 1003 394 437
internal_value=0.00331762 0.00176622 -0.000431626 -0.00352511 -0.00603785 -0.00833901 -0.0122282 -0.00464239 -0.0156701 -0.0177023 -0.00843529 -0.00841063 -0.022213 0.0240671
internal_weight=2006.39 1941.63 1786.06 1520.25 1414.49 1322.89 677.805 645.081 397.005 294.672 280.799 313.558 128.956 155.57
internal_count=13764 13476 12789 11674 11221 10734 5659 5075 3494 2585 2165 2732 1301 687
is_linear=0
shrinkage=0.03


Tree=60
num_leaves=15
num_cat=0
split_feature=20 3 32 34 20 32 18 16 3 22 9 11 13 32
split_gain=129.347 100.899 71.198 25.8199 24.6484 19.3827 14.4023 10.2867 9.98928 9.20764 3.26872 2.83782 1.59952 0.997268
threshold=0.0002577480714804976 -0.04223466361481084 40.168223385006605 53.12021312021313 0.94204301282539538 53.267362008620751 0.49282082593349646 5.0456989978374862 -0.0076197195044826896 0.00058393323365743966 1.2342703793834811 0.30817299473874155 -7.9707362378433055 54.100095708487316
decision_type=10 8 2 2 10 2 8 10 10 2 8 2 10 2
left_child=1 -1 6 5 9 -4 -3 8 -5 -2 11 -10 -7 -12
right_child=4 2 3 7 -6 12 -8 -9 10 -11 13 -13 -14 -15
leaf_value=0.015955621201880495 0.015955621201880495 0.0012250897651042501 0.0012250897651042501 -0.0085628517068821932 0.045421839901221131 -0.0053999333393239491 0.007436018128022537 -0.0053999333393239491 -0.020175349503507595 0.029303259049183624 -0.011768049017579571 -0.014801977988750506 -0.0020874217871098494 -0.014801977988750506
leaf_weight=192.86263132095337 34.483200274407864 165.44312644004822 361.83316046744585 151.16538197547197 57.486326791346073 199.76640477776527 299.54706200957298 42.737183161079884 183.96549643948674 52.372138924896717 86.952243402600288 7.2918570339679709 95.404188871383667 66.405883528292179
leaf_count=850 184 865 2333 1280 257 1712 1426 359 1928 259 814 32 811 727
internal_value=0.00360989 0.0014417 -0.00108358 -0.00498584 0.0304695 -0.000976367 0.00743602 -0.0098235 -0.0117258 0.0186394 -0.0149732 -0.0178359 -0.00539993 -0.011768
internal_weight=1997.72 1853.37 1660.51 1195.52 144.342 657.004 464.99 538.518 495.781 86.8553 344.615 191.257 295.171 153.358
internal_count=13837 13137 12287 9996 700 4856 2291 5140 4781 443 3501 1960 2523 1541
is_linear=0
shrinkage=0.03


Tree=61
num_leaves=15
num_cat=0
split_feature=11 0 14 23 3 8 33 22 22 21 11 12 34 18
split_gain=114.244 90.5121 79.0223 49.4083 15.5 10.2135 7.41394 6.89346 6.87356 6.78608 3.76056 3.15222 2.10487 2.08972
threshold=0.066906875028250823 -1.0000000180025095e-35 0.03873646615654823 2.1354507459986294e-08 -0.0076197195044826896 0.079192931284631576 53.634460777317926 0.00048305627851597416 0.00057258548627373658 7.8666592621797374e-05 0.9115050812254285 0.50890914741531146 52.181152181152193 0.17406955720737025
decision_type=2 8 2 2 10 10 2 2 2 2 2 2 2 8
left_child=1 -1 3 4 -3 6 -6 11 -2 -5 -10 -7 -8 -4
right_child=8 2 13 9 5 7 12 -9 10 -11 -12 -13 -14 -15
leaf_value=0.016367713927440436 0.017668857727625109 -0.0033082590142545338 0.0018929918325119182 -0.0033082590142545338 -0.0070512809032492922 -0.022308718345301931 -0.0093236509645923428 -0.011596021025935391 0.02706623729928221 0.0018929918325119182 0.044690712648776623 -0.015706133531992936 -0.011596021025935391 0.0079818737020142406
leaf_weight=152.57339219748974 42.307626232504845 191.08955521136522 55.094132393598557 223.64036791026592 158.86623561382294 150.68115731328726 100.83625672012568 97.571724414825439 39.259664386510849 212.31519763171673 42.296073146164417 5.117528297007083 143.38564132526517 357.76569194346666
leaf_count=686 183 1465 277 1473 1416 1575 950 859 174 1211 185 33 1549 1666
internal_value=0.00366521 0.00175682 -0.000403967 -0.00419589 -0.00850951 -0.0107943 -0.00766674 -0.0155253 0.0309786 0.00189299 0.0364636 -0.0198162 -0.011596 0.00798187
internal_weight=1972.8 1848.94 1696.36 1283.5 847.548 656.459 403.088 253.37 123.863 435.956 81.5557 155.799 244.222 412.86
internal_count=13702 13160 12474 10531 7847 6382 3915 2467 542 2684 359 1608 2499 1943
is_linear=0
shrinkage=0.03


Tree=62
num_leaves=15
num_cat=0
split_feature=20 3 14 12 22 8 33 23 28 0 32 16 13 0
split_gain=107.714 103.056 89.411 53.7641 21.1953 22.322 10.0843 6.84726 6.90797 6.66854 5.08175 1.54387 1.4978 1.24298
threshold=0.90780002431892515 -0.107476787000178 0.27243223978610498 1.0000000180025095e-35 0.00060037144381842043 0.0099145265263187472 49.067202638631223 0.0035442729164723444 10.500000000000002 0.62591620707229401 53.267362008620751 -1.093923714508759 37.956278136363331 0.37698017957731583
decision_type=10 8 2 2 2 10 2 2 2 10 2 10 10 10
left_child=1 13 3 4 5 6 -3 8 -7 -8 -6 -12 -10 -1
right_child=-2 2 -4 -5 10 7 9 -9 12 -11 11 -13 -14 -15
leaf_value=0.022196930786029734 0.041788539588197129 -0.0037293360131175476 0.011301375292488333 0.0044419274895844997 -0.00016409087225841167 -0.013025340523860906 -0.0060691542702109849 -0.0091144870387414052 -0.02360779978301579 -0.0091144870387414052 -0.0037293360131175476 -0.0019467134426879795 -0.013025340523860906 0.011301375292488333
leaf_weight=149.61351080238819 60.344008758664131 246.33450190722942 215.54723429679871 112.69356273859739 269.69803754985332 105.61041953787208 274.66227352619171 75.25856027752161 108.89399315044284 144.16266822442412 134.52566504478455 49.601394571363926 8.8758295178413373 17.523930743336678
leaf_count=668 274 1860 913 576 1657 986 2171 464 974 1461 1200 417 61 78
internal_value=0.00390611 0.00260532 0.00040582 -0.00241752 -0.00477011 -0.00729458 -0.00417972 -0.0140493 -0.0169362 -0.00840897 -0.000164091 -0.00372934 -0.0222991 0.0221969
internal_weight=1973.35 1913 1745.86 1530.32 1417.62 963.798 665.159 298.639 223.38 418.825 453.825 184.127 117.77 167.137
internal_count=13760 13486 12740 11827 11251 7977 5492 2485 2021 3632 3274 1617 1035 746
is_linear=0
shrinkage=0.03


Tree=63
num_leaves=15
num_cat=0
split_feature=12 14 3 20 23 32 7 3 8 1 13 22 3 3
split_gain=106.433 91.5521 62.3789 32.4035 27.6396 18.9349 13.6434 6.05389 4.59867 3.0145 2.74555 2.72963 1.3581 1.29334
threshold=1.0000000180025095e-35 0.27243223978610498 -1.0000000180025095e-35 0.0015982133860124371 0.013863126021198871 54.778787645920524 1.0000000180025095e-35 8.5157794956892747 -0.076250273246120756 0.29870421515658685 -1.6621717516373919 0.0014067332304371881 5.9689086062301906e-17 0.49912723792209712
decision_type=2 2 8 10 2 2 10 10 10 10 10 2 10 10
left_child=1 2 -1 5 12 6 -4 8 13 -6 -10 -8 -2 -7
right_child=4 -3 3 -5 9 7 11 -9 10 -11 -12 -13 -14 -15
leaf_value=0.0067337259857790195 0.026320925795877987 0.014457159733746793 -0.0020724953065609478 0.0015105288099838913 0.044506487667522014 -0.0070788541310234454 -0.0070788541310234454 -0.021578703787514673 -0.015538238009479212 0.026320925795877987 -0.010318170183559457 -0.004575674718792196 0.014457159733746793 -0.010318170183559457
leaf_weight=212.2447579652071 12.102950125932692 214.41359388828278 578.44329717755318 85.848263576626778 52.959977835416794 129.54777849465609 226.35986579582095 41.597484938800335 100.55674052983522 34.340575307607651 50.853902023285627 91.122882008552551 53.70418456941843 85.867765750735998
leaf_count=934 57 922 4384 427 245 1132 1706 476 1029 156 502 569 307 901
internal_value=0.00368175 0.00162268 -0.000989708 -0.00371267 0.0272916 -0.00565552 -0.00318341 -0.0109743 -0.00949777 0.0381847 -0.0135575 -0.00707885 0.0144572 -0.00707885
internal_weight=1969.96 1816.86 1602.44 1390.2 153.108 1304.35 895.926 408.424 366.826 87.3006 151.411 317.483 65.8071 215.416
internal_count=13747 12982 12060 11126 765 10699 6659 4040 3564 401 1531 2275 364 2033
is_linear=0
shrinkage=0.03


Tree=64
num_leaves=15
num_cat=0
split_feature=12 14 0 11 23 23 8 22 18 9 0 18 13 0
split_gain=112.677 86.3663 62.3889 39.3814 28.4895 20.7677 19.6303 8.49601 6.291 4.88198 3.38021 1.31866 1.21666 0.523139
threshold=0.044375418204102117 0.27243223978610498 -1.0000000180025095e-35 1.0000000180025095e-35 0.013863126021198871 2.1354507459986294e-08 0.079192931284631576 0.00048305627851597416 0.12697891118552199 0.70393695053644401 0.026516491942046454 0.21793284219199979 -30.956889671101873 0.010612570671819753
decision_type=2 2 8 2 2 2 10 2 10 10 10 8 10 10
left_child=1 2 -1 5 13 6 8 9 10 -8 -4 -6 -9 -2
right_child=4 -3 3 -5 11 -7 7 12 -10 -11 -12 -13 -14 -15
leaf_value=0.0070326184502723472 0.026318702506189659 0.01500864604824906 -0.0070644412612818732 0.0018388504728183278 0.027542002640407483 -0.001850577260580412 -0.022629685634496299 -0.013976163524252247 -0.004984573862649784 -0.013976163524252247 -0.0096366783818285871 0.043662055014430046 -0.0096366783818285871 0.01500864604824906
leaf_weight=133.68247321248055 11.766463682055472 212.76638068258762 93.833090648055077 88.208945170044899 14.990519911050795 423.98078863322735 116.23195181414485 32.06187566369772 307.08622578531504 75.666189294308424 235.6398136690259 66.366274371743202 87.87570221722126 53.721185654401779
leaf_count=598 58 916 802 381 68 2644 1033 327 2423 765 2436 307 650 299
internal_value=0.0036425 0.00155239 -0.000943409 -0.00335492 0.0284649 -0.00554 -0.00811857 -0.0142423 -0.0050311 -0.0183156 -0.00914431 0.0400754 -0.00963668 0.0150086
internal_weight=1953.88 1807.03 1594.27 1460.58 146.844 1372.38 948.395 311.836 636.559 191.898 329.473 81.3568 119.938 65.4876
internal_count=13707 12975 12059 11461 732 11080 8436 2775 5661 1798 3238 375 977 357
is_linear=0
shrinkage=0.03


Tree=65
num_leaves=15
num_cat=0
split_feature=11 14 2 23 8 33 11 18 29 32 3 32 13 28
split_gain=93.7618 79.8695 68.6899 40.7497 15.7027 12.9338 6.76342 6.13191 3.33127 2.88153 2.47634 1.79414 1.73434 1.67239
threshold=1.0000000180025095e-35 0.27243223978610498 0.10072463768115944 2.1354507459986294e-08 0.079192931284631576 49.844599844599848 3.0189109136477561 0.71925165519133183 46.927778953203536 58.967955121801282 2.8312890917636002 48.29366437758047 0.38273436825644336 12.500000000000002
decision_type=2 2 2 2 10 2 2 10 2 2 8 2 8 2
left_child=1 2 3 4 5 -1 11 10 -7 -5 13 12 -2 -6
right_child=6 -3 -4 9 7 8 -8 -9 -10 -11 -12 -13 -14 -15
leaf_value=-0.0034809630803205958 0.019216179473450671 0.014302481521738205 0.0065780183267712981 0.0011294013326208418 -0.013037544671799722 -0.0064727905225683714 0.042148435385893641 -0.0094646179648161469 -0.0094646179648161469 -0.0034809630803205958 -0.023515740736646206 0.014302481521738205 0.028454222565082898 -0.018801529734792152
leaf_weight=238.84846410155296 25.983074337244034 220.65343496203423 279.39484922587872 345.82817063480616 110.24995743855834 43.580504961311817 25.322352960705757 77.323250032961369 313.85492674633861 89.754326663911343 47.202632319182158 15.842868849635122 60.927466154098511 60.532350055873394
leaf_count=1958 113 960 1381 2050 1062 331 111 639 3143 646 507 75 264 523
internal_value=0.00303302 0.00125887 -0.00114644 -0.00431922 -0.00809133 -0.00521642 0.0273461 -0.0137128 -0.00946462 0.0011294 -0.0166105 0.0219117 0.0241299 -0.0140873
internal_weight=1955.3 1827.22 1606.57 1327.17 891.592 596.284 128.076 295.308 357.435 435.582 217.985 102.753 86.9105 170.782
internal_count=13763 13200 12240 10859 8163 5432 563 2731 3474 2696 2092 452 377 1585
is_linear=0
shrinkage=0.03


Tree=66
num_leaves=13
num_cat=0
split_feature=20 2 14 11 12 4 3 16 34 21 27 0
split_gain=107.021 89.507 71.3535 45.036 26.3341 25.9863 18.7725 9.04951 8.99405 4.06536 1.56814 1.34638
threshold=0.9063878823108632 0.1680555555555556 0.28989410770962182 1.0000000180025095e-35 1.0000000180025095e-35 -0.28816322622700324 -0.107476787000178 7.5820104109869524 50.522810522810531 1.0000000180025095e-35 1.1030966236594901 0.015578704097214123
decision_type=10 2 2 2 2 10 10 10 2 2 10 10
left_child=1 2 3 4 5 10 -3 8 -7 -8 -1 -10
right_child=-2 6 -4 -5 -6 7 9 -9 11 -11 -12 -13
leaf_value=-0.0041289914607003592 0.041827330533878812 0.022048710491432314 0.0091545397918235735 0.0030974112835534494 -0.001071049605535565 -0.010817353614026521 0.0091545397918235735 -0.007870587129889698 -0.014546920089930578 0.015601625141627943 -0.007870587129889698 -0.019738792378606658
leaf_weight=595.26190449297428 58.659701369702816 145.38095299899578 197.53352099657059 99.077241435647011 87.669972449541092 263.54840774089098 72.539410308003426 132.39421944320202 28.846232421696186 36.849582798779011 34.932785846292973 199.74277654290199
leaf_count=4808 271 661 850 422 458 2123 407 899 258 177 265 2191
internal_value=0.00356237 0.00227009 -0.000322021 -0.00295972 -0.00523951 -0.00718693 0.0186311 -0.0116122 -0.0137641 0.00915454 -0.00412899 -0.0182765
internal_weight=1952.44 1893.78 1639.01 1441.47 1342.4 1254.73 254.77 624.532 492.137 109.389 630.195 228.589
internal_count=13790 13519 12274 11424 11002 10544 1245 5471 4572 584 5073 2449
is_linear=0
shrinkage=0.03


Tree=67
num_leaves=15
num_cat=0
split_feature=12 0 14 11 4 20 23 8 3 2 0 28 33 3
split_gain=113.071 75.8468 69.4859 35.0607 25.8041 18.9064 18.3247 7.75139 5.14578 2.29308 1.75902 1.59848 1.5081 1.21132
threshold=1.0000000180025095e-35 -1.0000000180025095e-35 0.081901656932688596 1.0000000180025095e-35 -0.63559419129389594 0.20142765126188378 0.0016259104977722923 0.083803246884174079 0.078490797429216219 0.049652777777777789 0.27118875821124783 16.500000000000004 62.256632256632265 1.035739392742667e-05
decision_type=2 8 2 2 10 10 2 10 10 2 10 2 2 10
left_child=1 -1 3 4 12 7 13 11 -9 -10 -8 -6 -3 -2
right_child=6 2 -4 -5 5 -7 10 8 9 -11 -12 -13 -14 -15
leaf_value=0.014755188241184335 0.025318651916139152 -0.0021558867957992096 0.0071323948791368452 0.0016411690576861829 -0.0091799095418335745 -0.0059572570799498797 0.041572241921598668 -0.012512117124365738 -0.020848638691500148 -0.01564277217127677 0.025318651916139152 -0.012512117124365738 -0.0059572570799498797 0.014755188241184335
leaf_weight=146.72667516767979 12.781542807817457 477.82022311538458 345.35399901121855 85.108303025364876 296.14070045202971 50.194295212626457 55.942429646849632 92.14205265045166 199.14029133319855 24.934039525687695 40.426534578204155 44.05001075938344 51.062899485230446 43.473147325217724
leaf_count=675 60 3887 1557 367 2741 251 262 680 2037 165 183 380 411 256
internal_value=0.0036306 0.00150708 -0.000490398 -0.00385006 -0.00595294 -0.00975863 0.0280033 -0.0124026 -0.0158443 -0.0187734 0.0358821 -0.00917991 -0.00215589 0.0147552
internal_weight=1965.3 1812.67 1665.95 1320.59 1235.48 706.601 152.624 656.407 316.216 224.074 96.369 340.191 528.883 56.2547
internal_count=13912 13151 12476 10919 10552 6254 761 6003 2882 2202 445 3121 4298 316
is_linear=0
shrinkage=0.03


Tree=68
num_leaves=15
num_cat=0
split_feature=20 12 14 2 11 8 25 1 22 16 18 26 9 28
split_gain=96.8302 86.0822 89.381 51.1404 31.299 27.7917 6.75475 6.59916 4.37178 2.00199 1.58723 1.50824 1.44111 0.74202
threshold=0.94204301282539538 1.0000000180025095e-35 0.079070203122113908 0.10801587301587302 1.0000000180025095e-35 0.073863546631669066 0.017897659043337292 2.2064447078783123 0.00052900970413193146 -0.0097445896518658266 0.17406955720737025 -0.11792772911825987 1.2342703793834811 16.500000000000004
decision_type=10 2 2 2 2 10 10 10 2 10 8 10 10 2
left_child=1 2 3 4 5 6 13 -3 12 -8 -4 -10 -7 -1
right_child=-2 7 10 -5 -6 8 9 -9 11 -11 -12 -13 -14 -15
leaf_value=-0.004462857006277147 0.041450654968123522 0.021953566066195054 0.0041589795692146513 0.0041589795692146513 -0.00084424719075857702 -0.020168124877589334 -0.010129761971345739 0.011257840112959576 -0.010129761971345739 -0.0072209066546296682 0.011257840112959576 -0.014205048686118443 -0.014255572737617661 -0.0072209066546296682
leaf_weight=530.28337383270264 54.146872609853745 127.47022790461779 42.222263902425766 232.2340128198266 69.023225381970406 154.69700568541884 125.50332932546735 18.728819891810417 18.010934852063656 77.255166593939066 311.88588548451662 107.75741095095873 45.041449341922998 29.901844415813684
leaf_count=4539 254 623 198 1167 296 1551 1279 97 145 645 1409 923 450 256
internal_value=0.00364605 0.00245648 0.000562114 -0.00293988 -0.00584747 -0.00808147 -0.0048939 0.0219536 -0.0153656 -0.00997896 0.0112578 -0.0102594 -0.0182518 -0.00446286
internal_weight=1944.16 1890.01 1743.82 1389.71 1157.47 1088.45 762.944 146.199 325.507 202.758 354.108 125.768 199.738 560.185
internal_count=13832 13578 12858 11251 10084 9788 6719 720 3069 1924 1607 1068 2001 4795
is_linear=0
shrinkage=0.03


Tree=69
num_leaves=15
num_cat=0
split_feature=20 12 14 0 11 27 1 16 1 20 30 28 9 18
split_gain=102.171 75.3273 76.9371 41.8198 28.1031 24.0008 11.5937 5.53623 5.00964 3.17167 3.03122 2.20939 2.04487 1.90538
threshold=0.79585071933331064 1.0000000180025095e-35 0.087426712675931398 -1.0000000180025095e-35 0.071778837733983067 -0.035246623431093298 0.10339900256836758 -1.0000000180025095e-35 2.558058274320997 0.90780002431892515 53.178963893249616 11.500000000000002 0.53150375609846601 0.18119760093205647
decision_type=10 2 2 8 2 10 10 10 10 10 2 2 10 8
left_child=1 2 3 -1 5 -5 11 10 -3 -2 -8 -7 -9 -4
right_child=9 8 13 4 -6 6 7 12 -10 -11 -12 -13 -14 -15
leaf_value=0.0035493043780509921 0.019534029590501281 0.019534029590501281 0.0035493043780509921 -0.0039816010575210847 -0.00077045999917985651 -0.010285997859590024 -0.013251337114717883 -0.013251337114717883 0.0099590628875496408 0.04081358944504556 -0.019578500136589013 -0.0072637895773426855 -0.010285997859590024 0.0099590628875496408
leaf_weight=118.77241605520248 15.796213261783121 119.63602187484503 40.237101852893829 400.12728100270033 81.543745622038841 182.70738695189357 138.58060673251748 103.02250664308667 16.402396135032177 58.481665305793285 149.4396136701107 79.595008127391338 128.90817537158728 298.88582998514175
leaf_count=532 78 584 188 3339 348 1492 1222 833 84 276 1764 596 1104 1344
internal_value=0.00357002 0.00214085 0.000384096 -0.00286045 -0.00509022 -0.00719274 -0.010546 -0.0133082 0.019534 0.0369272 -0.0162167 -0.00726379 -0.010286 0.00995906
internal_weight=1932.14 1857.86 1721.82 1382.7 1263.92 1182.38 782.253 519.951 136.038 74.2779 288.02 262.302 231.931 339.123
internal_count=13784 13430 12762 11230 10698 10350 7011 4923 668 354 2986 2088 1937 1532
is_linear=0
shrinkage=0.03


Tree=70
num_leaves=15
num_cat=0
split_feature=11 3 14 23 8 11 33 22 3 34 22 18 3 18
split_gain=90.2235 69.0298 66.931 37.2628 13.9498 9.09686 7.02661 6.24088 5.91039 5.8761 4.36602 1.31097 1.30793 0.978053
threshold=0.071778837733983067 -0.107476787000178 0.03873646615654823 2.1354507459986294e-08 0.079192931284631576 4.5848660010509734 49.844599844599848 1.0000000180025095e-35 6.170765946906257e-16 43.265068265068273 0.00047335821606362994 0.42480506715553185 0.00026427616814425739 0.11951571351005436
decision_type=2 8 2 2 10 2 2 2 10 2 2 8 8 8
left_child=1 -1 3 4 6 10 -3 -5 -8 -6 -2 -12 -11 -4
right_child=5 2 13 7 9 -7 8 -9 -10 12 11 -13 -14 -15
leaf_value=0.014911578436875619 0.014911578436875619 -0.0028684434037717765 0.0018566009564342889 -0.0028684434037717765 -0.0091660372501637354 0.04479915749411633 -0.0053126821383104039 0.0018566009564342889 -0.0091660372501637354 -0.012659334441367165 0.020883483044490638 0.031878928771525525 -0.017604365573612928 0.0074105130323578678
leaf_weight=155.9257554858923 32.729183048009872 198.76054203882813 44.25379678234458 138.94757749140263 40.387236215174198 24.16993448138237 120.68933734297752 302.40790594369173 234.55893402919173 25.53164916485548 21.728136628866196 43.516639679670334 181.93510344624519 369.23215273022652
leaf_count=719 141 1778 229 968 342 105 1002 1793 2543 178 97 195 2011 1756
internal_value=0.00355502 0.00183622 -9.05524e-05 -0.00369731 -0.00759349 0.0279869 -0.00487193 0.0018566 -0.00775692 -0.0134601 0.0218655 0.0268554 -0.0161526 0.00741051
internal_weight=1934.77 1812.63 1656.7 1243.22 801.863 122.144 554.009 441.355 355.248 247.854 97.974 65.2448 207.467 413.486
internal_count=13857 13319 12600 10615 7854 538 5323 2761 3545 2531 433 292 2189 1985
is_linear=0
shrinkage=0.03


Tree=71
num_leaves=14
num_cat=0
split_feature=11 14 3 23 33 1 34 1 11 22 32 28 33
split_gain=94.4516 66.9241 53.6224 44.9602 17.5357 8.27867 10.1954 6.27097 3.66961 5.60999 3.59401 3.35177 2.65071
threshold=0.071778837733983067 0.32869614991196988 -1.0000000180025095e-35 2.1354507459986294e-08 46.728271728271729 0.00021038710991680144 52.847152847152856 9.0915505007591531 4.5848660010509734 0.00049458885088251951 57.953584876661807 15.500000000000002 49.686424686424694
decision_type=2 2 8 2 2 10 2 10 2 2 2 2 2
left_child=1 2 -1 4 11 -6 -7 -3 9 -2 -5 -4 -8
right_child=8 7 3 10 5 6 12 -9 -10 -11 -12 -13 -14
leaf_value=0.0072102127730420337 0.015063527873931433 0.015063527873931433 -0.002555848609368938 0.0020495376308469425 -0.0064827547422286859 -0.0096230639148341957 -0.013450715771672006 0.0072102127730420337 0.042044746897898742 0.029165767959155212 -0.002555848609368938 -0.0064827547422286859 -0.019147428681747816
leaf_weight=220.49323395639658 32.094250991940498 167.55231261998415 287.41649587079883 375.60076781362295 152.93642601370811 182.37602453306317 27.329442672431469 29.582376003265381 22.205172374844551 62.996556788682938 97.31792489439249 54.562047533690929 202.32121650502086
leaf_count=992 139 752 2362 2206 1331 1721 271 124 97 282 713 437 2361
internal_value=0.00317717 0.00143738 -0.000643102 -0.00311114 -0.00716123 -0.0104097 -0.0127634 0.0150635 0.0286897 0.0236265 0.00204954 -0.00255585 -0.0172784
internal_weight=1914.78 1797.49 1600.35 1379.86 906.942 564.963 412.027 197.135 117.296 95.0908 472.919 341.979 229.651
internal_count=13788 13270 12394 11402 8483 5684 4353 876 518 421 2919 2799 2632
is_linear=0
shrinkage=0.03


Tree=72
num_leaves=15
num_cat=0
split_feature=20 11 2 14 12 4 34 8 25 16 22 28 1 29
split_gain=84.0883 74.5468 63.0903 53.5612 23.8733 24.537 6.34414 5.63207 2.99275 2.22333 1.75766 2.56782 0.721907 0.529464
threshold=0.9063878823108632 0.071778837733983067 0.10939145437028076 0.081901656932688596 0.038896986440282132 -0.27485909644597534 28.439893439893442 0.21257734894841998 0.025863991252837785 6.3347248780658605 0.00050502315063974 10.500000000000002 0.051308209409081554 52.123863393793478
decision_type=10 2 2 2 2 10 2 10 10 10 2 2 10 2
left_child=1 2 3 4 5 8 -7 9 -1 12 11 -9 -8 -4
right_child=-2 -3 13 -5 -6 6 7 10 -10 -11 -12 -13 -14 -15
leaf_value=-0.0036087513728328348 0.038612196773708293 0.020530083016739472 0.010696153772451703 0.0044924089263813907 -0.00027730207819326805 -0.007705118548260787 -0.012305442852443825 -0.01713307804472641 -0.007705118548260787 -0.010584075201069448 -0.014026810503818203 -0.026054720059703284 -0.014026810503818203 0.0044924089263813907
leaf_weight=466.71012073010206 54.778414532542229 108.54051147401333 245.18536002188921 318.12651082873344 78.153115786612034 69.564567096531391 33.95013339817524 63.655049122869968 100.44311144202948 41.757570452988148 68.869610048830509 57.804166954010725 167.10760710760951 32.504736259579659
leaf_count=3963 263 467 1178 1443 410 462 299 732 895 327 643 625 1887 214
internal_value=0.00358495 0.00244797 0.000862225 -0.00171134 -0.00504701 -0.0069402 -0.0118015 -0.013463 -0.00360875 -0.0105841 -0.0174695 -0.0202393 -0.0140268 0.0106962
internal_weight=1907.15 1852.37 1743.83 1466.14 1148.02 1069.86 502.709 433.144 567.153 242.815 190.329 121.459 201.058 277.69
internal_count=13808 13545 13078 11686 10243 9833 4975 4513 4858 2513 2000 1357 2186 1392
is_linear=0
shrinkage=0.03


Tree=73
num_leaves=15
num_cat=0
split_feature=20 0 14 11 23 16 4 0 21 34 9 18 22 28
split_gain=79.7006 71.7477 62.4223 37.3673 26.1203 15.4077 11.6106 5.14019 3.77239 3.49043 1.9476 1.47356 1.28645 0.938511
threshold=0.92229919352317524 -1.0000000180025095e-35 0.28989410770962182 1.0000000180025095e-35 0.0026744041597167169 5.7274859338422965 -0.25054389672361793 9.0298743884754558 0.00030698676440064687 55.427905427905436 1.0273402597924362 0.20578973944160686 0.00011616582901259979 14.500000000000002
decision_type=10 8 2 2 2 10 10 10 2 2 10 8 2 2
left_child=1 -1 3 4 5 6 11 9 -6 13 -11 -3 -2 -8
right_child=12 2 -4 -5 8 -7 7 -9 -10 10 -12 -13 -14 -15
leaf_value=0.019868721794087909 0.019868721794087909 -0.0092670314170254162 0.01028828534686708 0.0043305701052055905 -0.0030468702223138506 -0.0030468702223138506 -0.0092670314170254162 -0.021150913423422901 0.00038128169266828625 -0.015980441269339622 -0.012088871166321685 -0.0058685796083413917 0.040563291051873618 -0.012088871166321685
leaf_weight=143.17751148343086 10.668556131422518 36.127888098359108 202.50843788683414 106.10157077014446 218.34905227273703 170.54171779379249 137.70422454178333 55.523036543279886 213.07664643973112 99.035108041018248 31.311427779495716 389.52211003378034 45.614301078021526 37.855750571936369
leaf_count=671 52 283 885 447 1465 1190 1268 691 1227 1069 368 3557 223 350
internal_value=0.00360049 0.00247308 0.000707849 -0.00162715 -0.00356801 -0.00647502 -0.00869029 -0.0126655 0.000381282 -0.01081 -0.0149107 -0.00586858 0.0372644 -0.00926703
internal_weight=1897.12 1840.83 1697.66 1495.15 1389.05 957.621 787.08 361.43 431.426 305.907 130.347 425.65 56.2829 175.56
internal_count=13746 13471 12800 11915 11468 8776 7586 3746 2692 3055 1437 3840 275 1618
is_linear=0
shrinkage=0.03


Tree=74
num_leaves=14
num_cat=0
split_feature=20 11 14 2 12 25 8 1 16 9 22 22 17
split_gain=85.0224 67.3814 63.5539 50.9665 22.99 22.7851 8.58191 4.29871 3.54328 2.07797 1.47821 1.31284 0.0725444
threshold=0.94204301282539538 1.0000000180025095e-35 0.16426128307506305 0.11819852941176472 0.038896986440282132 0.022738789519828998 0.073863546631669066 0.063839400686032569 -1.0000000180025095e-35 0.55917947293063575 0.00060037144381842043 0.00044531535784642198 0.12926445544523665
decision_type=10 2 2 2 2 10 10 10 10 10 2 2 2
left_child=1 2 3 4 5 6 -1 -7 11 -10 -3 12 -9
right_child=-2 10 -4 -5 -6 7 -8 8 9 -11 -12 -13 -14
leaf_value=-0.0027643153762787801 0.039880081297449882 0.011434726390058511 0.011434726390058511 0.0051244551701678173 0.00046753075939957129 -0.0072102958225832665 -0.0072102958225832665 -0.021639613991133972 -0.013296001009678681 -0.010151438760088094 0.021437861801056255 -0.013296001009678681 -0.016465225541606954
leaf_weight=563.87405513599515 53.090591736137867 40.764909796416759 275.10993567109108 249.72369495034218 78.047980196774006 55.173564054071903 143.20506846904755 83.103575307875872 87.45330973342061 93.786652322858572 77.752883419394493 77.199990350753069 5.2959141656756392
leaf_count=4866 258 174 1217 1261 413 450 1399 1027 740 810 337 759 41
internal_value=0.0041381 0.00299564 0.00143159 -0.00118582 -0.00418939 -0.00599616 -0.00276432 -0.0116563 -0.0130926 -0.0101514 0.0214379 -0.0164406 -0.0196345
internal_weight=1883.58 1830.49 1711.97 1436.86 1187.14 1109.09 707.079 402.013 346.839 181.24 118.518 165.599 88.3995
internal_count=13752 13494 12983 11766 10505 10092 6265 3827 3377 1550 511 1827 1068
is_linear=0
shrinkage=0.03


Tree=75
num_leaves=15
num_cat=0
split_feature=20 12 14 2 11 8 22 25 32 1 3 18 9 13
split_gain=80.9841 72.0887 59.64 49.0601 23.4337 19.3154 8.26325 6.51576 5.50905 2.29823 2.09564 1.13433 1.04948 0.434446
threshold=0.90780002431892515 1.0000000180025095e-35 0.28989410770962182 0.10801587301587302 1.0000000180025095e-35 0.079192931284631576 0.00050502315063974 -0.16988117933365518 40.284889935239597 0.44222951560492907 0.60475248337322229 0.31519190276001768 0.10947358442617741 36.09555338298896
decision_type=10 2 2 2 2 10 2 10 2 10 8 8 10 10
left_child=1 2 3 4 5 7 10 -1 -9 -3 11 -7 -8 -12
right_child=-2 9 -4 -5 -6 6 12 8 -10 -11 13 -13 -14 -15
leaf_value=-0.0033705521313529599 0.037119430520003063 0.019682955423402645 0.010088530693984172 0.0041639060471913474 -0.00025334947431090212 -0.016011147029990586 -0.012065848627706387 -0.0052056017216032206 -0.0080599222273379043 0.010108999800195891 -0.021683215253159568 -0.012065848627706387 -0.0080599222273379043 -0.016011147029990586
leaf_weight=354.23571188375354 57.00584315508604 83.742988705635071 198.60531005263329 257.87310523539782 75.315204665064812 24.327906012535095 10.513065122067927 86.871545225381851 362.4403369911015 54.800680056214333 92.349975921213627 92.122209824621677 131.38168290257454 6.3189363479614249
leaf_count=3034 279 401 882 1296 317 205 74 488 3487 285 1021 864 1093 49
internal_value=0.00339475 0.00224648 0.000494106 -0.00176072 -0.0046706 -0.00648775 -0.0122539 -0.00386593 -0.00704065 0.019683 -0.0160718 -0.0122594 -0.00805992 -0.0197629
internal_weight=1887.9 1830.9 1692.35 1493.75 1235.88 1160.56 357.014 803.548 449.312 138.544 215.119 116.45 141.895 98.6689
internal_count=13775 13496 12810 11928 10632 10315 3306 7009 3975 686 2139 1069 1167 1070
is_linear=0
shrinkage=0.03


Tree=76
num_leaves=15
num_cat=0
split_feature=20 3 32 34 18 22 3 34 2 18 32 20 3 3
split_gain=79.822 58.3778 46.4083 27.9576 17.9167 14.1573 8.77608 4.69171 3.80796 3.62531 3.94433 3.36301 3.25482 2.00168
threshold=0.00078329944037832451 -0.107476787000178 54.653039268423889 50.399600399600409 0.48827384531311341 9.3025378677341448e-05 10.813240543777752 50.657675657675661 0.030000000000000006 0.98215419233086287 40.284889935239597 0.91773755555792469 0.041814936867645008 0.1450310686587846
decision_type=10 8 2 2 10 2 10 2 2 8 2 10 10 10
left_child=1 -1 3 9 -5 -2 7 12 -9 10 -3 13 -4 -7
right_child=5 2 6 4 -6 11 -8 8 -10 -11 -12 -13 -14 -15
leaf_value=0.013725727289583319 0.013725727289583319 0.0050992171713893381 -0.002725676540231271 -0.002725676540231271 0.0027840422915307887 0.030891807106818978 -0.022222782138758411 -0.013843988039968761 -0.007421538689751447 0.0069248295362130874 0.0027840422915307887 0.03893262829252158 -0.007271629915918917 0.022182942863992795
leaf_weight=157.73054027557373 25.262269347906113 142.43965540826321 57.387317918241024 343.24208347499371 271.79027347639203 31.679502859711647 34.551736228168011 132.22976751625538 26.239697173237801 264.13372388854623 161.00537691265345 43.94768812507391 154.55990736186504 35.099369563162327
leaf_count=736 138 699 407 2877 1897 151 437 1725 165 1671 1017 219 1481 192
internal_value=0.00374767 0.00198772 0.000123932 0.00312773 -0.00135674 0.0254637 -0.00857908 -0.0070274 -0.0108823 0.00692483 0.0032736 0.0306402 -0.00396076 0.022851
internal_weight=1881.3 1745.31 1587.58 1182.61 615.032 135.989 404.968 370.417 158.469 567.579 303.445 110.727 211.947 66.7789
internal_count=13812 13112 12376 8161 4774 700 4215 3778 1890 3387 1716 562 1888 343
is_linear=0
shrinkage=0.03


Tree=77
num_leaves=15
num_cat=0
split_feature=11 3 14 12 4 20 3 8 32 4 22 29 9 16
split_gain=71.4754 61.2711 54.4009 31.4632 19.1124 18.6273 9.29862 6.0477 4.36644 2.27586 2.13618 1.87832 2.92609 1.40739
threshold=0.071778837733983067 -0.107476787000178 0.042544927673699461 1.0000000180025095e-35 -0.63559419129389594 0.34261737915722029 0.052228680512927304 0.21257734894841998 48.29366437758047 -0.12862070611430843 0.00046035553844749505 52.123863393793478 1.2342703793834811 -22.78953264225413
decision_type=2 8 2 2 10 10 10 10 2 10 2 2 8 10
left_child=1 -1 3 4 11 6 -6 13 -2 -9 -11 -3 -13 -8
right_child=8 2 -4 -5 5 -7 7 9 -10 10 -12 12 -14 -15
leaf_value=0.014084784301471585 0.028352352148498305 -0.0015175672174273897 0.0072212728886821677 0.0021331136331112204 -0.008400682232202257 -0.0051106661801741437 -0.014929977194237661 -0.014929977194237661 0.014084784301471585 -0.025759216125808313 -0.018084293771841758 -0.0051106661801741437 -0.0028605922805955636 -0.011346801877195946
leaf_weight=156.60649524629116 103.78320390731096 221.95917665958405 401.67019771039486 89.310228303074837 144.9540479592979 46.173121251165867 127.20642318576574 50.120336771011353 14.306829392910002 79.246844124048948 56.937719855457544 153.61640114709735 120.46604955941439 112.16212246194482
leaf_count=740 461 1626 1934 461 1132 230 1544 507 66 961 549 1436 1155 1006
internal_value=0.00380809 0.00225606 0.000357761 -0.00295505 -0.00516825 -0.00870377 -0.0116907 -0.0142929 0.0259135 -0.0185132 -0.0212386 -0.00151757 -0.00420362 -0.0113468
internal_weight=1878.52 1760.43 1603.82 1202.15 1112.84 616.801 570.627 425.673 118.09 186.305 136.185 496.042 274.082 239.369
internal_count=13808 13281 12541 10607 10146 5929 5699 4567 527 2017 1510 4217 2591 2550
is_linear=0
shrinkage=0.03


Tree=78
num_leaves=15
num_cat=0
split_feature=20 14 12 3 22 8 33 23 9 0 29 9 21 9
split_gain=72.0125 60.3476 50.4416 42.4234 25.5645 19.4722 6.77881 4.87767 5.93485 4.40937 3.72671 3.26264 2.96433 0.417814
threshold=0.9063878823108632 0.45503683561911862 1.0000000180025095e-35 -0.028137813170641245 0.00046035553844749505 0.014873105448209857 49.067202638631223 0.0030572262482800971 0.65594426517103377 22.432973905552448 52.123863393793478 0.10551927300021083 1.0000000180025095e-35 0.33396634243707651
decision_type=10 2 2 10 2 10 2 2 10 10 2 8 2 8
left_child=1 2 3 10 5 6 -5 8 -7 -3 -1 -6 -8 -12
right_child=-2 9 -4 4 11 7 12 -9 -10 -11 13 -13 -14 -15
leaf_value=0.0050591125197803639 0.036694942497949294 0.019897130692848531 0.010620598833574196 -0.00359763175780354 -0.00359763175780354 -0.02201827953713947 -0.0089096790469052767 -0.0089096790469052767 -0.012831896666607128 0.010620598833574196 0.00062877312079847355 0.00062877312079847355 -0.0061586735083563786 0.0028439428202894183
leaf_weight=287.08559856563807 54.387358523905277 143.34150074422359 129.84386099129915 135.31197202205658 31.528103291988373 103.46312607079744 176.04359863698483 59.732313327491283 85.80026426166296 19.277270749211311 103.17023186385632 433.74667489156127 54.893533073365688 41.091894216835499
leaf_count=1584 275 656 641 1078 220 1033 1865 401 891 83 935 3305 436 322
internal_value=0.00417816 0.00309932 0.00134407 -0.000502374 -0.00380157 -0.00782404 -0.00359763 -0.0142217 -0.0167541 0.0198971 0.00505911 0.000628773 -0.00871972 0.000628773
internal_weight=1858.72 1804.33 1641.71 1511.87 1080.52 615.245 366.249 248.996 189.263 162.619 431.348 465.275 230.937 144.262
internal_count=13725 13450 12711 12070 9229 5704 3379 2325 1924 739 2841 3525 2301 1257
is_linear=0
shrinkage=0.03


Tree=79
num_leaves=15
num_cat=0
split_feature=20 3 12 14 27 3 22 2 8 32 28 21 22 4
split_gain=71.3167 62.2574 43.2838 43.178 20.4524 12.6381 13.1441 7.48243 5.36156 2.25483 1.87759 4.40798 1.45144 0.782737
threshold=0.92792047200162864 -0.107476787000178 1.0000000180025095e-35 0.03873646615654823 -0.087011376989629449 0.052228680512927304 0.00046035553844749505 0.44097222222222227 0.23931325120222183 54.653039268423889 11.500000000000002 1.0000000180025095e-35 0.00085297344523083346 0.43997833734169073
decision_type=10 8 2 2 10 10 2 2 10 2 2 2 2 10
left_child=1 7 3 4 9 10 8 -1 13 -3 11 -6 -11 -7
right_child=-2 2 -4 -5 5 6 -8 -9 -10 12 -12 -13 -14 -15
leaf_value=0.010508829369446079 0.037081102268326241 0.00063986271467704296 0.010508829369446079 0.004967862995385622 -0.0063882445437649744 -0.010533744332299 -0.0063882445437649744 0.019949730900264247 -0.019790376374899731 -0.0029625068929536634 -0.0029625068929536634 -0.0029625068929536634 -0.0011613220891383102 -0.015162060353599367
leaf_weight=68.8341453820467 51.431807436048985 249.57501729205251 134.69554890692234 382.49904800951481 172.00965537503362 119.71429421007633 202.84404866397381 90.936310365796089 108.50412561371922 87.196255102753639 101.40814735740423 39.450667262077332 41.706708520650864 19.64084280654788
leaf_count=315 259 1989 657 1858 1427 1301 1823 439 1245 867 753 244 364 240
internal_value=0.00385683 0.00281836 0.00106793 -0.000573103 -0.00368814 -0.00656488 -0.00981398 0.0199497 -0.0146792 0.000639863 -0.00296251 -0.00612187 -0.00296251 -0.0105337
internal_weight=1870.45 1819.01 1659.24 1524.55 1142.05 763.572 450.703 159.77 247.859 378.478 312.868 211.46 128.903 139.355
internal_count=13781 13522 12768 12111 10253 7033 4609 754 2786 3220 2424 1671 1231 1541
is_linear=0
shrinkage=0.03


Tree=80
num_leaves=15
num_cat=0
split_feature=20 3 14 12 27 30 32 2 18 28 0 22 32 3
split_gain=66.718 67.9959 45.6427 32.6879 19.4194 8.69578 6.88218 5.88103 5.23224 4.5675 3.60323 2.62706 1.94319 1.44901
threshold=0.94204301282539538 -0.107476787000178 0.30858007692980455 1.0000000180025095e-35 -0.087011376989629449 67.693615907901645 48.29366437758047 0.39642857142857152 0.52866627000904887 11.500000000000002 0.62591620707229401 0.0012108573098063057 54.653039268423889 0.1046387076017762
decision_type=10 8 2 2 10 2 2 2 10 2 8 2 2 10
left_child=1 7 3 4 12 6 -6 -1 11 10 -8 -7 -3 -11
right_child=-2 2 -4 -5 5 8 9 -9 -10 13 -12 -13 -14 -15
leaf_value=0.010224140069609205 0.036453679129916532 0.00081037808428936417 0.010224140069609205 0.0045779515172822208 -0.0023407295884020083 -0.021439836778169779 -0.004489018120907305 0.019582405255841432 -0.0081899137811867178 -0.004489018120907305 -0.0081899137811867178 -0.01260731034577104 -0.0023407295884020083 -0.0081899137811867178
leaf_weight=64.679001927375793 49.375853523612022 293.6791127435863 193.48310484737158 122.81898732483387 297.57499547302723 59.263568952679634 139.47006437927485 96.403056174516678 52.704157575964928 86.268854085355997 176.03870905935764 30.766077719628811 129.23048651963472 73.003750044852495
leaf_count=298 256 2233 866 601 1730 779 1281 468 470 706 1792 328 1233 802
internal_value=0.00369967 0.00271113 0.000865875 -0.00106824 -0.0029572 -0.00549184 -0.00418208 0.0195824 -0.0121977 -0.00663731 -0.00818991 -0.0170247 0.000810378 -0.00448902
internal_weight=1864.76 1815.38 1654.3 1460.82 1338 915.09 772.356 161.082 142.734 474.781 315.509 90.0296 422.91 159.273
internal_count=13843 13587 12821 11955 11354 7888 6311 766 1577 4581 3073 1107 3466 1508
is_linear=0
shrinkage=0.03


Tree=81
num_leaves=15
num_cat=0
split_feature=12 1 14 11 1 25 34 18 13 1 1 33 16 3
split_gain=62.803 52.1119 37.7078 23.2896 14.6869 14.4313 10.3746 8.34043 6.28273 3.07376 1.93634 1.56977 1.36121 2.27274
threshold=1.0000000180025095e-35 -1.0000000180025095e-35 0.27243223978610498 1.0000000180025095e-35 0.30679057719646335 0.030811217193615018 50.399600399600409 0.20578973944160686 -17.397973954088425 0.47919173771384532 0.077534971124533517 49.686424686424694 -50.850070277777235 0.49912723792209712
decision_type=2 8 2 2 10 10 2 10 10 10 8 2 10 8
left_child=1 -1 3 5 -2 8 12 10 9 -3 -8 -9 13 -7
right_child=4 2 -4 -5 -6 6 7 11 -10 -11 -12 -13 -14 -15
leaf_value=0.012074583844934563 0.030779234316286905 -0.0026110574538662661 0.0061703492901453161 0.0021471924336573271 0.012074583844934563 -0.0063046461382591339 -0.013672676752459791 -0.008543373385026273 -0.00075283803067127284 -0.0044692768770612599 -0.021528481695202793 -0.013672676752459791 -0.0044692768770612599 -0.008543373385026273
leaf_weight=136.89241702109575 78.939590528607368 177.95520978793502 198.13544627279043 88.72307426482439 69.67548756301403 63.270139127969742 19.486357808113098 64.648726336658001 456.888312458992 167.71233361586928 85.105722554028034 46.386410281062126 152.47726731747389 45.507639434188604
leaf_count=668 390 1491 883 382 355 500 198 510 3524 1858 1060 469 1031 483
internal_value=0.0037188 0.00205549 0.000266115 -0.00187596 0.0220937 -0.00365287 -0.00775776 -0.0126175 -0.00118079 -0.00446928 -0.018802 -0.00854337 -0.00446928 -0.00814002
internal_weight=1851.8 1703.19 1566.3 1368.16 148.615 1279.44 476.882 215.627 802.556 345.668 104.592 111.035 261.255 108.778
internal_count=13802 13057 12389 11506 745 11124 4251 2237 6873 3349 1258 979 2014 983
is_linear=0
shrinkage=0.03


Tree=82
num_leaves=15
num_cat=0
split_feature=11 14 2 23 4 9 11 22 16 30 33 3 21 20
split_gain=58.3437 51.4887 44.3817 21.667 15.2026 10.727 8.75514 9.16183 5.77209 6.03383 3.63428 2.92578 2.27273 2.01052
threshold=0.071778837733983067 0.45503683561911862 0.012163561076604556 2.1354507459986294e-08 -0.27485909644597534 0.18897548336708087 4.5848660010509734 0.0015167906920672723 7.5820104109869524 71.209742638314083 46.728271728271729 6.170765946906257e-16 4.0150497522565199e-05 0.98392324778886631
decision_type=2 2 2 2 10 10 2 2 10 2 2 10 2 10
left_child=1 2 3 4 10 -6 7 -2 9 -7 -1 -12 13 -5
right_child=6 -3 -4 12 5 8 -8 -9 -10 -11 11 -13 -14 -15
leaf_value=-0.0019267446082184706 0.012446738690374534 0.012446738690374534 0.006288115678035837 -0.0019267446082184706 -0.021646985800247258 -0.008301788736998602 0.038557751951265706 0.02768754080895949 -0.0058429160456324744 -0.014613419742518974 -0.0036013025177026032 -0.0058429160456324744 0.0017510966963767839 -5.8767988934800181e-05
leaf_weight=122.96603832021356 53.444750174880028 156.61388844251633 357.73443438112736 197.99650911986828 54.942626599222422 195.00279726088047 24.806206226348877 44.369547918438911 83.935089401900768 65.445134058594704 130.61566620320082 162.90442090854049 179.41833884268999 11.190802007913588
leaf_count=975 238 726 1861 1398 607 2164 110 201 633 866 1138 1719 1084 49
internal_value=0.00338919 0.00193017 0.000129493 -0.00278592 -0.00560459 -0.00975909 0.0229633 0.0173257 -0.00757985 -0.0107607 -0.00192674 -0.00527586 0.0017511 -0.00186863
internal_weight=1841.39 1718.77 1562.15 1204.42 815.812 399.326 122.621 97.8143 344.383 260.448 416.486 293.52 388.606 209.187
internal_count=13769 13220 12494 10633 8102 4270 549 439 3663 3030 3832 2857 2531 1447
is_linear=0
shrinkage=0.03


Tree=83
num_leaves=15
num_cat=0
split_feature=20 11 2 14 1 28 18 21 7 30 3 1 9 28
split_gain=60.2376 51.5481 42.243 34.9904 14.9671 9.19835 8.50556 8.12564 4.77278 3.9051 3.54806 3.0977 2.67555 2.66701
threshold=0.94204301282539538 1.0000000180025095e-35 0.11819852941176472 0.11552443451031903 0.098728788321270008 16.500000000000004 0.20053065853925914 1.0000000180025095e-35 -0.48757951899701263 54.948622805765673 0.11827734722030056 0.16511964441540369 0.50213339140813096 11.500000000000002
decision_type=10 2 2 2 10 2 10 2 10 2 10 10 8 2
left_child=1 2 3 4 13 6 7 8 -6 -10 -7 -4 -8 -1
right_child=-2 -3 11 -5 5 10 12 -9 9 -11 -12 -13 -14 -15
leaf_value=-0.0023545351968500849 0.034591128336566836 0.018612919540256182 0.0099296892909614531 0.0045170596107657482 -0.0085916594456364216 -0.0028093702222954974 -0.0055029666106994821 -0.0055029666106994821 -0.012183679203520856 -0.02069427536681228 -0.019504522051864207 0.0045170596107657482 -0.0028093702222954974 0.00049450391357462023
leaf_weight=311.51632680743933 49.764256075024605 117.28142695873976 168.78212335705757 285.68889579921961 126.06373224034905 14.114895846694706 96.882617529481649 102.19800417125225 55.847686439752579 78.614557944238186 54.212539955973625 103.96223369985819 193.64814579114318 89.932931326329708
leaf_count=2524 263 507 803 1297 1386 108 794 872 628 1127 542 602 1709 685
internal_value=0.00358601 0.00263471 0.00124646 -0.00089557 -0.00352805 -0.00611324 -0.0049362 -0.00819656 -0.0116804 -0.0157757 -0.0162626 0.00992969 -0.00280937 0.000494504
internal_weight=1848.51 1798.75 1681.46 1408.72 1123.03 721.582 653.255 362.724 260.526 134.462 68.3274 272.744 290.531 401.449
internal_count=13847 13584 13077 11672 10375 7166 6516 4013 3141 1755 650 1405 2503 3209
is_linear=0
shrinkage=0.03


Tree=84
num_leaves=15
num_cat=0
split_feature=3 23 21 33 11 3 33 22 3 14 22 2 9 9
split_gain=49.9776 51.403 30.5378 22.7041 13.2292 12.983 6.43928 9.94196 8.02995 5.95548 2.8774 2.01558 1.8494 0.611767
threshold=-0.46872368621525035 0.0011329557892752438 0.00024743494774526073 35.246499532213825 0.29629694660509548 -0.015673484841678683 49.686424686424694 0.00042237075585435706 0.46631709524414744 0.081901656932688596 3.3121435302865243e-05 0.37567204301075269 0.46622830524210668 2.5584102766504127
decision_type=8 2 2 2 2 10 2 2 10 2 2 2 8 8
left_child=11 3 9 -2 5 -5 12 8 -8 -3 -4 -1 -7 -10
right_child=1 2 10 4 -6 6 7 -9 13 -11 -12 -13 -14 -15
leaf_value=0.013376364538356045 0.0041232354816003484 0.0041232354816003484 0.0087498000099781974 -0.0022823855865952473 0.00035699877277027488 -0.0073834060534686118 -0.01085536725684192 -0.0073834060534686118 -0.022532944986633135 0.0087498000099781974 0.013376364538356045 0.027553784478310053 -0.0048653687457889767 -0.015285984174630706
leaf_weight=26.009101778268814 198.67839501425624 229.17765466868877 45.801267892122269 238.66068387776613 44.810478821396828 78.156184181571007 108.13484329730272 166.22222694009542 79.014288201928139 45.213568404316902 272.44334898144007 67.653899259865284 188.41369468346238 53.191633690148592
leaf_count=122 1245 1544 284 1725 191 661 1123 1565 1024 210 1456 340 1677 628
internal_value=0.00357623 0.00239642 0.00953974 -0.00129327 -0.00340924 -0.00492177 -0.00744835 -0.00990144 -0.0143273 0.00412324 0.0133764 0.0243563 -0.00486537 -0.0197166
internal_weight=1841.58 1747.92 592.636 1155.28 956.604 911.794 673.133 406.563 240.341 274.391 318.245 93.663 266.57 132.206
internal_count=13795 13333 3494 9839 8594 8403 6678 4340 2775 1754 1740 462 2338 1652
is_linear=0
shrinkage=0.03


Tree=85
num_leaves=15
num_cat=0
split_feature=20 12 14 3 27 11 4 23 3 14 17 29 22 22
split_gain=58.4998 50.6982 45.298 29.818 20.1014 11.4358 8.84674 7.80478 4.74775 6.15251 1.94661 0.830407 0.611213 0.186877
threshold=0.95139612030466447 1.0000000180025095e-35 0.28989410770962182 -0.107476787000178 -0.087011376989629449 1.0000000180025095e-35 -0.29433670657479521 0.0016259104977722923 0.075740939029320123 0.0083024666465810557 0.16906035471131989 52.123863393793478 0.00044531535784642198 6.6210969376664263e-07
decision_type=10 2 2 8 10 2 10 2 10 2 2 2 2 2
left_child=1 2 3 -1 -5 6 11 -3 13 10 12 -6 -10 -8
right_child=-2 7 -4 4 5 -7 8 -9 9 -11 -12 -13 -14 -15
leaf_value=0.0047412156851476114 0.034760756310546682 0.01009670389595334 0.01009670389595334 0.0011323920962316325 -0.0043931938662176576 -0.0019997125266509315 -0.0091335196271543385 0.018822897745605412 -0.01823118078324671 -0.0091335196271543385 -0.01186991867924184 -0.0068601108969606611 -0.013960979517322397 -0.0068601108969606611
leaf_weight=136.72757236659527 48.436061125248671 57.779138460755348 195.18204230070114 419.69347144290805 169.26351143047214 63.998215734958649 36.828337915241718 84.187934018671513 139.31298720836639 110.12709561362863 10.08691358938813 138.03188218548894 108.82532142102718 117.32561074197292
leaf_count=647 258 324 889 3465 1252 268 333 379 1850 715 96 1306 1145 877
internal_value=0.00381818 0.00288504 0.00137051 -0.000614273 -0.00247643 -0.00513182 -0.00678668 0.0188229 -0.00932703 -0.0114069 -0.0146063 -0.00439319 -0.016052 -0.00686011
internal_weight=1835.81 1787.37 1645.4 1450.22 1313.49 893.8 829.802 141.967 522.506 368.352 258.225 307.295 248.138 154.154
internal_count=13804 13546 12843 11954 11307 7842 7574 703 5016 3806 3091 2558 2995 1210
is_linear=0
shrinkage=0.03


Tree=86
num_leaves=15
num_cat=0
split_feature=20 1 14 12 22 1 18 30 2 32 7 33 13 3
split_gain=58.0884 43.6938 37.8252 28.5838 13.7642 11.3383 11.7136 6.37832 6.09815 2.93635 2.38104 1.7354 1.44726 1.2618
threshold=0.92229919352317524 -0.0054337069468075021 0.27243223978610498 1.0000000180025095e-35 0.00060037144381842043 0.17134780854856183 0.14030088806396618 54.503234860377724 0.46233605104572856 52.120955967109822 -0.50413925734803999 53.388278388278394 -60.579316732067333 0.052228680512927304
decision_type=10 8 2 2 2 10 10 2 2 2 10 2 10 10
left_child=1 8 3 4 5 13 7 -7 -1 -6 -9 -8 -11 -3
right_child=-2 2 -4 -5 9 6 11 10 -10 12 -12 -13 -14 -15
leaf_value=0.0092605936846970865 0.033529580532347669 -0.0022178465052573367 0.0092605936846970865 0.0040872138513754486 0.00059975182211073012 -0.0091011137724793731 -0.0051881447472521755 -0.013250305252163318 0.017803864765663348 -0.0022178465052573367 -0.021918164801424396 -0.0091011137724793731 -0.0008090473415733033 -0.0051881447472521755
leaf_weight=49.510108761489391 49.50870955735445 375.74330367520452 204.72167691588402 121.99593538790941 256.99254663288593 101.31749849021435 180.70078669115901 70.717659201472998 83.918955087661743 99.340026538819075 68.179236225783825 66.160622123628855 73.161140445619822 31.134272541850805
leaf_count=241 269 2969 923 589 1619 942 1441 822 426 980 985 659 686 296
internal_value=0.00301649 0.00207815 0.000717323 -0.00108617 -0.00288771 -0.00503544 -0.00815844 -0.0130141 0.0178039 0.000599752 -0.0173995 -0.00518814 -0.00221785 -0.00221785
internal_weight=1833.1 1783.59 1650.16 1445.44 1323.45 893.953 487.076 240.214 133.429 429.494 138.897 246.861 172.501 406.878
internal_count=13847 13578 12911 11988 11399 8114 4849 2749 667 3285 1807 2100 1666 3265
is_linear=0
shrinkage=0.03


Tree=87
num_leaves=15
num_cat=0
split_feature=11 0 23 33 3 33 22 29 11 22 3 16 8 30
split_gain=57.249 42.1085 29.8012 23.1984 10.9222 8.91847 10.114 8.06228 7.79714 4.25547 2.13338 2.12756 1.65144 0.866192
threshold=0.071778837733983067 -1.0000000180025095e-35 6.770944389660727e-06 35.548181976753419 0.00026427616814425739 49.686424686424694 0.00062399904899679824 51.349372611202092 4.5848660010509734 0.0024201769518186122 0.5236670285664925 93.91033207475958 0.78811122735804517 34.28357356928786
decision_type=2 8 2 2 10 2 2 2 2 2 10 8 10 2
left_child=1 -1 3 -3 -5 12 10 -4 9 -2 -7 -12 -6 -9
right_child=8 2 7 4 5 6 -8 13 -10 -11 11 -13 -14 -15
leaf_value=0.012610802764222617 0.012610802764222617 0.0020875138446746133 0.0066388712795819038 -0.0013632935545958413 -0.0042566927380731151 -0.011046150371170642 -0.0072720071386601489 0.0043631925621282581 0.038590873212453414 0.025849734935299972 -0.023454474968121246 -0.014298485118609226 -0.0072720071386601489 0.0020875138446746133
leaf_weight=133.8490781635046 62.276239007711411 186.47115108370781 357.83331646025181 258.03137157857418 163.62012547254562 87.461879208683968 138.933647967875 11.953773349523543 22.990959357470274 37.271022893488407 47.009995106607676 82.525551985949278 73.805334340780973 155.58378564566374
leaf_count=674 277 1203 2020 1993 1464 990 1328 68 102 173 523 1160 702 1112
internal_value=0.00364817 0.00218464 0.00066694 -0.00227985 -0.0048141 -0.00715009 -0.0102873 0.00645488 0.023037 0.0177709 -0.0148203 -0.0175508 -0.00425669 0.00208751
internal_weight=1819.62 1697.08 1563.23 1037.86 851.388 593.357 355.931 525.371 122.538 99.5473 216.997 129.536 237.425 167.538
internal_count=13789 13237 12563 9363 8160 6167 4001 3200 552 450 2673 1683 2166 1180
is_linear=0
shrinkage=0.03


Tree=88
num_leaves=15
num_cat=0
split_feature=20 3 12 32 22 35 18 3 7 28 3 22 13 13
split_gain=51.6226 46.2412 24.3987 23.5089 11.188 10.6552 8.85501 10.6392 7.8197 3.36107 2.83371 2.3068 1.82231 1.66607
threshold=0.38512812459454754 -0.107476787000178 1.0000000180025095e-35 48.659731876515096 0.00011616582901259979 33.391608391608408 0.033610256198705273 0.62005253462338838 0.35475458056662573 10.500000000000002 0.5236670285664925 0.00047335821606362994 -4.479743832047471 -0.14481815292357419
decision_type=10 8 2 2 2 10 10 8 10 2 10 2 10 10
left_child=1 -1 3 8 -2 10 7 -7 -3 11 -5 -8 -12 -9
right_child=4 2 -4 5 -6 6 9 13 -10 -11 12 -13 -14 -15
leaf_value=0.013874455200483417 0.013874455200483417 0.0037752046641266034 0.0075879137372609883 0.00015334117578557065 0.030645503249962083 -0.0068621511576594033 -0.0068621511576594033 -0.020181014394842586 0.00015334117578557065 -0.0031329889905552743 -0.0031329889905552743 -0.0031329889905552743 -0.0014898239073848516 -0.012250681173829672
leaf_weight=153.07978036254644 20.136880099773407 437.78475189208984 122.62668960541487 202.60227083787322 78.061934512108564 122.26824055612087 98.91998279094696 82.757192071527243 209.20848912745714 100.08035740628839 102.8005063533783 33.346215654164553 34.946522880345583 24.833273354917765
leaf_count=749 114 2403 601 1723 418 1253 984 1174 1225 1009 1196 305 364 274
internal_value=0.00418537 0.00294341 0.00130137 -3.75044e-05 0.0248055 -0.00346852 -0.00641932 -0.0105913 0.0037752 -0.00313299 0.000153341 -0.00686215 -0.00313299 -0.0176392
internal_weight=1823.45 1725.25 1572.17 1449.55 98.1988 802.555 462.205 229.859 646.993 232.347 340.349 132.266 137.747 107.59
internal_count=13792 13260 12511 11910 532 8282 4999 2701 3628 2298 3283 1289 1560 1448
is_linear=0
shrinkage=0.03


Tree=89
num_leaves=15
num_cat=0
split_feature=11 14 30 13 0 8 11 28 18 27 32 21 2 21
split_gain=51.7029 41.2406 38.2933 13.4046 19.9731 7.49082 6.8644 5.52603 7.11019 4.43958 3.47577 3.12945 7.54948 3.06489
threshold=0.071778837733983067 0.16426128307506305 34.28357356928786 -0.016792233173059574 0.57395809211890958 1.0000000180025095e-35 0.94162292523762248 1.5000000000000002 0.078245826800036056 1.3922115899433924 43.775455313916858 1.0000000180025095e-35 0.44097222222222227 0.00014354355875597833
decision_type=2 2 2 10 10 10 2 2 10 10 2 2 2 2
left_child=1 2 11 4 -4 -5 10 -6 13 -3 -2 12 -1 -9
right_child=6 9 3 5 7 -7 -8 8 -10 -11 -12 -13 -14 -15
leaf_value=0.0015262690797921375 0.021101020570679859 0.01211801178072811 -0.0032495311758060984 0.0015262690797921375 -0.0078454086141716874 -0.0032495311758060984 0.029162051258206811 -0.020734564998498989 -0.0078454086141716874 0.0061075949868393785 0.01211801178072811 0.0061075949868393785 0.0039901083016476054 -0.012864259583775357
leaf_weight=167.18691785633564 32.996367327868938 258.26569709926844 204.0506053827703 355.11067049577832 41.838850885629654 187.88907404243946 61.677789781242609 125.22486792132258 61.219470247626305 13.758991256356238 26.507060945034027 152.89331166446209 81.776561327278614 47.651593513786793
leaf_count=1138 156 1189 1896 2902 422 1603 276 1773 601 61 117 847 407 441
internal_value=0.00354436 0.00215996 9.71782e-05 -0.00305506 -0.00667993 0.000180868 0.0220761 -0.0124413 -0.0146942 0.012118 0.01304 0.00610759 0.00187262 -0.0178831
internal_weight=1818.05 1696.87 1424.84 1022.99 479.985 543 121.181 275.935 234.096 272.025 59.5034 401.857 248.963 172.876
internal_count=13829 13280 12030 9638 5133 4505 549 3237 2815 1250 273 2392 1545 2214
is_linear=0
shrinkage=0.03


Tree=90
num_leaves=15
num_cat=0
split_feature=12 0 32 23 20 27 1 11 13 3 18 25 18 32
split_gain=46.2049 35.5237 19.1111 18.7456 11.6009 8.49931 5.23657 4.90387 6.79819 15.1708 2.44807 2.36666 1.04061 0.948514
threshold=0.041169770642512836 -1.0000000180025095e-35 36.651809728732815 0.0026744041597167169 0.36682843204032839 -0.035246623431093298 0.27341283059803628 0.29629694660509548 -0.47153525761823317 0.5236670285664925 0.24356040417717104 0.08276312365638773 0.32614479979084909 54.653039268423889
decision_type=2 8 2 2 10 10 10 2 10 10 8 10 8 2
left_child=1 -1 10 -2 5 13 -5 8 9 -7 -3 -11 -10 -4
right_child=3 2 4 6 -6 7 -8 -9 12 11 -12 -13 -14 -15
leaf_value=0.011550749320831513 0.011550749320831513 0.0030933363216302323 0.00079743287487860624 0.035938160691869052 0.0030933363216302323 -0.0053343268743248472 0.020303638316067543 -0.0013125744173999811 -0.0053343268743248472 -0.010981943217096437 0.0064824246983902697 -0.020800853093757753 -0.0029511343565113298 -0.0013125744173999811
leaf_weight=130.50545399263501 56.748341873288155 69.714617490768433 274.64222602173686 52.269314996898174 67.439866781234741 233.89128135144711 37.032032743096352 43.149459838867188 86.578124940395355 54.6761579439044 230.98144438117743 64.39326087385416 289.34460394456983 121.7356127537787
leaf_count=663 318 380 2167 255 346 2136 169 178 730 759 1148 900 2423 1217
internal_value=0.00432723 0.00287828 0.0014141 0.0202232 -0.000295752 -0.00149847 0.0290565 -0.00342258 -0.00458969 -0.00771752 0.00648242 -0.0166296 -0.00295113 0.000797433
internal_weight=1813.1 1667.05 1536.55 146.05 1235.85 1168.41 89.3013 772.033 728.883 352.961 300.696 119.069 375.923 396.378
internal_count=13789 13047 12384 742 10856 10510 424 7126 6948 3795 1528 1659 3153 3384
is_linear=0
shrinkage=0.03


Tree=91
num_leaves=15
num_cat=0
split_feature=20 3 32 16 22 3 23 32 13 3 12 20 28 30
split_gain=51.5398 33.6024 27.4983 18.5423 14.3693 10.0183 7.33704 7.05871 5.02227 5.73078 3.33329 1.80473 1.36595 1.9282
threshold=0.00078329944037832451 -0.107476787000178 54.778787645920524 6.1259277344876679 0.00010875616176566772 10.013968946122317 0.0016259104977722923 48.7596319764152 -7.9707362378433055 0.49912723792209712 1.0000000180025095e-35 0.92792047200162864 5.5000000000000009 35.239760239760251
decision_type=10 8 2 8 2 10 2 2 10 10 2 10 2 2
left_child=1 -1 3 6 -2 8 -3 -5 9 12 -9 -6 -4 -14
right_child=4 2 5 7 11 -7 -8 10 -10 -11 -12 -13 13 -15
leaf_value=0.012139397891907888 0.012139397891907888 -0.0014750624878340851 -0.0043173265975315137 0.0065148005014889192 0.021211070103056579 -0.021450119584450398 0.0026243372170998672 0.0026243372170998672 -0.0014750624878340851 -0.012970055676747512 0.004569568859294393 0.035666898809713563 -0.0043173265975315137 -0.0086436911371395135
leaf_weight=146.60098503530025 24.631539784371853 333.74774403870106 61.403017662465572 375.82995455339551 62.336454436182976 30.202706549316645 166.53612028062344 257.54898377507925 111.5393143966794 82.320312168449163 30.090680725872517 36.522796019911766 48.258504685014486 41.770335637032986
leaf_count=725 143 2427 527 2027 326 427 934 2672 1211 1112 160 203 401 510
internal_value=0.00368087 0.0022778 0.000890203 0.00316799 0.022001 -0.00611812 -0.00118897 0.00643764 -0.00448999 -0.00715959 0.00262434 0.0280116 -0.00431733 -0.00821029
internal_weight=1809.34 1685.85 1539.25 1163.75 123.491 375.494 500.284 663.47 345.291 233.752 287.64 98.8593 151.432 90.0288
internal_count=13805 13133 12408 8220 672 4188 3361 4859 3761 2550 2832 529 1438 911
is_linear=0
shrinkage=0.03


Tree=92
num_leaves=15
num_cat=0
split_feature=20 11 14 2 8 28 0 32 22 1 0 9 9 22
split_gain=47.7415 37.3536 30.9133 28.7285 20.1221 8.31579 8.0222 6.26618 5.77982 2.82267 2.26525 1.7945 1.57229 1.43239
threshold=0.90780002431892515 0.071778837733983067 0.25017990138059004 0.012163561076604556 0.11352837695731478 16.500000000000004 5.5078102654424557 54.778787645920524 6.6210969376664263e-07 9.0915505007591531 0.47129662360535335 0.76643325210145419 0.15517777403698091 0.00011616582901259979
decision_type=10 2 2 2 10 2 8 2 2 10 10 10 10 2
left_child=1 2 3 4 5 7 8 -1 11 -4 -9 -6 -10 -2
right_child=13 -3 9 -5 6 -7 -8 10 12 -11 -12 -13 -14 -15
leaf_value=0.00088992356029113319 0.016655627373783288 0.016655627373783288 0.0090904775256413998 0.0044688407413115434 -0.013535985528154441 -0.0044103474900088523 -0.020307445175806654 -0.0017532308536792496 -0.0089731665090816461 0.0044688407413115434 -0.0044103474900088523 -0.0089731665090816461 -0.0044103474900088523 0.033833043714634151
leaf_weight=527.74057633429766 10.36602860689163 114.40989059954882 188.52837876975536 337.05333546549082 42.037340953946114 45.947990767657757 43.244646467268467 85.246011611074209 27.725877333432436 31.195273026823997 113.48592049255967 29.323473189026117 190.02857021614909 41.697501394897699
leaf_count=4378 57 495 874 1768 480 420 534 849 237 135 1445 314 1715 238
internal_value=0.00358283 0.00270699 0.00152533 -0.000152796 -0.00268899 -1.91873e-05 -0.00880151 0.000889924 -0.00676453 0.00909048 -0.00439639 -0.013536 -0.00441035 0.0306043
internal_weight=1828.03 1775.97 1661.56 1441.83 1104.78 772.42 332.36 726.473 289.115 219.724 198.732 71.3608 217.754 52.0635
internal_count=13939 13644 13149 12140 10372 7092 3280 6672 2746 1009 2294 794 1952 295
is_linear=0
shrinkage=0.03


Tree=93
num_leaves=15
num_cat=0
split_feature=11 14 1 35 34 4 11 22 18 32 13 1 9 34
split_gain=47.4752 43.5116 31.5659 15.0189 15.3524 18.4121 7.80809 6.35272 5.24902 4.46379 3.37395 2.07907 0.590002 0.478397
threshold=0.071778837733983067 0.45503683561911862 0.10339900256836758 37.537462537462545 52.972027972027981 -0.29433670657479521 3.0189109136477561 0.0023052214784381937 0.51969549797200421 54.778787645920524 -39.768424534071293 0.48991432177669231 0.24997702073137376 30.361305361305366
decision_type=2 2 8 10 2 10 2 2 10 2 10 10 10 2
left_child=1 2 -1 9 10 -6 7 -2 -7 -4 11 -5 -10 -11
right_child=6 -3 3 4 5 8 -8 -9 12 13 -12 -13 -14 -15
leaf_value=0.0060299287910348569 0.011644909523166923 0.011644909523166923 0.0020336664229540307 -0.0034424985334154338 -0.0055411490890992839 -0.021931550722208707 0.03529063952239541 0.025483272069925258 -0.016713059283250075 0.00034490922261122363 -0.0013438479777315832 -0.0055411490890992839 -0.011494567844291445 -0.0013438479777315832
leaf_weight=331.13921874016523 57.51667769998312 147.61552593111992 337.36123598366976 45.184683218598366 155.77104646340013 95.454477820545435 26.454344663769007 36.755434319376945 10.46776571497321 28.684661440551281 295.79215715825558 65.364038303494453 45.887023538351059 121.47262020409107
leaf_count=2096 260 704 2586 341 1393 1212 119 172 91 188 2085 718 413 1436
internal_value=0.00342038 0.00208327 0.000414948 -0.0019626 -0.00472136 -0.00973845 0.0212065 0.0156759 -0.017448 0.00203367 -0.00134385 -0.00554115 -0.0114946 -0.00134385
internal_weight=1800.92 1680.19 1532.58 1201.44 713.921 307.58 120.726 94.2721 151.809 487.519 406.341 110.549 56.3548 150.157
internal_count=13814 13263 12559 10463 6253 3109 551 432 1716 4210 3144 1059 504 1624
is_linear=0
shrinkage=0.03


Tree=94
num_leaves=15
num_cat=0
split_feature=20 3 14 12 11 8 2 18 1 18 1 1 16 3
split_gain=47.4247 39.9321 35.8233 26.8503 17.3812 14.4352 8.97284 5.8928 4.04304 4.98062 3.78227 1.80967 0.487844 0.396034
threshold=0.94204301282539538 -0.46872368621525035 0.19350325949813543 0.038896986440282132 0.071778837733983067 0.10189702116185996 0.015388257575757578 0.71925165519133183 0.18494343082051493 0.45238982658636179 2.1723573866964432 9.7725857898974606 25.477588543260357 0.094104974502847508
decision_type=10 8 2 2 2 10 2 10 10 10 8 10 8 10
left_child=1 -1 3 4 5 8 7 10 -3 -10 12 -4 13 -7
right_child=-2 2 11 -5 -6 6 -8 -9 9 -11 -12 -13 -14 -15
leaf_value=0.017538281042602927 0.032323239051818789 -0.0012055175650698712 0.0095978173109282656 0.0046702106045610238 0.0013036296415671368 -0.013492381449260675 -0.0050243091940184309 -0.0084040220959437917 -0.0050243091940184309 -0.0026505766226372599 -0.022078678248411653 0.0046702106045610238 -0.01166957642955262 -0.016927997891527456
leaf_weight=85.43460413813591 45.287527728825808 387.24536524713039 216.69740979373455 124.62885100394487 91.594407051801682 25.112386055290699 95.205112501978874 74.990027099847794 298.48025692999363 140.62498536705971 53.209311600774527 32.758429557085037 70.924816530197859 54.290741097182035
leaf_count=438 256 3036 994 611 385 200 511 715 3172 1165 706 143 846 548
internal_value=0.00358639 0.00275332 0.00165735 -0.000257396 -0.00206295 -0.00371466 -0.0085667 -0.0117837 -0.00148192 -0.00409564 -0.0149351 0.00959782 -0.0117773 -0.0153152
internal_weight=1796.48 1751.2 1665.76 1416.31 1291.68 1200.08 373.732 278.527 826.351 439.105 203.537 249.456 150.328 79.4031
internal_count=13726 13470 13032 11895 11284 10899 3526 3015 7373 4337 2300 1137 1594 748
is_linear=0
shrinkage=0.03


Tree=95
num_leaves=15
num_cat=0
split_feature=11 14 1 18 34 18 22 30 16 30 13 11 35 16
split_gain=42.947 37.5089 31.6914 14.2314 14.0896 9.53355 6.26987 5.97082 5.03422 3.21358 3.05798 2.89213 1.07484 2.30975
threshold=1.0000000180025095e-35 0.45503683561911862 0.15909510958735543 0.48827384531311341 51.265401265401273 0.11951571351005436 0.00060037144381842043 68.428000570857733 -1.0000000180025095e-35 53.178963893249616 -7.485864928356329 0.9115050812254285 39.152514152514165 -1.0000000180025095e-35
decision_type=2 2 8 10 2 8 2 2 8 2 10 2 10 10
left_child=1 2 -1 4 9 -6 -2 12 -5 -4 -11 -8 -7 -14
right_child=6 -3 3 8 5 7 11 -9 -10 10 -12 -13 13 -15
leaf_value=0.0059892965186298984 0.011302212781746921 0.011302212781746921 -0.0012805744528548951 -0.0012805744528548951 -0.021420421888913434 -0.0051964637321697546 0.018360297169641493 -0.014129307366488864 0.0020240554431367858 -0.0051964637321697546 -0.0031464193868321658 0.03224566931045867 -0.0096628855493293107 -0.0068458301398322393
leaf_weight=392.56315441429615 41.945928536355495 145.43068496137857 156.28935468196869 40.920971788465977 44.541997976601124 101.85227786377072 39.840958699584007 65.290072431787848 399.93381756544113 104.42943865433335 113.33490236848593 38.872258491814137 64.310697969049215 51.709631685167551
leaf_count=2506 183 699 1119 303 419 1024 187 945 3144 1065 825 181 807 429
internal_value=0.0034768 0.00220492 0.00067638 -0.00194119 -0.0045852 -0.00911235 0.0203995 -0.00683819 0.00202406 -0.00128057 -0.00501226 0.0254184 -0.00519646 -0.0084952
internal_weight=1801.27 1680.61 1535.18 1142.61 701.758 327.705 120.659 283.163 440.855 374.054 217.764 78.7132 217.873 116.02
internal_count=13836 13285 12586 10080 6633 3624 551 3205 3447 3009 1890 368 2260 1236
is_linear=0
shrinkage=0.03


Tree=96
num_leaves=15
num_cat=0
split_feature=20 11 2 14 12 8 3 28 22 13 14 16 22 13
split_gain=46.6763 37.797 31.8142 26.6633 15.512 25.0048 5.09966 4.89185 2.41733 2.40285 2.35511 1.92623 1.81686 0.423682
threshold=0.95139612030466447 0.071778837733983067 0.10939145437028076 0.12075791975369574 1.0000000180025095e-35 0.079192931284631576 0.052228680512927304 16.500000000000004 0.00058393323365743966 -0.47153525761823317 0.043788902983544299 -1.0000000180025095e-35 0.00063999186124997273 inf
decision_type=10 2 2 2 2 10 8 2 2 8 2 8 2 8
left_child=1 2 3 4 5 7 -7 11 13 -4 12 -1 -8 -3
right_child=-2 8 9 -5 -6 6 10 -9 -10 -11 -12 -13 -14 -15
leaf_value=-0.00682319560075355 0.032640977428980006 0.0095127341668893202 0.0045084954060101868 0.0045084954060101868 0.00085938334462673028 -0.00682319560075355 -0.018822253058200442 -0.00682319560075355 0.017623726447530231 0.0095127341668893202 -0.010489200846620491 -0.0017949277422467695 -0.013161394601200289 0.013568230307209776
leaf_weight=35.871723216027021 42.921735282987356 14.546446308493612 33.485746577382088 265.95447686314583 79.389131367206573 65.530311603099108 117.73987016454339 40.274792123585939 72.515864551067352 232.98909802734852 27.007889378815889 641.28800927847624 77.796864923089743 25.948703184723854
leaf_count=286 250 63 174 1228 400 569 1561 389 322 1246 190 6132 801 108
internal_value=0.00342319 0.00260648 0.00140174 -0.000495743 -0.00278973 -0.00444924 -0.0118515 -0.00179493 0.0176237 0.00951273 -0.0141552 -0.00179493 -0.0158336 0.00951273
internal_weight=1773.26 1730.34 1617.33 1350.85 1084.9 1005.51 288.075 717.435 113.011 266.475 222.545 677.16 195.537 40.4951
internal_count=13719 13469 12976 11556 10328 9928 3121 6807 493 1420 2552 6418 2362 171
is_linear=0
shrinkage=0.03


Tree=97
num_leaves=15
num_cat=0
split_feature=12 14 0 22 1 9 16 23 29 23 33 9 1 13
split_gain=43.8892 30.399 22.5945 26.4527 14.3247 11.0295 8.53003 5.61244 5.42129 3.27311 2.02724 1.90601 1.67195 0.639512
threshold=0.044375418204102117 0.43982366947471624 -1.0000000180025095e-35 0.00040005374358075251 0.25911057755973227 1.2342703793834811 7.5820104109869524 0.011208186893535569 52.123863393793478 0.00026256836396914245 48.92329892329893 0.017426350795307362 23.984732185223439 -13.835970825315512
decision_type=2 2 10 2 10 8 8 2 2 2 2 10 10 10
left_child=1 2 8 5 7 6 9 -2 -1 -4 -7 -8 -5 -13
right_child=4 -3 3 12 -6 10 11 -9 -10 -11 -12 13 -14 -15
leaf_value=0.0055491729135159753 0.019106415342995575 0.010490136707558143 -0.017867854788911883 0.0019789505361215887 0.010490136707558143 -0.0019677276221214748 -0.010102416989073985 0.035231940852253792 0.0019789505361215887 -0.010102416989073985 -0.0054965200069036473 -0.0077994684979888172 -0.0019677276221214748 -0.0054965200069036473
leaf_weight=255.39301161468029 31.84667930752039 146.27296675741673 104.95779075846076 448.49501394480467 67.965827360749245 89.210210349410772 10.212209664285181 44.737157482653856 127.61686383932829 39.685839667916298 131.8357291072607 130.87303169257939 62.281378496438265 100.38096699118614
leaf_count=1527 163 699 1023 3279 350 822 115 225 1179 254 1379 1464 603 761
internal_value=0.00341727 0.00199808 0.000608209 -0.00159127 0.0189822 -0.00591441 -0.00902531 0.0277227 0.00554917 -0.0147083 -0.00196773 -0.00549652 0.00197895 -0.00549652
internal_weight=1791.76 1647.22 1500.94 1117.93 144.55 607.156 386.11 76.5838 383.01 144.644 221.046 241.466 510.776 231.254
internal_count=13843 13105 12406 9700 738 5818 3617 388 2706 1277 2201 2340 3882 2225
is_linear=0
shrinkage=0.03


Tree=98
num_leaves=15
num_cat=0
split_feature=20 11 14 1 35 22 29 12 32 4 28 1 8 22
split_gain=38.5703 36.3127 29.7662 23.3165 10.5267 9.82055 7.27948 3.73889 3.29471 2.76195 2.51654 2.45053 1.63303 0.466868
threshold=0.94204301282539538 0.071778837733983067 0.16781155128206288 0.15909510958735543 34.182484182484195 0.00046035553844749505 52.304837886056674 0.23557420171145077 54.653039268423889 -0.15320638257366512 14.500000000000002 18.623866926374664 0.23931325120222183 0.00014441866273736686
decision_type=10 2 2 10 10 2 2 2 2 10 2 10 10 2
left_child=1 2 3 6 8 7 -1 9 -5 -6 -7 -4 -11 -2
right_child=13 -3 11 4 5 10 -8 -9 -10 12 -12 -13 -14 -15
leaf_value=0.004196848343063401 0.016120477351664046 0.016120477351664046 0.0087760443398267971 0.00016105269103168716 -0.0096101672441850257 -0.003172774932752784 0.00016105269103168716 -0.0069048982599408081 -0.003172774932752784 -0.012275772202530505 -0.0069048982599408081 0.004196848343063401 -0.019168668873086183 0.032429003485782829
leaf_weight=437.52370081841946 8.9810522943735105 114.98744054883718 234.87871251255274 176.57561402395368 78.363937053829432 180.08177126571536 153.11370977014303 11.445256397128103 122.5437027066946 95.102955348789692 50.088078230619431 25.295217096805573 66.744461733847857 35.062452089041471
leaf_count=2830 51 503 1097 1486 837 1551 1444 60 1368 1109 419 110 825 212
internal_value=0.00336685 0.00262227 0.00143161 -0.000382348 -0.00377383 -0.0065066 0.00409594 -0.010637 0.000161053 -0.0123154 -0.00317277 0.00877604 -0.0149414 0.0296187
internal_weight=1790.79 1746.74 1631.76 1371.58 780.946 481.826 590.637 251.657 299.119 240.211 230.17 260.174 161.847 44.0435
internal_count=13902 13639 13136 11929 7655 4801 4274 2831 2854 2771 1970 1207 1934 263
is_linear=0
shrinkage=0.03


Tree=99
num_leaves=15
num_cat=0
split_feature=12 14 0 1 22 18 0 28 35 28 28 23 13 1
split_gain=41.9566 33.5371 23.6211 15.1412 15.1 9.63292 14.5529 3.2265 2.9825 3.17226 3.22867 2.87472 2.42855 1.5812
threshold=0.044375418204102117 0.43982366947471624 -1.0000000180025095e-35 0.46072684407655867 0.00060037144381842043 0.3940885148134245 3.1394627020063148 2.5000000000000004 40.442890442890452 11.500000000000002 5.5000000000000009 0.013863126021198871 -0.088639900686974984 23.984732185223439
decision_type=2 2 8 10 2 10 10 2 10 2 2 2 8 10
left_child=1 2 -1 11 5 6 8 -8 -4 10 -10 -2 -7 -6
right_child=3 -3 4 -5 13 12 7 -9 9 -11 -12 -13 -14 -15
leaf_value=0.0048628925787793471 0.018116193268463119 0.0097844714155213425 -0.003833185305761112 0.0097844714155213425 0.0016234667742264584 -0.003833185305761112 -0.010614969139784823 -0.021294461750648599 -0.005530687189589158 -0.005530687189589158 -0.010614969139784823 0.032155019647869765 -0.0011400145463883065 -0.0011400145463883065
leaf_weight=123.6361735239625 35.487388789653778 142.82758098840714 204.55068237707019 59.813270919024944 395.50181276723742 39.874847639352083 31.416210286319256 60.909481475129724 60.091763876378536 74.496499054133892 103.93309477344155 47.413464114069939 336.6335284113884 60.379554569721222
leaf_count=637 185 687 1794 308 2884 326 341 917 594 674 979 238 2683 587
internal_value=0.0028219 0.00143336 -5.86863e-05 0.0181356 -0.00161596 -0.0039035 -0.00652636 -0.0170656 -0.00416429 -0.00722819 -0.0102155 0.0264479 -0.00114001 0.00162347
internal_weight=1776.97 1634.25 1491.42 142.714 1367.79 911.906 535.398 92.3257 443.072 238.521 164.025 82.9009 376.508 455.881
internal_count=13834 13103 12416 731 11779 8308 5299 1258 4041 2247 1573 423 3009 3471
is_linear=0
shrinkage=0.03


Tree=100
num_leaves=15
num_cat=0
split_feature=12 0 32 26 23 11 16 3 18 32 1 18 9 25
split_gain=35.302 26.5263 24.7401 13.5197 12.5938 7.7869 8.28536 11.4292 3.16106 2.89422 2.35476 2.20841 1.43298 0.563343
threshold=0.042544464893621646 -1.0000000180025095e-35 40.168223385006605 -0.4053587562486482 0.013863126021198871 0.3386962631563854 -8.100072707496242 0.60475248337322229 0.49282082593349646 54.653039268423889 0.27341283059803628 0.2865142587120032 0.50213339140813096 -0.15415067982725836
decision_type=2 8 2 10 2 2 10 8 8 2 10 10 10 8
left_child=1 -1 8 9 -2 6 7 -5 13 -4 -6 -9 -8 -3
right_child=4 2 3 5 10 -7 12 11 -10 -11 -12 -13 -14 -15
leaf_value=0.0097163879694955949 0.0097163879694955949 0.003551115544628078 0.0018204126245844094 -0.0060712231936124236 0.030973017711111162 -0.001116240250676641 -0.0060712231936124236 -0.017085618190393909 0.005281818464671747 -0.001116240250676641 0.017509244870395711 -0.01043208604090946 -0.0033041143448276043 0.0018204126245844094
leaf_weight=122.77205499634147 65.709237188100815 23.154174566268921 217.41713174432516 180.70971741527319 43.41052570939064 35.600019581615925 190.04317747056484 126.62480552308261 263.62456563860178 139.91938106529415 35.954605154693127 41.65313346683979 151.71050565689802 138.35410667955875
leaf_count=649 355 126 1720 1740 223 151 1654 1738 1360 1373 164 414 1384 786
internal_value=0.00339583 0.00210819 0.000847249 -0.00164099 0.0173246 -0.00405289 -0.00549199 -0.00883833 0.00528182 0.00182041 0.0253021 -0.0147929 -0.00330411 0.00182041
internal_weight=1776.66 1631.58 1508.81 1083.68 145.074 726.341 690.741 348.988 425.133 357.337 79.3651 168.278 341.754 161.508
internal_count=13837 13095 12446 10174 742 7081 6930 3892 2272 3093 387 2152 3038 912
is_linear=0
shrinkage=0.03


Tree=101
num_leaves=14
num_cat=0
split_feature=20 1 14 11 18 34 1 4 16 19 9 9 30
split_gain=41.7682 34.2281 26.2737 16.8674 9.6066 16.9979 11.2581 6.76542 5.24678 2.89158 0.971541 0.935077 0.137939
threshold=0.90780002431892515 -0.25797866040431766 0.45503683561911862 1.0000000180025095e-35 0.21793284219199979 50.959040959040962 0.34081923303046252 -0.55761160595332893 5.0456989978374862 1.3168475272531925 0.50213339140813096 3.1838417996611303 53.178963893249616
decision_type=10 8 2 2 10 2 10 10 8 8 10 8 2
left_child=1 -1 3 4 5 12 -7 -6 -8 -10 -9 -11 -3
right_child=-2 2 -4 -5 7 6 8 10 9 11 -12 -13 -14
leaf_value=0.016492398237219895 0.030414091934454129 -0.0009401260318574841 0.0090218954868291727 0.0046333555338714597 0.0018187495967654419 -0.0047641404075203821 -0.025304540254267694 -0.0009401260318574841 -0.0094380725847660746 -0.018136664306231481 0.00043931178245397884 -0.012815637411991435 -0.004185367855803381
leaf_weight=84.576155938208103 44.960035856813192 212.85140335932374 142.58371040225029 108.97689245641232 286.96815771982074 163.47894804924726 29.253333212807775 168.2960771471262 70.212560443207622 27.07933159917593 226.94229780137539 42.127585716545582 166.71012543514371
leaf_count=456 273 1498 684 469 2177 1462 333 1194 1016 399 1799 513 1580
internal_value=0.00335941 0.0025707 0.00155139 0.000244816 -0.000995856 -0.003423 -0.00858815 0.00154275 -0.014112 -0.0109688 -0.000940126 -0.0161932 -0.000940126
internal_weight=1775.02 1730.06 1645.48 1502.9 1393.92 711.713 332.152 682.207 168.673 139.419 395.238 69.2069 379.562
internal_count=13853 13580 13124 12440 11971 6801 3723 5170 2261 1928 2993 912 3078
is_linear=0
shrinkage=0.03


Tree=102
num_leaves=15
num_cat=0
split_feature=2 11 23 16 3 28 1 18 14 12 34 14 34 33
split_gain=36.9001 33.182 26.5768 20.0165 17.8203 18.546 8.75357 8.64009 6.19085 4.52719 3.51182 2.47711 2.1577 7.06312
threshold=0.55777777777777793 0.071778837733983067 0.013863126021198871 6.9936460768208013 2.0030602226439063e-17 12.500000000000002 0.25911057755973227 0.18513466590418695 0.032620345325359311 0.60423022002985671 52.384282384282393 0.9999994420601247 54.062604062604073 53.634460777317926
decision_type=2 2 2 10 10 2 8 8 2 2 2 2 2 2
left_child=1 2 3 4 -1 7 -4 10 -8 11 -6 -7 -9 -14
right_child=-2 -3 6 -5 5 9 8 12 -10 -11 -12 -13 13 -15
leaf_value=0.00015469531486756477 0.025766084701004274 0.014359927985103389 0.0080635524349626005 0.0033629786893542642 -0.0097723878232378238 -0.017595200990235718 0.0033629786893542642 -0.0030312321424518875 0.005713265562158433 -0.0030312321424518875 -0.024696090510783583 -0.0096381595018348518 -0.0047951465653015132 -0.0097723878232378238
leaf_weight=284.45303662493825 61.431680880486965 113.32021866738796 164.94738719239831 201.66803541406989 17.929491147398949 144.97409149818122 249.14982442557812 211.50161813572049 76.609249740839005 7.4140179455280295 20.118812205269933 5.8434218764305106 90.37842134386301 122.63563453964889
leaf_count=2048 328 520 908 1354 146 1599 1743 1996 372 44 225 27 884 1656
internal_value=0.00381472 0.00295377 0.00176718 -0.000814628 -0.00305359 -0.00621716 0.00754059 -0.0031111 0.00336298 -0.0149238 -0.0165135 -0.0162451 -0.00303123 -0.00655906
internal_weight=1772.37 1710.94 1597.62 1106.92 905.249 620.796 490.706 462.564 325.759 158.232 38.0483 150.818 424.516 213.014
internal_count=13850 13522 13002 9979 8625 6577 3023 4907 2115 1670 371 1626 4536 2540
is_linear=0
shrinkage=0.03


Tree=103
num_leaves=15
num_cat=0
split_feature=20 11 3 12 14 28 2 28 2 3 9 13 22 16
split_gain=36.3873 32.381 30.2326 18.5904 20.7464 8.89504 7.74188 6.42104 6.14737 4.58086 3.93544 3.55199 2.81568 2.21253
threshold=0.95139612030466447 1.0000000180025095e-35 -0.107476787000178 1.0000000180025095e-35 0.04851065487362835 6.5000000000000009 0.44097222222222227 11.500000000000002 0.055839002267573705 0.052228680512927304 0.52098207143734954 -5.0794830383118486 0.00047335821606362994 -12.46260872271549
decision_type=10 2 10 2 2 2 2 2 2 10 10 8 2 10
left_child=1 2 6 4 5 11 7 -1 9 -7 -11 -4 -3 -12
right_child=-2 12 3 -5 -6 8 -8 -9 -10 10 13 -13 -14 -15
leaf_value=0.0033677157698670818 0.029747225147644722 0.0086722922600043582 -0.017458523219424465 0.0033677157698670818 0.00024081404654029386 -0.006392185050294502 0.0086722922600043582 0.0063768343957632751 -0.0027844132460950613 -0.016543394300568705 -0.012849407239967765 -0.0027844132460950613 0.016071675445967971 -0.0091554201793668261
leaf_weight=292.43202091753483 39.98185944929719 37.589041516184807 11.339925568550823 110.31212923675776 273.10032751038671 88.62700318172574 82.113993838429451 61.224542185664177 73.039405323565006 111.31559330783784 92.54814456962049 309.72513173520565 75.799926813691854 103.85417812690139
leaf_count=2134 245 160 106 549 1366 803 442 398 435 1357 1323 3136 342 1086
internal_value=0.00309877 0.00239613 0.00127291 -0.00123765 -0.00288609 -0.00580964 0.00797308 0.00408138 -0.00846803 -0.00999996 -0.0119187 -0.00278441 0.0160717 -0.00915542
internal_weight=1763 1723.02 1609.63 1173.86 1063.55 790.449 435.771 353.657 469.384 396.345 307.718 321.065 113.389 196.402
internal_count=13882 13637 13135 10161 9612 8246 2974 2532 5004 4569 3766 3242 502 2409
is_linear=0
shrinkage=0.03


Tree=104
num_leaves=15
num_cat=0
split_feature=20 3 14 12 27 11 3 2 14 27 4 22 33 32
split_gain=30.0234 28.1058 26.6855 18.7212 13.348 7.91625 10.6946 5.59641 4.62379 2.64543 2.56525 1.92362 2.5046 0.206535
threshold=0.95139612030466447 -0.1340582487975783 0.19350325949813543 1.0000000180025095e-35 -0.087011376989629449 0.071778837733983067 0.052228680512927304 0.39642857142857152 0.04149420284324188 0.90040465237398648 -0.2191802262642133 0.00043399644596314361 49.686424686424694 54.653039268423889
decision_type=10 8 2 2 10 2 10 2 2 8 10 2 2 2
left_child=1 7 3 4 13 6 -6 -1 10 -4 -8 12 -12 -3
right_child=-2 2 9 -5 5 -7 8 -9 -10 -11 11 -13 -14 -15
leaf_value=0.0089263351404580537 0.028779410052417225 0.001614591810065649 0.0089263351404580537 0.0045664574736007857 -0.0030573899517379348 -0.0010071728719259008 -0.0079522397477842129 0.01592321337399381 -0.0057175020519215211 0.0045664574736007857 -0.012377134610943802 -0.0099991786796819766 -0.019137854282172934 -0.0010071728719259008
leaf_weight=51.023550111800432 36.976709861308336 271.83014775067568 172.74573869258165 123.069186873734 305.9493215829134 62.65679244697094 108.43272861465812 80.869402326643467 77.104110963642597 70.035370647907257 64.049884054809809 120.62629306316376 79.446094881743193 122.45383969694376
leaf_count=249 230 2148 800 600 2447 260 1202 439 476 320 785 1283 1262 1235
internal_value=0.00369172 0.00306702 0.00192946 0.00020658 -0.00133727 -0.00362894 -0.00510761 0.0159232 -0.00837761 0.00892634 -0.010187 -0.0120461 -0.0147551 0.00161459
internal_weight=1747.27 1710.29 1578.4 1335.62 1212.55 818.265 755.608 131.893 449.659 242.781 372.555 264.122 143.496 394.284
internal_count=13736 13506 12818 11698 11098 7715 7455 688 5008 1120 4532 3330 2047 3383
is_linear=0
shrinkage=0.03


Tree=105
num_leaves=15
num_cat=0
split_feature=20 3 14 21 18 11 25 23 16 2 1 13 17 18
split_gain=32.0966 31.463 25.1664 19.335 11.4927 7.94709 8.23218 5.50784 5.33951 4.81362 4.46649 2.75996 2.14799 1.28555
threshold=0.95139612030466447 -0.107476787000178 0.45503683561911862 1.0000000180025095e-35 0.30171617614430063 0.29629694660509548 -0.051293294387550363 0.0026744041597167169 0.31001307489020197 0.44097222222222227 0.055556206695035089 -0.14481815292357419 0.0056953728446032291 0.48324448143429288
decision_type=10 8 2 2 10 2 10 2 8 2 10 10 2 10
left_child=1 9 3 4 5 6 -3 -5 12 13 -8 -12 -6 -1
right_child=-2 2 -4 7 8 -7 10 -9 -10 -11 11 -13 -14 -15
leaf_value=0.0087140641703620358 0.028840498931008943 -0.004276965755665889 0.0087140641703620358 0.0012467487242894335 -0.0018495790097457869 -0.0018495790097457869 -0.007394054761478433 0.0044848133262258691 0.0012467487242894335 0.015860961668502468 -0.017375737999792921 -0.010506691606218602 -0.00030141514272817674 0.012287512919432253
leaf_weight=40.464517772197723 39.058511067181826 255.28908204287291 140.24148810654879 143.60825455747545 211.79684808477759 22.752771019935608 93.843569442629814 261.05620836466551 209.11003713309765 82.342744447290897 96.148737657815218 78.100840581580997 56.497000567615032 26.221683770418167
leaf_count=193 250 2605 676 1199 1839 95 799 1459 1619 450 1440 725 381 133
internal_value=0.00353888 0.00288142 0.00160541 0.000255562 -0.00199132 -0.00494591 -0.00670435 0.00448481 0.00124675 0.0158227 -0.0105111 -0.0136193 -0.00184958 0.00871406
internal_weight=1756.53 1717.47 1568.44 1428.2 1023.54 546.135 523.382 404.664 477.404 149.029 268.093 174.25 268.294 66.6862
internal_count=13863 13613 12837 12161 9503 5664 5569 2658 3839 776 2964 2165 2220 326
is_linear=0
shrinkage=0.03


Tree=106
num_leaves=15
num_cat=0
split_feature=20 0 12 17 4 9 25 1 13 34 18 28 2 33
split_gain=36.0254 30.059 20.0331 13.0801 12.7517 5.67589 4.29468 5.08662 6.25741 3.21874 2.07534 2.01986 1.60089 1.55204
threshold=0.92229919352317524 -0.10538820265864453 0.041169770642512836 0.043000352474237835 -0.63559419129389594 0.011007817807598849 -1.0000000180025095e-35 0.59747770091600338 -0.14481815292357419 48.401598401598413 0.20578973944160686 15.500000000000002 0.44097222222222227 49.844599844599848
decision_type=10 8 2 2 10 10 10 10 10 2 8 2 2 2
left_child=1 12 3 4 9 -6 11 -8 -9 -3 -5 -7 -1 -11
right_child=-2 2 -4 10 5 6 7 8 -10 13 -12 -13 -14 -15
leaf_value=0.0085071820016792907 0.028776806815392644 0.0016096632659772716 0.0085071820016792907 0.0016096632659772716 -0.022464978713438558 -0.0012021918960194208 -0.0033612186054738156 -0.013010914945939887 -0.006210482486368467 0.00020373568497892536 0.0043999274629473459 -0.0033612186054738156 0.015604847003187917 -0.0012021918960194208
leaf_weight=27.76100941747427 43.117254793643951 215.85188201442361 133.37672137469053 77.717162430286407 9.8469225559383613 197.31569212302566 198.93143891170621 89.782979603856802 105.19481715001166 80.6015649959445 214.12319646030664 46.846897216513753 67.851054280996323 227.13980823010206
leaf_count=145 277 1507 658 477 121 1882 1550 1257 941 659 1308 425 386 2154
internal_value=0.00316819 0.00243289 0.00140952 0.000292673 -0.0011806 -0.00401405 -0.00355685 -0.00552025 -0.00905975 0.00160966 0.00439993 -0.00120219 0.0156048 -0.00120219
internal_weight=1735.46 1692.34 1596.73 1463.35 1171.51 647.919 638.072 393.909 194.978 523.593 291.84 244.163 95.6121 307.741
internal_count=13747 13470 12939 12281 10496 6176 6055 3748 2198 4320 1785 2307 531 2813
is_linear=0
shrinkage=0.03


Tree=107
num_leaves=15
num_cat=0
split_feature=2 24 11 14 8 18 2 34 28 34 16 0 22 27
split_gain=30.3622 24.1174 16.8714 13.0858 11.1189 13.633 8.70274 5.19284 4.21733 3.30261 1.94101 1.47953 0.274522 0.274211
threshold=0.52232142857142871 -1.0512471108195622 0.9115050812254285 0.25017990138059004 0.065692384613575086 0.7514757085567777 0.0067189754689754699 52.072927072927079 16.500000000000004 48.306693306693312 -0.14122027532655776 22.432973905552448 0.00062399904899679824 1.9459101490553137
decision_type=2 10 2 2 10 8 2 2 2 2 8 8 2 8
left_child=1 2 3 4 8 6 9 -3 10 -6 12 -7 -1 -2
right_child=13 7 -4 -5 5 11 -8 -9 -10 -11 -12 -13 -14 -15
leaf_value=-0.002223856534559913 0.02447040851170779 0.01221707091573134 0.0066765744412768937 0.0034317567648571028 -0.011469610175848636 -0.002223856534559913 -0.0068168273411496451 0.0066765744412768937 -0.002223856534559913 -0.021046792238078052 0.0011271121336671548 -0.0068168273411496451 -0.0005483722004463791 0.01221707091573134
leaf_weight=28.424697738140821 49.138974566012621 120.815235812217 52.664853554219007 194.9452498331666 66.84760320559144 217.80193393491209 50.214371982961893 19.518251545727253 46.277660489082336 67.455555127933621 780.12921073287725 12.760648619383572 21.070612475275993 17.776013478636742
leaf_count=214 270 702 229 917 504 2085 267 138 416 768 6887 197 147 95
internal_value=0.00308076 0.00225602 0.00113608 0.000186939 -0.00117753 -0.00519059 -0.0114098 0.0122171 0.000742878 -0.0161224 0.00112711 -0.00222386 -0.00222386 0.0221781
internal_weight=1745.84 1678.93 1538.59 1485.93 1290.98 415.08 184.518 140.333 875.902 134.303 829.625 230.563 49.4953 66.915
internal_count=13836 13471 12631 12402 11485 3821 1539 840 7664 1272 7248 2282 361 365
is_linear=0
shrinkage=0.03


Tree=108
num_leaves=15
num_cat=0
split_feature=12 14 23 22 0 33 34 34 1 25 11 3 33 29
split_gain=32.175 26.0342 15.255 14.6731 14.0392 10.9074 8.01734 6.22232 6.09957 2.905 2.86057 3.53014 2.50439 1.76219
threshold=0.044375418204102117 0.03873646615654823 0.013863126021198871 0.00060037144381842043 0.026516491942046454 49.686424686424694 49.933399933399947 61.991341991341997 0.22185491369092439 -0.065405282292653397 0.0388048351697994 0.0043364923564292368 36.951936951936958 52.474280376078596
decision_type=2 2 2 2 10 2 2 2 10 10 2 8 2 2
left_child=1 3 -2 4 13 -6 -3 9 -4 -7 11 -5 -8 -1
right_child=2 6 8 10 5 7 12 -9 -10 -11 -12 -13 -14 -15
leaf_value=0.0011791197800107105 0.0095939325564760002 0.0095939325564760002 0.034249484516315189 0.0031852022420842271 -0.0023066757435685602 -0.0060812486587361429 0.0070787538103706891 -0.015834615127976816 0.017716161061813524 -0.01095793189335648 0.0045635750642653789 0.0011791197800107105 0.0045635750642653789 -0.0023066757435685602
leaf_weight=238.60481844469905 65.395902290940285 176.78824791684747 41.053917188197374 74.472380101680756 182.76387418247759 71.603530263528228 83.280496776103973 96.108628088608384 37.770546942949295 96.339077010750771 51.813824366778135 275.46392582729459 128.74196846038103 123.00424621626735
leaf_count=1676 355 896 220 415 1832 672 419 1399 175 1082 233 2603 689 1166
internal_value=0.00355505 0.00230398 0.0168839 0.000123181 -0.00220534 -0.00579247 0.00900397 -0.00985582 0.0258384 -0.00608125 0.00456358 0.00180683 0.00456358 0.00117912
internal_weight=1743.21 1598.99 144.22 1210.17 808.424 446.815 388.811 264.051 78.8245 167.943 401.75 349.936 212.022 361.609
internal_count=13832 13082 750 11078 7827 4985 2004 3153 395 1754 3251 3018 1108 2842
is_linear=0
shrinkage=0.03


Tree=109
num_leaves=15
num_cat=0
split_feature=14 2 32 3 27 1 22 1 27 12 11 23 4 23
split_gain=28.0188 22.5057 11.9983 10.9476 9.20547 8.0722 5.48835 5.44922 5.43428 5.2855 3.04572 1.80441 1.34163 0.812603
threshold=0.43982366947471624 0.012163561076604556 54.778787645920524 4.1774563007031098 -0.26174353192345839 9.0915505007591531 6.6210969376664263e-07 0.16511964441540369 0.77164905496477798 0.042544464893621646 0.29629694660509548 0.052976657702339731 -0.26901559041766171 3.2652017453727606
decision_type=2 2 2 10 10 10 2 10 8 2 2 2 10 2
left_child=1 2 4 6 -1 8 12 -3 -2 10 -6 -9 -4 -5
right_child=5 7 3 13 9 -7 -8 11 -10 -11 -12 -13 -14 -15
leaf_value=0.0043765300832814538 0.024451606326576128 0.0089215776382106735 -0.0056906155118667812 -0.019408942425170973 -0.0014126521262914917 0.0089215776382106735 -0.0014126521262914917 0.0043765300832814538 0.014223439152323837 0.0021071589410100108 0.00034725340735925966 0.0066490538607460632 -0.0099685788974420708 -0.0099685788974420708
leaf_weight=247.59999995306134 86.274519685655832 204.43348659947515 34.604683991521597 41.905486192554235 538.03711583279073 23.71923603117466 206.66908369027078 124.78128474205732 38.443550162017345 73.95493345707655 47.312230493873358 49.713313162326813 27.696507478132844 3.7413994520902625
leaf_count=1958 443 1068 417 697 4594 108 2339 752 195 368 202 246 457 32
internal_value=0.00338628 0.00220477 0.000212554 -0.00479009 0.00196479 0.0156384 -0.00233402 0.00854051 0.0195253 -0.000162212 -0.00141265 0.00437653 -0.00996858 -0.0176031
internal_weight=1748.89 1600.45 1221.52 314.617 906.904 148.437 268.97 378.928 124.718 659.304 585.349 174.495 62.3012 45.6469
internal_count=13876 13130 11064 3942 7122 746 3213 2066 638 5164 4796 998 874 729
is_linear=0
shrinkage=0.03


Tree=110
num_leaves=15
num_cat=0
split_feature=11 20 2 33 23 18 22 8 7 18 13 22 9 32
split_gain=28.7925 27.3153 19.5565 13.2714 10.3352 10.3671 7.92758 6.08209 4.79626 3.79761 1.98179 1.66187 1.15451 0.891849
threshold=0.9115050812254285 0.00078329944037832451 0.20871212121212124 36.191586191586197 0.013863126021198871 0.12697891118552199 0.0012108573098063057 1.0000000180025095e-35 0.62301991131386381 0.90098303939493818 -0.052163513902321289 0.00011616582901259979 inf 57.953584876661807
decision_type=2 10 2 2 2 8 2 10 10 10 10 2 8 2
left_child=1 2 3 -1 5 6 -5 10 -2 -9 12 -3 -7 -6
right_child=8 11 -4 4 13 7 -8 9 -10 -11 -12 -13 -14 -15
leaf_value=0.0031154066213001275 0.027521368518077131 0.006599225422364287 0.006599225422364287 -0.024652174933996192 0.00060920586694978847 -0.0043535501309149537 -0.0095148094509298568 -0.0095148094509298568 0.01219935235794512 -0.0043535501309149537 -0.0016570902006481918 0.01219935235794512 -0.0029473859360874513 -0.0016570902006481918
leaf_weight=237.77209044620395 45.278550624847412 22.310801982879639 189.96289370954037 39.180597435683012 282.81542851775885 192.70317190140486 14.556098960340021 179.9310602825135 15.770254280418156 46.419090580195189 228.70902013033628 89.563740480691195 96.608034253120422 59.719683296978474
leaf_count=1536 208 133 1052 436 1719 2236 98 2001 72 425 1955 515 956 496
internal_value=0.00286575 0.00209545 0.000999098 -0.000368412 -0.00189699 -0.00392339 -0.0160857 -0.00294391 0.0223033 -0.00705001 -0.00165709 0.0121994 -0.00423768 0.000609206
internal_weight=1741.3 1680.25 1568.38 1378.41 1140.64 798.107 53.7367 744.37 61.0488 226.35 518.02 111.875 289.311 342.535
internal_count=13838 13558 12910 11858 10322 8107 534 7573 280 2426 5147 648 3192 2215
is_linear=0
shrinkage=0.03


Tree=111
num_leaves=15
num_cat=0
split_feature=0 20 14 27 16 34 18 3 34 28 22 14 3 16
split_gain=30.0246 22.0865 16.1882 8.02396 8.12254 7.08106 5.26537 4.14294 2.8623 2.75707 2.6227 2.2852 1.85916 1.75911
threshold=-0.14928354727137685 0.0002577480714804976 0.34540912192605361 -0.035246623431093298 -0.0097445896518658266 54.329004329004341 0.3094666864102476 15.637382819513411 50.399600399600409 12.500000000000002 0.00012134165784325313 0.00073359706486783528 -0.94951187661970138 5.9690669738361049
decision_type=8 10 2 10 8 2 8 8 2 2 2 2 10 10
left_child=12 2 3 8 5 -5 9 -8 -2 -6 -3 -9 -1 -10
right_child=1 10 -4 4 6 -7 7 11 13 -11 -12 -13 -14 -15
leaf_value=0.023569981353829327 0.003310914169843443 0.006381587447979742 0.006381587447979742 -0.0055158994179837478 -0.0055158994179837478 -0.02351189496764515 0.00098078970860291867 -0.0024796124765428312 0.00098078970860291867 -0.0024796124765428312 0.011298492745351897 -0.00074941138396995626 0.011298492745351897 0.0021458519392231808
leaf_weight=57.811152011156082 210.66287879273295 24.625581581145525 160.93787714093924 52.929549515247345 84.399888880550861 21.319385113194585 542.4054874740541 139.64597827754915 203.55524711869657 54.579505059868097 88.81606811657548 33.205883100628853 29.22834462299943 30.697016142308712
leaf_count=333 1477 148 777 367 696 211 4846 1485 1973 431 515 182 169 221
internal_value=0.00342588 0.00248638 0.00146468 0.000240241 -0.00134933 -0.0105378 -0.000494016 0.000556674 0.00331091 -0.0055159 0.0112985 -0.00247961 0.0201106 0.00098079
internal_weight=1734.82 1647.78 1534.34 1373.4 928.486 74.2489 854.237 715.257 444.915 138.979 113.442 172.852 87.0395 234.252
internal_count=13831 13329 12666 11889 8218 578 7640 6513 3671 1127 663 1667 502 2194
is_linear=0
shrinkage=0.03


Tree=112
num_leaves=15
num_cat=0
split_feature=20 3 33 34 18 22 8 33 3 1 30 1 9 11
split_gain=31.8873 20.6229 14.6701 17.4623 16.7292 9.21214 6.84176 7.09351 3.91114 3.69789 3.50933 3.37089 1.48549 0.880662
threshold=0.0015982133860124371 -0.107476787000178 35.548181976753419 50.959040959040962 0.12697891118552199 0.00010225123111261331 1.7985515178226035 49.844599844599848 4.9266977967201617 0.20243406149896045 46.534417962989401 -0.25797866040431766 0.3821415664146563 0.6525441771343411
decision_type=10 8 2 2 8 2 10 2 10 8 2 10 8 2
left_child=1 -1 12 8 -5 -2 7 -6 -4 -8 -7 -9 -3 -13
right_child=5 2 3 4 6 10 9 11 -10 -11 -12 13 -14 -15
leaf_value=0.010262715648200076 0.010262715648200076 0.0027082871870087572 0.0027082871870087572 -0.022105341843871886 -0.00064840913350676745 0.028682595003709215 -0.0061785875508565402 -0.0029547498949567593 -0.00064840913350676745 -0.012344368203000368 0.016804268266782361 -0.0061785875508565402 0.0056900296196051546 -0.0045666687229066489
leaf_weight=137.18335174024105 22.419841632246971 69.343728959560394 587.25711516663432 37.756314845755696 180.34972031414509 56.685005739331245 16.055166881531477 104.01299244165421 66.964473649859428 52.938779229298234 34.901296429336071 190.84308885782957 167.77986538782716 9.2294924706220609
leaf_count=729 139 422 4207 407 1633 340 155 906 641 607 197 2304 1092 38
internal_value=0.00331968 0.00221114 0.00111734 -0.000273455 -0.00400511 0.0183143 -0.00258339 -0.00127163 0.00270829 -0.0110855 0.0233458 -0.00526109 0.00569003 -0.00617859
internal_weight=1733.72 1619.71 1482.53 1245.41 591.186 114.006 553.429 484.435 654.222 68.9939 91.5863 304.086 237.124 200.073
internal_count=13817 13141 12412 10898 6050 676 5643 4881 4848 762 537 3248 1514 2342
is_linear=0
shrinkage=0.03


Tree=113
num_leaves=15
num_cat=0
split_feature=11 23 21 18 0 30 22 9 32 29 16 18 22 32
split_gain=24.2871 27.7111 19.9707 18.0677 14.6283 9.93431 9.03715 8.09975 5.95445 5.42959 4.92512 3.59406 1.74146 0.669821
threshold=4.5848660010509734 0.013863126021198871 0.00024743494774526073 0.30171617614430063 0.079791865462258707 46.250178393035547 1.0000000180025095e-35 0.37715471266896822 38.011988011988016 58.941088298980418 10.999023122521171 0.19232845059008816 3.3121435302865243e-05 52.365816002179635
decision_type=2 2 2 10 10 2 2 8 2 2 8 8 2 2
left_child=1 3 8 4 -1 12 9 -5 -3 11 -8 -6 -4 -12
right_child=-2 2 5 7 6 -7 10 -9 -10 -11 13 -13 -14 -15
leaf_value=0.00026842868743023917 0.03075158991886702 0.0088833914696039001 0.012773210950548784 0.00026842868743023917 -0.016055478917076985 0.0088833914696039001 -0.008604024632856172 0.0040480605152304625 0.0040480605152304625 -0.023132769173065958 -0.0034403170882191772 -0.008604024632856172 0.016663030431493669 -0.0060221708605376753
leaf_weight=236.86442379653454 23.039831735193729 48.160755164921284 23.689488522708416 186.2039934322238 20.916125319898129 102.74886003881693 67.746219703927636 349.00513946637511 209.47699927538633 34.869213785976171 92.075614044442773 76.769525030627847 159.6255024522543 102.96011004410684
leaf_count=1826 106 252 139 1436 158 623 679 2661 1457 581 702 985 869 1366
internal_value=0.00303616 0.00257447 0.00813504 -3.89191e-05 -0.00346053 0.0137187 -0.00714906 0.00399739 0.00404806 -0.0134071 -0.00380092 -0.00897819 0.016663 -0.00344032
internal_weight=1734.15 1711.11 543.702 1167.41 632.201 286.064 395.337 535.209 257.638 132.555 262.782 97.6857 183.315 195.036
internal_count=13840 13734 3340 10394 6297 1631 4471 4097 1709 1724 2747 1143 1008 2068
is_linear=0
shrinkage=0.03


Tree=114
num_leaves=15
num_cat=0
split_feature=1 14 22 23 8 33 21 11 12 30 22 22 0 13
split_gain=23.8177 23.6005 21.3307 8.96451 8.33476 6.59928 4.87974 3.75399 3.10934 2.97016 2.28698 2.1643 2.04605 1.26076
threshold=-0.25797866040431766 0.43982366947471624 0.00060037144381842043 0.014450280519572105 0.0099145265263187472 46.728271728271729 4.0150497522565199e-05 0.29629694660509548 0.53050771135877528 52.422577422577426 5.4361790992451807e-06 0.00010225123111261331 -0.8348631728980318 36.09555338298896
decision_type=8 2 2 2 10 2 2 2 2 2 2 2 10 10
left_child=12 2 3 4 5 -2 7 -4 9 -6 -5 13 -1 -11
right_child=1 -3 6 10 8 -7 -8 -9 -10 11 -12 -13 -14 -15
leaf_value=0.022130428732689431 -0.0011574244180958238 0.010089127699795138 0.0016407702415757173 -0.0011574244180958238 -0.0076514809179549989 -0.00510077085521896 0.0053464560250418049 0.0034936131333087612 -0.00510077085521896 -0.021822157509639766 0.0016407702415757173 -0.01107108880047206 0.010089127699795138 -0.014717746995085719
leaf_weight=50.043766047805548 138.21751646324992 139.05276712402701 289.82156721502542 151.55545458197594 127.46277457848191 316.35217165015638 228.00580385699868 24.400933090597391 7.8939564228057852 57.082062095403671 138.66184346750379 25.386397803202271 26.22983880341053 6.777287643402814
leaf_count=297 1141 695 2474 1055 1119 3376 1362 105 44 785 855 314 151 52
internal_value=0.00255199 0.00176572 0.000603784 -0.00206021 -0.00395562 -0.00158294 0.00534175 0.00164077 -0.0086186 -0.0102022 0.00164077 -0.0144907 0.0184125 -0.0183644
internal_weight=1726.94 1650.67 1511.62 969.389 679.172 454.57 542.228 314.223 224.602 216.709 290.217 89.2457 76.2736 63.8593
internal_count=13825 13377 12682 8741 6831 4517 3941 2579 2314 2270 1910 1151 448 837
is_linear=0
shrinkage=0.03


Tree=115
num_leaves=14
num_cat=0
split_feature=20 3 12 14 27 22 11 3 17 18 22 8 26
split_gain=27.7726 24.4742 16.1311 15.3655 17.4539 9.15557 7.56366 10.5226 2.91456 1.55576 1.04661 1.28405 0.211817
threshold=0.40311766009587019 -0.107476787000178 1.0000000180025095e-35 0.03873646615654823 -0.035246623431093298 0.00011616582901259979 1.0000000180025095e-35 0.052228680512927304 0.17329605740754286 0.22474878180057459 0.42915585770375719 0.19772525555343815 -0.34690258148718284
decision_type=10 8 2 2 10 2 2 10 2 8 2 10 10
left_child=1 -1 3 4 -3 -2 7 -6 10 -7 11 -9 -13
right_child=5 2 -4 -5 6 9 -8 8 -10 -11 -12 12 -14
leaf_value=0.011069228249987111 0.011069228249987111 0.00067576572366271433 0.0062129103089417432 0.0032008370368063746 -0.0044780292688264616 0.018360474673383986 -0.0022174570961944048 -0.011233671275501332 -0.0075168661462993031 0.02949767221658774 -0.0096836431885795691 -0.013334757261759152 -0.016976517770010871
leaf_weight=130.61445528268814 17.723610386252403 371.42125637829304 124.62461233139038 350.6874736957252 264.22937553748488 16.665995415300131 59.596750393509865 162.16296572983265 19.67794344201684 51.038454722613096 18.631101839244366 13.756146354600785 123.89466443657875
leaf_count=705 110 3328 612 1797 2249 98 247 2095 191 314 237 182 1649
internal_value=0.00342201 0.00252093 0.00135659 0.000188764 -0.00184931 0.0196175 -0.00511068 -0.0067386 -0.0105557 0.0256517 -0.0118504 -0.0127837 -0.0154358
internal_weight=1724.72 1639.3 1508.68 1384.06 1033.37 85.4281 661.949 602.352 338.123 67.7045 318.445 299.814 137.651
internal_count=13814 13292 12587 11975 10178 522 6850 6603 4354 412 4163 3926 1831
is_linear=0
shrinkage=0.03


Tree=116
num_leaves=15
num_cat=0
split_feature=11 23 14 16 3 12 28 18 2 9 9 4 0 26
split_gain=24.095 19.8591 20.7865 15.9918 20.5288 14.6488 13.9463 9.16706 4.6219 4.25358 3.13641 2.23785 1.97415 1.8291
threshold=4.5848660010509734 0.0044797312656608542 0.037863904263882454 6.9936460768208013 1.6941470186605069e-16 1.0000000180025095e-35 13.500000000000002 0.16064495600969478 0.015388257575757578 0.58664625996438236 0.071648088260096582 -0.52120455566759627 9.0298743884754558 -1.9237418440061076
decision_type=2 2 2 10 10 2 2 8 2 8 8 10 10 10
left_child=1 3 5 4 -1 13 7 9 11 -6 -9 -8 -12 -3
right_child=-2 2 -4 -5 6 -7 8 10 -10 -11 12 -13 -14 -15
leaf_value=0.00090639293401012348 0.030963349773441132 0.0070177177159630707 0.016717987934971187 0.0036209005100498758 -0.026602256115230701 0.010414534921876266 -0.0093115508918816554 -0.0096972051816143021 -0.0023042242522429315 -0.0096972051816143021 -0.0023042242522429315 -0.018206142426039223 -0.0060007147169286162 0.0036209005100498758
leaf_weight=330.5685663446784 22.194792088121176 115.7771724537015 107.74713518097997 195.12723271362484 17.591002052649856 67.862793892621994 13.053958646953104 21.615185646340251 13.923447899520395 16.886219300329685 353.79494199715555 97.914293527603149 77.868060056120157 271.34902696311474
leaf_count=2366 103 740 546 1339 194 329 134 237 97 157 3666 1125 980 1831
internal_value=0.00292809 0.00247263 0.0070558 0.000186001 -0.00180811 0.00411108 -0.00551484 -0.00315157 -0.0142678 -0.0170902 -0.00230422 -0.0163189 -0.00230422 0.0036209
internal_weight=1723.27 1701.08 562.736 1138.34 943.216 454.989 612.647 487.755 124.892 34.4772 453.278 110.968 431.663 387.126
internal_count=13844 13741 3446 10295 8956 2900 6590 5234 1356 351 4883 1259 4646 2571
is_linear=0
shrinkage=0.03


Tree=117
num_leaves=15
num_cat=0
split_feature=11 1 33 21 18 16 3 16 9 2 1 34 18 9
split_gain=27.5102 20.7864 16.1556 19.8836 13.6396 9.21069 8.50224 7.03912 5.07458 1.88757 1.41088 0.882878 0.301935 0.217958
threshold=0.29629694660509548 -0.0054337069468075021 36.951936951936958 1.0000000180025095e-35 0.30171617614430063 -0.084510807095876869 6.170765946906257e-16 0.10513022822365477 0.70393695053644401 0.13288008288008291 6.3165095491187775e-17 48.2933732933733 0.43979451916359719 0.3821415664146563
decision_type=2 8 2 2 8 10 10 8 10 2 10 2 8 8
left_child=1 -1 13 4 8 6 -6 -2 9 10 -4 -12 -9 -3
right_child=7 2 3 -5 5 -7 -8 12 -10 -11 11 -13 -14 -15
leaf_value=0.010075082899965728 0.010075082899965728 0.0024752816645604481 -0.014528309932105622 0.0024752816645604481 -0.0025671422784511399 -0.00037216004146192776 -0.0066598139889287615 0.01670583158457279 -0.0066598139889287615 -0.011105744043198718 -0.018166888212452804 -0.026442131709743581 0.025745772668324132 0.0055222181245185558
leaf_weight=112.53727955371141 24.662875726819038 80.138717893511057 29.680614240467548 327.38061904534698 172.79999339580536 275.9539765752852 313.45301023498178 14.883443225175141 36.662703486159444 12.350065268576143 16.576908383518457 43.229836272075772 56.491790663450956 187.04978882148862
leaf_count=652 116 490 216 2276 1320 2298 3828 72 333 66 108 481 261 1217
internal_value=0.00296033 0.00199952 0.000969353 -0.000571655 -0.0032196 -0.00161077 -0.00476212 0.0181506 -0.0117089 -0.0155517 -0.0179509 -0.0218055 0.0233366 0.00552222
internal_weight=1703.85 1607.81 1495.28 1228.09 900.707 762.207 486.253 96.0381 138.5 101.837 89.4874 59.8067 71.3752 267.189
internal_count=13734 13285 12633 10926 8650 7446 5148 449 1204 871 805 589 333 1707
is_linear=0
shrinkage=0.03


Tree=118
num_leaves=15
num_cat=0
split_feature=1 11 21 18 23 0 34 18 33 30 32 8 28 8
split_gain=28.1152 19.3683 17.7937 22.2139 10.5568 7.56027 5.89259 6.50265 3.85632 3.83793 1.8131 1.55253 0.766704 0.764474
threshold=-0.88881341392242841 0.9115050812254285 1.0000000180025095e-35 0.38031538557019479 0.0030572262482800971 -0.14928354727137685 55.319680319680337 0.14030088806396618 49.844599844599848 64.753104038818336 52.481085348218222 0.35946021926690014 1.5000000000000002 1.0000000180025095e-35
decision_type=8 2 2 10 2 10 2 8 2 2 2 8 2 8
left_child=-1 2 3 5 -4 -2 10 11 -5 -9 -7 -8 -11 -10
right_child=1 -3 4 8 -6 6 7 9 13 12 -12 -13 -14 -15
leaf_value=0.023961975487839977 -0.00025756720811431273 0.013247836120540436 0.0033924940214496466 0.0033924940214496466 0.0075368946579857056 -0.0030362634875300294 -0.014022209282594532 -0.0061526459201570599 0.001567463406667667 -0.0099894027351797952 -0.0061526459201570599 -0.026993212271733385 -0.014022209282594532 -0.00025756720811431273
leaf_weight=52.111888889223337 148.0957885235548 60.07989102229476 153.50821839831769 361.14752657338977 288.22638857737184 148.50489554740489 11.567061394453047 141.3857279792428 39.497221291065216 12.494523417204617 114.26813177019358 20.135470703244213 46.462906649336219 118.58548898994923
leaf_count=315 1130 280 1277 2611 1664 1033 112 1541 341 168 1312 214 801 1006
internal_value=0.00325213 0.0025337 0.00182595 -0.00012958 0.00691457 -0.00390763 -0.00581496 -0.00926903 0.00339249 -0.00692527 -0.00303626 -0.0211191 -0.0138262 -0.000257567
internal_weight=1716.07 1663.96 1603.88 1162.14 441.735 642.915 494.819 232.046 519.23 200.343 262.773 31.7025 58.9574 158.083
internal_count=13805 13490 13210 10269 2941 6311 5181 2836 3958 2510 2345 326 969 1347
is_linear=0
shrinkage=0.03


Tree=119
num_leaves=15
num_cat=0
split_feature=20 14 12 0 9 22 8 1 2 33 29 18 25 18
split_gain=28.9478 24.7426 21.2913 12.1421 8.8855 7.77359 10.008 7.40958 3.20719 3.0347 2.91517 2.90271 1.89298 1.28931
threshold=0.95139612030466447 0.43982366947471624 0.041169770642512836 -0.0071934988035259155 0.042066990335270706 0.00061228708319181855 0.026770683756237371 9.0915505007591531 0.049652777777777789 49.067202638631223 52.123863393793478 0.84389100271801032 0.20067069546215136 0.45238982658636179
decision_type=10 2 2 10 8 2 10 10 2 2 2 10 10 8
left_child=1 2 3 10 8 6 9 -3 -5 -6 -1 -8 -7 -11
right_child=-2 7 -4 4 5 12 11 -9 -10 13 -12 -13 -14 -15
leaf_value=0.0040771286304273026 0.028282666956358692 0.015455043395628233 0.0079270655126355335 -0.020566200327492352 -0.00092798631485835467 0.001316835078350656 -0.0079209136897846321 0.0079270655126355335 -0.0079209136897846321 -0.0044244500023214927 0.001316835078350656 -0.0044244500023214927 -0.00092798631485835467 -0.0026762181585899239
leaf_weight=231.65314431488514 35.624107619747519 116.69344118237495 132.96463712304831 28.054820936173201 136.99269334226847 282.62033528462052 180.96592772938311 25.797391459345818 8.9106048271059972 32.936029218137264 126.19786115735769 52.000319812446833 136.24221917241812 178.45196238346398
leaf_count=1433 246 605 667 286 1131 2160 1986 119 40 309 1190 478 1115 2003
internal_value=0.00324419 0.00262742 0.00148961 0.000227192 -0.00144346 -0.000871562 -0.00317281 0.0143645 -0.0149703 -0.000927986 0.00407713 -0.00792091 0.00131684 -0.00442445
internal_weight=1706.11 1670.48 1527.99 1395.03 1037.17 1000.21 581.347 142.491 36.9654 348.381 357.851 232.966 418.863 211.388
internal_count=13768 13522 12798 12131 9508 9182 5907 724 326 3443 2623 2464 3275 2312
is_linear=0
shrinkage=0.03


Tree=120
num_leaves=15
num_cat=0
split_feature=20 11 33 1 13 28 23 1 16 8 17 0 34 30
split_gain=23.9449 20.1248 18.2236 17.8679 15.4013 7.95072 7.82408 5.58215 4.36013 3.18576 2.71388 2.33865 1.76554 1.20953
threshold=0.95139612030466447 0.9115050812254285 35.548181976753419 0.48991432177669231 -7.485864928356329 1.5000000000000002 0.0026744041597167169 -0.25797866040431766 -8.100072707496242 0.78811122735804517 0.018435281385604244 5.1606827212378414 48.761238761238765 63.078588078588083
decision_type=10 2 2 10 10 2 2 10 10 10 2 10 2 2
left_child=1 2 10 6 5 -5 7 -4 11 -6 -1 -7 -11 -13
right_child=-2 -3 3 4 9 8 -8 -9 -10 12 -12 13 -14 -15
leaf_value=0.0046617060513219431 0.027007098842480627 0.014931623195129808 0.0026551895228642658 -0.0041628672888725828 0.00031968673620563201 -0.010437536172102049 0.0046617060513219431 0.00031968673620563201 -0.0041628672888725828 -0.0019215902763334751 0.0085534727524481675 -0.014587181352067055 -0.0041628672888725828 -0.022076276764681681
leaf_weight=65.256036818027496 32.885490726679564 55.649696707725525 222.62111982703209 40.469336878508329 230.03981105983257 138.16270915977657 290.89385797828436 253.82941427640617 20.973340444266796 52.207713827490807 189.28339721634984 4.2105638161301604 52.076238218694925 52.246830962598324
leaf_count=462 232 250 1748 424 1874 1685 1734 2196 226 367 1151 35 563 783
internal_value=0.00340091 0.00285615 0.00217532 0.000769939 -0.00313862 -0.00864542 0.00377799 0.000648673 -0.0116869 0.000319687 0.00855347 -0.0132541 -0.00416287 -0.0187368
internal_weight=1700.81 1667.92 1612.27 1357.73 590.387 256.063 767.344 476.451 215.593 334.324 254.539 194.62 104.284 56.4574
internal_count=13730 13498 13248 11635 5957 3153 5678 3944 2729 2804 1613 2503 930 818
is_linear=0
shrinkage=0.03


Tree=121
num_leaves=15
num_cat=0
split_feature=11 20 0 12 14 16 28 16 29 22 18 34 22 3
split_gain=24.61 21.899 19.5427 11.0345 11.0976 6.93051 6.81676 5.75181 5.19713 5.1941 3.81168 3.7602 2.3497 0.427299
threshold=0.9115050812254285 0.0002577480714804976 -1.0000000180025095e-35 1.0000000180025095e-35 0.16781155128206288 -0.084510807095876869 10.500000000000002 7.6719510275747007 52.474280376078596 0.00058393323365743966 0.28366433485667158 54.462204462204475 6.9156727670843232e-05 -0.107476787000178
decision_type=2 10 10 2 2 8 2 10 2 2 8 2 2 10
left_child=1 2 8 4 5 11 10 13 -1 -2 -7 -4 -3 -8
right_child=9 12 3 -5 -6 6 7 -9 -10 -11 -12 -13 -14 -15
leaf_value=0.0060435678627205371 0.011310207905373003 0.0060435678627205371 -0.0083111308649848753 0.0024075390845524412 -6.1525472768647409e-05 -0.0083111308649848753 -0.0052801206078329239 -0.0022491103506809707 0.0024075390845524412 0.027692830237026424 -0.0022491103506809707 -0.023734653039222196 0.011310207905373003 -0.0083111308649848753
leaf_weight=278.69890420138836 21.886667162179947 18.652584243565798 53.90280582383275 113.04198826104403 177.46037746965885 47.53440316580236 8.3326592296361905 82.106557130813599 113.19553168118 36.256155520677567 422.82613531686366 17.99515924975276 89.805290170013905 210.82865777984262
leaf_count=1726 97 115 407 556 819 460 36 633 1071 177 4494 202 532 2400
internal_value=0.00247611 0.00176048 0.000776928 -0.00122849 -0.00253059 -0.0044367 -0.00355342 -0.00719161 0.00604357 0.0208599 -0.00224911 -0.0130688 0.0113102 -0.00831113
internal_weight=1692.52 1634.38 1525.92 1134.03 1020.99 843.526 771.628 301.268 391.894 58.1428 470.361 71.898 108.458 219.161
internal_count=13725 13451 12804 10007 9451 8632 8023 3069 2797 274 4954 609 647 2436
is_linear=0
shrinkage=0.03


Tree=122
num_leaves=15
num_cat=0
split_feature=3 14 34 11 33 34 3 16 9 2 1 1 27 3
split_gain=22.0752 18.7981 12.6054 7.98413 9.35525 8.55466 12.789 7.66857 3.51007 3.40154 2.2944 0.898528 0.874714 0.0523053
threshold=-0.46872368621525035 0.45503683561911862 20.446220446220451 1.0000000180025095e-35 49.686424686424694 49.467199467199478 6.170765946906257e-16 35.445077728959447 0.37715471266896822 0.40069444444444452 9.0915505007591531 23.984732185223439 0.13353139262452265 10.813240543777752
decision_type=8 2 2 2 2 2 10 8 8 2 10 10 8 10
left_child=9 2 -2 4 8 13 -7 12 -4 -1 -3 -9 -8 -6
right_child=1 10 3 -5 5 6 7 11 -10 -11 -12 -13 -14 -15
leaf_value=0.0099616592944808211 0.0054881443421912739 0.0099616592944808211 -0.0012661433372288203 0.0027478663918920915 -0.0012661433372288203 -0.0040440487423320064 -0.013866450095307922 -0.0082125174714098668 0.00089914095660696897 0.022077407686164695 0.0054881443421912739 -0.013866450095307922 -0.022355443268864933 -0.0040440487423320064
leaf_weight=23.660068940371275 113.43710993602872 111.28387623280287 214.28152965754271 90.589632611721754 302.50627306103706 147.40535132214427 22.811116749420762 99.28100560978055 385.43674960359931 54.886698797345161 23.919063195586205 22.127682026475668 56.797527717426419 27.0033551864326
leaf_count=124 619 583 1595 411 2402 1211 291 1459 3210 340 111 394 682 300
internal_value=0.00283092 0.00204717 0.00101463 7.58844e-06 -0.000949584 -0.00343143 -0.00682195 -0.012381 0.000899141 0.0178761 0.00996166 -0.00821252 -0.0195204 -0.00126614
internal_weight=1695.43 1616.88 1481.68 1368.24 1277.65 677.932 348.423 201.017 599.718 78.5468 135.203 121.409 79.6086 329.51
internal_count=13732 13268 12574 11955 11544 6739 4037 2826 4805 464 694 1853 973 2702
is_linear=0
shrinkage=0.03


Tree=123
num_leaves=15
num_cat=0
split_feature=20 3 14 12 27 4 22 1 13 9 22 27 9 9
split_gain=28.9707 21.178 16.127 10.493 9.29926 6.58624 4.89264 4.71154 4.03981 2.23587 1.31241 1.22351 1.20562 0.887924
threshold=0.95139612030466447 -0.94951187661970138 0.43982366947471624 1.0000000180025095e-35 -0.035246623431093298 -0.28816322622700324 0.00060037144381842043 0.10339900256836758 36.09555338298896 0.94490841038585127 0.00012887275220417054 0.77164905496477798 0.31844306474746953 0.071648088260096582
decision_type=10 8 2 2 10 10 2 10 8 10 2 8 8 10
left_child=1 -1 3 4 12 -6 7 -7 9 10 -9 -4 -3 -8
right_child=-2 2 11 -5 5 6 13 8 -10 -11 -12 -13 -14 -15
leaf_value=0.015200161633870495 0.028460659199479224 -0.00037907526868985762 0.0082222757393268023 0.0042419297082972587 -0.00037907526868985762 -0.0047323173481959892 -0.0047323173481959892 -0.019280389247140782 -0.0072245930019650606 -0.010228635497409332 -0.013145872745791017 0.0042419297082972587 0.001765657580239059 -0.0024642415775581964
leaf_weight=57.876281414180994 32.962404510006309 79.961709773167968 95.738129798322916 131.22711256146431 322.08037972450256 92.744797144085169 13.186574846506117 75.191844733431935 94.996177146211267 35.853125937283039 34.089354366064072 41.99491897970438 355.86317210830748 228.20524623990059
leaf_count=351 241 633 491 650 2712 736 105 692 1347 379 342 211 3002 1823
internal_value=0.00253867 0.00193966 0.00124439 0.000261584 -0.000710615 -0.00252381 -0.00454941 -0.00700039 -0.00971687 -0.0132327 -0.0160631 0.00822228 0.00176566 -0.00246424
internal_weight=1691.97 1659.01 1601.13 1463.4 1332.17 896.348 574.267 332.875 240.131 145.134 109.281 137.733 435.825 241.392
internal_count=13715 13474 13123 12421 11771 8136 5424 3496 2760 1413 1034 702 3635 1928
is_linear=0
shrinkage=0.03


Tree=124
num_leaves=15
num_cat=0
split_feature=20 3 14 12 8 34 9 22 33 0 9 16 1 3
split_gain=24.0827 20.5737 15.4437 11.0897 8.47198 9.78834 5.6609 4.07281 3.61888 2.85035 0.966723 0.959537 0.768565 0.755268
threshold=0.94204301282539538 -0.94951187661970138 0.45503683561911862 1.0000000180025095e-35 0.40059824635749047 67.099567099567096 1.0970431273710624 0.00060037144381842043 49.067202638631223 5.5078102654424557 0.048707069540808647 220.27233375737126 9.7725857898974606 2.0030602226439063e-17
decision_type=10 8 2 2 10 2 10 2 2 8 10 8 10 10
left_child=1 -1 3 4 7 9 11 8 -3 10 -6 -7 -4 -10
right_child=-2 2 12 -5 5 6 -8 -9 13 -11 -12 -13 -14 -15
leaf_value=0.013412883424233536 0.025149667642984347 -1.3326320715060513e-05 0.0071901361376764273 0.0035867287853117808 -0.0056296670639292999 -0.02629470824138179 -0.0089163838933628472 0.0012557145968016511 -0.0011781382776054066 -0.0089163838933628472 -0.0023429502344957526 -0.015596542204809164 0.0035867287853117808 -0.0023429502344957526
leaf_weight=59.777426674962044 35.330478372052312 286.91850141435862 113.02811490744352 131.81616958975792 11.182606678456066 31.187079695984721 22.167714023962617 296.82185159996152 191.06043883040547 28.561610342934728 248.28587317466736 10.016114385798572 24.902198895812035 212.42106377892196
leaf_count=364 256 2295 587 652 80 310 308 2291 1471 296 2043 187 115 2542
internal_value=0.00223512 0.0016761 0.000967389 -1.66786e-05 -0.0010753 -0.00504019 -0.0152641 0.000354286 -0.00128237 -0.00256871 -0.00234295 -0.0222767 0.00719014 -0.00234295
internal_weight=1703.48 1668.15 1608.37 1470.44 1338.62 351.401 63.3709 987.222 690.4 288.03 259.468 41.2032 137.93 403.482
internal_count=13797 13541 13177 12475 11823 3224 805 8599 6308 2419 2123 497 702 4013
is_linear=0
shrinkage=0.03


Tree=125
num_leaves=15
num_cat=0
split_feature=20 2 17 11 23 35 16 28 4 1 13 27 18 3
split_gain=21.4076 21.6777 13.4338 7.46093 7.686 6.93284 6.66265 13.5508 5.47033 3.31429 3.17052 2.69137 1.5873 1.49882
threshold=0.91773755555792469 0.11602564102564104 0.054561564472304126 0.30075255978870447 0.0026744041597167169 46.928071928071937 6.9936460768208013 13.500000000000002 -0.66200203449333772 -0.25797866040431766 -4.479743832047471 0.28768207245178107 0.9994593330874596 8.9621725660151892
decision_type=10 2 2 2 2 8 10 2 10 10 8 10 8 10
left_child=1 2 3 4 6 -3 7 10 -9 -7 12 -4 -1 -12
right_child=-2 5 11 -5 -6 9 -8 8 -10 -11 13 -13 -14 -15
leaf_value=-0.021719226978812452 0.024267695844457256 0.013144567314788368 0.0052958019963598481 0.0022031326028899849 0.00017742303869898749 0.0095202990861212432 -0.0017989847078385432 -0.00365084951264846 -0.017756194227933574 0.0052958019963598481 -0.00365084951264846 0.0022031326028899849 -0.0093839289568339573 -0.0085320187710006979
leaf_weight=12.114816205576064 34.935860373079777 74.264398731291294 186.50242906063795 68.096221618354321 352.88590420782566 47.063186578452587 81.03034776635468 15.874600496143101 92.831015637144446 130.20384056121111 447.82158589363098 73.047527059912682 5.2570185456424943 66.174139924347401
leaf_count=151 264 416 1138 288 2316 294 665 166 1125 712 4796 482 52 913
internal_value=0.00255214 0.00202144 0.000551953 -0.000889537 -0.00184829 0.0100397 -0.00377539 -0.00550271 -0.0149335 0.00589603 -0.00365085 0.0052958 -0.015117 -0.00365085
internal_weight=1688.1 1653.17 1401.64 1142.09 1073.99 251.531 721.104 640.073 108.706 177.267 531.368 259.55 17.3718 513.996
internal_count=13778 13514 12092 10472 10184 1422 7868 7203 1291 1006 5912 1620 203 5709
is_linear=0
shrinkage=0.03


Tree=126
num_leaves=15
num_cat=0
split_feature=20 14 12 27 0 13 14 22 18 28 32 8 2 22
split_gain=21.9689 18.228 15.2907 11.062 9.76719 6.00752 5.85414 5.8744 4.8019 2.52862 1.84135 1.80613 1.61698 1.53768
threshold=0.90780002431892515 0.45503683561911862 0.042544464893621646 -0.087011376989629449 1.0000000180025095e-35 -0.10504652028810656 0.081901656932688596 1.0000000180025095e-35 0.50622665165189185 16.500000000000004 54.653039268423889 1.4320412726369576 0.02649122807017544 0.00011616582901259979
decision_type=10 2 2 10 10 10 2 2 8 2 2 10 2 2
left_child=1 2 3 10 -5 -3 7 8 -6 -9 -1 -10 -12 -2
right_child=13 5 -4 4 6 -7 -8 9 11 -11 12 -13 -14 -15
leaf_value=0.0038315128347512842 0.013501956610478542 0.0071761252677432002 0.0071761252677432002 0.0012318086819759909 -0.020024353932387953 0.013501956610478542 -0.0010818193706725295 -0.0030437623565254166 -0.0068441895200996852 -0.0068441895200996852 0.0012318086819759909 -0.01343427172624382 0.0025316607583636378 0.028092489280150207
leaf_weight=311.29698798805475 7.4699718281626692 47.446341745555401 130.72828664630651 235.96028512716293 31.413228284567595 89.472208395600319 120.10337184369564 410.78059641458094 78.418246004730463 38.414221709594131 97.005807792767882 25.128376692533493 34.202915608882904 29.649276344105601
leaf_count=2355 52 242 652 1749 346 465 583 3905 1123 381 1110 400 205 225
internal_value=0.00307289 0.0025188 0.00154932 0.0004869 -0.0013679 0.0128029 -0.00339545 -0.00500571 -0.0104 -0.00328834 0.00383151 -0.00684419 0.00123181 0.0244851
internal_weight=1687.49 1650.37 1513.45 1382.72 940.218 136.919 704.258 584.155 134.96 449.195 442.506 103.547 131.209 37.1192
internal_count=13793 13516 12809 12157 8487 707 6738 6155 1869 4286 3670 1523 1315 277
is_linear=0
shrinkage=0.03


Tree=127
num_leaves=15
num_cat=0
split_feature=11 1 14 34 33 34 29 13 13 8 18 1 28 2
split_gain=21.8511 20.8715 17.9064 11.7926 6.80817 12.7386 7.06655 4.29919 3.52565 2.3363 1.40632 0.959544 0.721326 0.696488
threshold=3.0189109136477561 -0.25797866040431766 0.45503683561911862 21.062271062271066 49.844599844599848 55.186480186480196 56.891952804370831 -1.0000000180025095e-35 3.0183764801218658 0.10809033407862235 0.30171617614430063 1.2801729831890389 5.5000000000000009 0.39642857142857152
decision_type=2 8 2 2 2 2 2 10 8 8 8 8 2 2
left_child=1 13 3 -3 7 10 8 -5 9 -7 -6 -8 -13 -1
right_child=-2 2 -4 4 5 6 11 -9 -10 -11 -12 12 -14 -15
leaf_value=0.0086615269045478404 0.028725229587043447 0.0046641428623821557 0.0086615269045478404 -0.0002209988154753329 -0.0037770641253272192 -0.0066919666084279527 -0.0097693417141010742 0.0021507746593214879 -0.0037770641253272192 -0.0097693417141010742 -0.0002209988154753329 -0.013731410878001414 -0.023458669385596632 0.015600562051222464
leaf_weight=18.512694071978331 24.101264478638768 113.84463116899133 136.86466743052006 224.18984164111316 74.065504778176546 27.560270842164755 20.565820153802633 403.77507719770074 120.9391572214663 65.352276491001248 356.58137738704681 30.788791505619884 21.295392004773021 54.435243587940931
leaf_count=105 117 630 709 2096 604 270 343 2875 1274 605 2992 443 415 352
internal_value=0.0029331 0.00247589 0.00172249 0.000666759 -0.000362594 -0.00235215 -0.00733313 0.00191015 -0.004394 -0.00960687 -0.000220999 -0.0151447 -0.0176935 0.0156006
internal_weight=1692.87 1668.77 1595.82 1458.96 1345.11 717.149 286.502 627.965 213.852 92.9125 430.647 72.65 52.0842 72.9479
internal_count=13830 13713 13256 12547 11917 6946 3350 4971 2149 875 3596 1201 858 457
is_linear=0
shrinkage=0.03


Tree=128
num_leaves=15
num_cat=0
split_feature=2 12 14 27 28 22 1 8 1 27 7 18 9 18
split_gain=16.501 14.5785 16.3049 10.8602 5.91098 9.56287 6.66944 5.30807 4.15707 3.60503 3.27764 2.97706 2.25497 2.20223
threshold=0.52232142857142871 1.0000000180025095e-35 0.039890258267915736 -0.035246623431093298 11.500000000000002 0.00043399644596314361 12.650826350017235 -0.6085097815806132 2.1723573866964432 0.69314718055994562 1.8954799150007193 0.99999855756485645 0.31844306474746953 0.37411590151729207
decision_type=2 2 2 10 2 2 10 10 10 8 10 8 8 10
left_child=1 2 3 12 5 7 -6 11 -3 -2 -4 -5 -1 -9
right_child=9 8 10 4 6 -7 -8 13 -10 -11 -12 -13 -14 -15
leaf_value=-0.0001975140162164505 0.023494332914401627 0.010023919510942326 0.0056026086522951062 -0.0080269348623668267 -0.0001975140162164505 -0.0001975140162164505 -0.016370649191230768 -0.015015026292433601 0.0056026086522951062 0.010023919510942326 0.0024762201270118805 -0.0041809930010245824 0.0024762201270118805 -0.0080269348623668267
leaf_weight=69.357206465676427 36.928853627294302 123.98854878358543 312.2076786570251 48.84477574378252 239.60990813747048 167.39140806347132 19.059026205912232 91.568398175761104 20.114384479820728 19.387005753815174 54.09239599108696 89.455810869112611 328.18367955461144 66.473849277943373
leaf_count=585 226 652 1633 454 2269 1488 281 1076 103 112 292 1068 2883 634
internal_value=0.00266989 0.00208846 0.0011813 -0.000650168 -0.00287125 -0.004935 -0.000197514 -0.00816447 0.0100239 0.0179594 0.00560261 -0.00418099 0.00247622 -0.0118729
internal_weight=1686.66 1630.35 1486.24 1119.94 722.403 463.734 258.669 296.343 144.103 56.3159 366.3 138.301 397.541 158.042
internal_count=13756 13418 12663 10738 7270 4720 2550 3232 755 338 1925 1522 3468 1710
is_linear=0
shrinkage=0.03


Tree=129
num_leaves=15
num_cat=0
split_feature=20 0 14 11 16 18 3 34 35 17 8 30 0 21
split_gain=18.2646 16.482 15.2784 11.0282 8.1528 7.23368 9.08211 6.61967 2.63453 1.80006 1.54018 1.08249 0.470611 0.307796
threshold=0.94204301282539538 -0.14928354727137685 0.27243223978610498 1.0000000180025095e-35 -0.0097445896518658266 0.71326830208167502 0.67798725757287148 54.329004329004341 45.113220113220116 0.071678920562873075 0.11352837695731478 35.239760239760251 22.432973905552448 7.8666592621797374e-05
decision_type=10 8 2 2 8 10 10 2 10 2 10 2 10 2
left_child=1 -1 3 4 7 6 10 8 -3 -8 -6 -12 -4 -10
right_child=-2 2 12 -5 5 -7 9 -9 13 -11 11 -13 -14 -15
leaf_value=0.012802887158596045 0.023281027012684911 -0.0044911703556153506 0.0072143662280493882 0.003840477920412361 -4.4280209897250564e-05 0.0015985872119964482 -0.0044911703556153506 -0.020381417964625802 -0.012436294160120577 -0.0022677252827563005 -0.0011560027463267757 -0.0022677252827563005 0.003840477920412361 -0.0082600859587872392
leaf_weight=76.82719412446022 33.382918480783701 24.350842317566276 170.00552622973919 109.69282602891326 412.74884777888656 322.75765331089497 234.77865469828248 26.848193235695362 25.723764285445213 39.802282776683569 96.345588717609644 86.512086626142263 22.169652998447418 14.842083267867563
leaf_count=480 253 166 854 480 3428 2594 3096 279 202 289 641 908 103 98
internal_value=0.00280424 0.00232475 0.00162585 0.00046659 -0.000643303 3.58708e-05 -0.00168715 -0.00901821 -0.00449117 -0.00449117 -4.42802e-05 -0.00226773 0.00721437 -0.012029
internal_weight=1696.79 1663.41 1586.58 1394.4 1284.71 1192.95 870.187 91.7649 64.9167 274.581 595.607 182.858 192.175 40.5658
internal_count=13871 13618 13138 12181 11701 10956 8362 745 466 3385 4977 1549 957 300
is_linear=0
shrinkage=0.03


Tree=130
num_leaves=14
num_cat=0
split_feature=20 2 14 12 22 18 13 0 33 1 28 1 13
split_gain=18.5869 16.1018 13.8008 11.0182 6.93544 7.89621 7.06797 5.8717 4.12357 3.00406 1.82326 0.560299 0.351803
threshold=0.95139612030466447 0.55777777777777793 0.45503683561911862 1.0000000180025095e-35 0.00060037144381842043 0.19813143848702855 -0.027423111544854818 0.57395809211890958 36.191586191586197 0.59747770091600338 14.500000000000002 9.0915505007591531 1.0000000180025095e-35
decision_type=10 2 2 2 2 8 10 10 2 10 2 10 8
left_child=1 2 3 4 5 8 7 -7 -1 -10 -6 -4 -2
right_child=12 -3 11 -5 10 6 -8 -9 9 -11 -12 -13 -14
leaf_value=-0.0062280208734720411 0.012645497737449989 0.012645497737449989 0.0069525673643329204 0.0036341652894561582 0.0014231561410356986 -0.0025606276196337846 -0.00047270706690026896 -0.0062280208734720411 -0.010727006378781776 -0.022463656734778414 -0.00047270706690026896 0.0036341652894561582 0.026748815374531193
leaf_weight=13.258775833994148 9.7582294978201372 55.378951877355576 109.20519072189927 129.01877171546221 363.14793288707733 261.88602118752897 400.18901880457997 140.80545570142567 38.132066721096635 29.472753595560789 82.983387902379036 25.754393182694912 22.14144649729133
leaf_count=97 71 337 582 644 2839 2288 3286 2035 300 384 647 121 172
internal_value=0.00234971 0.00187265 0.00125964 0.000315763 -0.000787853 -0.00236857 -0.00143422 -0.00464855 -0.0110218 -0.015226 0.00142316 0.00695257 0.0234183
internal_weight=1681.13 1649.23 1593.85 1458.89 1329.88 883.744 802.88 402.691 80.8636 67.6048 446.131 134.96 31.8997
internal_count=13803 13560 13223 12520 11876 8390 7609 4323 781 684 3486 703 243
is_linear=0
shrinkage=0.03


Tree=131
num_leaves=15
num_cat=0
split_feature=11 1 24 16 21 18 1 28 16 17 22 28 2 22
split_gain=20.423 17.2482 15.6286 10.1936 10.5782 7.98895 11.9227 4.25577 3.84976 3.79902 3.39098 1.7363 1.11872 0.994189
threshold=4.5848660010509734 -0.25797866040431766 -1.0512471108195622 -0.044560501123811803 2.6527730054526942e-05 0.71326830208167502 0.56374891633094515 8.5000000000000018 33.473631522968596 0.076613716638650145 0.00050502315063974 11.500000000000002 0.39642857142857152 1.8566712394915941e-05
decision_type=2 8 10 8 2 10 10 2 8 2 2 2 2 2
left_child=1 12 3 4 10 6 8 -7 11 -8 -3 -5 -1 -4
right_child=-2 2 13 5 -6 7 9 -9 -10 -11 -12 -13 -14 -15
leaf_value=0.0083564544569037155 0.02815702925603664 -0.022144608810160137 0.0044767480554496995 -0.00066744692078509469 -0.0034781627477362908 0.0044767480554496995 -0.0034781627477362908 0.0021432689061661012 0.0021432689061661012 -0.00066744692078509469 -0.0097147577251693682 0.0007379109926905033 0.015179727236142439 0.0083564544569037155
leaf_weight=19.102900005877018 22.796246636658907 37.317692447453737 17.072959139943123 129.92371026240289 30.989162750542164 199.09665298461914 348.21320515871048 197.31236561015248 337.4516089502722 71.369863912463188 35.182335797697306 74.157114304602146 49.706637050956488 103.17346798069775
leaf_count=108 110 347 122 918 189 1467 4096 1471 2688 474 262 512 332 645
internal_value=0.00263896 0.00220243 0.00153318 0.000597042 -0.0082561 0.00129977 -0.00019021 0.00447675 0.00214327 -0.00347816 -0.0159514 -0.000667447 0.0151797 0.00835645
internal_weight=1672.87 1650.07 1581.26 1461.01 103.489 1357.52 961.116 396.409 541.532 419.583 72.5 204.081 68.8095 120.246
internal_count=13741 13631 13191 12424 798 11626 8688 2938 4118 4570 609 1430 440 767
is_linear=0
shrinkage=0.03


Tree=132
num_leaves=15
num_cat=0
split_feature=2 34 17 14 9 28 18 21 1 14 28 30 25 9
split_gain=16.6223 14.986 13.0198 4.90738 4.10339 4.18488 9.32538 6.4104 5.02465 3.53658 2.87152 2.83477 2.70587 2.63582
threshold=0.55158730158730174 20.446220446220451 0.049081976567308325 0.089637281846954783 inf 11.500000000000002 0.49606927164596359 0.00024743494774526073 6.5232890991338435 0.00067953914091578897 8.5000000000000018 79.3397079111365 0.062826083021996229 0.37715471266896822
decision_type=2 2 2 2 8 2 8 2 8 2 2 2 8 8
left_child=1 10 3 4 5 6 7 12 -8 -10 -1 -7 -3 -4
right_child=-2 2 13 -5 -6 11 8 -9 9 -11 -12 -13 -14 -15
leaf_value=0.010310579199623629 0.018296887451935886 -0.011914296605926902 0.0029642542699654401 0.0029642542699654401 0.0010951088048230613 -0.0003673113975531667 -0.0003673113975531667 -0.0066506735351548989 -0.0066506735351548989 -0.0032806360564885694 0.0058872333337175228 -0.017594308676782352 -0.022751395249563072 0.0058872333337175228
leaf_weight=63.534162459895015 56.027695033699274 32.458665415644646 102.34858083724976 148.54683143645525 191.74328542873263 305.86217354983091 296.68041984923184 26.677947429940104 138.29099933616817 11.982877708971499 56.014303443953395 6.2378861233592025 40.068719321861863 188.55348736420274
leaf_count=352 347 299 645 736 1679 2925 2923 189 1556 85 316 85 408 1189
internal_value=0.00291492 0.00232427 0.00146389 4.12752e-05 -0.000774037 -0.00182973 -0.00355863 -0.011647 -0.00165436 -0.00619396 0.0103106 -0.000367311 -0.0171779 0.00588723
internal_weight=1665.03 1609 1489.45 1198.55 1050 858.26 546.16 99.2053 446.954 150.274 119.548 312.1 72.5274 290.902
internal_count=13734 13387 12719 10885 10149 8470 5460 896 4564 1641 668 3010 707 1834
is_linear=0
shrinkage=0.03


Tree=133
num_leaves=15
num_cat=0
split_feature=20 11 2 33 1 13 28 22 23 14 8 9 28 1
split_gain=21.6681 15.6026 16.0423 11.0602 9.01813 15.7689 7.21508 4.21514 3.9403 2.67165 1.21551 1.07197 0.95263 0.845593
threshold=0.82743593613556066 0.9115050812254285 0.10939145437028076 35.900765900765911 0.48991432177669231 -27.737593842472673 1.5000000000000002 0.00011616582901259979 0.0016259104977722923 1.2164699835047244 0.77755019693654159 3.1838417996611303 10.500000000000002 2.4673436311349914
decision_type=10 2 2 2 10 10 2 2 2 2 10 8 2 10
left_child=1 2 3 -1 8 6 -6 -2 11 12 -7 -5 -8 -14
right_child=7 -3 -4 4 5 10 9 -9 -10 -11 -12 -13 13 -15
leaf_value=0.0031705321134924171 0.01164724346482961 0.01164724346482961 0.0064459728476870893 -0.001787332682929337 -0.0062954239334095724 -0.001787332682929337 -0.012417345515379766 0.026556004690985065 0.00083003382000285835 -0.0062954239334095724 -0.0062954239334095724 -0.00047864943146323931 -0.012030978807684427 -0.024581707024491549
leaf_weight=228.79068779572845 9.9923346042633039 57.797924488782883 245.92989623919129 276.28146985918283 34.399267997592688 205.26656194403768 118.4419924095273 37.792310025542974 236.27403994649649 6.8725024908781043 95.243453653529286 82.496625136584044 28.869928553700447 24.933638880029321
leaf_count=1487 68 263 1425 2658 381 1819 1628 276 1469 33 929 689 385 396
internal_value=0.00249047 0.00187614 0.0012447 -0.000104909 -0.00151046 -0.0044047 -0.0108035 0.0214183 0.000830034 -0.0140713 -0.00178733 -0.00178733 -0.0150984 -0.0194428
internal_weight=1689.38 1641.6 1583.8 1337.87 1109.08 514.027 213.517 47.7846 595.052 179.118 300.51 358.778 172.246 53.8036
internal_count=13906 13562 13299 11874 10387 5571 2823 344 4816 2442 2748 3347 2409 781
is_linear=0
shrinkage=0.03


Tree=134
num_leaves=15
num_cat=0
split_feature=20 14 12 3 17 28 18 11 1 28 1 29 22 25
split_gain=17.7958 18.6124 12.0238 9.14804 7.23871 7.64593 6.89884 6.44841 5.25144 4.62749 4.69423 3.37937 2.51468 3.52126
threshold=0.92792047200162864 0.45503683561911862 1.0000000180025095e-35 -0.04223466361481084 0.022375806146541125 8.5000000000000018 0.49606927164596359 0.9115050812254285 9.7725857898974606 14.500000000000002 0.063839400686032569 52.123863393793478 0.30237730781249522 -0.040534836923252097
decision_type=10 2 2 10 2 2 8 2 10 2 10 2 2 10
left_child=1 2 3 11 5 6 -5 9 -3 10 -7 -1 13 -12
right_child=-2 8 -4 4 -6 7 -8 -9 -10 -11 12 -13 -14 -15
leaf_value=0.0032859541378154776 0.022647607369376342 0.012255475579301412 0.0065756563942118897 -0.012222778673474981 0.0008578916231597463 -0.0044910860222530683 -0.0011468476073951722 -0.0011468476073951722 0.0065756563942118897 -0.0044910860222530683 -0.011478800704699739 0.0008578916231597463 -0.0086141162725019739 -0.018446574107952342
leaf_weight=263.43045735359192 32.994911048561335 110.09975851327181 131.0586594492197 48.829559307545424 219.34645316749811 39.373441435396671 346.26773413456976 19.443904861807823 23.118666514754295 129.03717123530805 67.179461805149913 134.13222128152847 8.6416527554392797 103.54918378032744
leaf_count=1598 261 598 656 450 1502 321 3624 80 109 1341 770 1241 108 1171
internal_value=0.00233852 0.00186334 0.000895837 -3.74812e-06 -0.00157017 -0.00315159 -0.00114685 -0.00632272 0.0122555 -0.00783532 -0.010549 0.00328595 -0.0127371 -0.0143435
internal_weight=1676.5 1643.51 1510.29 1379.23 981.669 762.322 395.097 367.225 133.218 347.781 218.744 397.563 179.37 170.729
internal_count=13830 13569 12862 12206 9367 7865 4074 3791 707 3711 2370 2839 2049 1941
is_linear=0
shrinkage=0.03


Tree=135
num_leaves=15
num_cat=0
split_feature=20 12 14 11 9 28 35 1 28 27 25 16 29 28
split_gain=18.1431 17.1588 16.4625 9.59448 7.93221 9.25217 6.07633 5.33924 4.58387 4.53459 3.30291 3.12738 2.50058 2.24949
threshold=0.95139612030466447 0.038896986440282132 0.081901656932688596 0.29629694660509548 1.2342703793834811 11.500000000000002 33.957708957708967 0.27341283059803628 5.5000000000000009 1.3922115899433924 -0.017474428997604093 -0.0097445896518658266 52.242079260510835 10.500000000000002
decision_type=10 2 2 2 8 2 8 10 2 8 10 8 2 2
left_child=1 2 3 4 5 6 -1 -3 11 -4 -10 -8 -12 -6
right_child=-2 7 9 -5 13 -7 8 -9 10 -11 12 -13 -14 -15
leaf_value=-0.0015464596276998541 0.024129550973787186 0.01303987019591505 0.0064662834000502028 0.002922789348906908 0.00062734439669155564 -0.0015464596276998541 -0.017923300141070402 0.0064662834000502028 -0.0047711934639042535 0.002922789348906908 -0.0086281640850916323 -0.0047711934639042535 -0.01624585086885014 -0.0015464596276998541
leaf_weight=38.755995701998472 28.928492659702897 67.328836772590876 263.7655423283577 74.987026520073414 335.24555725231767 242.86092601530254 12.329110268503426 69.970572628080845 30.958400879055262 62.963623858988285 110.65907336771488 163.98270799964666 87.980493046343327 101.26504935324192
leaf_count=400 237 344 1330 321 3213 2357 99 355 349 316 833 1571 1144 1076
internal_value=0.00239938 0.00195019 0.00101748 -0.000620705 -0.0016681 -0.00372026 -0.00662802 0.0119151 -0.00799593 0.00646628 -0.0107949 -0.00477119 -0.0123182 0.000627344
internal_weight=1691.98 1663.05 1525.75 1199.02 1124.04 687.527 444.666 137.299 405.91 326.729 229.598 176.312 198.64 436.511
internal_count=13945 13708 13009 11363 11042 6753 4396 699 3996 1646 2326 1670 1977 4289
is_linear=0
shrinkage=0.03


Tree=136
num_leaves=15
num_cat=0
split_feature=11 2 23 18 9 28 14 28 0 13 9 32 2 1
split_gain=26.0436 15.0336 9.07487 7.9772 8.1646 6.30028 5.5625 5.1164 4.24187 3.85501 3.05828 2.55586 2.52094 1.90296
threshold=0.071778837733983067 0.11602564102564104 0.0026744041597167169 0.12697891118552199 0.22720232857154971 5.5000000000000009 0.023489251026130777 13.500000000000002 -0.30968011330103246 -0.33836692898150755 0.70393695053644401 34.108199492814883 0.52232142857142871 0.25911057755973227
decision_type=2 2 2 8 8 2 2 2 10 10 10 2 2 8
left_child=1 2 3 10 8 -2 13 -6 -5 12 -1 -7 -3 -4
right_child=5 9 6 4 7 11 -8 -9 -10 -11 -12 -13 -14 -15
leaf_value=-0.017276394891575814 0.028632997216728129 0.0042915416695040419 0.0027256695594667477 -0.0023807857058515147 0.0011597974494294535 0.019874797801305129 0.0042915416695040419 -0.0023807857058515147 -0.0066090778093123468 0.009004365701877768 -0.0066090778093123468 0.009004365701877768 0.0066479536856909041 0.0011597974494294535
leaf_weight=37.951943978667259 26.020912135019898 106.5852441303432 105.5195748321712 123.32556165754795 490.63335468806326 21.416029907763004 95.601991474628448 131.28102209977806 87.379924193024635 104.99909023568034 12.573965169489382 60.900928299874067 32.847646854817867 234.90392216295004
leaf_count=425 127 640 634 1066 5091 127 502 1333 981 605 144 280 202 1707
internal_value=0.00256528 0.0015535 0.000275348 -0.00147252 -0.00073375 0.0164552 0.00379211 0.00100312 -0.0057647 0.00830774 -0.0124844 0.0111866 0.00429154 0.0011598
internal_weight=1671.94 1563.6 1319.17 883.146 832.62 108.338 436.025 621.914 210.705 244.432 50.5259 82.317 139.433 340.423
internal_count=13864 13330 11883 9040 8471 534 2843 6424 2047 1447 569 407 842 2341
is_linear=0
shrinkage=0.03


Tree=137
num_leaves=14
num_cat=0
split_feature=1 24 11 16 34 18 1 17 27 22 18 28 28
split_gain=16.8722 16.0841 9.87847 9.24762 10.3722 9.97539 7.18146 5.42227 3.05658 2.55409 1.76045 1.04593 0.0250829
threshold=-1.4253735324078141 -1.0512471108195622 0.9115050812254285 -0.044560501123811803 54.462204462204475 0.49282082593349646 0.48991432177669231 8.0305997798529105e-06 1.2069053640521354 0.0014067332304371881 0.33060968441958266 12.500000000000002 12.500000000000002
decision_type=8 10 2 8 2 10 10 2 10 2 8 2 2
left_child=-1 2 3 4 8 6 10 -3 -2 -8 12 -7 -5
right_child=1 7 -4 5 -6 11 9 -9 -10 -11 -12 -13 -14
leaf_value=0.020777185719872696 -0.0031468217422281277 0.0065246567740242876 0.0065246567740242876 -0.00081735484105776148 -0.021864514735831116 0.0036678001728911221 -0.0031468217422281277 0.0115728427827339 -0.012505668239029622 -0.00081735484105776148 0.0015121120601126047 0.0015121120601126047 0.00034737860952742156
leaf_weight=41.200999770313501 61.111280165612698 67.946829946711659 51.928117724135518 62.799780130386353 28.187757562845945 371.46959339082241 248.09014932624996 59.681581581011415 10.795426571741698 129.91153598204255 359.65598347596824 146.24080966413021 32.52299377694726
leaf_count=273 425 462 238 456 286 2764 3104 353 83 1222 2851 1103 220
internal_value=0.00288286 0.0023685 0.00147647 0.000810944 -0.00776653 0.00147289 -0.000643576 0.0115728 -0.00314682 -0.00314682 0.00151211 0.0036678 -0.000817355
internal_weight=1671.54 1630.34 1502.71 1450.79 100.094 1350.69 832.98 127.628 71.9067 378.002 454.979 517.71 95.3228
internal_count=13840 13567 12752 12514 794 11720 7853 815 508 4326 3527 3867 676
is_linear=0
shrinkage=0.03


Tree=138
num_leaves=15
num_cat=0
split_feature=12 14 1 27 2 20 8 34 9 28 16 1 16 17
split_gain=21.6343 11.1751 9.42991 9.24121 5.97219 3.94031 3.65159 9.58029 5.21503 2.60587 2.52612 2.22638 1.97694 0.746322
threshold=0.042544464893621646 0.45503683561911862 0.46072684407655867 -0.035246623431093298 0.44757326007326009 0.00078329944037832451 0.19772525555343815 67.099567099567096 0.70884412251714168 7.5000000000000009 6.7813821821956131 9.7725857898974606 -0.0097445896518658266 0.027428587787749582
decision_type=2 2 10 10 2 10 10 2 10 2 8 10 10 2
left_child=1 3 -2 10 5 6 12 9 -9 -8 13 -3 -5 -1
right_child=2 11 -4 4 -6 -7 7 8 -10 -11 -12 -13 -14 -15
leaf_value=0.0019398265408076582 0.020770014927173484 0.0080211893566362533 0.0080211893566362533 -0.0032971436012960093 0.0019398265408076582 0.00011886815464849449 -0.0097689463422343647 -0.024760813800746562 -0.0097689463422343647 -0.0032971436012960093 0.0045699828674652786 0.0045699828674652786 -0.0012924145113372464 0.0032549047041364682
leaf_weight=119.21188735030591 82.061415784060955 106.22901449352503 57.861474853008986 250.20520534180105 59.348613541573286 62.056658918038011 38.047052267938852 29.019966343417764 25.083514012396336 207.75432854145765 320.79445201158524 21.844753101468086 251.62644970603287 32.015776179730892
leaf_count=950 450 579 302 2753 375 379 351 379 368 1879 2755 102 1987 203
internal_value=0.00301075 0.00195004 0.0140923 0.00111878 -0.00063001 -0.00170209 -0.0027037 -0.00530187 -0.0162407 -0.00329714 0.00450966 0.00802119 -0.00129241 0.00193983
internal_weight=1663.16 1523.24 139.923 1395.16 923.142 863.793 801.737 299.905 54.1035 245.801 472.022 128.074 501.832 151.228
internal_count=13812 13060 752 12379 8471 8096 7717 2977 747 2230 3908 681 4740 1153
is_linear=0
shrinkage=0.03


Tree=139
num_leaves=15
num_cat=0
split_feature=11 3 34 33 18 34 14 28 3 16 28 33 28 25
split_gain=15.2042 15.0568 13.2217 10.2598 8.17162 8.68631 4.89795 3.8103 5.52317 4.55422 2.49052 2.08536 1.21461 1.17237
threshold=4.5848660010509734 -0.94951187661970138 20.446220446220451 35.548181976753419 0.12697891118552199 49.225774225774231 0.010671936521062833 5.5000000000000009 0.03694383081699109 0.10513022822365477 8.5000000000000018 46.095571095571103 8.5000000000000018 -0.048184137456257485
decision_type=2 8 2 2 8 2 2 2 10 8 2 2 2 10
left_child=1 -1 12 -4 5 -5 7 9 10 -6 -9 -7 -3 -10
right_child=-2 2 3 4 6 11 -8 8 13 -11 -12 -13 -14 -15
leaf_value=0.014615044482782159 0.026561381216149569 0.0083585899131653121 0.004803932192198419 -0.0038885422385431471 -0.0038885422385431471 -0.011074798042616749 0.0024166573533746251 -0.0014741023890104015 -0.0014741023890104015 0.00094033746052234364 0.00094033746052234364 -0.023125773880248293 0.004803932192198419 -0.0038885422385431471
leaf_weight=52.090644791722298 19.407724084332585 60.937875436618924 247.23332835361362 45.479829480871558 93.103617129847407 13.682641208171843 257.80461704358459 71.697886964306235 97.884298011660576 273.23923148028553 160.61552445963025 29.158535223454237 55.626209789887071 179.91306506842375
leaf_count=342 94 344 1596 299 817 117 1482 596 1222 2701 1239 352 315 2250
internal_value=0.00302743 0.00266871 0.00210214 0.00124927 2.93825e-05 -0.00850546 0.000728375 -0.000535982 -0.00228387 0.000940337 0.000940337 -0.0182611 0.00835859 -0.00388854
internal_weight=1657.88 1638.47 1586.38 1469.81 1222.58 88.321 1134.26 876.454 510.111 366.343 232.313 42.8412 116.564 277.797
internal_count=13766 13672 13330 12671 11075 768 10307 8825 5307 3518 1835 469 659 3472
is_linear=0
shrinkage=0.03


Tree=140
num_leaves=15
num_cat=0
split_feature=11 20 2 33 34 8 16 27 3 18 3 32 18 13
split_gain=18.0938 14.8299 12.3297 7.71452 10.7486 13.8161 4.4477 2.95464 2.77527 3.09758 2.63343 1.91259 1.40963 0.264153
threshold=4.5848660010509734 0.92229919352317524 0.11602564102564104 35.548181976753419 50.959040959040962 0.7284730040791435 -0.044560501123811803 2.1242476210246797 3.0173748987800129 0.18119760093205647 5.1361381161425088 54.653039268423889 0.78929938545799205 -1.0000000180025095e-35
decision_type=2 10 2 2 2 10 8 8 8 8 10 2 8 10
left_child=1 2 3 12 10 6 -6 -4 9 -7 -5 -8 -1 -13
right_child=-2 -3 7 4 5 8 11 -9 -10 -11 -12 13 -14 -15
leaf_value=0.001499919895802146 0.026819776572691509 0.014321624051604464 0.0078394328853596731 0.001499919895802146 -0.008032739141814042 -0.017209901414677271 -0.001262661462348815 0.0038244444860106495 -0.02409651187894225 -0.008032739141814042 -0.001262661462348815 -0.0046477003020814287 0.0038244444860106495 -0.0029551808822151221
leaf_weight=103.29888662323356 21.521483942866325 31.114840472117066 191.51558951288462 559.7435241304338 22.051627306267619 11.299548276700078 320.23017035797238 57.828145660459995 19.191813644021749 59.517215335741639 65.653318824246526 63.896203687414527 122.05915335938334 18.803440172225237
leaf_count=671 104 259 1111 4125 220 154 2977 337 307 739 658 1068 794 299
internal_value=0.00222524 0.00182347 0.00135724 0.000226984 -0.000824605 -0.00402524 -0.00169186 0.00742191 -0.0143736 -0.0103233 0.00149992 -0.00126266 0.00382444 -0.0046477
internal_weight=1667.72 1646.2 1615.09 1365.74 1140.39 514.99 424.981 249.344 90.0086 70.8168 625.397 402.93 225.358 82.6996
internal_count=13823 13719 13460 12012 10547 5764 4564 1448 1200 893 4783 4344 1465 1367
is_linear=0
shrinkage=0.03


Tree=141
num_leaves=15
num_cat=0
split_feature=11 20 2 12 28 2 22 13 0 25 16 3 18 34
split_gain=17.1353 16.1341 9.66788 7.07479 11.3149 11.7242 7.01232 5.9524 9.49881 5.38542 2.73034 2.71057 2.40983 2.3228
threshold=3.0189109136477561 0.00078329944037832451 0.52232142857142871 1.0000000180025095e-35 16.500000000000004 0.016954022988505752 0.00010875616176566772 -0.41599462909867352 0.57395809211890958 -0.24044876128637546 8.5648642371007941 0.5236670285664925 0.46860126799909868 62.619047619047628
decision_type=2 10 2 2 2 2 2 10 10 10 10 10 8 2
left_child=1 2 3 4 7 10 -3 8 -1 13 -6 -11 -9 -10
right_child=-2 6 -4 -5 5 -7 -8 12 9 11 -12 -13 -14 -15
leaf_value=1.2281543854303702e-06 0.024932790606456805 0.0070390636961726984 0.0070390636961726984 0.003780613571094521 -0.019350540627490788 0.0017681668165525392 0.013419966769480993 1.2281543854303702e-06 -0.0033661898438750748 -0.0073682376901840832 -0.0070179896820171733 -0.014368790594162397 0.0017681668165525392 -0.0073682376901840832
leaf_weight=363.15183477476239 24.664291357621551 22.825602509081364 52.136582627892494 114.64967049658298 52.71172727458179 19.290916197001934 82.819109320640564 219.5904007665813 71.950888825580478 23.52421884611249 20.969425715506077 88.592531851492822 466.53000258095562 40.185388632118702
leaf_count=2989 123 146 330 575 588 106 527 1690 734 256 159 1417 3604 572
internal_value=0.00232221 0.00190714 0.001105 0.000522163 -0.00024428 -0.0100692 0.0129731 0.00050955 -0.00176571 -0.00673361 -0.0158041 -0.0113703 0.00176817 -0.00336619
internal_weight=1663.59 1638.93 1533.28 1481.15 1366.5 92.9721 105.645 1273.53 587.405 224.253 73.6812 112.117 686.12 112.136
internal_count=13816 13693 13020 12690 12115 853 673 11262 5968 2979 747 1673 5294 1306
is_linear=0
shrinkage=0.03


Tree=142
num_leaves=15
num_cat=0
split_feature=1 17 9 23 16 0 1 11 3 34 8 16 22 22
split_gain=14.1046 11.7132 11.3031 9.01991 9.2562 7.18539 6.28612 3.16299 3.92188 3.66505 2.66017 1.16014 1.04301 0.732877
threshold=-1.4253735324078141 0.043000352474237835 0.69592550288299604 0.0030572262482800971 6.9936460768208013 9.0298743884754558 0.27341283059803628 0.92918348406034845 -0.0076197195044826896 55.427905427905436 1.0000000180025095e-35 -0.2181254835072694 0.00077463942867149027 0.00309734708230461
decision_type=8 2 8 2 10 10 10 2 10 2 10 10 2 2
left_child=-1 3 13 4 5 7 -5 8 -2 -10 11 12 -7 -3
right_child=1 2 -4 6 -6 10 -8 -9 9 -11 -12 -13 -14 -15
leaf_value=0.019302406908931806 -0.0016853287449737245 0.0041148193468869372 0.010763881618954424 0.0041148193468869372 0.0016079016713647816 -0.013014026272318922 0.0016079016713647816 -0.00051607902912058053 -0.0033057747353429992 -0.0059605189593869377 -0.01927028225848363 -0.0059605189593869377 -0.008272462906988045 0.0074393504829206808
leaf_weight=39.847432911396027 224.37506034597754 150.50551012717187 139.53620795160532 265.08517181873322 91.76055876724422 32.786953549832106 198.46692483127117 23.289851695299149 247.75637868046761 168.71318567357957 19.718662204220891 15.268299568444489 21.575944244861603 34.5561862885952
leaf_count=273 1718 972 890 1617 712 508 1334 99 2541 2293 324 167 256 190
internal_value=0.00268833 0.00222536 0.00728111 0.000948528 -0.000899016 -0.00264006 0.00411482 -0.001527 -0.00285458 -0.00492622 -0.010394 -0.00675777 -0.0105844 0.00411482
internal_weight=1673.24 1633.39 324.598 1308.8 845.245 753.484 463.552 664.134 640.845 416.47 89.3499 69.6312 54.3629 185.062
internal_count=13894 13621 2052 11569 8618 7906 2951 6651 6552 4834 1255 931 764 1162
is_linear=0
shrinkage=0.03


Tree=143
num_leaves=15
num_cat=0
split_feature=20 0 14 12 11 8 34 9 13 16 3 1 26 34
split_gain=14.2138 12.3465 9.38829 7.61565 5.2583 6.41375 11.6522 7.02051 5.63977 2.6028 2.85475 1.32415 0.760603 0.472117
threshold=0.98781844079097103 -0.8348631728980318 0.43982366947471624 1.0000000180025095e-35 0.29629694660509548 0.25923606656389714 61.72161172161173 0.70884412251714168 -39.768424534071293 6.7813821821956131 -0.028137813170641245 9.0915505007591531 -0.0076024371267058291 20.446220446220451
decision_type=10 8 2 2 2 10 2 10 10 10 10 10 10 2
left_child=1 -1 3 4 5 9 8 -8 12 10 -3 -4 -7 -12
right_child=-2 2 11 -5 -6 6 7 -9 -10 -11 13 -13 -14 -15
leaf_value=0.012816532329712003 0.023191474874733848 4.5591391687501096e-05 0.0073859019415151248 0.004298104918108195 0.0023188312325846602 -0.0048761014353835164 -0.024131268766121816 -0.0082167877277323446 -0.0015354151430346896 0.00090910967617640476 -0.00074491187567359419 0.004298104918108195 -0.0082167877277323446 -0.0015354151430346896
leaf_weight=42.070640586316586 25.356885585933924 298.29920840635896 109.78741148114204 128.87403349205852 77.064625635743141 18.534153122454882 33.627984249033034 31.426762422546744 208.96649303473532 116.80541615560651 34.158550962805748 22.874839298427105 57.894008841365576 450.64259442128241
leaf_count=291 212 2255 596 645 338 182 408 454 1677 767 197 109 679 4927
internal_value=0.00282808 0.00244159 0.00195527 0.00121031 0.000339558 -0.000500612 -0.00391363 -0.0148982 -0.00153542 0.000842795 -0.000817927 0.0073859 -0.00821679 -0.00153542
internal_weight=1656.38 1631.03 1588.96 1456.29 1327.42 1250.36 350.449 65.0547 285.395 899.906 783.1 132.662 76.4282 484.801
internal_count=13737 13525 13234 12529 11884 11546 3400 862 2538 8146 7379 705 861 5124
is_linear=0
shrinkage=0.03


Tree=144
num_leaves=15
num_cat=0
split_feature=12 23 14 2 8 22 18 35 34 25 18 9 3 17
split_gain=15.6847 13.5536 11.9999 7.38154 7.43544 5.08254 3.8597 3.55216 4.52114 3.21881 1.95162 1.03528 0.942112 0.434294
threshold=0.044375418204102117 0.013863126021198871 0.43982366947471624 0.23100961538461542 0.2296634965221003 0.00054350444757711046 0.34890011010092975 35.656010656010665 61.72161172161173 -0.067750847459714145 0.095389079619974323 0.10551927300021083 3.7959694017137005 0.40051668866111251
decision_type=2 2 2 2 10 2 10 10 2 10 10 10 8 2
left_child=2 -2 3 4 6 7 9 -6 12 -1 -3 -7 -9 -10
right_child=1 10 -4 -5 5 11 -8 8 13 -11 -12 -13 -14 -15
leaf_value=0.00033114902410823926 0.0067755410329768699 0.014071003849313377 0.0067755410329768699 0.0037012242958919849 -0.0044533776052472288 -0.0044533776052472288 0.001691671094560432 -0.007388254171781029 -0.020601298116337069 -0.0014528749796499651 0.026884921291878226 -0.0014528749796499651 -0.012823373768215214 -0.012823373768215214
leaf_weight=268.32247634790838 64.233840890228748 34.984436145052314 128.61925921961665 166.83762247860432 46.0575857385993 12.609393343329428 384.91518064215779 91.326330732554197 38.184791880659759 235.61978326179087 36.527604738250375 143.46863161213696 7.0999895799905053 4.1892015002667895
leaf_count=2539 355 170 691 998 523 85 2984 879 574 2533 201 1157 102 33
internal_value=0.00242633 0.0120133 0.00153779 0.000626908 -0.000317882 -0.00403752 0.00113177 -0.00745388 -0.0103231 -0.00102937 0.0213665 -0.00145287 -0.00738825 -0.0182585
internal_weight=1663 135.746 1527.25 1398.63 1231.79 342.936 888.857 186.858 140.8 503.942 71.512 156.078 98.4263 42.374
internal_count=13824 726 13098 12407 11409 3353 8056 2111 1588 5072 371 1242 981 607
is_linear=0
shrinkage=0.03


Tree=145
num_leaves=15
num_cat=0
split_feature=20 0 11 23 13 0 28 7 18 9 32 25 3 4
split_gain=17.0474 13.0312 9.03574 8.57973 7.25791 10.9166 6.33091 2.57814 1.92009 1.27028 1.22747 3.83787 1.1278 0.577356
threshold=0.97737680367498092 -0.8348631728980318 0.92918348406034845 1.4513346912131471 -30.956889671101873 0.47129662360535335 10.500000000000002 1.9409748629827102 0.71925165519133183 0.011007817807598849 53.050795358487669 0.048864796604827017 0.17976936292058032 -0.34811922555745967
decision_type=10 8 2 2 10 10 2 8 8 8 2 10 10 10
left_child=1 -1 3 4 5 9 10 -6 -9 -3 -7 -12 -8 -13
right_child=-2 2 -4 -5 7 6 12 8 -10 -11 11 13 -14 -15
leaf_value=0.013362655290401444 0.024536352480761803 -0.0043160783322450397 0.0075271995708164592 0.0043354197276697874 0.0022413580569349053 -0.0043160783322450397 -0.0043160783322450397 -0.00043160989492402091 0.00090487408100544222 -0.00043160989492402091 -0.0062017094514459697 -0.01191260045468821 -0.017393859812659031 -0.021073937677944889
leaf_weight=43.108029099181294 26.383863123133779 43.67845443636179 53.975133329629898 196.20244195312262 602.11612146161497 62.993605069816113 4.9094298612326375 103.2039971826598 129.30810961872339 250.50263769738376 54.332342214882374 3.8538750335574177 53.480825627222657 21.402417112141848
leaf_count=302 224 427 250 1279 4672 714 41 823 1041 2038 771 57 761 396
internal_value=0.00261949 0.00218896 0.00169174 0.00114364 0.000147296 -0.00271417 -0.00820055 0.00185095 -0.00043161 -0.00043161 -0.00450352 -0.00808734 -0.016161 -0.0176235
internal_weight=1649.45 1623.07 1579.96 1525.98 1329.78 495.154 200.972 834.628 232.512 294.181 142.582 79.5886 58.3903 25.2563
internal_count=13796 13572 13270 13020 11741 5205 2740 6536 1864 2465 1938 1224 802 453
is_linear=0
shrinkage=0.03


Tree=146
num_leaves=15
num_cat=0
split_feature=11 2 23 16 28 18 3 1 14 33 0 32 16 16
split_gain=19.0006 12.9698 11.9788 10.9116 12.7859 16.2516 8.09791 6.95233 3.84661 2.27273 2.16433 2.52723 1.81531 1.7508
threshold=1.1917624083796194 0.55158730158730174 0.013863126021198871 6.9936460768208013 12.500000000000002 0.1698138011469898 2.0030602226439063e-17 0.26578003638629749 0.032620345325359311 41.061716061716069 9.0298743884754558 52.365816002179635 -42.920147969705241 39.292982929228003
decision_type=2 2 2 10 2 8 10 8 2 2 10 2 10 8
left_child=1 2 3 4 5 9 12 -4 -9 -1 -7 -12 -6 -2
right_child=13 -3 7 -5 6 10 -8 8 -10 -11 11 -13 -14 -15
leaf_value=-0.0086731903408077439 0.011592916732992857 0.011592916732992857 0.0065155664393655496 0.0023828812585341185 -0.0061753698413294124 8.7939603779588134e-05 -0.012438679286438414 0.0023828812585341185 0.0044492238489498345 -0.020856124888137845 -0.0027627595486002686 -0.0086731903408077439 8.7939603779588134e-05 0.02674687794193684
leaf_weight=6.8233936540782443 18.825070900842547 49.552372839301825 171.55110166780651 189.43879276327789 17.187921814620495 553.93356073275208 142.93361526355147 261.53388868272305 77.07278336212039 36.097672623582184 51.709789922460914 20.611647805199027 20.951141051948071 23.995563842356205
leaf_count=47 88 324 1009 1326 120 5320 1658 1819 396 377 580 388 141 119
internal_value=0.00255249 0.00198882 0.00143822 -0.000413416 -0.002207 -0.000270702 -0.00916327 0.00517918 0.00238288 -0.0174343 8.79396e-05 -0.00561346 8.79396e-05 0.021197
internal_weight=1642.22 1599.4 1549.85 1039.69 850.249 669.176 181.073 510.158 338.607 42.9211 626.255 72.3214 38.1391 42.8206
internal_count=13712 13505 13181 9957 8631 6712 1919 3224 2215 424 6288 968 261 207
is_linear=0
shrinkage=0.03


Tree=147
num_leaves=15
num_cat=0
split_feature=20 2 23 16 0 28 12 27 32 22 3 4 13 22
split_gain=14.2096 11.4335 9.94845 9.42109 14.7029 6.61761 5.2376 4.14751 3.83731 3.31483 2.83435 1.30837 0.603155 0.377134
threshold=0.94204301282539538 0.52232142857142871 0.013863126021198871 6.9936460768208013 9.0298743884754558 15.500000000000002 0.044375418204102117 1.4484645792211626 36.651809728732815 0.00015361188910959918 0.001771306138511432 -0.98328589779672482 -6.5487726317776902 0.00011616582901259979
decision_type=10 2 2 10 10 2 2 10 2 2 10 10 8 2
left_child=1 2 3 4 5 7 8 12 -4 11 -7 -6 -1 -2
right_child=13 -3 6 -5 9 10 -8 -9 -10 -11 -12 -13 -14 -15
leaf_value=-0.0029371607433097951 0.011916916150422958 0.011916916150422958 0.0048191546816858154 0.0025033691642038164 -0.011579018929506536 0.00039709955884418305 0.0067434316555920627 -0.0062714210454637735 0.0025033691642038164 -0.0062714210454637735 -0.0062714210454637735 -0.02202935024313403 0.00039709955884418305 0.024471351779986862
leaf_weight=18.782376871444285 6.4169637188315418 54.091937869787216 51.832000039517879 195.59285906888545 28.761998225003481 20.0180275849998 70.600102033466101 26.018122451379895 371.11328769847751 43.068877400830388 53.543164011090994 27.800882829353213 654.86725730262697 22.416815850883722
leaf_count=185 50 351 270 1349 360 136 336 239 2449 478 595 507 6241 205
internal_value=0.00249283 0.00208321 0.00156995 -6.25852e-05 -0.00170917 -0.000279148 0.00506932 0.0003971 0.00289488 -0.0122637 -0.00627142 -0.0168866 0.0003971 0.0217506
internal_weight=1644.92 1616.09 1562 1068.45 872.861 773.229 493.545 699.668 422.945 99.6318 73.5612 56.5629 673.65 28.8338
internal_count=13751 13496 13145 10090 8741 7396 3055 6665 2719 1345 731 867 6426 255
is_linear=0
shrinkage=0.03


Tree=148
num_leaves=15
num_cat=0
split_feature=20 14 12 17 0 16 20 22 30 18 28 16 18 29
split_gain=14.2968 10.9209 8.47547 8.83444 5.13227 5.08225 5.74644 5.2532 2.9629 1.65751 1.52638 1.40867 1.1532 1.01832
threshold=0.98781844079097103 1.2164699835047244 0.038896986440282132 0.041801784813236605 -0.029919496997230181 5.4414170586637676 0.0015982133860124371 1.0000000180025095e-35 56.221159792588381 0.1147246582595793 16.500000000000004 -1.0000000180025095e-35 0.20578973944160686 52.123863393793478
decision_type=10 2 2 2 10 10 8 2 2 8 2 10 8 2
left_child=1 2 3 4 13 6 11 8 -8 -4 -9 -6 -5 -1
right_child=-2 -3 9 12 5 -7 7 10 -10 -11 -12 -13 -14 -15
leaf_value=0.0017046199155354941 0.023252597896322637 0.012575662984873242 0.0038902702960529421 0.0017046199155354941 -0.019248604525077533 -3.1003763996060895e-05 -0.0041646968621614757 -0.0015813061618132444 -0.008694573227314123 0.0070178811910760466 -0.0041646968621614757 -0.008694573227314123 0.0038902702960529421 -3.1003763996060895e-05
leaf_weight=192.83899725228548 23.775173900648952 39.825839228928089 11.054289214313028 76.071971267461777 22.08490685001016 105.14256440848112 100.27131718955934 474.48164938017726 95.514413937926292 121.63976684771478 34.691125271841884 8.8279361724853498 213.15464496053755 125.15031865239143
leaf_count=1246 208 221 55 504 184 816 1047 4407 1490 627 367 59 1340 1197
internal_value=0.00227699 0.00189873 0.0014601 0.000762659 -0.00048103 -0.00176663 -0.00313161 -0.00251559 -0.00674809 0.00701788 -0.00158131 -0.0148736 0.00389027 0.00170462
internal_weight=1644.52 1620.75 1580.92 1448.23 1159 841.014 735.871 704.959 195.786 132.694 509.173 30.9128 289.227 317.989
internal_count=13768 13560 13339 12657 10813 8370 7554 7311 2537 682 4774 243 1844 2443
is_linear=0
shrinkage=0.03


Tree=149
num_leaves=15
num_cat=0
split_feature=3 11 24 16 18 34 21 0 27 27 9 17 30 17
split_gain=14.3844 10.7149 7.84075 6.70786 8.11439 7.33234 4.33767 2.72423 2.54653 2.47544 1.63985 0.961591 0.320899 0.260834
threshold=-0.94951187661970138 0.9115050812254285 -1.0512471108195622 -0.044560501123811803 0.39706591278895337 54.462204462204475 1.0000000180025095e-35 -0.14928354727137685 1.1422832937456842 1.0522356448728358 0.37715471266896822 0.073740207102422337 52.943485086342235 0.49222085885041605
decision_type=8 2 10 8 10 2 2 10 10 8 8 2 2 2
left_child=9 2 3 5 6 8 7 -5 -2 -1 -6 -7 -8 -9
right_child=1 -3 -4 4 10 11 12 13 -10 -11 -12 -13 -14 -15
leaf_value=0.022419749247517527 -0.0027100724872889154 0.0098033791226259659 0.0056128261785073118 -0.00056969740534111558 0.0011769899006802305 -0.022841134796798498 0.0011769899006802305 -0.0027100724872889154 -0.010862076024483669 0.0098033791226259659 0.0031571307760775106 -0.010862076024483669 -0.00056969740534111558 -0.0016398849463150154
leaf_weight=33.095851920545101 59.4570570923388 55.462325621396303 119.30167551152408 140.45371658354998 231.03933539614081 19.537545557133857 146.0845945738256 406.69629856199026 12.028415992856024 16.51177740842104 322.31080375239253 6.547022331506013 54.662342438474298 15.049889743328093
leaf_count=231 417 270 765 1100 1701 226 991 4762 89 113 2431 53 521 83
internal_value=0.00249163 0.00196466 0.00142227 0.000701435 0.00127279 -0.00669294 -0.000803151 -0.00231638 -0.00271007 0.0176421 0.00315713 -0.0190141 0.00117699 -0.00271007
internal_weight=1638.24 1588.63 1533.17 1413.87 1316.3 97.57 762.947 562.2 71.4855 49.6076 553.35 26.0846 200.747 421.746
internal_count=13753 13409 13139 12374 11589 785 7457 5945 506 344 4132 279 1512 4845
is_linear=0
shrinkage=0.03


Tree=150
num_leaves=15
num_cat=0
split_feature=11 13 0 24 28 18 27 2 34 35 1 18 1 8
split_gain=13.5679 10.7939 19.4817 8.10795 7.11528 9.43803 6.73819 6.07775 3.17186 4.23034 1.19738 1.15415 1.13571 0.401323
threshold=0.9115050812254285 -0.027423111544854818 0.57395809211890958 -1.4601815218188403 6.5000000000000009 0.63000647083418959 0.074454592618210094 0.015388257575757578 62.619047619047628 31.01065601065601 23.984732185223439 0.12697891118552199 2.6197995589884404 0.42195591368672153
decision_type=2 10 10 10 2 8 10 2 2 10 10 8 10 10
left_child=1 2 11 4 5 -3 13 -6 9 -4 -10 -1 -11 -2
right_child=6 3 8 -5 7 -7 -8 -9 10 12 -12 -13 -14 -15
leaf_value=-0.0029297740263591766 0.028585271199950159 0.0015001020372240451 -0.0029297740263591766 0.0088473809478782656 0.0015001020372240451 0.0058622884244732909 0.0088473809478782656 0.0058622884244732909 -0.0091722216646908591 -0.0060509978455250179 -0.018143722584930064 0.0015001020372240451 -0.0091722216646908591 0.016367997127055518
leaf_weight=13.163962870836256 22.525176202878356 92.542758662253618 90.147927051410079 62.199824389070272 399.40081194415689 178.62387614138424 18.18841371871531 98.831800851970911 39.36420760769397 77.730699229985476 26.473958477377892 467.28336952440441 44.042325282469392 15.044189758598803
leaf_count=88 115 685 867 390 3275 1347 92 560 666 924 465 3735 560 71
internal_value=0.00215551 0.0016184 -0.000968358 0.00396856 0.0028772 0.00586229 0.0160764 0.0015001 -0.00735965 -0.00534985 -0.0129946 0.0015001 -0.00917222 0.0238886
internal_weight=1645.56 1589.81 758.206 831.599 769.399 271.167 55.7578 498.233 277.759 211.921 65.8382 480.447 121.773 37.5694
internal_count=13840 13562 7305 6257 5867 2032 278 3835 3482 2351 1131 3823 1484 186
is_linear=0
shrinkage=0.03


Tree=151
num_leaves=15
num_cat=0
split_feature=11 20 14 22 3 28 8 34 12 16 28 0 18 16
split_gain=13.8776 10.7406 8.92373 7.62324 6.14933 8.5367 9.4668 13.5956 6.74584 6.13855 5.44333 5.8361 2.34573 1.50816
threshold=4.5848660010509734 0.00078329944037832451 0.45503683561911862 0.00010875616176566772 -0.107476787000178 16.500000000000004 0.014873105448209857 51.456876456876465 0.060846031957587345 7.8408904867066003 12.500000000000002 7.7955774315148014 0.20578973944160686 28.928845883507538
decision_type=2 10 2 2 8 2 10 2 2 10 2 8 8 10
left_child=1 2 4 -3 -1 6 -6 -8 9 -7 11 12 -9 -12
right_child=-2 3 -4 -5 5 8 7 10 -10 -11 13 -13 -14 -15
leaf_value=0.0037548796063529002 0.025451174419051665 0.0065668325478767343 0.0065668325478767343 0.013909633393321739 0.0019515303548398165 -0.017756634935153885 -0.00056915095452217228 -0.014282979431682961 0.0019515303548398165 -0.0050011032283889915 -0.021189803116289971 -0.023035797972870319 -0.0055301608904956044 -0.0055301608904956044
leaf_weight=117.80100233107805 18.853496618568897 20.398370251059532 125.05677260458469 84.603882499039173 794.90778717771173 55.122112257406116 242.62645081430674 15.301925324834881 13.69215753674507 25.364244993776083 36.58893807977438 12.789178870618342 73.723131861537695 6.2212792113423339
leaf_count=688 96 133 672 549 7120 619 1845 201 65 180 471 207 878 43
internal_value=0.00270938 0.00236809 0.00170653 0.0114271 0.000942927 0.000148181 0.000853998 -0.00308983 -0.00830786 -0.0119537 -0.0104912 -0.0061867 -0.00553016 -0.0190107
internal_weight=1643.05 1624.2 1519.19 105.002 1394.14 1276.34 1182.16 387.251 94.1785 80.4864 144.624 101.814 89.0251 42.8102
internal_count=13767 13671 12989 682 12317 11629 10765 3645 864 799 1800 1286 1079 514
is_linear=0
shrinkage=0.03


Tree=152
num_leaves=15
num_cat=0
split_feature=2 33 23 18 13 34 1 14 11 0 8 4 0 33
split_gain=12.6352 8.50576 8.6187 5.60085 6.51806 5.53949 5.09994 4.90471 4.42034 3.74953 3.4098 2.92111 2.5336 0.522695
threshold=0.55777777777777793 36.951936951936958 0.0026744041597167169 0.12697891118552199 -18.447288650442054 50.790875790875802 0.48991432177669231 0.2045831911799926 0.92918348406034845 0.10053983853343212 0.24926677885269302 0.54282118857312955 -0.8348631728980318 50.023865023865035
decision_type=2 2 2 8 10 2 8 2 2 10 8 8 10 2
left_child=1 7 3 5 8 -3 -4 10 12 -7 -1 -2 -5 -6
right_child=11 2 6 4 13 9 -8 -9 -10 -11 -12 -13 -14 -15
leaf_value=0.0058301140756442365 0.02110356872671067 -0.0053878309696385549 0.0031470121557905331 -0.0034490820144895034 0.00079535806747312672 -0.011719882664813422 0.00079535806747312672 0.0085132159954979403 -0.0015103330593404514 -0.025106753102484905 0.0031470121557905331 0.0085132159954979403 -0.0053878309696385549 -0.0013105657622486085
leaf_weight=78.022775903344154 32.468052200973034 25.586375160142779 206.48165174759924 70.268454723060131 195.04583591409028 8.8032540678977949 273.12236145138741 83.858756896108389 14.692211098968981 26.731778114102781 118.01764371991158 19.293262735009193 283.58745301607996 211.2434399407357
leaf_count=518 219 186 1238 611 1577 65 1846 442 63 357 849 126 3686 2070
internal_value=0.00180568 0.00130656 0.000287685 -0.0015563 -0.000835457 -0.00994021 0.00314701 0.00600634 -0.00381602 -0.0180519 0.00314701 0.0157199 -0.00538783 0.000795358
internal_weight=1647.22 1595.46 1315.56 835.959 774.837 61.1214 479.604 279.899 368.548 35.535 196.04 51.7613 353.856 406.289
internal_count=13853 13508 11699 8615 8007 608 3084 1809 4360 422 1367 345 4297 3647
is_linear=0
shrinkage=0.03


Tree=153
num_leaves=15
num_cat=0
split_feature=12 14 1 23 28 2 28 28 9 25 24 8 4 4
split_gain=14.8109 10.0001 9.69749 6.94493 6.6339 7.88987 5.21468 6.87082 13.0942 8.1358 3.35177 2.77039 2.62034 2.5636
threshold=0.041169770642512836 0.45503683561911862 0.27341283059803628 0.011208186893535569 5.5000000000000009 0.10801587301587302 16.500000000000004 11.500000000000002 0.048707069540808647 0.087363584144135156 -0.6670438394154744 0.026770683756237371 -0.68538585651718109 -0.096837865899462847
decision_type=2 2 10 2 2 2 2 2 10 10 10 10 10 10
left_child=1 4 3 -2 -1 6 7 8 -6 -10 -8 -9 -11 -13
right_child=2 -3 -4 -5 5 -7 10 11 9 12 -12 13 -14 -15
leaf_value=0.0028833679085756656 0.012803987932129722 0.0060878291339504387 0.0060878291339504387 0.028414395434386827 -0.014331915144185232 0.0031278200411584398 -0.012202685123944266 0.00018436029465796416 0.00018436029465796416 -0.0036767504083185256 0.00018436029465796416 -0.0025037360653180412 -0.0078781636327545819 -0.0088450183545454118
leaf_weight=505.46268370375037 27.71925288438797 123.05106161907315 70.422490909695625 36.900270726531744 89.017388334497809 144.59680343605578 69.315099492669106 143.89230624400079 160.47753748483956 23.611613754183054 10.171098779886959 43.430134378373623 107.0320609472692 75.410002375021577
leaf_count=4377 152 671 361 212 764 863 722 1319 1603 232 64 402 1168 800
internal_value=0.00186091 0.000983832 0.0111918 0.0195201 0.000167811 -0.0014229 -0.0027591 -0.00182243 -0.0045938 -0.00142441 -0.00977855 0.00018436 -0.00753786 -0.00519183
internal_weight=1630.51 1495.47 135.042 64.6195 1372.42 866.954 722.357 642.871 380.139 291.121 79.4862 262.732 130.644 118.84
internal_count=13710 12985 725 364 12314 7937 7074 6288 3767 3003 786 2521 1400 1202
is_linear=0
shrinkage=0.03


Tree=154
num_leaves=15
num_cat=0
split_feature=1 34 33 28 1 28 16 32 22 23 9 25 2 13
split_gain=13.7652 10.05 9.4908 6.23772 6.14282 11.2236 5.59544 5.20736 4.87817 4.37764 3.17667 1.345 1.20431 0.820643
threshold=-1.4253735324078141 20.446220446220451 35.900765900765911 8.5000000000000018 23.984732185223439 5.5000000000000009 7.5820104109869524 48.29366437758047 0.00030055368757573442 0.7944975654128329 0.38611314966082777 -1.0000000180025095e-35 0.37171052631578955 3.9993403194756341
decision_type=8 2 2 2 10 2 8 2 2 2 10 8 2 10
left_child=12 3 10 -2 6 -6 8 -8 -4 13 -3 -9 -1 -7
right_child=1 2 4 -5 5 9 7 11 -10 -11 -12 -13 -14 -15
leaf_value=0.011077303267996084 0.011077303267996084 0.0034408174382907614 -0.0025291490279815828 0.006280593037224445 -0.0025291490279815828 -0.022164127822690928 0.0034408174382907614 0.0021964590368345007 0.00095210063537824025 -0.0025291490279815828 0.006280593037224445 0.00095210063537824025 0.023195824486087688 -0.01117977353445886
leaf_weight=8.9173203743994218 58.287443969398737 88.477492868900299 313.80712864175439 53.810200288891792 48.363397307693958 38.659396482631564 171.48773537948728 93.286288786679506 174.04241446778178 5.6423703357577315 165.40685529261827 377.05701035819948 28.273265637457371 8.5132914744317514
leaf_count=53 333 556 2662 316 555 597 993 1098 1316 41 1099 3843 217 77
internal_value=0.0028381 0.00238324 0.00170961 0.0108516 0.000601042 -0.00630271 0.00124442 0.00307524 -0.00117104 -0.0167214 0.00628059 0.000952101 0.0197714 -0.0198304
internal_weight=1634.03 1596.84 1484.74 112.098 1230.86 101.178 1129.68 641.831 487.85 52.8151 253.884 470.343 37.1906 47.1727
internal_count=13756 13486 12837 649 11182 1270 9912 5934 3978 715 1655 4941 270 674
is_linear=0
shrinkage=0.03


Tree=155
num_leaves=15
num_cat=0
split_feature=20 2 12 14 9 28 22 24 9 16 23 30 27 28
split_gain=13.6298 12.9291 8.2908 10.5127 6.96254 6.20485 10.8491 5.67334 2.32073 2.32418 2.14666 1.79101 1.3834 1.16672
threshold=0.97737680367498092 0.52232142857142871 1.0000000180025095e-35 0.04149420284324188 inf 11.500000000000002 0.00046035553844749505 0.70662060017251627 1.395814279163891 89.81616927934725 0.0016259104977722923 79.3397079111365 -0.065067901811692183 12.500000000000002
decision_type=10 2 2 2 8 2 2 8 10 8 2 2 10 2
left_child=1 2 3 4 5 6 7 -1 9 12 -4 -7 -9 -5
right_child=-2 -3 10 13 -6 11 -8 8 -10 -11 -12 -13 -14 -15
leaf_value=-0.024622089056959916 0.022144084735608777 0.011833450800469917 0.0033430033562935973 0.0033430033562935973 0.0010332073108299646 -0.000817478309096535 -0.000817478309096535 -0.0086545715719695028 -0.0043753055588589499 -0.0063201357094125107 0.0064101676573034647 -0.016660083283608559 -0.013060731117388263 0.0010332073108299646
leaf_weight=13.244916807860134 24.415543962270021 50.777777377516031 56.522907912731171 245.33531074970961 198.40228617191315 302.90200826898217 204.98185722343624 29.282385883852839 52.127275072038174 140.48574809264392 81.297426709905267 5.858582296408712 122.40352890733629 106.20671709626913
leaf_count=106 226 334 322 1298 1724 3037 1808 245 698 1674 386 86 1241 568
internal_value=0.0018975 0.00152282 0.000986885 0.000275839 -0.00127659 -0.00266816 -0.00470774 -0.00793313 -0.00694786 -0.00826497 0.00641017 -0.000817478 -0.010989 0.003343
internal_weight=1634.24 1609.83 1559.05 1421.23 1069.69 871.286 562.526 357.544 344.299 292.172 137.82 308.761 151.686 351.542
internal_count=13753 13527 13193 12485 10619 8895 5772 3964 3858 3160 708 3123 1486 1866
is_linear=0
shrinkage=0.03


Tree=156
num_leaves=15
num_cat=0
split_feature=20 14 0 17 12 4 0 13 25 13 9 0 18 13
split_gain=12.8384 11.3957 8.77872 7.60884 4.7245 4.90022 3.89649 4.0092 3.88053 3.13949 1.16404 1.1392 0.939625 0.772279
threshold=0.95139612030466447 0.98677641691313911 -1.0000000180025095e-35 0.049081976567308325 0.038896986440282132 -0.98328589779672482 23.966738561979806 -9.6144075889885396 0.030811217193615018 37.037960520847058 0.35905316865001186 4.5251541396880768 0.23082792317126699 1.0000000180025095e-35
decision_type=10 2 8 2 2 10 10 10 10 8 8 10 8 8
left_child=1 2 -1 4 5 12 8 -8 -7 -10 -5 -3 -4 -2
right_child=13 11 3 10 -6 6 7 -9 9 -11 -12 -13 -14 -15
leaf_value=0.0059645245767684252 0.011104343191317678 0.011104343191317678 -0.0021071250241947817 0.0010355993912815446 0.0010355993912815446 -0.0021071250241947817 -0.023063463696845341 -0.0077531383810586401 -0.0077531383810586401 -0.0039057291248409463 0.003056035972518118 0.0059645245767684252 -0.00042422675869169637 0.024654276103098272
leaf_weight=101.63338075950742 7.7530370000749826 44.967481806874275 31.983461724594235 90.371567644178867 112.25517028197646 239.54808246158063 15.796402896754442 23.144868966192007 165.48457979504019 140.10044901259243 186.54145118966699 10.891079664230345 440.49997828900814 18.200150470249358
leaf_count=655 71 256 274 563 557 2413 326 253 1502 1646 1173 52 3839 172
internal_value=0.00171906 0.00134525 0.000824706 0.000147547 -0.000984837 -0.00188405 -0.00379002 -0.0124417 -0.00306453 -0.00570433 0.00305604 0.0111043 -0.000424227 0.0208634
internal_weight=1629.17 1603.22 1547.36 1445.73 1168.81 1056.56 584.074 38.9413 545.133 305.585 276.913 55.8586 472.483 25.9532
internal_count=13752 13509 13201 12546 10810 10253 6140 579 5561 3148 1736 308 4113 243
is_linear=0
shrinkage=0.03


Tree=157
num_leaves=15
num_cat=0
split_feature=11 14 34 13 0 25 28 9 14 18 21 1 18 27
split_gain=13.9647 12.8436 8.26235 5.8824 4.44162 4.80886 3.99781 8.04825 4.63303 4.07008 2.12892 1.96748 2.98261 2.27974
threshold=4.5848660010509734 0.45503683561911862 20.446220446220451 -0.14481815292357419 1.0000000180025095e-35 -0.14660347419187533 11.500000000000002 0.077565820493786033 0.00073359706486783528 0.49282082593349646 1.0000000180025095e-35 0.071837550197002442 0.14030088806396618 0.13353139262452299
decision_type=2 2 2 10 8 10 2 10 2 8 2 10 10 10
left_child=1 2 -1 -3 -4 -6 7 8 -7 10 -9 -8 13 -13
right_child=-2 3 4 -5 5 6 11 9 -10 -11 -12 12 -14 -15
leaf_value=0.0062049181531176568 0.025229752009929701 0.0062049181531176568 0.0033885694629553669 0.013654870529892348 0.0016708394446941386 -0.012915460989378421 0.00010221718980340243 -0.0050411937981767593 -0.0050411937981767593 0.00010221718980340243 -0.0024694883041866786 -0.004558283344984081 -0.0014666964743103115 -0.014818392132629608
leaf_weight=110.1442351359874 18.855041535571218 43.247202325612307 107.40591867826879 81.647001538425684 446.52406645007432 104.91974510811269 74.000786574557424 63.781559074297547 33.91481513902545 271.29237532429397 37.221241548657417 57.434890462085605 150.37249476276338 23.257864396087825
leaf_count=632 97 234 704 463 4049 1031 560 635 190 2733 246 692 1258 231
internal_value=0.00242537 0.00207999 0.00128168 0.0111282 0.000572221 -4.68906e-05 -0.00146641 -0.00319721 -0.0092258 -0.000856585 -0.00504119 0.000102217 -0.00303561 -0.00764987
internal_weight=1624.02 1605.16 1480.27 124.894 1370.13 1262.72 816.196 511.13 138.835 372.295 101.003 305.066 231.065 80.6928
internal_count=13755 13658 12961 697 12329 11625 7576 4835 1221 3614 881 2741 2181 923
is_linear=0
shrinkage=0.03


Tree=158
num_leaves=15
num_cat=0
split_feature=1 11 21 18 25 23 8 28 17 18 16 27 9 1
split_gain=9.5876 8.526 7.94371 11.9096 6.90446 6.06887 4.76242 6.68618 3.18153 2.9368 2.45915 1.62856 1.4955 2.29177
threshold=-1.4253735324078141 0.29629694660509548 1.0000000180025095e-35 0.48827384531311341 -0.017474428997604093 0.0011329557892752438 0.18753756155782678 12.500000000000002 0.33859058230743272 0.41226402769940174 -1.0000000180025095e-35 1.0662756834968923 2.4628544642468362 0.1087886455605266
decision_type=8 2 2 10 8 2 10 2 2 8 8 8 8 10
left_child=11 2 3 4 -2 -4 12 8 9 -8 -5 -1 13 -6
right_child=1 -3 5 10 6 -7 7 -9 -10 -11 -12 -13 -14 -15
leaf_value=0.021904466953176212 0.00038531145627259653 0.0097524602545218299 0.0029835791149633618 0.00038531145627259653 -0.0031491220246337684 0.0058004086531119074 -0.026064621076817399 -0.0061358921134470222 -0.0061358921134470222 -0.012401207654019758 0.0029835791149633618 0.0097524602545218299 -0.0018764496439246335 -0.0061358921134470222
leaf_weight=23.199696619063616 129.27257031202316 90.586185444146395 142.62421261519194 33.5609016623348 135.89074775576591 257.04095592349768 27.531046523712575 37.607174632139504 5.3364805206656447 35.26087393052876 425.82935431413352 13.103608645498751 167.78243470005691 102.50013479962945
leaf_count=177 1427 451 1239 280 1103 1556 311 383 36 455 3360 96 1650 1275
internal_value=0.00279482 0.00241611 0.00184836 0.000524341 -0.00221296 0.00544282 -0.00413821 -0.00967506 -0.0163255 -0.0186665 0.00298358 0.0170888 -0.00259673 -0.00442179
internal_weight=1627.13 1590.82 1500.24 1100.57 641.181 399.665 511.909 105.736 68.1284 62.7919 459.39 36.3033 406.173 238.391
internal_count=13799 13526 13075 10280 6640 2795 5213 1185 802 766 3640 273 4028 2378
is_linear=0
shrinkage=0.03


Tree=159
num_leaves=15
num_cat=0
split_feature=11 20 14 0 21 16 27 16 28 4 1 2 28 22
split_gain=12.4328 9.88315 8.55697 6.92675 6.64818 8.91405 3.90478 4.53745 2.47205 2.29843 2.24437 2.22218 2.16748 1.67536
threshold=4.5848660010509734 0.90780002431892515 0.43982366947471624 -0.14928354727137685 1.0000000180025095e-35 6.3347248780658605 0.80870304104163904 -0.2181254835072694 11.500000000000002 -0.15320638257366512 9.7725857898974606 0.012163561076604556 4.5000000000000009 1.0000000180025095e-35
decision_type=2 10 2 10 2 10 8 8 2 10 10 2 2 2
left_child=1 2 3 8 5 6 13 -8 12 -9 -4 -6 -1 -5
right_child=-2 -3 10 4 11 -7 7 9 -10 -11 -12 -13 -14 -15
leaf_value=0.0043907896533425077 0.024252724327238028 0.013262110580145595 0.0075795912592598966 -0.004630622979402429 0.00028417734733896503 0.00028417734733896503 -0.018978486604924936 -0.004630622979402429 0.0043907896533425077 -0.012193373474149088 0.0043907896533425077 0.0022394922258936493 0.0022394922258936493 -0.0018608930703651206
leaf_weight=139.65912896767259 18.567333372309804 28.852240609005094 108.62195659056306 112.34367398358881 289.0972845274955 148.84188613295555 21.710037942044437 173.44212933070958 52.895202048122883 20.126411825418472 21.445785105228424 113.44644924625754 120.8301443643868 256.60305981431156
leaf_count=1067 96 257 617 1634 2116 1078 180 1709 397 209 102 576 992 2682
internal_value=0.00259598 0.0022715 0.00189707 0.00120199 8.81948e-05 -0.00167114 -0.00400596 -0.00717649 0.00439079 -0.00540826 0.00757959 0.00223949 0.00223949 -0.00208476
internal_weight=1626.48 1607.92 1579.06 1449 1135.61 733.067 584.225 215.279 313.384 193.569 130.068 402.544 260.489 368.947
internal_count=13712 13616 13359 12640 10184 7492 6414 2098 2456 1918 719 2692 2059 4316
is_linear=0
shrinkage=0.03


Tree=160
num_leaves=15
num_cat=0
split_feature=2 34 24 3 9 27 18 28 27 4 13 28 1 18
split_gain=10.8867 7.92066 5.44166 5.96443 14.0742 5.56626 5.81871 4.85452 3.10398 3.02965 2.60502 2.51787 1.81535 0.857049
threshold=0.50892857142857151 20.446220446220451 -1.0512471108195622 -0.94951187661970138 0.025011196061939214 1.4484645792211626 0.23082792317126699 8.5000000000000018 0.69314718055994562 -0.11083232005306291 -4.2467256784834317 1.5000000000000002 23.984732185223439 0.50761125720762412
decision_type=2 2 10 10 8 8 8 2 8 10 10 2 10 8
left_child=1 7 3 -3 9 12 -7 -1 -2 -5 11 -8 13 -6
right_child=8 2 -4 4 5 6 10 -9 -10 -11 -12 -13 -14 -15
leaf_value=0.0085130109826972132 0.020969095105152904 0.0026891978168765082 0.0048313200028592424 -0.010485888617832662 -0.00017349051493132113 -0.010485888617832662 -0.0033459772604651334 0.0048313200028592424 0.0085130109826972132 -0.027637385506569221 -0.0013753469109749491 -0.0061412295277657901 -0.0013753469109749491 0.0010283658811123069
leaf_weight=58.07608291786164 31.722622774541378 306.38265833258629 112.75340698845685 7.6599138323217657 197.89093572646379 31.743464891798794 51.953340064734221 54.994435377418995 18.960347391664982 17.215962512418628 82.123236034065485 97.287874166853726 77.111191314645112 488.6916674990207
leaf_count=336 220 2368 721 69 1671 271 510 330 125 178 606 890 948 4618
internal_value=0.00222107 0.0017568 0.00114963 0.000547076 -0.000632466 -4.16822e-05 -0.00377906 0.00851301 0.0152692 -0.0209301 -0.00179657 -0.00531661 0.00102837 0.00102837
internal_weight=1634.57 1583.88 1470.81 1358.06 1051.68 1026.8 263.108 113.071 50.683 24.8759 231.364 149.241 763.694 686.583
internal_count=13861 13516 12850 12129 9761 9514 2277 666 345 247 2006 1400 7237 6289
is_linear=0
shrinkage=0.03


Tree=161
num_leaves=15
num_cat=0
split_feature=1 11 14 21 18 35 8 28 16 1 6 22 8 3
split_gain=13.2836 12.0247 11.216 8.40309 9.01688 4.69021 3.36956 3.09254 2.22971 2.1866 1.70666 1.62085 1.48069 1.69759
threshold=-1.4253735324078141 0.071778837733983067 0.16426128307506305 1.0000000180025095e-35 0.3094666864102476 45.362970362970366 0.18274876218242578 8.5000000000000018 -0.0014947155211777437 9.7725857898974606 0.20608476614698759 0.00058393323365743966 1.4320412726369576 -0.94951187661970138
decision_type=8 2 2 2 10 10 10 2 8 10 2 2 8 10
left_child=-1 2 3 4 5 12 -7 -5 -6 -4 -8 -3 -2 -14
right_child=1 11 9 7 8 6 10 -9 -10 -11 -12 -13 13 -15
leaf_value=0.019250386934224054 -0.0020471313743626088 0.0057440498125663876 0.0057440498125663876 0.0027793641238489206 -0.0020471313743626088 -0.0055320429204665641 -0.0096433892401571655 0.00050343562678924973 0.00050343562678924973 0.0027793641238489206 -0.022651285551635782 0.010486426936412403 -0.0033173324261687597 -0.0055320429204665641
leaf_weight=34.965397097170353 108.77794362604618 38.017754677683115 208.9975414685905 163.25054600276053 35.94452147744596 98.115839783102274 52.481674568727612 186.1551404427737 368.65284150466323 35.495420217514038 13.962777711451052 68.832369457930326 69.119363181293011 142.53158392757177
leaf_count=268 1249 176 1083 1188 329 1276 673 1340 3237 164 223 366 591 1594
internal_value=0.00215743 0.00172247 0.00100167 -0.000185322 -0.00177249 -0.0045977 -0.00864671 0.00277936 0.000503436 0.00574405 -0.0137547 0.0104864 -0.00241737 -0.00458753
internal_weight=1625.3 1590.34 1483.49 1238.99 889.587 484.989 164.56 349.406 404.597 244.493 66.4445 106.85 320.429 211.651
internal_count=13757 13489 12947 11700 9172 5606 2172 2528 3566 1247 896 542 3434 2185
is_linear=0
shrinkage=0.03


Tree=162
num_leaves=15
num_cat=0
split_feature=0 11 21 33 23 16 18 4 1 8 16 4 9 6
split_gain=12.2963 11.4017 8.62232 13.9965 7.41507 6.24127 4.16758 2.60013 2.56132 2.33176 2.3279 1.58532 0.933434 0.781417
threshold=-0.8348631728980318 1.0000000180025095e-35 1.0000000180025095e-35 36.951936951936958 0.0011329557892752438 -1.0000000180025095e-35 0.3094666864102476 -0.98328589779672482 0.037364777372693531 -0.51208131205379626 7.5820104109869524 -0.012856745655990284 0.75079616939379279 0.33034461400463416
decision_type=8 2 2 2 2 8 8 10 8 10 10 10 10 2
left_child=13 2 3 -2 -4 8 12 -8 -5 -10 -9 -3 -7 -1
right_child=1 11 4 5 -6 6 7 10 9 -11 -12 -13 -14 -15
leaf_value=0.019803518000189379 0.0020076277580660632 0.0094335868702959732 0.0020076277580660632 -0.0063524022792151233 0.0051200216501827069 -0.0063524022792151233 -0.0003571828829212648 -0.0036951108753050712 -0.010281695350072159 -0.02022806790061395 -0.001821260670328115 0.0051200216501827069 -0.0036951108753050712 0.0094335868702959732
leaf_weight=32.185437330976129 204.51620019972324 55.577428909018636 140.40328796394169 13.360859315842388 252.34550654143095 85.359176500700414 394.93743540905416 280.57624309323728 28.891861630603671 31.809007028117776 25.577216155827045 53.140365466475487 23.90870956145227 8.3174284622073156
leaf_count=257 1365 294 1206 92 1527 770 3471 3511 234 325 207 261 233 56
internal_value=0.00196369 0.00151874 0.000806456 -0.000571851 0.00458711 -0.00272199 -0.00192386 -0.00103782 -0.0107809 -0.014211 -0.00328534 0.00943359 -0.0063524 0.0173484
internal_weight=1630.91 1590.4 1481.69 1088.94 392.749 884.421 810.359 701.091 74.0617 60.7009 306.153 108.718 109.268 40.5029
internal_count=13809 13496 12941 10208 2733 8843 8192 7189 651 559 3718 555 1003 313
is_linear=0
shrinkage=0.03


Tree=163
num_leaves=15
num_cat=0
split_feature=14 11 2 28 18 24 18 22 28 4 28 25 16 27
split_gain=13.5581 8.3941 7.54291 7.63117 10.1068 5.5689 5.29127 5.27247 3.47875 3.03538 4.6053 4.8714 2.50639 2.47124
threshold=1.3720874214476551 0.9115050812254285 0.11602564102564104 6.5000000000000009 0.48827384531311341 -1.0512471108195622 0.12697891118552199 0.0028067587681294918 16.500000000000004 -0.504469141975877 12.500000000000002 0.11907023006324159 8.943918143175539 0.95718089566019371
decision_type=2 2 2 2 8 10 8 2 2 10 2 10 10 10
left_child=1 2 3 4 7 6 13 -1 9 -8 11 -11 -12 -5
right_child=-2 -3 -4 5 -6 -7 8 -9 -10 10 12 -13 -14 -15
leaf_value=-0.011007395942054871 0.019137863729617371 0.010444408278922891 0.0058728967247860461 -0.0066858838911322679 0.0031366379941802883 0.0031366379941802883 0.00030731282360375406 -0.0017820792743983213 -0.0066662938185246415 -0.0011558613936042375 -0.0066662938185246415 -0.0066662938185246415 -0.0011558613936042375 -0.022999271944628773
leaf_weight=77.809965651482344 36.491479575634003 56.759248579852283 234.46087894029915 39.39992884080857 455.423523908481 85.193850986659527 148.13017154857516 11.700523298233746 73.491764064878225 164.71299262158573 111.41137422434986 86.982232352718711 42.348842207342386 9.0424678530544025
leaf_count=624 216 276 1447 409 4185 550 1264 70 709 1633 1153 899 288 105
internal_value=0.00219662 0.00175095 0.00130139 0.000400379 0.00309505 -0.00153754 -0.00252201 -0.0067008 -0.00173469 -0.000876363 -0.00261904 -0.00115586 -0.00666629 -0.0115979
internal_weight=1633.36 1596.87 1540.11 1305.65 544.934 760.714 675.52 89.5105 627.077 553.586 405.455 251.695 153.76 48.4424
internal_count=13828 13612 13336 11889 4879 7010 6460 694 5946 5237 3973 2532 1441 514
is_linear=0
shrinkage=0.03


Tree=164
num_leaves=15
num_cat=0
split_feature=20 28 14 17 11 9 16 0 16 16 28 19 22 18
split_gain=10.1004 9.20672 8.80894 8.67519 4.55322 4.06905 3.9263 8.47601 4.51598 2.44502 1.98339 2.05442 3.73794 1.60288
threshold=0.98781844079097103 1.5000000000000002 1.2164699835047244 0.035773560331542609 1.0000000180025095e-35 0.54224138436965885 7.5820104109869524 0.62591620707229401 -0.0097445896518658266 6.0037675624386155 12.500000000000002 0.44474126265681063 0.00042237075585435706 0.93024362768100843
decision_type=10 2 2 2 2 8 10 10 10 8 2 8 2 10
left_child=1 9 3 4 6 -5 7 -3 10 13 11 -9 -13 -1
right_child=-2 2 -4 5 -6 -7 -8 8 -10 -11 -12 12 -14 -15
leaf_value=-0.0049957656853241864 0.020416688574792494 -0.00081024349904738251 0.011106816346335386 0.0022944768668421247 0.0022944768668421247 0.0059122617800121246 0.00052707830310989997 -0.0061724344306245378 -0.0034700169335196386 0.011106816346335386 -0.014033662643947157 -0.017056434550479838 -0.0084414433727276299 0.0058783322740126459
leaf_weight=15.256036330014469 21.721736319363117 620.72666171565652 35.546260319650173 153.59999258443713 89.858054768294096 158.82740925066173 94.581483678892255 66.138670736923814 108.7119847945869 98.125590339303017 51.69553055614233 52.288691873662174 45.931126814335585 8.2704818770289403
leaf_count=107 206 5150 205 972 422 1033 708 1008 1113 854 712 797 431 62
internal_value=0.00210841 0.00179694 0.00112763 0.000717707 -0.000511164 0.00510012 -0.00124032 -0.00214757 -0.00612979 0.00956264 -0.00887485 -0.00688584 -0.0107105 0.000649848
internal_weight=1621.28 1599.56 1477.91 1442.36 1129.93 312.427 1040.07 945.493 324.766 121.652 216.054 164.358 98.2198 23.5265
internal_count=13780 13574 12551 12346 10341 2005 9919 9211 4061 1023 2948 2236 1228 169
is_linear=0
shrinkage=0.03


Tree=165
num_leaves=15
num_cat=0
split_feature=24 17 11 3 9 18 16 34 33 35 6 4 18 27
split_gain=11.4941 13.3579 7.53161 6.53988 7.37956 5.34403 4.59831 7.02102 4.5905 1.93284 1.62484 1.56047 1.26723 1.25574
threshold=-1.0512471108195622 0.00015145590430719414 0.92918348406034845 -0.107476787000178 0.0062653524680269706 0.14877947576515863 6.9936460768208013 54.329004329004341 49.686424686424694 33.391608391608408 -0.018878373971907964 -0.63559419129389594 0.3940885148134245 0.71983441085563304
decision_type=10 2 2 10 8 8 10 2 2 8 2 10 8 10
left_child=2 -2 3 12 -5 -3 7 11 -9 -10 -7 -6 -1 -13
right_child=1 5 -4 4 6 10 -8 8 9 -11 -12 13 -14 -15
leaf_value=0.0016222770417863874 0.0061707332188395709 0.01409485263486604 0.0061707332188395709 -0.019572532591537628 0.00019885268758415938 0.037737539980444358 0.0016222770417863874 -0.0024748086885705779 -0.0054983643166037436 -0.0097794292151862916 0.021586850309468684 -0.00080003890654875348 0.0035569177203011826 -0.0024748086885705779
leaf_weight=63.405761616304517 69.662064399570227 17.257133066654205 50.464338322170079 12.606024071574209 179.14616754278541 18.701409818604589 198.98435769043863 112.1949417963624 15.420226918533443 148.31693190708756 18.879546352662146 340.12319710291922 325.60248385369778 45.652593402191997
leaf_count=455 486 97 243 152 1351 120 1374 1219 248 2177 126 2949 2424 361
internal_value=0.00225653 0.0108346 0.0015069 0.000943102 -0.000312364 0.022019 1.36742e-05 -0.00122457 -0.00514847 -0.00852192 0.0290788 0.000198853 0.00355692 -0.00179893
internal_weight=1616.42 124.5 1491.92 1441.45 1052.44 54.8381 1039.84 840.854 275.932 163.737 37.581 564.922 389.008 385.776
internal_count=13782 829 12953 12710 9831 343 9679 8305 3644 2425 246 4661 2879 3310
is_linear=0
shrinkage=0.03


Tree=166
num_leaves=15
num_cat=0
split_feature=20 14 12 13 3 9 28 33 32 1 28 20 33 13
split_gain=12.0721 7.96302 7.1417 5.59751 14.9751 5.99759 5.1625 3.12278 2.87581 2.36796 1.5472 1.29648 1.25409 0.362247
threshold=0.96728788207662453 1.3720874214476551 1.0000000180025095e-35 -23.550741292137122 0.54880282739170394 0.38611314966082777 1.5000000000000002 50.023865023865035 48.101898101898108 0.27341283059803628 11.500000000000002 0.36978038647389705 54.27738927738929 0.42336412941347956
decision_type=10 2 2 10 10 8 2 2 2 10 2 8 2 8
left_child=1 2 3 4 11 10 -6 -7 -8 -4 -5 -1 -10 -2
right_child=13 -3 9 5 6 7 8 -9 12 -11 -12 -13 -14 -15
leaf_value=-0.0046181875946897464 0.011525871862416865 0.011525871862416865 0.0064262355609384855 0.00020724753125179836 -0.0046181875946897464 0.0035502138689446645 -0.0046181875946897464 0.001878730700098231 -0.0095167182016052988 0.0035502138689446645 0.001878730700098231 0.00020724753125179836 -0.017292505817289295 0.025256220377683266
leaf_weight=16.444293696433306 8.6345263700932247 34.489259604364634 64.622841365635395 237.53323209937662 33.541347421705723 337.34825274534523 14.976488839834927 190.74028027616441 45.006120333448052 71.177570201456547 123.51427860930562 363.80130513198674 67.982389042153955 14.944796796888115
leaf_count=128 76 204 344 1813 375 2472 67 1796 840 361 947 3150 1117 153
internal_value=0.00203171 0.00168128 0.0013266 0.000674192 -0.00171985 0.00213435 -0.00944362 0.00355021 -0.0126745 0.00642624 0.000207248 0.000207248 -0.0144152 0.0213705
internal_weight=1624.76 1601.18 1566.69 1430.89 541.752 889.136 161.506 528.089 127.965 135.8 361.048 380.246 112.989 23.5793
internal_count=13843 13614 13410 12705 5677 7028 2399 4268 2024 705 2760 3278 1957 229
is_linear=0
shrinkage=0.03


Tree=167
num_leaves=15
num_cat=0
split_feature=11 24 28 18 0 9 23 27 16 1 28 9 16 28
split_gain=11.7541 8.75397 8.60979 10.4985 9.68431 7.0023 4.76917 4.69746 4.44008 8.55593 4.14954 3.95937 3.82812 2.66513
threshold=0.89485906470211407 -1.0512471108195622 6.5000000000000009 0.48827384531311341 1.0000000180025095e-35 0.042066990335270706 0.7039644943068355 0.074454592618210094 7.5820104109869524 2.783316716403974 11.500000000000002 0.6633111909595536 -30.714970078797702 13.500000000000002
decision_type=2 10 2 8 10 10 2 10 10 10 2 8 10 2
left_child=1 2 3 6 10 -6 11 -2 9 13 -4 -1 -3 -7
right_child=7 12 4 -5 5 8 -8 -9 -10 -11 -12 -13 -14 -15
leaf_value=-0.01630515865842087 0.021335014344271742 0.0043830019696668157 0.00069457725088890041 0.0043830019696668157 -0.017204770987629792 -0.0015619565163464372 -0.00064060578996756167 0.0080796078565358396 0.00069457725088890041 -0.0097524107753848132 0.0043830019696668157 -0.0051888442918481877 0.0080796078565358396 -0.0056571836458656254
leaf_weight=38.788770124316216 36.575658982619643 50.313522825017571 102.43124068900943 526.61521618999541 24.915972896851599 231.53306630067527 18.543759491294622 19.084584490396082 158.7300188858062 116.75042700394988 72.00263961777091 39.020350176841021 67.77021074667573 122.32607217878103
leaf_count=325 183 369 794 4619 214 2162 112 100 1100 1441 530 309 417 1163
internal_value=0.00185056 0.00134533 0.000686396 0.00333739 -0.00131456 -0.00299385 -0.00566421 0.0148139 -0.00230005 -0.00381849 0.004383 -0.00973708 0.00807961 -0.00156196
internal_weight=1625.4 1569.74 1451.66 622.968 828.689 654.256 96.3529 55.6602 629.34 470.61 174.434 77.8091 118.084 353.859
internal_count=13838 13555 12769 5365 7404 6080 746 283 5866 4766 1324 634 786 3325
is_linear=0
shrinkage=0.03


Tree=168
num_leaves=15
num_cat=0
split_feature=14 12 17 23 16 3 9 16 16 28 11 34 3 20
split_gain=10.5229 10.0508 6.19661 5.72635 4.79869 7.85071 4.64414 3.70787 3.52377 2.8229 3.34098 1.92542 1.4736 0.95655
threshold=1.3720874214476551 0.042544464893621646 0.043000352474237835 0.0026744041597167169 6.0037675624386155 0.49912723792209712 0.35905316865001186 6.0037675624386155 -21.062887140525991 1.5000000000000002 0.0388048351697994 67.099567099567096 -0.107476787000178 0.83975818929046897
decision_type=2 2 2 2 10 10 8 8 10 2 2 2 8 8
left_child=1 2 4 -3 5 7 -4 12 9 -7 13 -2 -1 -11
right_child=11 3 6 -5 -6 8 -8 -9 -10 10 -12 -13 -14 -15
leaf_value=-0.0010153205803729922 0.021501732801829092 0.0048097187655079541 0.0019966078570438782 0.0090774955675811814 0.0019966078570438782 -0.0050323829890649291 0.0048097187655079541 0.00036475683976663881 -0.0023953980005126229 -0.019628376129480006 -0.0050323829890649291 0.0090774955675811814 -0.0023953980005126229 -0.010277958202257673
leaf_weight=27.287034600973129 24.649117335677147 53.55014518275857 96.637750571593642 79.614563942886889 110.67324295826256 35.902873959392309 197.53972302749753 419.91903795674443 119.51415620651096 14.989201232790945 9.269201308488844 10.713905919343231 273.01317497249693 138.37087851669639
leaf_count=166 153 312 617 421 845 395 1281 3617 1230 124 41 58 2234 2266
internal_value=0.00170717 0.00131551 0.000573397 0.00904604 -0.000426241 -0.00126709 0.00441946 0.000364757 -0.00515555 -0.00766937 -0.00996742 0.0168395 -0.0023954 -0.0117827
internal_weight=1611.64 1576.28 1443.12 133.165 1148.94 1038.27 294.177 720.219 318.046 198.532 162.629 35.363 300.3 153.36
internal_count=13760 13549 12816 733 10918 10073 1898 6017 4056 2826 2431 211 2400 2390
is_linear=0
shrinkage=0.03


Tree=169
num_leaves=15
num_cat=0
split_feature=14 1 12 28 16 30 33 34 18 18 8 0 1 23
split_gain=13.5461 7.3327 5.46592 7.0931 6.42016 5.57874 4.87179 6.48881 9.77833 4.31285 4.20199 3.13085 2.704 2.45157
threshold=0.9999994420601247 -1.4253735324078141 1.0000000180025095e-35 16.500000000000004 7.8408904867066003 33.25900290186005 36.191586191586197 49.342324342324353 0.12697891118552199 0.99477500734554736 1.3323358283588804 0.087447922602038416 2.558058274320997 0.0016259104977722923
decision_type=2 8 2 2 10 2 2 2 8 8 10 10 8 2
left_child=1 -1 3 6 5 -5 -3 -8 11 -2 -10 -9 -12 -4
right_child=9 2 13 4 -6 -7 7 8 10 -11 12 -13 -14 -15
leaf_value=0.010084433443565795 0.010084433443565795 0.0031191588288590126 0.0031191588288590126 -0.0045049789082007045 0.0031191588288590126 -0.018201940307590436 0.0016636935907342885 -0.0094071240432945877 -0.00026557639158138673 0.025584905694131042 -0.0039710335492142614 -0.023928723921021765 -0.0094071240432945877 0.0056357850412887146
leaf_weight=34.077218368649483 11.657510474324225 213.13135310076177 51.731317140161991 21.074189312756062 31.040942292660475 44.02194407209754 549.92664824426174 7.8698578216135529 443.9037540461868 26.323383778333664 53.919467605650425 21.61548728402704 17.319345520809293 86.273870945908129
leaf_count=268 80 1394 295 149 213 535 4265 57 4708 153 618 311 288 439
internal_value=0.00200112 0.00154281 0.00118714 0.000602533 -0.00705607 -0.0121291 0.0011903 0.000208228 -0.00219485 0.0186261 -0.001148 -0.0176663 -0.00767649 0.00563579
internal_weight=1613.89 1575.91 1541.83 1403.82 96.1371 65.0961 1307.69 1094.55 544.628 37.9809 515.143 29.4853 71.2388 138.005
internal_count=13773 13540 13272 12538 897 684 11641 10247 5982 233 5614 368 906 734
is_linear=0
shrinkage=0.03


Tree=170
num_leaves=15
num_cat=0
split_feature=11 2 14 3 24 4 9 18 8 22 1 28 18 28
split_gain=11.8988 7.99949 7.29423 3.85911 3.82329 5.23342 7.758 3.64275 9.23051 5.1014 2.64758 2.50152 1.21332 0.766301
threshold=3.9414074297795234 0.44757326007326009 0.28989410770962182 -0.0076197195044826896 -1.0512471108195622 -0.98328589779672482 0.025011196061939214 0.76420388984102072 0.11352837695731478 0.00309734708230461 9.0915505007591531 12.500000000000002 0.23082792317126699 1.5000000000000002
decision_type=2 2 2 10 10 10 10 8 8 2 10 2 10 2
left_child=1 2 4 -3 5 12 -7 8 -8 -10 -4 -9 13 -1
right_child=-2 3 10 -5 -6 6 7 11 9 -11 -12 -13 -14 -15
leaf_value=0.00023297966850709318 0.021714847095121208 0.011526104908274338 0.0053312215832944593 0.0053312215832944593 0.0026859938198436038 -0.020549004821349803 -0.0025482302726935338 -0.00060528833255563499 -0.011137611036619787 -0.0060496168080485394 0.0026859938198436038 -0.0025482302726935338 0.0010712476695698215 -0.00060528833255563499
leaf_weight=74.949272822588682 21.248922461643815 68.994128230959177 137.38214027136564 19.386377926915884 107.97850894834846 15.363856518641112 83.445990325883031 280.12829283811152 140.06369802728295 46.147247891873121 25.614495947957039 135.26962438970804 257.2416436932981 195.51953368633986
leaf_count=696 113 481 758 136 722 180 664 3049 1315 305 121 1414 2012 1814
internal_value=0.00167297 0.00133736 0.000803889 0.00985855 4.07661e-05 -0.000543498 -0.00228182 -0.00172622 -0.00449117 -0.009551 0.00533122 -0.000605288 0.00107125 -0.000605288
internal_weight=1608.73 1587.48 1499.1 88.3805 1336.11 1228.13 700.419 685.055 269.657 186.211 162.997 415.398 527.71 270.469
internal_count=13780 13667 13050 617 12171 11449 6927 6747 2284 1620 879 4463 4522 2510
is_linear=0
shrinkage=0.03


Tree=171
num_leaves=15
num_cat=0
split_feature=20 14 17 9 12 25 3 24 18 18 4 32 28 8
split_gain=11.8678 8.39657 6.7009 5.10067 4.86588 6.47563 6.23966 3.94745 5.49748 3.24858 2.66976 0.458576 0.441243 0.281669
threshold=0.95139612030466447 1.3720874214476551 0.043000352474237835 0.67620233457411627 0.042544464893621646 -0.29841617774088286 -0.015673484841678683 0.33136194828260662 0.092961834124841006 0.90098303939493818 -0.98328589779672482 58.253285176362105 5.5000000000000009 0.079192931284631576
decision_type=10 2 2 8 2 10 10 8 10 8 10 2 2 8
left_child=1 2 4 12 5 -1 -7 8 -8 10 -9 -11 -4 -12
right_child=-2 -3 3 -5 -6 6 7 9 -10 11 13 -13 -14 -15
leaf_value=0.0007200628238454807 0.020537523226000508 0.010897514938524729 0.004114020465514432 0.0058942350953418163 0.0023338058356870478 -0.00099552326144751783 -0.023987227493683285 -0.0051056537465714478 -0.0086317577474371056 -0.0029402047911450701 -0.0068687057470042763 -0.0051056537465714478 0.0023338058356870478 -0.0086317577474371056
leaf_weight=388.75414795987308 24.296922063454986 33.391403712332249 36.994530003517866 139.27907769754529 113.73457760363817 229.56850646063685 21.841641757637262 21.684551138430834 20.23504313826561 211.9066995549947 43.894298536702991 76.034440615214407 137.59549366310239 116.1767801810056
leaf_count=3469 243 204 222 903 587 1692 166 210 125 2381 418 1100 874 1160
internal_value=0.00160997 0.00125751 0.000890955 0.00477091 -0.000103296 -0.00089368 -0.00271111 -0.00488489 -0.0132607 -0.00400278 -0.0072711 -0.0029402 0.00233381 -0.00863176
internal_weight=1615.39 1591.09 1557.7 313.869 1243.83 1130.1 741.342 511.773 42.0767 469.697 181.756 287.941 174.59 160.071
internal_count=13754 13511 13307 1999 11308 10721 7252 5560 291 5269 1788 3481 1096 1578
is_linear=0
shrinkage=0.03


Tree=172
num_leaves=15
num_cat=0
split_feature=20 0 11 23 13 0 16 2 18 14 28 25 22 7
split_gain=11.2221 9.89013 6.42521 7.05477 10.6747 4.25057 3.62509 2.93048 2.29706 2.19301 2.16493 1.56169 1.45102 1.31385
threshold=0.98781844079097103 -0.8348631728980318 0.9115050812254285 0.014450280519572105 -18.447288650442054 7.4865912359554558 6.9936460768208013 0.012163561076604556 0.3940885148134245 0.02081210515582629 4.5000000000000009 0.038519277807017811 0.00042237075585435706 -0.10127783595822136
decision_type=10 8 2 2 10 10 8 2 8 2 2 10 2 10
left_child=1 -1 3 4 5 8 12 9 -3 -5 -7 -10 -6 -12
right_child=-2 2 -4 7 6 10 -8 -9 11 -11 13 -13 -14 -15
leaf_value=0.012197917448893742 0.022401068985725206 -0.0074471936617615956 0.0068845072284997189 0.0018544449751272977 -0.0012105735693562364 -0.0074471936617615956 0.0018544449751272977 0.0040034040202725479 -0.0012105735693562364 0.0029289244976999224 -0.0074471936617615956 -0.0047609767902726625 0.00032193570288553073 -0.023961026388593747
leaf_weight=38.661661149933934 19.696739320643246 14.202518027275799 50.595360735431314 290.31748382747173 215.33516508247703 28.50848463922739 296.66721366066486 102.62842042930424 213.30401717126369 84.061121843755245 9.4599796906113642 98.463011765852571 127.74531906284392 12.708109287545083
leaf_count=309 200 121 244 2010 2054 413 2368 550 2262 445 167 1265 1025 295
internal_value=0.00231451 0.00199477 0.0015711 0.0011223 -0.000294514 -0.00427559 0.00185444 0.0040034 -0.00291506 0.00185444 -0.0119793 -0.00207476 -0.00121057 -0.0185836
internal_weight=1602.35 1582.66 1544 1493.4 1016.39 376.646 639.748 477.007 325.97 374.379 50.6766 311.767 343.08 22.1681
internal_count=13728 13528 13219 12975 9970 4523 5447 3005 3648 2455 875 3527 3079 462
is_linear=0
shrinkage=0.03


Tree=173
num_leaves=15
num_cat=0
split_feature=11 24 17 2 28 18 0 14 23 16 28 35 18 17
split_gain=15.9996 10.2458 8.54314 5.71746 4.95968 6.99194 6.7678 6.46311 6.33143 4.74512 4.5299 11.0765 3.84509 3.30072
threshold=4.5848660010509734 -1.0512471108195622 8.0305997798529105e-06 0.44097222222222227 5.5000000000000009 0.48827384531311341 22.432973905552448 0.45503683561911862 0.73936363575737829 8.7820626440641778 11.500000000000002 34.923409923409935 0.020649608656260393 0.03238754790863093
decision_type=2 10 2 2 2 8 10 2 2 10 2 10 10 2
left_child=1 3 -3 4 5 8 7 10 13 -8 11 -6 -12 -1
right_child=-2 2 -4 -5 6 -7 9 -9 -10 -11 12 -13 -14 -15
leaf_value=-0.018318688770825237 0.025681209891374589 0.0049874601113571934 0.013476605849529559 0.0049874601113571934 0.00036304240387912133 0.0025076386498187799 -0.017492936158847661 0.0025076386498187799 -0.0018857900586725595 -0.005862822287575173 -0.0058332176694008047 -0.005862822287575173 0.00036304240387912133 -0.0071822584395480997
leaf_weight=35.748625721782446 19.56240772549063 67.395078892819583 55.620349610224366 86.551243226975203 76.020337985828519 437.11290861479938 39.940033125691116 63.217987019568682 17.016072772443295 14.850486358627675 85.942766286432743 315.72134605702013 274.97029157914221 24.310487058013678
leaf_count=320 105 480 350 603 711 3837 576 355 103 100 1001 2932 2225 164
internal_value=0.00164626 0.001272 0.00941312 0.000561796 2.78172e-05 0.00235094 -0.00134974 -0.000631778 -0.00627922 -0.0110939 -0.00178155 -0.00400283 0.000363042 -0.0124787
internal_weight=1613.98 1594.42 123.015 1471.4 1384.85 514.188 870.663 815.873 77.0752 54.7905 752.655 391.742 360.913 60.0591
internal_count=13862 13757 830 12927 12324 4424 7900 7224 587 676 6869 3643 3226 484
is_linear=0
shrinkage=0.03


Tree=174
num_leaves=15
num_cat=0
split_feature=14 2 12 27 17 22 11 34 3 16 23 16 23 9
split_gain=11.7828 7.89924 6.6115 5.96348 4.48647 4.0649 3.13091 2.89723 2.71361 4.15228 1.99356 1.78637 1.55146 1.491
threshold=1.3720874214476551 0.52232142857142871 1.0000000180025095e-35 1.5064870399942487 0.043000352474237835 0.0054617387130780461 0.29629694660509548 53.912753912753921 0.052228680512927304 6.7813821821956131 1.48846164877547 5.6244409301204001 0.0016259104977722923 0.57018193271907258
decision_type=2 2 2 10 2 2 2 2 10 10 2 10 2 8
left_child=1 2 3 4 6 11 8 -2 -1 10 -10 -5 -4 -6
right_child=7 -3 12 5 13 -7 -8 -9 9 -11 -12 -13 -14 -15
leaf_value=0.00027846033240663674 0.02388786493536579 0.0098363158031742563 0.002962611132429046 -0.019268207698227326 0.0014273136306448377 -0.0042350360635108374 0.0014273136306448377 0.0098363158031742563 -0.0042350360635108374 -0.0010491321249395359 -0.0026313240319810324 -0.0095186408894275022 0.0054753256567027899 0.002962611132429046
leaf_weight=479.2959318049252 24.443166369572282 47.899343429133296 52.216373614966869 30.209326392039657 129.38642433285713 8.1144761778414232 59.817077351734042 10.02921240031719 415.0502425218001 68.457519445568323 48.170805480331182 10.8577210213989 84.742265124805272 141.40393118001521
leaf_count=3763 157 336 299 263 822 61 275 56 5410 573 348 90 441 909
internal_value=0.00194253 0.00153187 0.00111434 0.000449897 0.000840971 -0.00931104 -0.000107984 0.0181408 -0.000870393 -0.00237672 -0.00421352 -0.0148022 0.00547533 0.00296261
internal_weight=1610.09 1575.62 1527.72 1390.76 1341.58 49.1815 1070.79 34.4724 1010.97 531.679 463.221 41.067 136.959 270.79
internal_count=13803 13590 13254 12514 12100 414 10369 213 10094 6331 5758 353 740 1731
is_linear=0
shrinkage=0.03


Tree=175
num_leaves=15
num_cat=0
split_feature=20 14 2 17 11 8 3 9 21 4 1 18 13 0
split_gain=11.2831 7.17321 6.19756 4.58358 2.91491 2.50099 5.21425 2.43052 2.29513 1.44677 2.3314 2.40698 1.20293 1.74504
threshold=0.98781844079097103 1.3720874214476551 0.20871212121212124 0.022807403417161542 0.071778837733983067 0.28497912014660015 12.406620591276178 0.29403968940138259 1.0000000180025095e-35 -0.028043639203924092 0.11399348660361468 0.76420388984102072 -15.982248787600343 0.5396334072819019
decision_type=10 2 2 2 2 10 8 8 2 10 10 10 10 10
left_child=1 2 3 4 5 12 9 -5 -4 -7 -11 -12 13 -1
right_child=-2 -3 8 7 -6 6 -8 -9 -10 10 11 -13 -14 -15
leaf_value=-0.00055024753479096034 0.022177217125704887 0.011912140392025228 0.0036113156253719256 0.0016613917641281264 0.0016613917641281264 -0.001803868552144542 -0.017432396276109933 0.0036113156253719256 0.0066170098324371358 -0.0033769701213663653 -0.0097811619855946875 -0.0058762563249252697 0.00036331762665404456 -0.001803868552144542
leaf_weight=216.03464645892382 19.510548757389188 32.267824199050665 130.98500104248524 87.590813402086496 79.38146560266614 96.45890336856246 17.248430869542062 217.06417640298605 42.462785448879004 35.98149087280035 65.141947324387729 29.556431513279676 389.03628763929009 145.97024392616004
leaf_count=1907 205 200 833 579 362 1012 287 1433 259 311 840 272 3285 2055
internal_value=0.00196479 0.00164706 0.00132188 0.000638888 -0.000288532 -0.000934757 -0.0035378 0.00361132 0.00658374 -0.00212993 -0.00495007 -0.00837554 -6.99362e-05 -0.00146381
internal_weight=1604.69 1585.18 1552.91 1379.46 1074.81 995.428 244.387 304.655 173.448 227.139 130.68 94.6984 751.041 362.005
internal_count=13840 13635 13435 12343 10331 9969 2722 2012 1092 2435 1423 1112 7247 3962
is_linear=0
shrinkage=0.03


Tree=176
num_leaves=15
num_cat=0
split_feature=34 28 0 3 17 16 28 18 16 21 32 25 9 22
split_gain=9.42671 12.6 6.38512 5.31665 4.2636 3.97384 4.70116 11.7072 3.60723 3.15453 2.62199 2.41573 1.87134 1.66343
threshold=21.603396603396607 8.5000000000000018 -0.029919496997230181 0.49912723792209712 0.049081976567308325 6.9936460768208013 10.500000000000002 0.48827384531311341 -1.0000000180025095e-35 1.0000000180025095e-35 54.653039268423889 0.043360177616863289 0.57576136299877045 0.0024871156450762756
decision_type=2 2 8 8 2 8 2 8 10 2 2 8 8 2
left_child=1 3 -2 13 5 6 7 9 -9 11 -7 -4 -6 -1
right_child=2 -3 4 -5 12 10 -8 8 -10 -11 -12 -13 -14 -15
leaf_value=0.015844620393059058 0.0061676268631805026 0.0061676268631805026 -0.011766485568365476 0.0061676268631805026 0.0020827499457420763 0.0020827499457420763 -5.0329125955027379e-05 -0.0067446062243134682 -5.0329125955027379e-05 -0.0067446062243134682 -5.0329125955027379e-05 -0.021993886553802168 0.0037362279422234203 0.033190356703411798
leaf_weight=25.448143739253283 86.161952964961529 57.280278384685516 26.088541194796562 18.678344316780567 144.0500720962882 470.98104983288795 156.64278752543032 20.083989020437002 148.9116982743144 19.899264084175229 230.01247895136476 39.398069320246577 144.38657046668231 19.781216012313962
leaf_count=152 608 349 235 105 915 4015 1417 162 1243 157 3005 396 928 114
internal_value=0.00256497 0.0104456 0.00188969 0.0203395 0.00130483 0.000429272 -0.00189871 -0.00471851 -5.57334e-05 -0.0134335 0.00179806 -0.0167884 0.00373623 0.0255216
internal_weight=1607.8 121.188 1486.62 63.9077 1400.45 1112.02 411.024 254.382 168.996 85.3859 700.994 65.4866 288.437 45.2294
internal_count=13801 720 13081 371 12473 10630 3610 2193 1405 788 7020 631 1843 266
is_linear=0
shrinkage=0.03


Tree=177
num_leaves=15
num_cat=0
split_feature=11 20 2 18 34 33 4 0 25 12 34 13 16 14
split_gain=11.3332 9.54433 4.97264 4.72121 9.58839 4.1139 3.95781 3.9481 3.61504 2.64955 1.6933 1.44609 0.97745 0.542747
threshold=3.9414074297795234 0.0002577480714804976 0.52232142857142871 0.1299784811026462 49.225774225774231 52.289377289377299 -0.504469141975877 0.083439360648108571 -0.065405282292653397 0.042544464893621646 48.401598401598413 0.082967937723451721 1.1643704579750815 0.17640182550893177
decision_type=2 10 2 8 2 2 10 10 10 2 2 10 10 2
left_child=1 2 3 4 -1 -3 10 -6 -8 13 -5 -12 -9 -10
right_child=-2 5 -4 6 7 -7 8 12 9 -11 11 -13 -14 -15
leaf_value=-0.0025667634075657135 0.022027758009055265 0.011706112193264555 0.0054072312460932605 0.0028829297019212011 -0.0093734930337841041 0.0054072312460932605 0.00098515448990083151 -0.030120409370370634 -0.0025667634075657135 -0.00059484965504885288 0.00098515448990083151 0.0019340420959110163 -0.015577320233714808 -0.001580806531307283
leaf_weight=46.457161007449031 19.334845264442265 54.259909788146615 46.750564627349377 257.02413399890065 11.042388342320917 47.412460112944245 222.55656046047807 12.511978421360253 380.68907749373466 65.65276525914669 304.56640808470547 42.302871234714985 24.341620608232915 73.846119094640017
leaf_count=304 106 372 334 1776 80 315 2052 169 4094 332 2926 270 270 367
internal_value=0.00170005 0.00138447 0.000760285 0.000358628 -0.00595491 0.0100542 0.000821383 -0.0161802 -0.000644547 -0.00217485 0.00261486 0.000985154 -0.0217811 -0.00256676
internal_weight=1608.75 1589.41 1487.74 1440.99 94.3531 101.672 1346.64 47.896 742.745 520.188 603.893 346.869 36.8536 454.535
internal_count=13767 13661 12974 12640 823 687 11817 519 6845 4793 4972 3196 439 4461
is_linear=0
shrinkage=0.03


Tree=178
num_leaves=15
num_cat=0
split_feature=20 11 3 9 28 22 18 33 21 14 28 28 2 9
split_gain=6.62812 5.12237 4.53313 5.61789 4.96447 3.4576 5.75792 3.6152 4.26274 3.02459 1.867 1.05606 0.90704 0.435126
threshold=0.98781844079097103 3.0189109136477561 -0.46872368621525035 0.011007817807598849 11.500000000000002 0.00041027346825233725 0.13330601678139073 56.439988582845729 1.0000000180025095e-35 0.00067953914091578897 12.500000000000002 14.500000000000002 0.012163561076604556 0.58088771128096939
decision_type=10 2 10 8 2 2 8 2 2 2 2 2 2 8
left_child=1 2 4 11 9 6 -5 13 -9 -1 -7 -4 -12 -8
right_child=-2 -3 3 5 -6 10 7 8 -10 -11 12 -13 -14 -15
leaf_value=0.002862523789953629 0.01761940492227539 0.0098300854825707808 -0.019642189009379456 -0.0067249902586428156 0.0058071597056064466 0.002862523789953629 -0.00064957943887663627 -0.0030923185481165484 -0.00064957943887663627 0.0058071597056064466 0.001252190942165091 -0.0067249902586428156 0.002862523789953629 0.001252190942165091
leaf_weight=214.90661667473614 20.077114242129028 20.96591728925705 9.762699540704487 44.340466853231192 56.714360134676099 396.72726884670556 148.99743176065385 159.0895868241787 82.086590133607388 71.176371421664953 132.09352016076446 5.8306656051427117 43.5743761472404 196.66230196971446
leaf_count=1809 210 110 120 478 428 3032 1205 2073 648 418 1074 64 240 1875
internal_value=0.00229006 0.00204077 0.00178423 0.000918189 0.00480686 0.00117931 -0.000352786 0.000540353 -0.00255135 0.00286252 0.00285717 -0.0146293 0.00125219 0.00125219
internal_weight=1603.01 1582.93 1561.96 1219.16 342.797 1203.57 631.176 586.836 241.176 286.083 572.395 15.5934 175.668 345.66
internal_count=13784 13574 13464 10809 2655 10625 6279 5801 2721 2227 4346 184 1314 3080
is_linear=0
shrinkage=0.03


Tree=179
num_leaves=15
num_cat=0
split_feature=14 12 17 1 25 3 4 16 9 30 16 25 13 18
split_gain=10.066 5.58137 5.96551 5.24349 4.04261 3.4879 2.86583 4.24597 2.44676 1.9665 1.9095 1.82613 1.57938 1.45461
threshold=1.3720874214476551 0.041169770642512836 0.043000352474237835 0.27341283059803628 -0.29841617774088286 -0.028137813170641245 -0.63559419129389594 7.5820104109869524 0.35905316865001186 52.943485086342235 3.2118934199768336 -0.037740327982846759 -27.737593842472673 0.92487402218540682
decision_type=2 2 2 10 10 10 10 8 8 2 8 10 10 10
left_child=1 2 4 -3 10 -6 -7 11 -4 -9 -1 -8 -2 -13
right_child=12 3 8 -5 5 6 7 9 -10 -11 -12 13 -14 -15
leaf_value=0.00020807581973250234 0.0091031434696932818 0.0091031434696932818 0.0018887880216326173 0.0039511723059035275 0.00020807581973250234 -0.0013624589576268331 -0.0053846473129121114 -0.0027878622296071925 0.0039511723059035275 -0.0053846473129121114 0.0018887880216326173 -0.012615038153067162 0.022788134462474175 -0.00773547361902028
leaf_weight=101.10027850605547 16.814764939248562 66.338701695203781 100.89971642941236 70.0438027754426 222.34409461915493 54.13973303232342 43.72371176071465 183.5449822768569 196.37508789077401 118.0049238326028 293.88725664280355 94.024619025178254 17.214549707248807 36.588822562247515
leaf_count=791 101 387 659 363 1676 539 420 1780 1275 1743 2734 948 116 342
internal_value=0.00176184 0.00138571 0.000825918 0.00707643 -0.000173596 -0.00147264 -0.00293299 -0.00421327 0.00395117 -0.00278786 0.00188879 -0.00798143 0.0168206 -0.0100863
internal_weight=1615.05 1581.02 1444.63 136.383 1147.36 752.371 530.027 475.887 297.275 301.55 394.988 174.337 34.0293 130.613
internal_count=13874 13657 12907 750 10973 7448 5772 5233 1934 3523 3525 1710 217 1290
is_linear=0
shrinkage=0.03


Tree=180
num_leaves=15
num_cat=0
split_feature=20 11 14 21 8 33 4 30 14 35 16 1 28 4
split_gain=6.71177 6.14384 5.51325 5.64435 9.50375 6.00838 4.27375 3.25424 2.61738 2.10122 2.00879 1.75765 1.58272 0.155785
threshold=0.95139612030466447 0.29629694660509548 0.43982366947471624 1.0000000180025095e-35 0.2296634965221003 49.844599844599848 -0.29433670657479521 50.517339803054107 0.046819852299408875 33.391608391608408 39.292982929228003 9.0915505007591531 11.500000000000002 -0.28816322622700324
decision_type=10 2 2 2 10 2 10 2 2 10 8 10 2 8
left_child=1 2 3 4 5 -1 -6 -5 9 -8 -3 -4 13 -7
right_child=-2 10 11 7 6 12 8 -9 -10 -11 -12 -13 -14 -15
leaf_value=0.0014635191037265375 0.016997448637836018 0.0055184894495346358 0.0055184894495346358 0.0032233107769127018 -0.0019640796586448926 -0.00025028027745917756 -0.0076297158176126768 0.0014635191037265375 -0.0049496896297186689 -0.012981532448595156 0.0095008216255248988 0.0032233107769127018 -0.00025028027745917756 -0.0019640796586448926
leaf_weight=322.35089293681085 22.450183231383562 41.456275019794703 106.77390618994832 258.04699862748384 64.24470804259181 12.64910815656185 32.272613117471337 118.21461308188736 43.809933222830296 107.48966704308987 45.920822020620108 22.824392348527908 65.68766634631902 345.69836881011724
leaf_count=2618 237 197 631 1652 644 132 417 971 260 1440 223 111 768 3551
internal_value=0.00226526 0.00200419 0.00153616 0.000928132 -0.000296273 0.00139814 -0.0053263 0.00322331 -0.0079353 -0.0103097 0.00950082 0.00551849 -0.00196408 -0.00196408
internal_weight=1609.89 1587.44 1500.06 1370.46 994.203 746.386 247.817 376.262 183.572 139.762 87.3771 129.598 424.035 358.347
internal_count=13852 13615 13195 12453 9830 7069 2761 2623 2117 1857 420 742 4451 3683
is_linear=0
shrinkage=0.03


Tree=181
num_leaves=15
num_cat=0
split_feature=1 28 14 17 1 13 23 28 3 32 16 18 27 9
split_gain=7.02599 6.92856 5.59132 5.99655 4.14293 12.0323 4.68335 3.84689 3.15607 2.6507 2.43509 2.86213 1.52305 1.05692
threshold=-1.4253735324078141 1.5000000000000002 1.3720874214476551 0.022375806146541125 0.48991432177669231 -27.737593842472673 0.0026744041597167169 14.500000000000002 8.5157794956892747 57.208176438945678 6.0037675624386155 0.8272247881004785 1.6141772844113724 0.35905316865001186
decision_type=8 2 2 2 10 10 2 2 10 2 8 10 8 8
left_child=12 10 3 4 6 8 -3 13 9 -6 11 -2 -1 -5
right_child=1 2 -4 7 5 -7 -8 -9 -10 -11 -12 -13 -14 -15
leaf_value=0.019273189448560601 -0.0093457260275322303 -0.00033887475089150796 0.0084575277854355996 0.0022297219509946954 -0.0044688729837103576 -0.00033887475089150796 0.0022297219509946954 0.0022297219509946954 -0.016516925133366625 -0.011395504493465328 0.0084575277854355996 0.0038582299974597996 0.0084575277854355996 0.0047479690736952507
leaf_weight=23.678783781826496 13.877268746495249 363.53102098219097 32.318201512098312 92.395326863974333 90.363667075522244 279.64638578146696 258.74189316853881 66.108390316367149 33.348769728094339 53.743295546621084 93.459650278091431 11.415734384208916 9.9391890279948694 176.17336761020124
leaf_count=200 99 3305 205 617 1050 2657 1626 442 607 863 814 84 78 1135
internal_value=0.00228658 0.0019679 0.00137911 0.00103841 -5.53412e-05 -0.00221058 0.00153283 0.00451479 -0.00859887 -0.00627408 0.00845753 -0.000741068 0.0149472 0.00474797
internal_weight=1598.74 1565.12 1446.37 1414.05 1079.38 457.102 622.273 334.677 177.456 144.107 118.753 25.293 33.618 268.569
internal_count=13782 13504 12507 12302 10108 5177 4931 2194 2520 1913 997 183 278 1752
is_linear=0
shrinkage=0.03


Tree=182
num_leaves=15
num_cat=0
split_feature=14 12 28 2 28 25 4 18 23 14 3 17 22 1
split_gain=9.57839 8.59437 6.36776 9.85692 4.75403 5.18251 5.60502 5.03658 4.51778 3.88608 3.45929 3.52669 2.36312 3.91103
threshold=1.3720874214476551 0.042544464893621646 16.500000000000004 0.0067189754689754699 1.5000000000000002 -0.067750847459714145 -0.029960488207930413 0.22474878180057459 0.011208186893535569 0.25017990138059004 -0.015673484841678683 1.4735296966840301e-05 0.0011537709889979356 0.56374891633094515
decision_type=2 2 2 2 2 8 10 10 2 2 10 2 2 10
left_child=1 2 4 9 -1 -6 7 -7 -3 -4 -8 12 13 -12
right_child=-2 8 3 -5 5 6 10 -9 -10 -11 11 -13 -14 -15
leaf_value=0.0045549474904265251 0.016247992816968988 0.0045549474904265251 -0.015191872189956736 0.0045549474904265251 0.0045488382415883035 -0.001183996242052563 -0.001183996242052563 0.0020693820000463308 0.008781524926500887 -0.0036768832213712535 -0.0084348246779790727 -0.0032548481700460752 -0.005758007350077669 -0.017422227460875038
leaf_weight=122.90469630807638 34.696248210966587 61.375608168542385 62.844623220153153 23.21588995680213 229.46106697618961 308.23325572255999 43.850171050056815 349.71949416864663 71.149445267394185 12.299126002937554 60.541577063500881 113.92604177538306 59.761434353888035 53.545990032143891
leaf_count=1024 222 347 715 142 2119 2934 251 2667 377 59 648 866 566 869
internal_value=0.00168675 0.00131506 0.00062862 -0.00655082 0.00117721 0.000538116 -0.000410074 0.0011929 0.00848128 -0.0119087 -0.00356089 -0.0053257 -0.00826117 -0.0111116
internal_weight=1607.52 1572.83 1440.3 98.3596 1341.94 1219.04 989.578 657.953 132.525 75.1437 331.625 287.775 173.849 114.088
internal_count=13806 13584 12860 916 11944 10920 8801 5601 724 774 3200 2949 2083 1517
is_linear=0
shrinkage=0.03


Tree=183
num_leaves=15
num_cat=0
split_feature=11 0 13 0 4 23 18 4 1 24 27 34 6 30
split_gain=14.0952 6.50966 4.66907 7.09673 3.95826 3.77938 3.22608 3.14787 3.20237 3.14305 2.48064 0.959608 0.911966 0.824597
threshold=0.94162292523762248 -0.8348631728980318 -15.982248787600343 0.50793657790400937 -0.61404208308523278 0.015594272966016122 0.23082792317126699 -0.98328589779672482 2.2064447078783123 -1.0512471108195622 0.074454592618210094 62.619047619047628 -0.66778142453824729 67.478949621806791
decision_type=2 8 10 10 10 2 8 10 10 10 10 2 2 2
left_child=1 -1 3 5 6 12 -4 11 -9 -6 -2 -5 -3 -10
right_child=10 2 4 7 9 -7 -8 8 13 -11 -12 -13 -14 -15
leaf_value=0.0094683828828505609 0.022160437812911861 -0.00060860840153053903 0.0030664602722537656 -0.0021297204210760428 0.00091250361801496478 0.00091250361801496478 0.0053928654318067207 -0.0052332761585495548 -0.0093955070360702293 0.0030664602722537656 0.0094683828828505609 -0.0052332761585495548 -0.0021297204210760428 -0.016984759027175868
leaf_weight=38.78884026966989 32.056456312537193 19.98270826973021 52.737932499498129 61.495849231258035 505.31307344697416 125.94034733250737 306.1247835624963 65.492251263931394 22.225264186039567 66.290201968513429 17.1124437013641 30.576666958630085 216.39915349334478 33.948323608376086
leaf_count=324 164 183 413 580 4128 798 2312 868 340 427 90 439 2013 732
internal_value=0.00220978 0.00167679 0.00131735 -0.000801269 0.00262628 0.000912504 0.00507411 -0.00517194 -0.00833683 0.00105881 0.01726 -0.00212972 -0.00212972 -0.0135577
internal_weight=1594.48 1545.32 1506.53 576.061 930.466 362.322 358.863 213.738 121.666 571.603 49.1689 92.0725 236.382 56.1736
internal_count=13811 13557 13233 5953 7280 2994 2725 2959 1940 4555 254 1019 2196 1072
is_linear=0
shrinkage=0.03


Tree=184
num_leaves=15
num_cat=0
split_feature=11 2 24 18 28 23 28 32 35 3 25 30 34 4
split_gain=8.12792 7.12043 6.40477 7.16246 9.3744 6.47652 4.34368 4.9296 4.12492 3.80168 2.23621 2.30646 1.29356 1.14582
threshold=2.7212143650499816 0.50892857142857151 -1.0512471108195622 0.48827384531311341 10.500000000000002 0.68317953438329593 12.500000000000002 48.659731876515096 34.373959373959387 -0.107476787000178 -0.023276462783392123 31.007682793397084 51.265401265401273 -0.04102356108804555
decision_type=2 2 10 8 2 2 2 2 10 10 10 2 2 10
left_child=1 2 3 4 5 10 7 -5 -9 -8 -1 -12 -4 -2
right_child=13 -3 12 6 -6 -7 9 8 -10 -11 11 -13 -14 -15
leaf_value=-0.0062557758012766395 0.02526296543823418 0.0099314506462611571 0.0055788880025957055 0.0030892158777172029 -0.00080072644798586973 -0.00080072644798586973 0.0030892158777172029 0.001673590226610618 -0.00080072644798586973 -0.00080072644798586973 -0.010568736347282849 -0.018263916199737568 0.0030892158777172029 0.0099314506462611571
leaf_weight=52.774731412529945 9.4182522101327795 49.817823749035597 100.54900230281055 284.06283250078559 152.85932397469878 29.264499988406897 33.152183331549168 298.14447954390198 265.32832317892462 207.27432223781943 13.559547483921049 66.072068770416081 21.521821707487106 12.598655704408882
leaf_count=417 54 360 672 1649 1264 182 221 2879 3185 1990 80 673 160 67
internal_value=0.00190906 0.00162367 0.00122633 0.000599544 -0.00335412 -0.00874674 0.00175266 0.00279757 0.000257965 -0.000800726 -0.0117108 -0.0148817 0.00557889 0.0182392
internal_weight=1596.4 1574.38 1524.56 1402.49 314.53 161.671 1087.96 847.536 563.473 240.427 132.406 79.6316 122.071 22.0169
internal_count=13853 13732 13372 12540 2616 1352 9924 7713 6064 2211 1170 753 832 121
is_linear=0
shrinkage=0.03


Tree=185
num_leaves=15
num_cat=0
split_feature=2 12 20 28 3 16 1 25 28 32 0 35 32 28
split_gain=9.93436 7.44402 5.00912 4.4737 7.94953 5.94986 3.80536 3.57419 4.27948 4.83 11.0823 2.82031 1.99877 1.31946
threshold=0.52232142857142871 1.0000000180025095e-35 0.00078329944037832451 16.500000000000004 0.039410212295490056 7.8408904867066003 2.1723573866964432 -0.023276462783392123 11.500000000000002 40.284889935239597 22.432973905552448 43.897768897768906 54.653039268423889 6.5000000000000009
decision_type=2 2 10 2 8 10 10 10 2 2 8 8 2 2
left_child=1 2 3 7 -5 -6 -3 12 9 13 -11 -2 -1 -9
right_child=11 6 -4 4 5 -7 -8 8 -10 10 -12 -13 -14 -15
leaf_value=0.0025556365427688525 0.026380146893491052 0.0082732674953433609 0.0046435793988313283 0.0025556365427688525 -0.018089644084639353 -0.0044626444366323023 0.0046435793988313283 0.00099152739313788127 0.00099152739313788127 -0.0017492033704618064 -0.012655493670304154 0.0088170811829295457 0.00099152739313788127 -0.0017492033704618064
leaf_weight=412.60021392069757 10.816202413290737 114.30128264427185 82.077629392035306 22.831266336143017 42.962580452673137 22.119249500334263 18.075973205268383 61.260951224714518 190.95173763483763 222.72917335107923 99.656132705509663 37.26456082239747 170.21401176601648 86.021386228501797
leaf_count=3106 81 638 535 163 541 167 95 336 1728 2509 1059 273 2018 525
internal_value=0.00210967 0.00166574 0.00101389 0.000467694 -0.00588571 -0.0114809 0.00827327 0.000938664 -0.000572582 -0.00240775 -0.00448993 0.0148808 0.00255564 0.000991527
internal_weight=1593.88 1545.8 1413.42 1331.35 87.9131 65.0818 132.377 1243.43 660.619 469.668 322.385 48.0808 582.814 147.282
internal_count=13774 13420 12687 12152 871 708 733 11281 6157 4429 3568 354 5124 861
is_linear=0
shrinkage=0.03


Tree=186
num_leaves=15
num_cat=0
split_feature=11 34 27 33 21 3 13 13 22 18 22 9 3 8
split_gain=8.78895 7.83046 6.41058 5.76682 4.3662 5.83404 4.13965 4.10882 2.11861 2.0606 1.87881 0.697194 0.576463 0.247798
threshold=0.29629694660509548 20.446220446220451 1.3922115899433924 36.951936951936958 1.0000000180025095e-35 -0.94951187661970138 -0.016792233173059574 0.15979778695965161 0.0058331305116852026 0.23082792317126699 0.00057258548627373658 0.38611314966082777 0.95262177428672923 0.22448243902937295
decision_type=2 2 10 2 2 10 10 8 2 8 2 8 10 10
left_child=1 -1 3 11 5 -5 -7 -2 9 -4 -9 -3 -11 -8
right_child=7 2 8 4 -6 6 13 10 -10 12 -12 -13 -14 -15
leaf_value=0.0060714675809301144 0.0060714675809301144 0.0017061448462700026 -0.021171873250847243 0.00028698919783265057 0.0017061448462700026 -0.0040674435539618525 -0.0014537785364752778 0.010690421446933003 -0.0040674435539618525 -0.0082565215627805073 0.020139231161761393 0.0033729285898063208 -0.014714197406813874 -0.0027606110452185651
leaf_weight=97.527138028293848 23.523950094357133 76.61552057787776 13.395500325597821 295.72959856875241 241.07782749086618 318.63410927914083 153.20430554822087 28.050831250846386 6.9002621769905081 22.140713496133689 37.104708020575345 171.11412521079183 9.2175859175622445 101.63160260487348
leaf_count=580 125 494 153 2353 1863 4045 1374 127 54 164 205 1149 74 1014
internal_value=0.00189038 0.00133147 0.00067439 0.0010831 3.93611e-05 -0.00113217 -0.00319455 0.0108115 -0.00921798 -0.0124456 0.0153094 0.00337293 -0.00825652 -0.00145378
internal_weight=1595.87 1507.19 1409.66 1358.01 1110.28 869.2 573.47 88.6795 51.6541 44.7538 65.1555 247.73 31.3583 254.836
internal_count=13774 13317 12737 12292 10649 8786 6433 457 445 391 332 1643 238 2388
is_linear=0
shrinkage=0.03


Tree=187
num_leaves=15
num_cat=0
split_feature=14 28 2 13 0 28 2 22 26 0 34 34 34 33
split_gain=8.54348 5.75752 6.75527 6.3121 8.26819 4.52459 5.30052 4.36654 4.53736 3.70727 3.00478 2.83734 2.07542 1.92942
threshold=1.3720874214476551 1.5000000000000002 0.52232142857142871 -0.14481815292357419 0.57395809211890958 6.5000000000000009 0.030000000000000006 0.0014420238891015189 0.39934210251956076 inf 47.993672993673009 53.912753912753921 50.959040959040962 47.363747363747372
decision_type=2 2 2 10 10 2 2 2 8 8 2 2 2 2
left_child=1 10 3 4 12 9 -7 8 -6 -5 -1 -2 -3 -12
right_child=11 2 -4 5 7 6 -8 -9 -10 -11 13 -13 -14 -15
leaf_value=0.008498217979066908 0.02194951188746469 0.00017670521803202289 0.008498217979066908 0.0044653518086865858 -0.0064304314692723895 0.00017670521803202289 0.0044653518086865858 -0.0031748351552733692 -0.016150819209396424 0.00017670521803202289 0.0055646653862197774 0.008498217979066908 -0.0031748351552733692 -0.00037166116292449856
leaf_weight=33.294191673398018 22.017458105459809 236.97524179145694 42.887142999097705 160.39564422518015 90.116904662922025 449.68005221989006 94.094087696634233 69.140688244253397 57.530760779045522 84.924074355512857 16.188682589679956 11.902945846319197 158.00098352506757 71.241001203656197
leaf_count=233 153 1655 314 1212 1499 3660 544 767 729 649 113 70 1585 656
internal_value=0.00172694 0.00137693 0.000837645 0.000432486 -0.00184613 0.00219954 0.000588366 -0.00652638 -0.00968603 0.00446535 0.00753644 0.0156195 0.000176705 0.00263111
internal_weight=1598.39 1564.47 1443.75 1400.86 611.765 789.094 543.774 216.788 147.648 245.32 120.724 33.9204 394.976 87.4297
internal_count=13839 13616 12614 12300 6235 6065 4204 2995 2228 1861 1002 223 3240 769
is_linear=0
shrinkage=0.03


Tree=188
num_leaves=15
num_cat=0
split_feature=20 28 0 14 18 32 17 12 28 22 21 21 18 25
split_gain=7.10872 7.34437 7.3301 5.76237 5.64807 5.95983 5.26252 4.8056 5.4867 9.6024 4.69156 3.79949 3.73197 3.55468
threshold=0.95139612030466447 5.5000000000000009 -1.0000000180025095e-35 0.38508461262244703 0.48827384531311341 49.024052870206724 0.030972796728943847 0.044375418204102117 11.500000000000002 0.00049458885088251951 1.0000000180025095e-35 0.097488857490131989 0.97316436577133525 -0.054498795476221044
decision_type=10 2 8 2 8 2 2 2 2 2 2 2 10 10
left_child=1 4 -3 7 6 -6 11 8 9 12 -7 -1 13 -4
right_child=-2 2 3 -5 5 10 -8 -9 -10 -11 -12 -13 -14 -15
leaf_value=-0.014048130342222668 0.017117223518005535 0.0092518820403704929 -0.0078451691459596722 0.0042266296220253435 0.0092518820403704929 0.0013227056390733424 0.0013227056390733424 0.001306065987792661 -0.00065002587194154234 -0.00065002587194154234 0.0062765524501108899 -0.0039455117620063708 -0.0047433512488692046 -0.013793124256822879
leaf_weight=44.662653166800737 21.343279647640884 61.959890011698008 44.634080741554499 94.776618435978889 115.18735768273473 282.16852307878435 33.888532258570194 99.790615193545818 371.04711193218827 147.79963647015393 68.974663021042943 6.9538235813379279 48.912732863798738 147.82836090028286
leaf_count=388 239 436 567 531 640 2897 215 496 3525 1256 503 36 470 1639
internal_value=0.00165071 0.00138654 -0.000129568 -0.000798623 0.00415603 0.00544817 -0.00280276 -0.0016145 -0.00260612 -0.00511779 0.00330122 -0.00921373 -0.00883668 -0.010947
internal_weight=1589.93 1568.58 1016.75 954.789 551.836 466.331 85.505 860.013 760.222 389.175 351.143 51.6165 241.375 192.462
internal_count=13838 13599 8920 8484 4679 4040 639 7953 7457 3932 3400 424 2676 2206
is_linear=0
shrinkage=0.03


Tree=189
num_leaves=15
num_cat=0
split_feature=2 34 14 28 27 28 9 13 14 27 13 31 16 8
split_gain=6.69209 5.84613 4.89168 4.41204 3.53607 3.95188 11.9562 6.42392 3.89884 3.2172 3.19087 1.49852 1.41259 1.15528
threshold=0.50892857142857151 21.062271062271066 0.43982366947471624 8.5000000000000018 -0.26174353192345839 11.500000000000002 0.071648088260096582 -0.0053952472897260866 0.00073359706486783528 2.3891796296093868 24.687582632347993 69.240375009605799 5.9690669738361049 0.91425331425403666
decision_type=2 2 2 2 10 2 10 8 2 10 8 2 8 10
left_child=1 3 4 -1 12 6 8 -8 10 -7 -6 -2 -3 -9
right_child=11 2 -4 -5 5 9 7 13 -10 -11 -12 -13 -14 -15
leaf_value=0.0074704793410081648 0.016230376179829639 0.001146584445204995 0.0044159665490838005 0.0044159665490838005 -0.017056117525642962 0.001146584445204995 -0.0044393357408516847 0.001146584445204995 -0.0044393357408516847 -0.015831907242914844 -0.0085240625496162091 0.0074704793410081648 0.0025722094522685479 -0.0016463756478233449
leaf_weight=58.777065868489444 36.5562355350703 113.98953910171986 120.23586132004857 54.726232314482331 64.148396505042911 366.32526720315218 49.105258027091622 237.32624427229166 36.06063574180007 6.6764663867652407 38.651781380176544 8.7757377438247186 256.9356449348852 143.0717375036329
leaf_count=350 280 884 700 335 594 3364 481 2369 208 51 430 62 2333 1410
internal_value=0.00225834 0.00190119 0.00136145 0.00747048 0.000728452 -0.000279041 -0.00194684 0.000554105 -0.00943278 0.00114658 -0.0126088 0.0130398 0.00257221 0.00114658
internal_weight=1591.36 1546.03 1432.53 113.503 1312.29 941.366 568.364 429.503 138.861 373.002 102.8 45.332 370.925 380.398
internal_count=13851 13509 12824 685 12124 8907 5492 4260 1232 3415 1024 342 3217 3779
is_linear=0
shrinkage=0.03


Tree=190
num_leaves=15
num_cat=0
split_feature=14 2 23 12 17 16 35 18 34 8 25 32 9 1
split_gain=8.56777 7.21735 6.49838 3.50956 3.40508 3.58373 4.26062 3.59813 2.0172 1.82871 1.38153 0.847999 0.91554 0.798813
threshold=1.2164699835047244 0.52232142857142871 1.4513346912131471 0.044375418204102117 0.043000352474237835 -1.0000000180025095e-35 60.289710289710293 0.49282082593349646 53.912753912753921 0.37790524307855483 0.025863991252837785 47.943664726881515 inf 3.6902470411810451
decision_type=2 2 2 2 2 8 10 8 2 10 8 2 8 8
left_child=1 2 3 4 5 6 13 10 -2 -9 -7 -4 -13 -1
right_child=8 -3 11 -5 -6 7 -8 9 -10 -11 -12 12 -14 -15
leaf_value=-0.0043887919943762458 0.020854767390864979 0.0084848023523811725 0.0047072322740224172 0.0024207152789411076 0.00097272884510421118 -0.0023159388428161437 -0.01643184713387863 -0.00024308569125604167 0.0084848023523811725 -0.0023159388428161437 -0.0043887919943762458 0.0024207152789411076 0.0035639737764817624 -0.010410319564127439
leaf_weight=31.511778068728745 22.15167623385787 48.047851890325546 59.046197094023228 117.61421794909984 257.96889910101891 57.723104810342193 28.143137368373573 559.6731869596988 11.689761094748972 174.89462329261005 80.921382816508412 95.546265535056591 42.994993589818478 8.1565293492749316
leaf_count=277 155 354 335 653 1700 541 259 5713 68 1946 820 697 272 77
internal_value=0.00169701 0.00134646 0.000929662 0.000134198 -0.000475258 -0.0014589 -0.00785749 -0.000920095 0.0156231 -0.000243086 -0.00438879 0.00470723 0.00242072 -0.00438879
internal_weight=1596.08 1562.24 1514.19 1316.61 1198.99 941.024 67.8114 873.212 33.8414 734.568 138.644 197.587 138.541 39.6683
internal_count=13867 13644 13290 11986 11333 9633 613 9020 223 7659 1361 1304 969 354
is_linear=0
shrinkage=0.03


Tree=191
num_leaves=15
num_cat=0
split_feature=11 1 28 18 24 13 34 3 28 18 16 7 28 14
split_gain=8.3938 6.24137 5.66404 10.117 8.94647 5.09088 7.05589 5.07813 3.92531 6.03411 5.68577 4.38708 3.8605 3.69029
threshold=4.5848660010509734 -1.4253735324078141 6.5000000000000009 0.48827384531311341 -1.0691264447078581 -0.027423111544854818 49.467199467199478 -0.04223466361481084 12.500000000000002 0.76420388984102072 7.6719510275747007 0.056307271357421314 11.500000000000002 0.15904837730086321
decision_type=2 8 2 8 10 10 2 10 2 8 10 10 2 2
left_child=1 -1 3 13 7 6 -5 12 9 11 -10 -9 -4 -3
right_child=-2 2 4 5 -6 -7 -8 8 10 -11 -12 -13 -14 -15
leaf_value=0.010887041783148607 0.020067733054371314 -0.0083550930683951845 2.2443585880452739e-05 0.004186531219955077 0.0061415515339317489 0.0061415515339317489 8.5054270573372968e-05 -0.003120551825710755 -0.0076199660289701238 2.2443585880452739e-05 2.2443585880452739e-05 -0.011514178636597736 0.0024687161662844512 8.5054270573372968e-05
leaf_weight=32.700283953920007 17.788891536183655 80.052736970596015 93.006411477923393 173.75194211211056 96.0411440981552 195.551180139184 164.74954123422503 61.991085841320455 209.56943304464221 215.50604915246367 89.860966930165887 71.09526948351413 71.67594850808382 19.715840760618448
leaf_count=278 104 667 712 1320 668 1475 1854 503 2165 2258 624 631 473 97
internal_value=0.00197353 0.00170635 0.00139606 0.00356074 -0.000124959 0.00519673 0.00223151 -0.00120412 -0.00242383 -0.000246599 -0.00491285 -0.00626355 0.00246872 -0.00502662
internal_weight=1593.06 1575.27 1542.57 633.821 908.746 534.053 338.501 812.705 648.023 348.592 299.43 133.086 164.682 99.7686
internal_count=13829 13725 13447 5413 8034 4649 3174 7366 6181 3392 2789 1134 1185 764
is_linear=0
shrinkage=0.03


Tree=192
num_leaves=15
num_cat=0
split_feature=11 2 12 17 16 22 4 27 13 1 3 0 8 18
split_gain=7.29776 5.18177 4.94151 4.95366 3.50065 4.92706 7.344 4.2174 3.88156 2.40825 2.40254 1.95089 1.88836 1.62553
threshold=4.5848660010509734 0.52232142857142871 1.0000000180025095e-35 0.022807403417161542 6.7813821821956131 0.00027852558105868804 -0.53694517870980052 inf -39.768424534071293 2.1723573866964432 -0.04223466361481084 0.5396334072819019 -0.3335478219200842 0.20230355399977604
decision_type=2 2 2 2 8 2 10 8 10 10 10 10 10 8
left_child=1 2 3 4 5 6 7 -1 11 -4 -8 -6 -12 -5
right_child=-2 -3 9 13 8 -7 10 -9 -10 -11 12 -13 -14 -15
leaf_value=-0.0028051372177568005 0.019190469618890888 0.010543717113455819 0.0060608762013245332 0.001791260798272534 0.00068216912288932572 -0.00042692255249388266 -0.007747282731828768 -0.007747282731828768 0.001791260798272534 0.0035453815957707251 -0.011581230130221123 -0.00042692255249388266 -0.019869850288479683 0.0035453815957707251
leaf_weight=108.75487076118588 17.350763304159045 45.263676511123776 115.29222950618714 77.283882975578308 281.67389847151935 150.88038417138159 6.4043241068720809 59.808794505894184 225.59510938543826 17.325972255319357 25.389769578352571 177.32472696062177 45.800939389504492 235.14707473665476
leaf_count=953 103 342 636 579 2451 1245 33 458 1930 89 263 2630 582 1526
internal_value=0.00214535 0.00189696 0.00157804 0.00102989 3.714e-05 -0.00218798 -0.00518335 -0.00280514 0.00133413 0.00606088 -0.0126894 -0.000426923 -0.0154152 0.00354538
internal_weight=1589.3 1571.95 1526.68 1394.06 1081.63 397.039 246.159 168.564 684.594 132.618 77.595 458.999 71.1907 312.431
internal_count=13820 13717 13375 12650 10545 3534 2289 1411 7011 725 878 5081 845 2105
is_linear=0
shrinkage=0.03


Tree=193
num_leaves=15
num_cat=0
split_feature=20 11 23 16 1 13 32 19 22 22 3 0 19 32
split_gain=8.47922 7.19422 4.08387 5.19411 5.75576 4.96 3.92931 3.59799 4.17979 3.4316 3.29572 2.34158 1.4194 0.631608
threshold=0.96728788207662453 0.9115050812254285 1.48846164877547 6.1259277344876679 2.783316716403974 -30.956889671101873 48.488923663748842 0.041973564378629653 0.0020196482050488422 0.00042237075585435706 -0.04223466361481084 0.5396334072819019 0.51857648083196761 54.94121263352033
decision_type=10 2 2 8 10 10 2 10 2 2 10 10 10 2
left_child=1 2 3 4 9 11 -4 13 -9 10 -1 -5 -3 -6
right_child=-2 12 6 5 7 -7 -8 8 -10 -11 -12 -13 -14 -15
leaf_value=-0.0012113846539013786 0.019705691835284898 0.010877189387442055 0.0062621943828831232 0.0019370412876818382 -0.0041969813981042161 0.0033149042511963515 0.0033149042511963515 -0.024714863145101719 -0.010173694827441914 0.00055917832416732451 -0.0041969813981042161 0.00055917832416732451 0.0062621943828831232 -0.010173694827441914
leaf_weight=116.07487909495831 19.953963056206703 36.144274920225143 60.0662522315979 287.41718663088977 42.691229438409209 364.44982679281384 139.06498952582479 21.015275657176975 8.179828464984892 168.46638914290816 133.26323258690536 167.73623216710985 14.773628186434506 8.5928258616477233
leaf_count=938 226 179 337 2481 335 2803 968 240 68 1186 1305 2579 73 148
internal_value=0.00233173 0.00204869 0.0016472 0.00103125 -0.00137566 0.00249402 0.00559856 -0.00846856 -0.0161504 7.45939e-05 -0.00298195 0.000559178 0.0108772 -0.00419698
internal_weight=1587.89 1567.94 1517.02 1317.89 498.284 819.603 199.131 80.4792 29.1951 417.805 249.338 455.153 50.9179 51.2841
internal_count=13866 13640 13388 12083 4220 7863 1305 791 308 3429 2243 5060 252 483
is_linear=0
shrinkage=0.03


Tree=194
num_leaves=15
num_cat=0
split_feature=20 11 2 16 34 18 13 17 3 3 21 28 8 8
split_gain=9.59371 5.3506 5.23976 3.77833 10.1094 7.51763 4.396 2.74135 3.87839 2.2494 1.8966 1.65943 1.30914 0.952687
threshold=0.96728788207662453 4.5848660010509734 0.20871212121212124 6.3347248780658605 50.959040959040962 0.1164780578617453 -0.10504652028810656 0.0052816812879010753 6.170765946906257e-16 -0.36461581853367192 1.0000000180025095e-35 15.500000000000002 0.25923606656389714 -0.17641297634471884
decision_type=10 2 2 10 2 8 8 2 10 10 2 2 10 8
left_child=1 2 3 4 11 9 -7 8 -8 -6 -4 -1 -5 -10
right_child=-2 -3 10 12 5 6 7 -9 13 -11 -12 -13 -14 -15
leaf_value=0.0012971935208210277 0.019819257893310873 0.010493132807985334 0.0030078825594990247 0.0030078825594990247 -0.011465859005001716 -0.011465859005001716 -0.0025365261554785999 -0.001187991907782739 -0.004637264484153903 -0.026396833962659991 0.0057119564960230159 -0.001187991907782739 0.0012971935208210277 -0.0067380028128292075
leaf_weight=583.14852891862392 20.248885287903249 17.844594027847052 129.29040629789233 129.07014387659729 3.9345442019403007 28.594867098145187 180.55969608947635 75.215479427948594 29.959457216784358 15.069786899723111 42.552965775132179 66.853325542062521 94.037029446102679 167.17595705855638
leaf_count=4459 234 96 873 836 37 322 1583 551 447 240 269 548 708 2634
internal_value=0.00146714 0.00116701 0.00093078 0.000303809 -0.000413496 -0.00367318 -0.00282457 -0.00201015 -0.00388506 -0.0201071 0.00571196 0.00129719 0.00300788 -0.006738
internal_weight=1583.56 1563.31 1545.46 1373.62 1150.51 500.51 481.505 452.911 377.695 19.0043 171.843 650.002 223.107 197.135
internal_count=13837 13603 13507 12365 10821 5814 5537 5215 4664 277 1142 5007 1544 3081
is_linear=0
shrinkage=0.03


Tree=195
num_leaves=15
num_cat=0
split_feature=20 14 17 8 0 13 16 28 3 32 31 0 34 25
split_gain=6.3442 5.35719 4.90951 2.86618 2.62958 11.5657 4.9957 3.64189 1.77255 1.76324 2.30168 1.62371 0.578322 0.386142
threshold=0.98781844079097103 0.98677641691313911 0.043000352474237835 0.019909321635124936 0.57395809211890958 -27.737593842472673 27.738596456998248 1.5000000000000002 23.966738561979806 47.943664726881515 49.409991717684036 5.1606827212378414 55.860805860805861 0.025863991252837785
decision_type=10 2 2 10 10 10 8 2 10 2 2 10 2 8
left_child=1 2 4 -4 6 7 -1 -6 9 -9 -11 -3 -5 -12
right_child=-2 11 3 12 5 -7 -8 8 -10 10 13 -13 -14 -15
leaf_value=0.00042229859354766115 0.017979517711761227 0.0099891210853695501 0.0058226995040782346 0.0043782580723172428 -0.0033758276072986398 0.00042229859354766115 0.0029338166405562505 -0.0033758276072986398 -0.017661480055869518 -0.0063578770278088555 -0.0095479986042715046 0.0058226995040782346 0.0029338166405562505 -0.012738120180734152
leaf_weight=332.87601446174085 17.781625650823116 38.24483441747725 160.11116779223084 90.35120559297502 35.941438484936953 256.45298477355391 431.86303658038378 16.702608741819859 19.722797389142215 49.084751065820456 19.85768948122859 11.20056017488241 48.181408220902085 50.409365843981504
leaf_count=2577 208 247 991 570 392 2482 3538 82 415 788 311 56 366 743
internal_value=0.00223491 0.00199872 0.00165628 0.005069 0.000798635 -0.00101889 0.00186348 -0.00717395 -0.00957193 -0.00781476 -0.00933993 0.00998912 0.00293382 -0.0127381
internal_weight=1578.78 1561 1511.55 298.644 1212.91 448.172 764.739 191.719 155.777 136.054 119.352 49.4454 138.533 70.2671
internal_count=13766 13558 13255 1927 11328 5213 6115 2731 2339 1924 1842 303 936 1054
is_linear=0
shrinkage=0.03


Tree=196
num_leaves=15
num_cat=0
split_feature=11 20 13 3 28 14 28 3 34 34 16 35 4 12
split_gain=9.7407 6.52754 5.31644 11.7273 6.05925 5.71094 3.26482 5.18611 3.57477 2.34265 1.81001 1.31463 1.13089 0.863709
threshold=4.5848660010509734 0.95139612030466447 -30.956889671101873 0.46631709524414744 10.500000000000002 0.45503683561911862 11.500000000000002 0.0008997212295169736 20.446220446220451 62.619047619047628 30.763171977260892 24.700299700299706 -0.18615210647459501 0.46457670101980258
decision_type=2 10 10 10 2 2 2 10 2 2 8 10 8 2
left_child=1 2 3 10 9 6 8 -8 -4 -5 -1 -6 -11 -9
right_child=-2 -3 5 4 11 -7 7 13 -10 12 -12 -13 -14 -15
leaf_value=-0.0035540093716288504 0.021951256220623324 0.011593557379246647 0.00388014940366436 -0.0035540093716288504 -0.0035540093716288504 0.0062781101139674248 0.00388014940366436 0.00053101344944147741 0.00053101344944147741 -0.0071841787728314978 0.00053101344944147741 -0.01869942106469745 -0.014058986701823095 0.0022055814265529187
leaf_weight=44.685395654290915 15.726825938560067 21.350689661689103 33.101135667413473 99.434280968271196 7.6199019458144894 80.161404067650437 76.557132698595524 226.55998675338924 517.67720061354339 3.4708568267524242 358.36996212787926 37.856871651485562 33.773863538168371 16.959029950201511
leaf_count=364 90 237 164 1127 126 487 496 1972 4241 83 2982 608 660 84
internal_value=0.00151182 0.00123586 0.000962663 -0.00128038 -0.00763903 0.0023424 0.00148219 0.00388015 0.000531013 -0.00417868 0.000531013 -0.0165949 -0.0108143 0.000531013
internal_weight=1573.3 1557.58 1536.23 585.211 182.156 951.016 870.854 320.076 550.778 136.679 403.055 45.4768 37.2447 243.519
internal_count=13721 13631 13394 5950 2604 7444 6957 2552 4405 1870 3346 734 743 2056
is_linear=0
shrinkage=0.03


Tree=197
num_leaves=15
num_cat=0
split_feature=11 13 34 18 30 14 2 18 33 9 9 33 26 1
split_gain=6.96302 6.72421 5.8833 6.0609 7.069 4.50616 3.3002 2.35647 2.15999 1.71813 0.942266 0.817291 0.790931 0.649291
threshold=3.9414074297795234 38.512252324550637 55.319680319680337 0.19813143848702855 67.217306503020794 0.4647085625076719 0.11819852941176472 0.12697891118552199 46.728271728271729 inf inf 48.743478743478754 2.5242743131103054 0.086747813335394913
decision_type=2 10 2 10 2 2 2 8 2 8 8 2 8 10
left_child=1 2 5 4 7 6 9 13 -5 -1 -6 -3 -9 -4
right_child=-2 11 3 8 10 -7 -8 12 -10 -11 -12 -13 -14 -15
leaf_value=0.00079120904096193411 0.018078421040102627 0.0098866527382106949 -0.0053500493375821896 0.00079120904096193411 -0.019378513904215158 0.0056054094614879767 0.0037722449633826294 -0.0018704021974611136 -0.0018704021974611136 0.0023529480785631275 -0.0088296964777032673 0.0056054094614879767 -0.0050948505714070707 -0.0088296964777032673
leaf_weight=646.89323666412383 18.774008663371205 34.289107628166676 7.1672634519636658 154.85458741150796 23.534879992716014 59.880400333553553 152.0110372658819 115.72749782446772 132.55804860591888 104.34928277879953 16.490444764494896 8.6270086243748647 80.505702050402761 17.731478970497847
leaf_count=5371 110 220 60 1194 616 383 955 1438 1352 758 263 69 774 189
internal_value=0.00194702 0.00169488 0.00132417 -0.0011491 -0.00453201 0.00273152 0.00193908 -0.00226998 0.000791209 0.000933651 -0.0153894 0.00988665 -0.0018704 -0.0088297
internal_weight=1573.39 1554.62 1511.7 548.57 261.157 963.134 903.254 221.132 287.413 751.243 40.0253 42.9161 196.233 24.8987
internal_count=13752 13642 13353 5886 3340 7467 7084 2461 2546 6129 879 289 2212 249
is_linear=0
shrinkage=0.03


Tree=198
num_leaves=15
num_cat=0
split_feature=1 11 21 16 3 23 25 13 28 18 4 2 17 4
split_gain=7.17853 5.91876 6.36111 9.39987 6.33288 4.69338 3.20899 4.71969 3.12235 2.96049 1.74444 1.70881 1.38969 0.822411
threshold=-1.4253735324078141 0.071778837733983067 1.0000000180025095e-35 -1.0000000180025095e-35 -0.46872368621525035 0.013863126021198871 -0.028385085825456621 -0.33836692898150755 1.5000000000000002 0.36685588006222303 -0.012856745655990284 0.37171052631578955 0.09720329330799922 0.15005079624890424
decision_type=8 2 2 10 10 2 8 10 2 8 10 2 2 10
left_child=11 2 3 4 -2 -4 -6 8 -8 -5 -3 -1 13 -10
right_child=1 10 5 9 6 -7 7 -9 12 -11 -12 -13 -14 -15
leaf_value=0.0077381007744262691 -0.0010149992466751689 0.0077381007744262691 0.0015174579657261566 -0.0010149992466751689 -0.0034457404879841211 0.0041197237784137229 -0.0080969700049611515 -0.0055420729404624305 -0.012348324943878263 0.0015174579657261566 0.0041197237784137229 0.018833943129124415 -0.0080969700049611515 -0.020882075767603158
leaf_weight=8.1878344453871268 149.00874574109912 51.602272358722985 161.02816832624376 154.94031977187842 89.091405792161822 230.16414033342153 43.570153146982193 79.005822448059916 141.24194554705173 372.43423201516271 51.84312997572124 23.368171460926533 5.9080180190503588 22.949600337538868
leaf_count=51 1166 288 1372 1388 1182 1415 456 767 1832 2941 261 221 45 415
internal_value=0.00132169 0.00100897 0.000501347 -0.000709611 -0.00354746 0.00374453 -0.00587648 -0.00763841 -0.0106519 0.00151746 0.0077381 0.0144672 -0.0132031 -0.014123
internal_weight=1584.34 1552.79 1449.34 1058.15 530.776 391.192 381.767 292.676 213.67 527.375 103.445 31.556 170.1 164.192
internal_count=13800 13528 12979 10192 5863 2787 4697 3515 2748 4329 549 272 2292 2247
is_linear=0
shrinkage=0.03


Tree=199
num_leaves=15
num_cat=0
split_feature=11 2 23 16 1 4 22 34 13 32 33 9 4 1
split_gain=6.72619 5.72594 6.97242 4.52824 5.26702 7.8667 2.9557 2.61232 2.55651 2.47759 1.80775 1.13748 1.03889 0.391716
threshold=4.5848660010509734 0.52232142857142871 1.0229050809219202 7.5820104109869524 2.783316716403974 -0.15045206691258109 2.6432281670196624e-05 50.790875790875802 49.764769772536177 49.627295781141946 62.093462093462101 0.36406687474596983 0.52232017204606762 0.010982208033670485
decision_type=2 2 2 10 10 10 2 2 8 2 2 8 8 10
left_child=1 2 3 4 7 -6 -7 -1 13 -4 -8 -5 -3 -9
right_child=-2 12 9 11 5 6 10 8 -10 -11 -12 -13 -14 -15
leaf_value=0.00050739812341215294 0.017132629154146897 0.0090026791810262751 0.0047709375287900138 0.00050739812341215294 -0.0028254997286663967 -0.019720072013692243 -0.0076584845997797997 -0.0017808871525998055 -0.00073627457653321427 0.0022199968882113193 -0.013689278306736023 0.0022199968882113193 0.0047709375287900138 -0.0028254997286663967
leaf_weight=417.67181354854256 18.262845003046095 26.629056163132191 78.349013086408377 64.973771398887038 115.95687935687602 30.068306192755699 46.600233444944024 121.1479322463274 190.46743673551828 148.61152286455035 10.310092996805905 158.74499001726508 16.050725817680359 126.16549540637061
leaf_count=3140 106 210 446 444 1373 598 521 992 2174 1035 153 1085 119 1335
internal_value=0.00111566 0.000872729 0.000539196 -0.000330944 -0.0012052 -0.0054877 -0.0124915 -0.000163295 -0.00197995 0.00477094 -0.00765848 0.00222 0.00900268 -0.0028255
internal_weight=1570.01 1551.75 1509.07 1282.11 1058.39 202.936 86.9786 855.453 437.781 226.961 56.9103 223.719 42.6798 247.313
internal_count=13731 13625 13296 11815 10286 2645 1272 7641 4501 1481 674 1529 329 2327
is_linear=0
shrinkage=0.03


Tree=200
num_leaves=15
num_cat=0
split_feature=20 2 14 17 35 11 13 1 4 3 1 4 14 27
split_gain=7.4065 6.35115 3.40363 2.5434 1.99577 1.62526 2.80696 6.2296 4.27127 1.32645 0.828642 0.543942 0.224131 0.188303
threshold=0.98781844079097103 0.52232142857142871 1.2164699835047244 0.043000352474237835 37.246087246087257 0.30075255978870447 -23.550741292137122 0.48991432177669231 -0.66200203449333772 0.12688429477978849 inf 0.54282118857312955 0.0023319717041738702 0.044451762570833837
decision_type=10 2 2 2 10 2 10 10 10 10 8 8 2 10
left_child=1 2 3 5 -5 6 7 -1 -9 -10 -8 -3 -12 -11
right_child=-2 11 -4 4 -6 -7 10 8 9 13 12 -13 -14 -15
leaf_value=-0.00082484189827070975 0.018712593563125872 0.0099608923189603727 0.0054083593065726828 0.0029940962133302986 0.0014771079934989024 0.0014771079934989024 0.0005081278400628777 -0.0036288293883643746 -0.0071304842410865659 -0.010007647381930638 -0.00082484189827070975 0.0054083593065726828 -0.00015835702910391603 -0.016421193457249822
leaf_weight=297.76570071838796 17.098305209539831 28.807835631072521 32.003915702924132 98.161713056266308 196.94938166998327 72.610417960211635 463.01248421845958 94.008979450911283 8.9693777505308372 73.749315144494176 127.3277690783143 15.952795669436453 33.089697256684303 25.167694784700871
leaf_count=2523 204 229 207 595 1300 348 4109 1082 91 1321 1084 120 176 457
internal_value=0.00145631 0.00120919 0.000855826 0.000579833 0.0029941 -3.98802e-05 -0.000460852 -0.00215781 -0.00643282 -0.0106321 0.000508128 0.00996089 -0.000824842 -0.0123511
internal_weight=1584.68 1567.58 1522.82 1490.81 295.111 1195.7 1123.09 499.661 201.895 107.886 623.43 44.7606 160.417 98.917
internal_count=13846 13642 13293 13086 1895 11191 10843 5474 2951 1869 5369 349 1260 1778
is_linear=0
shrinkage=0.03


Tree=201
num_leaves=15
num_cat=0
split_feature=1 11 13 3 4 24 4 18 12 34 9 13 33 18
split_gain=5.62398 3.56294 5.0839 11.8335 8.00346 3.54826 3.18665 2.57316 2.05703 1.88807 1.40325 0.954014 0.798158 0.623969
threshold=-1.4253735324078141 0.9115050812254285 -17.397973954088425 0.54880282739170394 -0.28816322622700324 -1.0512471108195622 -0.504469141975877 0.38031538557019479 0.19002413893337333 62.619047619047628 0.12181696072447191 -60.579316732067333 41.649223792080946 0.23082792317126699
decision_type=8 2 10 10 10 10 10 8 2 2 10 10 2 10
left_child=11 2 3 7 9 6 13 -2 12 -5 -3 -1 -6 -4
right_child=1 10 5 4 8 -7 -8 -9 -10 -11 -12 -13 -14 -15
leaf_value=0.0075140915097943973 -0.0035406314907160583 0.0043489126778408233 0.0018718252230961342 -0.0035406314907160583 -0.013387089421811977 0.0043489126778408233 0.00074609913197115445 0.00074609913197115445 -0.0092819279407937005 -0.0092819279407937005 0.0075140915097943973 0.018999177953111367 -0.020175536773531198 0.0029975513142211137
leaf_weight=17.05770139023662 14.93306474201381 9.1278015188872796 116.34320798516273 62.112072397023439 10.884251083247362 67.45726381149143 493.38951302878559 386.14758080989122 6.4161987081170073 29.125329526141286 41.302126386202872 13.491891244426368 56.505192208103836 252.09996726922691
leaf_count=143 110 50 956 630 203 448 4062 3343 35 487 220 132 1137 1854
internal_value=0.00174722 0.00147086 0.00118373 -0.00105171 -0.00782736 0.00254391 0.00164619 0.000746099 -0.0150232 -0.00354063 0.00751409 0.0135573 -0.0174923 0.00299755
internal_weight=1576.39 1545.84 1495.41 566.124 165.043 929.29 861.833 401.081 73.8056 91.2374 50.4299 30.5496 67.3894 368.443
internal_count=13810 13535 13265 5945 2492 7320 6872 3453 1375 1117 270 275 1340 2810
is_linear=0
shrinkage=0.03


Tree=202
num_leaves=15
num_cat=0
split_feature=20 14 33 16 21 18 4 6 32 28 13 34 28 4
split_gain=5.1598 4.18537 3.28735 3.48482 4.97627 3.72738 2.90822 2.51005 2.10444 2.10535 2.88399 1.35115 0.849749 1.35857
threshold=0.98781844079097103 1.3720874214476551 36.951936951936958 6.9936460768208013 1.0000000180025095e-35 0.12697891118552199 -0.10372161761019215 0.19238287463426831 48.588823763648954 8.5000000000000018 0.10226980791203734 54.462204462204475 2.5000000000000004 0.15005079624890424
decision_type=10 2 2 10 2 8 10 2 2 2 8 2 2 8
left_child=1 2 6 4 5 7 -1 11 -7 10 -10 -4 -12 -14
right_child=-2 -3 3 -5 -6 8 -8 -9 9 -11 12 -13 13 -15
leaf_value=0.0056070538157285662 0.016565531768527261 0.0093451645919483094 -0.0047041512216646972 0.003037071297474994 0.0017789748668591036 0.00040234098093329282 0.003037071297474994 -0.019125528489333229 -0.0047041512216646972 -0.00066551197817633575 -0.00066551197817633575 -0.011914839855498965 -0.00066551197817633575 -0.0027931513815360426
leaf_weight=128.83249885961413 17.727904506959021 29.16021147556603 19.874054528772831 92.807079402729869 326.73648580722511 244.34576499648392 138.22087240591645 10.686112321447579 132.5969869857654 177.24387359246612 106.2532366886735 14.165114607661961 53.904455725103617 71.52541302330792
leaf_count=824 209 195 137 680 2327 1564 909 175 1289 2461 1049 158 819 909
internal_value=0.00234074 0.0021248 0.00186894 0.00121292 0.000520878 -0.000974293 0.00486123 -0.00894107 -0.000467228 -0.00173336 -0.00327793 -0.00470415 -0.000882152 -0.00279315
internal_weight=1564.08 1546.35 1517.19 1250.14 1157.33 830.595 267.053 44.7253 785.87 541.524 364.28 34.0392 231.683 125.43
internal_count=13705 13496 13301 11568 10888 8561 1733 470 8091 6527 4066 295 2777 1728
is_linear=0
shrinkage=0.03


Tree=203
num_leaves=15
num_cat=0
split_feature=2 13 14 1 22 27 13 16 1 4 8 25 16 24
split_gain=6.38071 3.54662 6.60715 5.12127 4.05255 3.60985 3.1539 2.4593 1.98555 1.39012 1.19209 1.02857 0.7386 0.489398
threshold=0.52232142857142871 -0.14481815292357419 0.45503683561911862 0.48991432177669231 0.0014420238891015189 -0.035246623431093298 -0.14481815292357419 93.91033207475958 0.88818100287397306 0.52232017204606762 1.4505428457913043 0.13353139262452299 6.9936460768208013 -1.0512471108195622
decision_type=2 10 2 10 2 10 8 8 10 8 10 8 10 10
left_child=1 3 5 7 6 12 8 -1 -5 -2 -8 -10 -3 -7
right_child=9 2 -4 4 -6 13 10 -9 11 -11 -12 -13 -14 -15
leaf_value=-0.00081279055582489314 0.016773598195018915 0.00297177691038921 0.0071226434880397533 -0.0080230964143835574 -0.00081279055582489314 0.0014605141548357371 -0.0033771649759326379 0.0014605141548357371 -0.012459792067276763 0.0071226434880397533 -0.0080230964143835574 -0.02283451171010176 0.0044830396659426832 0.00297177691038921
leaf_weight=103.49115830473602 27.105833496898413 167.93675886653364 79.404843717813492 10.937946781516073 98.431805435568094 480.66146084945649 131.73349556978792 310.63675227668136 16.489222093485296 16.288061292842031 14.583230417687444 18.041585371829569 57.152521621435881 43.417780696414411
leaf_count=795 219 1274 483 125 1029 3950 1919 2529 186 119 289 224 366 271
internal_value=0.00192618 0.00158205 0.00290634 1.46874e-05 -0.0030861 0.00184344 -0.00594154 0.00146051 -0.0124826 0.0126632 -0.00356356 -0.0168965 0.00448304 0.00146051
internal_weight=1576.31 1532.92 828.573 704.345 290.217 749.169 191.785 414.128 45.4688 43.3939 146.317 34.5308 225.089 524.079
internal_count=13778 13440 6344 7096 3772 5861 2743 3324 535 338 2208 410 1640 4221
is_linear=0
shrinkage=0.03


Tree=204
num_leaves=15
num_cat=0
split_feature=11 14 27 28 3 18 25 1 13 34 22 33 1 34
split_gain=6.15993 5.39356 4.92669 4.09262 3.74744 2.88665 5.01745 3.53647 3.43491 1.91392 1.68393 2.31022 1.48132 1.46316
threshold=4.5848660010509734 0.98677641691313911 -0.035246623431093298 17.500000000000004 0.059739457796042693 0.21793284219199979 1.0798064805389509 0.50202688844205656 -0.17895589747717075 55.319680319680337 0.00061228708319181855 49.686424686424694 3.2974554065660406 36.380286380286385
decision_type=2 2 8 2 8 8 10 8 10 2 2 2 10 2
left_child=1 2 -1 5 -5 6 10 9 -9 -7 11 -4 -3 -8
right_child=-2 12 3 4 -6 7 13 8 -10 -11 -12 -13 -14 -15
leaf_value=0.0044156184294328396 0.016556189648650587 0.0085759911446095984 -0.0039496093142674512 0.0020403761957632186 -0.017118618201499358 0.0020403761957632186 -0.0085605494506544137 -0.0017531013054227843 0.00059807774850241838 0.00059807774850241838 -0.0017531013054227843 -0.0085605494506544137 0.0044156184294328396 -0.020195450818252875
leaf_weight=150.42308305110782 17.085761997848749 36.925727801397443 44.716405615210533 12.964182529598473 19.305516853928566 308.52382277324796 6.2432440854609039 321.77686132770032 418.78870301321149 123.69731703586876 47.580395141616464 31.149110101629049 12.468108400702475 17.156409274786711
leaf_count=1250 104 253 350 92 221 2148 41 3835 3346 1213 316 373 64 195
internal_value=0.000821663 0.000595793 0.000255246 -0.000334866 -0.0101387 -5.77616e-05 -0.00395056 0.000444361 -0.000844221 0.00204038 -0.0017531 -0.00614612 0.00857599 -0.015368
internal_weight=1568.8 1551.72 1502.33 1351.9 32.2697 1319.63 146.846 1172.79 740.566 432.221 123.446 75.8655 49.3938 23.3997
internal_count=13801 13697 13380 12130 313 11817 1275 10542 7181 3361 1039 723 317 236
is_linear=0
shrinkage=0.03


Tree=205
num_leaves=15
num_cat=0
split_feature=14 9 0 13 13 2 18 17 23 8 22 1 22 13
split_gain=4.38332 3.79682 3.34174 4.98998 2.57558 2.33782 2.00974 1.83645 1.69205 1.65397 1.15406 1.02951 0.584818 0.487341
threshold=1.3720874214476551 inf 22.432973905552448 -1.5020173737792912 0.2159741523028724 0.1125730994152047 0.1299784811026462 0.033658057903732101 0.0030572262482800971 0.98739170345718741 0.0019425959655939822 1.8235360115356134 0.18991166789725913 37.956278136363331
decision_type=2 8 10 10 10 2 8 2 2 10 2 10 2 10
left_child=1 2 5 12 8 6 -1 10 -3 -5 13 -2 -4 -8
right_child=11 4 3 9 -6 -7 7 -9 -10 -11 -12 -13 -14 -15
leaf_value=-0.0013613710974478752 0.016499004503500232 0.0035513747933412772 -0.018262344722218393 -0.0013613710974478752 0.0074041646741282016 0.0035513747933412772 0.00015169790386115347 0.002393547895025733 0.0054777697337347392 -0.0082819225175565451 0.001546302226651455 0.0074041646741282016 -0.0082819225175565451 0.0008490000652563043
leaf_weight=75.59520177450031 21.815572090446949 149.21147726476192 17.031490557361398 37.766175258904696 19.248995898291469 201.27197396475822 575.41857982147485 200.80168479215354 76.119003664702177 10.136353611014782 173.02957594394684 10.467044204473494 5.6388396155089131 10.638721875846384
leaf_count=736 161 1409 369 336 119 1298 5818 1317 478 111 1489 61 80 84
internal_value=0.00243223 0.00218026 0.00152601 -0.00461643 0.00557674 0.00189369 0.00123572 0.00166477 0.00355137 -0.00136137 0.000699057 0.0126281 -0.0152025 0.000151698
internal_weight=1584.19 1551.91 1307.33 70.5729 244.579 1236.76 1035.48 959.889 225.33 47.9025 759.087 32.2826 22.6703 586.057
internal_count=13866 13644 11638 896 2006 10742 9444 8708 1887 447 7391 222 449 5902
is_linear=0
shrinkage=0.03


Tree=206
num_leaves=15
num_cat=0
split_feature=20 1 28 11 14 12 9 13 1 28 23 35 27 12
split_gain=5.03673 3.68549 3.07518 2.71989 2.65256 3.3486 4.28288 5.16352 3.95432 3.91377 1.90051 1.89467 1.83502 1.2213
threshold=0.95139612030466447 -1.4253735324078141 17.500000000000004 0.071778837733983067 0.03873646615654823 0.044375418204102117 0.6633111909595536 -1.9973113158163038 0.48991432177669231 11.500000000000002 0.032028463481383891 25.241425241425244 -0.43305049367514975 0.060846031957587345
decision_type=10 8 2 2 2 2 8 8 10 2 2 8 10 2
left_child=1 -1 3 4 5 6 7 9 -9 -3 -6 -10 -4 -14
right_child=-2 2 12 -5 10 -7 -8 8 11 -11 -12 -13 13 -15
leaf_value=0.0087304593051941749 0.015578615130806864 -0.023413904246646949 0.0051864503380793618 0.0051864503380793618 0.0020499428499747528 0.0020499428499747528 0.00092674060291581624 -0.00070782859434545726 -0.003609291072046297 -0.0078951235900144006 0.0033583368010464162 -0.0078951235900144006 -0.0097207765305012614 -0.0011303446530192584
leaf_weight=30.62269881926477 19.664446637965739 16.103032123763118 7.5403552427887908 92.86422111093998 279.8083471339196 82.867454722523689 479.13604366220534 333.842255955562 9.6569729745388013 9.4362782957032305 75.20633945427835 99.493051505181938 36.99072390422225 7.9610719829797736
leaf_count=273 239 200 59 459 1559 414 5232 2912 119 125 412 1447 370 42
internal_value=0.00210121 0.0018823 0.00164244 0.00190159 0.00153022 0.000741549 -0.000196462 -0.0023424 -0.00150191 -0.0142883 0.00335834 -0.00651075 -0.00518702 -0.00744714
internal_weight=1581.19 1561.53 1530.91 1478.41 1385.55 1030.54 947.668 468.532 442.992 25.5393 355.015 109.15 52.4922 44.9518
internal_count=13862 13623 13350 12879 12420 10449 10035 4803 4478 325 1971 1566 471 412
is_linear=0
shrinkage=0.03


Tree=207
num_leaves=15
num_cat=0
split_feature=20 14 9 4 28 32 16 27 28 25 7 23 28 11
split_gain=5.72499 4.55064 3.06476 8.71155 3.33601 9.68339 2.41038 3.53287 3.46501 2.81622 1.35464 0.891215 0.427295 0.415698
threshold=0.92229919352317524 0.9999994420601247 0.031898869250004035 -0.36909607915479892 11.500000000000002 40.076706510272949 6.9936460768208013 1.1030966236594901 9.5000000000000018 -0.14660347419187533 -1.0000000180025095e-35 0.0026744041597167169 11.500000000000002 0.14630585737158908
decision_type=10 2 8 10 2 2 10 8 2 10 10 2 2 2
left_child=1 2 3 4 5 -1 7 8 -4 -8 -7 -5 -2 -9
right_child=12 -3 6 11 -6 10 9 13 -10 -11 -12 -13 -14 -15
leaf_value=-2.2383680835580814e-05 0.018824297607011074 0.0085457659602966324 0.0029504584696645316 -0.022510923455670535 -2.2383680835580814e-05 -0.0045921265083008617 0.0049300673898330528 -2.2383680835580814e-05 0.0013176715840079419 0.0029504584696645316 -0.0091618693357661436 -0.0091618693357661436 0.0085457659602966324 0.0013176715840079419
leaf_weight=42.914928987622261 14.544823803938927 32.393660381436348 303.28073520353064 13.996286920271816 40.752379206940532 25.111282605677843 58.974019492045045 361.00409359065816 377.08798131905496 169.09571509342641 91.018992200493813 6.9020534455776206 7.682024121284484 15.254365283995865
leaf_count=234 160 215 3070 173 306 210 381 3081 3635 1147 884 37 105 76
internal_value=0.0018426 0.00159567 0.00131437 -0.00192006 -2.23837e-05 -0.00430761 0.0018753 0.0012591 0.00265773 0.00464181 -0.00916187 -0.0183014 0.0154959 -2.23837e-05
internal_weight=1560.01 1537.79 1505.39 220.696 199.798 159.045 1284.7 1056.63 680.369 228.07 116.13 20.8983 22.2268 376.258
internal_count=13714 13449 13234 1844 1634 1328 11390 9862 6705 1528 1094 210 265 3157
is_linear=0
shrinkage=0.03


Tree=208
num_leaves=15
num_cat=0
split_feature=28 13 3 12 28 2 28 32 0 0 16 28 13 23
split_gain=5.11352 7.39166 5.29609 3.82763 5.282 10.6322 4.5748 8.74197 6.51192 5.82713 3.85662 3.8406 3.81215 3.355
threshold=1.5000000000000002 0.18915919558263541 -0.94951187661970138 0.042544464893621646 16.500000000000004 0.0067189754689754699 11.500000000000002 40.168223385006605 inf 22.432973905552448 0.6187117314218582 4.5000000000000009 -2.8468417057568827 0.013863126021198871
decision_type=2 8 8 2 2 2 2 2 8 10 10 2 8 2
left_child=1 -1 -2 4 6 10 7 -4 12 -8 -6 -10 -9 -5
right_child=2 -3 3 13 5 -7 9 8 11 -11 -12 -13 -14 -15
leaf_value=-0.0045685852424659648 0.011648395239396899 0.011799135179153876 0.0032031181118255506 0.0032031181118255506 -0.018101029110485913 0.0032031181118255506 0.0032031181118255506 -0.0039744731465266338 -0.0039744731465266338 -0.011148802224229553 -0.0044761776108989716 -0.012415436848358928 0.0005647455734215808 0.006318956303147466
leaf_weight=30.567211952060461 38.315729403868318 89.984082918614149 234.33979286532849 59.633543357253075 38.905916119925678 21.394087767228484 305.8111658776179 31.412388117052615 72.437797527760267 22.107129887677729 33.748525527305901 71.522388238459826 454.53456670744345 64.546076610684395
leaf_count=232 327 788 1372 324 526 129 2689 315 602 263 268 702 4931 362
internal_value=0.00181886 0.00763224 0.00131052 0.000989517 0.000493102 -0.00616752 0.00104211 -0.0001476 -0.00207363 0.00320312 -0.0121555 -0.00756155 -0.000387395 0.00591313
internal_weight=1569.26 120.551 1448.71 1410.39 1286.21 94.0485 1192.17 864.247 629.907 327.918 72.6544 143.96 485.947 124.18
internal_count=13830 1020 12810 12483 11797 923 10874 7922 6550 2952 794 1304 5246 686
is_linear=0
shrinkage=0.03


Tree=209
num_leaves=15
num_cat=0
split_feature=11 12 14 8 6 1 25 0 24 9 9 28 16 13
split_gain=4.92712 4.01147 5.02488 5.61404 6.2233 4.65111 2.69817 3.5876 2.49821 2.01801 1.9028 2.77902 1.85367 0.812655
threshold=4.5848660010509734 0.042544464893621646 0.081901656932688596 0.19772525555343815 0.46771623732504602 0.27341283059803628 0.048864796604827017 0.023441386548950383 -1.0512471108195622 0.059156514195529843 0.53689005370546017 11.500000000000002 2.6065331067623934 -60.579316732067333
decision_type=2 2 2 10 2 10 10 8 10 10 8 2 10 10
left_child=1 2 3 10 6 -3 -5 -8 -9 -4 11 -1 -6 -12
right_child=-2 5 9 4 12 -7 7 8 -10 -11 13 -13 -14 -15
leaf_value=-0.0013583433346103283 0.015604502476303461 0.0083488020657602347 0.0015131718083394585 -0.0013583433346103283 -0.02451972803970616 0.0033448680940966766 -0.0034481449689384774 -0.010501768360018813 -0.006266399178627805 0.0033448680940966766 0.00035979832662533972 0.00035979832662533972 -0.010501768360018813 0.0015131718083394585
leaf_weight=252.60608437284827 16.386772783938795 59.172512371093035 79.630817074328661 137.15851591061801 14.082605383358898 69.464442471042275 34.958980593830347 108.85029113991186 11.718823280185459 221.77419541962445 241.44629004970193 107.7810023361817 4.6252399869263163 211.90917992033064
leaf_count=2387 101 355 432 1469 247 367 259 1344 78 1201 2644 981 52 1892
internal_value=0.00129342 0.0010931 0.000625191 -0.000318524 -0.00371115 0.00606455 -0.00246822 -0.00553795 -0.00908465 0.00334487 0.000994466 -0.000793575 -0.0185353 0.00151317
internal_weight=1571.57 1555.18 1426.54 1125.14 311.394 128.637 292.687 155.528 120.569 301.405 813.743 360.387 18.7078 453.355
internal_count=13809 13708 12986 11353 3449 722 3150 1681 1422 1633 7904 3368 299 4536
is_linear=0
shrinkage=0.03


Tree=210
num_leaves=15
num_cat=0
split_feature=1 14 12 28 2 16 8 34 9 13 14 18 9 25
split_gain=7.20865 6.43443 4.33614 6.12003 7.8606 5.00724 3.89952 5.32087 8.06136 2.73568 2.43977 2.65895 1.46011 1.34128
threshold=-1.4253735324078141 0.98677641691313911 0.044375418204102117 16.500000000000004 0.0067189754689754699 0.0039480374896835617 0.014873105448209857 55.427905427905436 0.74218858918038977 -60.579316732067333 0.41000445982772538 inf 0.036311275405079634 1.9476926821375617
decision_type=8 2 2 2 2 10 10 2 10 10 2 8 8 8
left_child=13 2 3 6 5 -5 12 9 10 -8 11 -9 -2 -1
right_child=1 -3 -4 4 -6 -7 7 8 -10 -11 -12 -13 -14 -15
leaf_value=0.019967853399788137 0.00021804851688302123 0.0081801558122132408 0.0044925613650137553 -0.019517700070587146 0.002383437100062813 -0.0048173884266723838 -0.0032210078785031124 -0.021325434046180747 -0.0032210078785031124 0.00021804851688302123 -0.0083318279172227942 -0.012337281176200142 0.002383437100062813 0.0081801558122132408
leaf_weight=18.04797469265759 199.47776103857905 49.416470107622445 126.50636776629835 34.494514766149223 23.069611765444279 35.954571081325412 85.77302916906774 48.743140444625169 44.309963610954583 203.06333617307246 10.493733890354632 20.282778059132397 653.66604056861252 11.074504643678667
leaf_count=171 1683 320 689 484 138 286 862 553 623 1539 55 313 5947 101
internal_value=0.00151088 0.00120367 0.000804967 0.000274313 -0.00693013 -0.0120182 0.000831753 -0.00155006 -0.00666006 0.000218049 -0.0134426 -0.0163427 0.00198616 0.0151566
internal_weight=1564.37 1535.25 1485.83 1359.33 93.5187 70.4491 1265.81 412.666 123.83 288.836 79.5197 69.0259 853.144 29.1225
internal_count=13764 13492 13172 12483 908 770 11575 3945 1544 2401 921 866 7630 272
is_linear=0
shrinkage=0.03


Tree=211
num_leaves=15
num_cat=0
split_feature=17 16 11 24 18 34 14 25 4 3 13 30 1 12
split_gain=8.09216 5.02361 4.23506 3.43084 3.09373 4.72215 2.34706 2.22877 2.11683 2.63411 1.68556 1.41605 1.17822 0.734253
threshold=0.99980976180683312 7.0043586331390015 4.5848660010509734 -0.00014807122802962255 0.1299784811026462 61.838161838161845 0.12075791975369574 1.2044150865308034 -0.28816322622700324 -0.015673484841678683 -1.0000000180025095e-35 41.076780362494659 9.7725857898974606 0.038896986440282132
decision_type=2 8 2 10 8 2 2 10 10 10 10 2 10 2
left_child=2 -2 3 4 5 7 8 -1 10 -10 -6 -7 -8 -11
right_child=1 -3 -4 -5 6 11 12 -9 9 13 -12 -13 -14 -15
leaf_value=-0.0018884791171277545 0.0081017380692270397 0.024107097346347528 0.0081017380692270397 0.0045300325945910776 0.00019057250676793877 -0.0092664699147027296 0.0025495951886703515 -0.0092664699147027296 0.00019057250676793877 -0.0018884791171277545 0.0014291889588284995 -0.022488992436876208 0.0014291889588284995 -0.00084895330517990788
leaf_weight=60.931013840250671 12.925931189209221 21.23174293525517 16.655339422635734 79.28406994882971 305.55606776289642 6.1087267175316837 186.74113038182259 9.5453132297843677 75.385577093809843 393.09546948689967 278.08837522380054 11.912782730534671 31.992430299520493 68.992604931816459
leaf_count=541 91 155 99 565 2936 43 1009 99 451 4839 2290 140 152 350
internal_value=0.00154047 0.015013 0.00119047 0.000958327 0.000569158 -0.0047111 0.00093414 -0.00188848 0.000308783 -0.00104804 0.00142919 -0.0166445 0.0025496 -0.00188848
internal_weight=1558.45 34.1577 1524.29 1507.63 1428.35 88.4978 1339.85 70.4763 1121.12 537.474 583.644 18.0215 218.734 462.088
internal_count=13760 246 13514 13415 12850 823 12027 640 10866 5640 5226 183 1161 5189
is_linear=0
shrinkage=0.03


Tree=212
num_leaves=15
num_cat=0
split_feature=11 19 24 28 3 27 9 13 1 28 28 22 1 18
split_gain=6.97931 6.34277 5.95795 3.72647 6.99018 6.75076 6.73161 4.46899 7.74381 3.84814 3.25027 3.03842 2.82663 2.61744
threshold=0.99199140097495997 0.50140831377937112 -1.0512471108195622 6.5000000000000009 -0.04223466361481084 1.5064870399942487 0.011007817807598849 34.5299733589327 9.7725857898974606 11.500000000000002 15.500000000000002 2.4667213915933394e-05 0.071837550197002442 0.20878160952173633
decision_type=2 10 10 2 10 8 10 10 10 2 2 2 10 8
left_child=2 -2 3 5 9 -1 -6 8 10 -5 -8 -4 -12 -7
right_child=1 -3 11 4 6 13 7 -9 -10 -11 12 -13 -14 -15
leaf_value=0.003662218657828265 0.020934197669576233 0.0067676848386325128 0.003662218657828265 0.00066583667836759924 -0.021217207597612513 -0.0097460920920559874 -0.0011817880483240624 0.00066583667836759924 -0.011506891912350813 0.003662218657828265 -0.0011817880483240624 0.0067676848386325128 -0.0065722824213835717 -4.9793357136373361e-05
leaf_weight=247.66977617889643 32.683558042161167 13.009490977041422 17.255603572353721 97.092094734311104 11.574521783739327 21.993704963475466 387.51179143507034 43.33865462988615 69.693629472516477 79.238811830058694 18.186159325763583 96.004070938564837 84.338917394168675 349.74417475052178
leaf_count=2333 183 69 128 771 140 188 3741 290 908 546 141 673 847 2899
internal_value=0.00147368 0.0124298 0.00110553 0.000556752 -0.000806501 0.00229013 -0.00233055 -0.00179658 -0.00302941 0.00366222 -0.00163767 0.00676768 -0.0064947 -0.000745205
internal_weight=1569.33 45.693 1523.64 1410.38 790.975 619.408 614.644 603.069 559.73 176.331 490.037 113.26 102.525 371.738
internal_count=13857 252 13605 12804 7384 5420 6067 5927 5637 1317 4729 801 988 3087
is_linear=0
shrinkage=0.03


Tree=213
num_leaves=15
num_cat=0
split_feature=20 2 28 3 14 25 13 28 22 2 28 7 28 4
split_gain=5.16956 3.79452 3.13569 5.69866 2.90372 2.74538 2.42814 7.13685 4.46306 1.81707 1.71466 2.81985 3.28564 3.80634
threshold=0.94204301282539538 0.52232142857142871 16.500000000000004 0.041814936867645008 0.25017990138059004 -0.29841617774088286 -6.5487726317776902 11.500000000000002 0.0025732762167335632 0.016954022988505752 1.5000000000000002 inf 5.5000000000000009 -0.55761160595332893
decision_type=10 2 2 8 2 8 8 2 2 2 2 8 2 10
left_child=1 2 5 -4 9 -1 7 8 -7 -5 -8 12 -12 -14
right_child=-2 -3 3 4 -6 6 10 -9 -10 -11 11 -13 13 -15
leaf_value=0.0048131775223718446 0.015126825370884301 0.008343607859004936 0.0048131775223718446 -0.013933820923241526 -0.0016946063639157228 -0.022196538258575475 0.0030362745837296747 -0.0020518444126932708 -0.0020518444126932708 -0.0063871787722493715 0.0030362745837296747 -0.0019503431845486281 0.0030362745837296747 -8.8018920341539209e-05
leaf_weight=94.119577596895397 20.789178492035717 43.682529587298632 32.706363901495934 53.131350229494274 10.102259606122969 22.229267048183832 117.45797599852085 10.6375117553398 7.1695549115538588 8.6862064599990827 174.76429468207061 223.82524395361543 185.84359015058726 556.27715715952218
leaf_count=917 258 339 218 646 52 214 980 120 51 56 1608 1804 1557 4968
internal_value=0.00178873 0.00156039 0.00128275 -0.00361434 -0.00820239 0.00166235 0.00125937 -0.00560273 -0.0163293 -0.0110798 0.00149904 0.00103815 0.00177431 0.000589898
internal_weight=1561.42 1540.63 1496.95 104.626 71.9198 1392.32 1298.2 40.0363 29.3988 61.8176 1258.17 1140.71 916.885 742.121
internal_count=13788 13530 13191 972 754 12219 11302 385 265 702 10917 9937 8133 6525
is_linear=0
shrinkage=0.03


Tree=214
num_leaves=15
num_cat=0
split_feature=20 2 11 18 34 9 4 16 28 28 16 33 27 34
split_gain=4.3269 3.79794 3.49415 4.14653 5.44017 4.21972 3.985 3.2652 2.39109 1.84262 1.35098 1.32106 1.07165 0.691391
threshold=0.94204301282539538 0.43007518796992489 0.071778837733983067 0.70269862812262684 55.527805527805533 0.74218858918038977 -0.98328589779672482 28.272202052397414 12.500000000000002 5.5000000000000009 -0.084510807095876869 50.163725163725168 1.1806752011101491 61.488511488511499
decision_type=10 2 2 10 2 8 10 8 2 2 10 2 10 2
left_child=1 2 3 4 12 6 10 13 -5 -3 -6 -7 -1 -8
right_child=-2 9 -4 8 5 11 7 -9 -10 -11 -12 -13 -14 -15
leaf_value=0.00079996479830019896 0.013742939800808299 0.0041410793440461516 0.0041410793440461516 0.0022922852475100387 -0.0080953810999157532 -0.0015056646395281955 -0.013061639611837438 -0.0080953810999157532 0.00079996479830019896 0.007502049319885214 -0.0043137662776743767 -0.0043137662776743767 -0.0015056646395281955 -0.022758729682442996
leaf_weight=575.99152821861207 20.480285617988557 29.468886010348797 97.453180178999901 303.97406876273453 44.777824524790049 45.530313409864902 18.212702540680766 42.66558376327157 111.57295381091535 51.607202403247356 42.846974817104638 107.42351679503918 38.063405747525394 22.74227582057938
leaf_count=4828 247 214 482 2313 473 547 238 705 906 398 374 1449 316 233
internal_value=0.00146936 0.00126116 0.000894717 0.000443491 -0.000692356 -0.00381129 -0.00712187 -0.011877 0.00229229 0.00738744 -0.00431377 -0.00150566 0.000799965 -0.0180279
internal_weight=1552.81 1532.33 1451.25 1353.8 938.254 324.199 171.245 83.6206 415.547 81.0761 87.6248 152.954 614.055 40.955
internal_count=13723 13476 12864 12382 9163 4019 2023 1176 3219 612 847 1996 5144 471
is_linear=0
shrinkage=0.03


Tree=215
num_leaves=15
num_cat=0
split_feature=28 13 12 27 16 1 1 14 18 1 32 16 28 28
split_gain=4.94732 5.29974 4.86392 5.27382 4.93118 4.58366 4.5213 3.87692 1.96638 1.72475 1.48057 1.71543 1.2757 1.18231
threshold=1.5000000000000002 0.10226980791203734 0.45766830044824269 -0.035246623431093298 -1.0000000180025095e-35 0.46987713960992156 2.558058274320997 0.03873646615654823 0.38031538557019479 1.2606030674041888 48.29366437758047 -1.0000000180025095e-35 15.500000000000002 9.5000000000000018
decision_type=2 8 2 8 8 10 8 2 8 10 2 10 2 2
left_child=1 9 3 -2 6 -4 12 8 13 -1 -10 -12 -5 -6
right_child=2 -3 5 4 7 -7 -8 -9 10 -11 11 -13 -14 -15
leaf_value=0.0018740521679366359 0.0047073426151333564 0.010655498155944776 0.0170105209557702 -0.003056728216926896 -0.003056728216926896 0.0047073426151333564 -0.018408749910811036 0.0023442595061484092 0.00089223895437695133 -0.011189943106207356 -0.0014972042300782768 1.6240420082211869e-05 -0.010732739063868965 -0.0014972042300782768
leaf_weight=21.080458573997024 146.97532697301358 92.424801528453827 30.592511456459761 62.601430268958211 54.945396661758423 34.491937484592199 17.557013140525669 276.49720280570909 139.86908449605107 9.5993836484849435 425.50950565095991 171.33632458001375 8.4837602721527201 69.33856241311878
leaf_count=150 1249 795 188 511 571 180 164 1564 930 80 4994 1663 83 691
internal_value=0.00155707 0.00720988 0.00104991 0.000653962 -1.88236e-05 0.00876072 -0.00663717 0.000523717 -0.000559782 -0.00320882 6.23198e-05 -0.000859758 -0.00305673 -0.00305673
internal_weight=1561.3 123.105 1438.2 1373.11 1226.14 65.0844 88.6422 1137.5 860.999 30.6798 736.715 596.846 71.0852 124.284
internal_count=13813 1025 12788 12420 11171 368 758 10413 8849 230 7587 6657 594 1262
is_linear=0
shrinkage=0.03


Tree=216
num_leaves=15
num_cat=0
split_feature=2 22 13 28 18 20 11 4 1 34 8 33 1 17
split_gain=6.16516 3.18294 5.99554 6.63786 6.32572 5.01798 3.62949 3.02114 2.40732 2.29961 1.65421 0.885145 0.778919 0.139252
threshold=0.55777777777777793 0.00060037144381842043 -0.10504652028810656 12.500000000000002 0.36685588006222303 0.00078329944037832451 0.071778837733983067 0.52232017204606762 -0.16508803239369066 55.186480186480196 0.0099145265263187472 41.369186369186373 0.0334543655703054 0.00026968730377224738
decision_type=2 2 8 2 8 10 2 8 10 2 10 2 8 2
left_child=1 2 3 8 11 6 13 -2 -1 -10 -6 -4 -12 -3
right_child=7 5 4 -5 10 -7 -8 -9 9 -11 12 -13 -14 -15
leaf_value=-0.0032457519695297476 0.019309806364205095 0.00184610897782052 -0.00069982149585461387 -0.0032457519695297476 0.00184610897782052 0.0071248680885453702 0.0045698054482813354 0.0071248680885453702 -0.010407747625389707 -0.024756546019343323 0.00057314374098295308 -0.0032457519695297476 -0.00069982149585461387 0.0032079572130509276
leaf_weight=7.1253505013883105 24.664467988535762 289.20779849402606 44.179085023701191 23.110464615747333 559.86189602594823 55.12996161961928 53.2356111779809 14.763377825729547 22.852436246350408 19.473504265304655 48.611164886504412 95.610812398139387 157.02527856547385 147.9870337434113
leaf_count=56 206 2650 309 263 5187 401 275 116 214 229 378 908 1717 955
internal_value=0.00177481 0.00144849 0.000418925 -0.00759058 0.00109908 0.00327329 0.00201474 0.0128012 -0.0149748 -0.0175697 0.00184611 -0.00324575 -0.000699821 0.00184611
internal_weight=1562.84 1523.41 977.85 72.5618 905.288 545.56 490.43 39.4278 49.4513 42.3259 765.498 139.79 205.636 437.195
internal_count=13864 13542 9261 762 8499 4281 3880 322 499 443 7282 1217 2095 3605
is_linear=0
shrinkage=0.03


Tree=217
num_leaves=15
num_cat=0
split_feature=11 16 3 24 16 27 4 22 28 22 28 17 16 22
split_gain=5.8847 5.45015 3.75948 3.17679 3.38094 3.27716 4.03395 4.44216 3.09269 2.87703 1.73654 2.17699 1.31394 0.680178
threshold=0.89485906470211407 39.292982929228003 -0.94951187661970138 -1.0512471108195622 6.3347248780658605 0.90040465237398648 -0.86082325419610806 0.0032474895907386564 9.5000000000000018 0.00058393323365743966 4.5000000000000009 0.030972796728943847 -1.0000000180025095e-35 0.0036272794520717799
decision_type=2 8 8 10 8 8 10 2 2 2 2 2 10 2
left_child=2 -2 -1 4 5 12 10 -8 -6 -3 11 13 -4 -7
right_child=1 9 3 -5 8 6 7 -9 -10 -11 -12 -13 -14 -15
leaf_value=0.0062230611987241936 0.0062230611987241936 0.013222949485432789 -0.0021713109591554747 0.0036157384125516186 0.0020747507385719612 -0.0069792991274489147 -0.019055177229199406 -0.0069792991274489147 0.00019823854171293273 0.028945247554308697 -0.0021713109591554747 -0.0021713109591554747 0.00019823854171293273 -0.0045753050433021952
leaf_weight=40.392127960920334 24.120400265790522 12.482668714597823 60.290093075949699 110.61147777829319 510.63991279434413 73.583083439618349 32.15010695066303 13.721433863043783 316.57875965349376 15.561791954562066 31.242719009518623 21.829062471166253 286.93867469578981 9.4464858993887884
leaf_count=357 131 60 535 776 4838 579 311 97 3057 93 269 135 2451 59
internal_value=0.00167671 0.0111323 0.00131377 0.00100842 0.000533763 -0.0013312 -0.00454086 -0.0117873 0.00172768 0.0202228 -0.00217131 -0.00599891 0.000198239 -0.0069793
internal_weight=1559.59 52.1649 1507.42 1467.03 1356.42 529.202 181.973 45.8715 827.219 28.0445 136.101 104.859 347.229 83.0296
internal_count=13748 284 13464 13107 12331 4436 1450 408 7895 153 1042 773 2986 638
is_linear=0
shrinkage=0.03


Tree=218
num_leaves=15
num_cat=0
split_feature=11 12 23 14 22 28 9 20 9 13 18 30 0 25
split_gain=5.35744 4.90604 6.1706 4.17979 3.68819 5.04556 8.43034 3.59493 2.96482 2.49132 2.19322 1.51894 1.31278 1.26358
threshold=4.5848660010509734 1.0000000180025095e-35 0.013863126021198871 0.079070203122113908 0.00060037144381842043 12.500000000000002 1.395814279163891 0.96728788207662453 0.053753538965322235 37.956278136363331 0.66816049168298075 54.948622805765673 -0.30968011330103246 -0.012311949646151009
decision_type=2 2 2 2 2 2 8 8 10 8 8 2 10 10
left_child=1 3 -3 4 5 6 7 -1 -5 10 12 -11 -9 -6
right_child=-2 2 -4 8 13 -7 -8 9 -10 11 -12 -13 -14 -15
leaf_value=-0.017445657622273084 0.016423683089568476 0.0037822162045930076 0.0088670032875603991 0.0018634836006809715 0.0018634836006809715 0.00028344973225613573 0.00028344973225613573 -0.0078951962168002984 0.0037822162045930076 -0.002838726631071666 -0.0050632965316850373 -0.0050632965316850373 -0.011257420244188557 0.00028344973225613573
leaf_weight=18.825103238224983 16.451607976574451 62.570536483079195 67.488430076278746 77.20456263795495 179.03527041710913 163.4736693399027 227.63211610168219 36.307383690029383 220.54066020064056 80.997213932685554 104.3162223463878 58.451306091155857 55.202776365447789 199.32073616236448
leaf_count=143 106 351 382 422 1495 1857 2340 314 1207 836 1011 909 665 1833
internal_value=0.00152062 0.00131032 0.00677628 0.000788151 -5.5249e-05 -0.00129658 -0.00302294 -0.0059609 0.00378222 -0.00506918 -0.00728787 -0.00283873 -0.0107271 0.00186348
internal_weight=1567.82 1551.37 130.059 1421.31 1123.56 745.206 581.732 354.1 297.745 335.275 195.826 139.449 91.5102 378.356
internal_count=13871 13765 733 13032 11403 8075 6218 3878 1629 3735 1990 1745 979 3328
is_linear=0
shrinkage=0.03


Tree=219
num_leaves=15
num_cat=0
split_feature=14 12 28 17 16 22 0 23 9 1 4 35 25 13
split_gain=4.32286 4.5865 3.4833 4.38136 3.50984 3.4194 6.27189 2.95526 2.8684 2.46247 2.06212 3.22516 1.45345 1.20053
threshold=1.2164699835047244 0.041169770642512836 1.5000000000000002 0.043000352474237835 7.5820104109869524 0.00041027346825233725 0.62591620707229401 0.013863126021198871 0.57576136299877045 3.3725776244142782 -0.18615210647459501 44.372294372294377 inf 0.18915919558263541
decision_type=2 2 2 2 10 2 10 2 10 10 10 10 8 8
left_child=1 2 13 4 5 6 -4 -3 -5 -2 12 -12 -8 -1
right_child=9 7 3 8 -6 -7 10 -9 -10 -11 11 -13 -14 -15
leaf_value=-0.0038933232555638715 0.017533622874565277 0.0033426877937860677 -0.0017644181775047952 0.0011626649968295927 0.0011626649968295927 -0.00028969700464293523 -0.0050905186314117211 0.006265139093883515 0.0033426877937860677 0.006265139093883515 -0.0083450335968987197 -0.017370818115616252 -0.0083450335968987197 0.0033426877937860677
leaf_weight=30.667563870549202 21.852611692622308 64.22368661314249 419.6919460548088 150.30807653814554 96.683600848540664 340.03600068297237 34.392258615233004 69.061317561194301 123.78584520705044 9.0330035649239999 36.352078481577337 46.301423768978566 34.168209809809923 91.254123069345951
leaf_count=232 164 365 3745 996 746 3105 514 379 836 51 634 858 441 795
internal_value=0.00123731 0.000993595 0.000478262 -4.29008e-05 -0.000959995 -0.00174206 -0.00323914 0.00620711 0.00328533 0.0115367 -0.00841662 -0.0115995 -0.00509052 0.00334269
internal_weight=1567.81 1536.93 1403.64 1281.72 1007.63 910.942 570.906 133.285 274.094 30.8856 151.214 82.6535 68.5605 121.922
internal_count=13861 13646 12902 11875 10043 9297 6192 744 1832 215 2447 1492 955 1027
is_linear=0
shrinkage=0.03


Tree=220
num_leaves=15
num_cat=0
split_feature=11 2 24 4 9 1 27 16 18 34 16 22 4 22
split_gain=6.34322 6.11748 3.59769 3.77649 13.6682 4.21612 4.08484 3.59271 2.7654 1.91186 1.00443 1.17645 0.881855 0.387159
threshold=4.5848660010509734 0.52232142857142871 -0.00014807122802962255 -0.98328589779672482 0.017426350795307362 23.984732185223439 0.87687917552472072 -10.013361348762695 0.23082792317126699 51.8947718947719 7.5820104109869524 0.00050502315063974 -0.30118418666854935 0.0015167906920672723
decision_type=2 2 10 10 10 10 10 10 10 2 8 2 10 2
left_child=1 2 3 8 -5 6 10 12 13 -4 11 -6 -7 -1
right_child=-2 -3 9 4 5 7 -8 -9 -10 -11 -12 -13 -14 -15
leaf_value=0.00086888556636422257 0.018263935432063349 0.0098088503778035914 0.0054094177807489773 -0.027066265366945719 -0.0012420146117716091 -0.0084101874805644593 -0.0033529147899074405 -0.0033529147899074405 0.0030155151455780026 0.0030155151455780026 0.00086888556636422257 -0.00018656452270369325 -0.013598757447725211 0.0019422003559711127
leaf_weight=242.16109501663595 15.271588494069873 40.499158856458962 71.2664052862674 12.322442363016306 111.27095300704241 7.7794357854872933 79.218256838154048 26.588342692703009 288.17769681289792 14.178666610270737 430.94628552719951 118.48982171341777 29.506328750867397 60.51118016988039
leaf_count=2268 96 331 502 165 1144 116 655 231 2205 109 4116 857 493 467
internal_value=0.00157883 0.00135377 0.00100999 0.000621613 -0.000700272 -0.00013125 0.000526149 -0.00723198 0.00243804 0.00540942 0.000868886 -0.00124201 -0.0134675 0.000868886
internal_weight=1548.19 1532.92 1492.42 1406.97 816.122 803.799 739.925 63.8741 590.85 85.4451 660.707 229.761 37.2858 302.672
internal_count=13755 13659 13328 12717 7777 7612 6772 840 4940 611 6117 2001 609 2735
is_linear=0
shrinkage=0.03


Tree=221
num_leaves=15
num_cat=0
split_feature=11 14 34 28 25 27 18 28 18 1 32 13 13 28
split_gain=6.0911 4.73614 2.6222 2.82959 2.06502 1.52464 2.92529 1.74815 5.57984 4.21548 2.38766 1.857 1.54243 1.14816
threshold=4.5848660010509734 1.3720874214476551 21.062271062271066 8.5000000000000018 -0.31015492830383956 2.1642689748614483 0.20878160952173633 11.500000000000002 0.71925165519133183 0.17134780854856183 43.506493506493513 0.082967937723451721 38.512252324550637 12.500000000000002
decision_type=2 2 2 2 8 10 8 2 8 10 2 8 8 2
left_child=1 2 3 -1 -4 7 -7 8 12 -9 -10 -12 -6 -11
right_child=-2 -3 4 -5 5 6 -8 9 10 13 11 -13 -14 -15
leaf_value=0.0051131715348038138 0.017683699345864074 0.0093911366098905144 0.0027818276554577481 0.0027818276554577481 -0.0031507834043185234 -0.018373885517972931 -0.0031507834043185234 0.0014414198273187957 0.0014414198273187957 -0.00056128348390083258 -0.0010539736182532114 0.00040601388919896613 -0.0010539736182532114 -0.0031507834043185234
leaf_weight=59.402497815899551 15.220692745409904 29.980176921002567 97.241388021036983 55.546224347315729 235.5873232614249 8.0899841948412377 17.143932761624455 128.91900850366801 132.16391863673925 39.274854457005858 147.88807258568704 375.10282699484378 21.469994405284524 201.75959013961256
leaf_count=354 98 212 969 340 1920 102 132 971 757 378 1369 4076 177 2003
internal_value=0.00131571 0.00109857 0.000835206 0.00509378 0.000469875 0.000101012 -0.00655861 0.000257046 -0.000480871 0.00144142 0.00104284 -0.000629392 -0.00315078 -0.00256399
internal_weight=1564.79 1549.57 1519.59 114.949 1404.64 1307.4 25.2339 1282.17 912.212 369.953 655.155 522.991 257.057 241.034
internal_count=13858 13760 13548 694 12854 11885 234 11651 8299 3352 6202 5445 2097 2381
is_linear=0
shrinkage=0.03


Tree=222
num_leaves=15
num_cat=0
split_feature=14 13 9 2 0 35 28 12 16 9 0 34 28 28
split_gain=3.90253 6.31628 3.55397 3.59579 3.40322 3.12596 2.25645 3.3315 2.05666 1.38019 6.90389 2.38206 2.14027 6.64706
threshold=0.45503683561911862 -0.10504652028810656 inf 0.11602564102564104 22.432973905552448 46.195471195471207 16.500000000000004 0.29723137027784469 0.051868964468754053 0.10551927300021083 0.052210916804810527 51.356976356976368 11.500000000000002 4.5000000000000009
decision_type=2 10 8 2 10 8 2 2 10 10 10 2 2 2
left_child=2 -2 3 6 5 -3 9 8 -8 10 12 -12 13 -1
right_child=1 4 -4 -5 -6 -7 7 -9 -10 -11 11 -13 -14 -15
leaf_value=-0.00081138415778794792 0.0037368621835493516 0.024202591954450764 0.0037368621835493516 0.0019917352781205601 0.0082937391984620849 0.012548086899858488 -0.012588817453705258 0.00068715534328554588 -0.0036788168762893281 0.00050312044144645331 -0.006635656781789465 -0.020498022975466341 -0.00081138415778794792 -0.006635656781789465
leaf_weight=53.844259902834892 39.330205101519823 30.866350853815675 229.86624715477228 186.25404491648078 10.545426100492476 34.356530272401869 38.268986384384334 9.5725942105054838 36.282104638405144 689.60312249418348 27.969726752489805 15.934909035451708 43.135932486504316 96.609747093170881
leaf_count=441 238 203 1905 1232 57 225 515 49 287 6940 220 228 337 865
internal_value=0.00135866 0.00655556 0.000918168 0.000246608 0.0128506 0.0168024 -0.000617425 -0.00517699 -0.00804479 -0.000178144 -0.00212589 -0.0124599 -0.000811384 -0.00462163
internal_weight=1542.44 115.099 1427.34 1197.48 75.7683 65.2229 1011.22 84.1237 74.5511 927.098 237.495 43.9046 193.59 150.454
internal_count=13742 723 13019 11114 485 428 9882 851 802 9031 2091 448 1643 1306
is_linear=0
shrinkage=0.03


Tree=223
num_leaves=15
num_cat=0
split_feature=11 13 14 27 4 1 8 22 9 18 1 9 18 24
split_gain=5.47682 4.58585 4.21571 2.67733 3.34658 4.02095 3.36456 5.96423 2.13471 2.10697 1.85278 1.83639 0.775807 0.762822
threshold=4.5848660010509734 37.037960520847058 0.45503683561911862 -0.035246623431093298 -0.504469141975877 2.1723573866964432 -0.73782870872849837 0.00021105527451253212 0.40613437831585558 0.23082792317126699 9.7725857898974606 0.017426350795307362 0.99999855756485645 -0.00034912684987796553
decision_type=2 10 2 8 10 10 10 2 10 10 10 10 8 10
left_child=1 2 3 -1 9 11 -7 -8 -3 -5 -4 -6 13 -13
right_child=-2 8 10 4 5 6 7 -9 -10 -11 -12 12 -14 -15
leaf_value=0.0028937274103893454 0.017257812634805986 0.0051968315789865408 0.0051968315789865408 6.6595328339963151e-05 -0.0032548533894497626 -0.0032548533894497626 -0.021293475986496151 -0.0069683496803928085 0.009321193745221076 0.0014974608152679716 0.0028937274103893454 -0.0015941290305548997 6.6595328339963151e-05 -0.00074442280291947636
leaf_weight=130.09597243741155 14.864505833480505 12.758005570620297 92.183899921365082 308.10871675983071 9.804781895130871 47.450302359648049 27.447182273492217 43.539543227292597 35.31444370187819 282.53472105879337 20.526770204305649 237.43991391919553 267.74298174772412 30.593077030032873
leaf_count=1134 96 89 596 2839 98 703 511 531 249 2184 103 1915 2581 198
internal_value=0.00159042 0.00138457 0.00107247 0.000590623 0.000101194 -0.00136427 -0.0062541 -0.0106818 0.00932119 0.00149746 0.00519683 -0.00025561 6.65953e-05 -0.00155544
internal_weight=1560.4 1545.54 1497.47 1384.76 1254.66 664.018 118.437 70.9867 48.0724 590.643 112.711 545.581 535.776 268.033
internal_count=13827 13731 13393 12694 11560 6537 1745 1042 338 5023 699 4792 4694 2113
is_linear=0
shrinkage=0.03


Tree=224
num_leaves=15
num_cat=0
split_feature=25 28 18 34 1 9 18 24 1 13 9 18 28 13
split_gain=5.22814 9.52966 5.60517 9.13779 4.99829 3.75512 3.65501 2.09051 2.30589 4.1507 1.86832 1.64472 0.562166 0.5379
threshold=-0.31015492830383956 13.500000000000002 0.12697891118552199 49.225774225774231 8.2537489300095821 0.67106497041041202 0.21793284219199979 -0.00034912684987796553 0.50202688844205656 -27.737593842472673 0.017426350795307362 0.69328055255980858 10.500000000000002 28.109475247503731
decision_type=8 2 8 2 10 10 10 10 10 10 8 8 2 8
left_child=1 4 3 -2 6 -5 -1 8 10 -10 12 -11 -4 -12
right_child=2 -3 7 5 -6 -7 -8 -9 9 11 13 -13 -14 -15
leaf_value=0.012374112886379081 -0.0023124982295252795 0.0042449252648284058 0.00087002894639842633 -0.02276074944466441 0.0042449252648284058 -0.0095623290365328649 0.027932152703432401 0.0042449252648284058 -0.0023124982295252795 -0.00072123464156342648 0.0017623767158088577 0.00087002894639842633 0.0017623767158088577 0.002654724485219289
leaf_weight=23.195725442841649 53.754372593015432 40.350282765924931 148.01746138930321 30.811663532163948 16.489128810353577 9.8796361312270147 26.755412688478827 58.259681539610028 188.42201620992273 149.73115465883166 242.99060150701553 207.11233734432608 57.247456261888146 288.73101731017232
leaf_count=242 358 361 1254 380 220 118 201 429 2618 1274 1793 1723 442 2272
internal_value=0.00136425 0.00761567 0.000874183 -0.00600432 0.0160388 -0.0168122 0.0205033 0.00137932 0.00106452 -0.000413156 0.00215321 0.000870029 0.000870029 0.00265472
internal_weight=1541.75 106.791 1434.96 94.4457 66.4403 40.6913 49.9511 1340.51 1282.25 545.266 736.987 356.843 205.265 531.722
internal_count=13685 1024 12661 856 663 498 443 11805 11376 5615 5761 2997 1696 4065
is_linear=0
shrinkage=0.03


Tree=225
num_leaves=15
num_cat=0
split_feature=14 1 28 3 17 9 23 16 22 4 16 34 16 2
split_gain=5.51101 4.3573 3.16649 6.03257 3.68244 3.87813 3.76102 6.63522 3.15286 6.60223 2.77926 2.19013 2.02537 1.8179
threshold=1.3720874214476551 -0.25797866040431766 16.500000000000004 0.07158444577434446 0.0296101611434877 0.38611314966082777 1.7476374583346039 6.9936460768208013 0.00028606591017472986 -0.98328589779672482 -24.908369430604683 53.912753912753921 12.492571328138288 0.17692550505050508
decision_type=2 8 2 8 2 8 2 8 2 10 10 2 10 2
left_child=1 -1 4 10 6 -6 7 8 9 -3 -4 -2 -5 -11
right_child=11 2 3 12 5 -7 -8 -9 -10 13 -12 -13 -14 -15
leaf_value=0.0073770379787175006 0.020047587735638337 -0.0041796609320383319 -0.0027006642913749608 -0.012596639399956417 0.0021180480634911312 0.0040144652187239643 0.0021180480634911312 0.00072213086449854163 -0.0016568673431150223 -0.01612688490592044 0.0040144652187239643 0.0073770379787175006 -0.0027006642913749608 -0.0089387841475725774
leaf_weight=49.861422882415354 16.86278796475381 108.78093454986811 14.871487306430934 47.341069447807968 104.40819412935525 187.48605660442263 158.16636334266514 591.57929068431258 155.88888489454985 69.37774024810642 24.320392510853708 8.9966776072978956 20.097754934802651 5.4214610159397116
leaf_count=428 135 995 112 550 711 1227 1057 6222 1221 802 161 56 152 32
internal_value=0.00122544 0.000970235 0.000651892 -0.00421279 0.00104132 0.00400318 0.000232918 -0.000673786 -0.00403587 -0.00670245 0.00401447 0.0137838 -0.00941579 -0.0136979
internal_weight=1563.46 1537.6 1487.74 106.631 1381.11 291.894 1089.21 931.048 339.469 183.58 39.1919 25.8595 67.4388 74.7992
internal_count=13861 13670 13242 975 12267 1938 10329 9272 3050 1829 273 191 702 834
is_linear=0
shrinkage=0.03


Tree=226
num_leaves=15
num_cat=0
split_feature=12 1 28 25 8 22 13 22 8 0 20 13 18 1
split_gain=4.8609 4.54474 3.57202 2.95463 2.80401 3.51469 2.07769 1.99356 5.25745 6.80009 2.84457 2.42497 1.98761 1.93876
threshold=0.041169770642512836 0.098728788321270008 16.500000000000004 -0.32267542028272372 0.23931325120222183 0.0017117712191624206 5.9625561481231246 0.00061228708319181855 0.026770683756237371 4.1583474819262269 0.96728788207662453 -0.027423111544854818 0.31519190276001768 0.19152815061121037
decision_type=2 10 2 8 10 2 10 2 10 8 8 8 8 8
left_child=2 -2 3 -1 13 -6 -3 8 11 10 -10 -5 -12 -4
right_child=1 6 4 7 5 -7 -8 -9 9 -11 12 -13 -14 -15
leaf_value=0.0031222423155264083 0.013470418944839951 0.0031222423155264083 0.0031222423155264083 -0.0021407051017927319 -0.019815620183721235 -0.0066482796782345354 0.008296330630183181 0.0016144333486744504 -0.0098519727232111078 -0.017263772669236139 -0.0059963389125019199 0.00044012362659912133 -0.0021407051017927319 -0.0047935682907831482
leaf_weight=82.663072443567216 44.85400381218642 73.360680481418967 17.165161902084947 43.111100072972476 20.437647966668013 11.11781284585595 14.018516913056372 406.91957032633945 14.933294527232645 28.227482907474041 35.174077562987804 578.30270341131836 137.91542682982981 45.09538817871362
leaf_count=834 281 395 142 375 232 101 74 3277 106 417 413 5308 1397 475
internal_value=0.000686952 0.00607881 0.000165673 0.0005733 -0.00533838 -0.0119464 0.00312224 0.000106624 -0.000734186 -0.00472153 -0.00244017 0.000440124 -0.00214071 -0.00135012
internal_weight=1553.3 132.233 1421.06 1327.25 93.816 31.5555 87.3792 1244.58 837.664 216.25 188.023 621.414 173.09 62.2606
internal_count=13827 750 13077 12127 950 333 469 11293 8016 2333 1916 5683 1810 617
is_linear=0
shrinkage=0.03


Tree=227
num_leaves=15
num_cat=0
split_feature=20 17 4 22 13 0 7 16 1 25 28 22 28 22
split_gain=5.3473 4.28876 4.96835 3.29462 2.54621 9.88134 3.74561 2.70989 2.111 2.03477 1.04273 0.548145 0.441292 0.0747072
threshold=0.95139612030466447 0.043000352474237835 -0.28154010177883831 0.00020629792604721618 -15.982248787600343 9.0298743884754558 -0.28913958486038899 6.9936460768208013 0.56374891633094515 -0.16988117933365518 11.500000000000002 0.00010225123111261331 9.5000000000000018 0.00077463942867149027
decision_type=10 2 8 2 10 10 10 8 10 10 2 2 2 2
left_child=1 4 -3 -4 5 8 13 10 -1 -10 -6 -2 -11 -7
right_child=11 2 3 -5 7 6 -8 -9 9 12 -12 -13 -14 -15
leaf_value=0.00017770230239265317 0.008300025159551222 0.008300025159551222 0.0022677001205054933 0.0052838626400283579 0.00017770230239265317 -0.0094728137369340885 -0.023388126476065332 0.0022677001205054933 -0.0015335340686441171 -0.0039624710189715296 0.0012227012114490732 0.018730260743860108 -0.0063914079692989414 -0.0063914079692989414
leaf_weight=359.66445852071047 4.4194806413725045 43.504594564437866 139.56677619181573 114.47608271054924 259.97922156518325 23.776831664144993 15.936195579823105 249.97189202532172 77.540498725138605 44.781724356114864 145.21574506815523 13.94863281957805 34.992775049060583 13.435924019664524
leaf_count=2985 48 269 983 717 2211 371 380 2093 878 676 1273 195 537 135
internal_value=0.00128593 0.00106376 0.0042626 0.0022677 0.000272799 -0.00118766 -0.0129127 0.00154307 0.000129892 -0.00324477 0.000177702 0.0155363 -0.00639141 -0.00639141
internal_weight=1541.21 1522.84 297.547 254.043 1225.3 570.128 53.149 655.167 516.979 157.315 405.195 18.3681 79.7745 37.2128
internal_count=13751 13508 1969 1700 11539 5962 886 5577 5076 2091 3484 243 1213 506
is_linear=0
shrinkage=0.03


Tree=228
num_leaves=15
num_cat=0
split_feature=14 12 17 9 23 28 25 28 34 13 14 20 28 6
split_gain=6.0349 5.34803 4.22369 3.79512 3.19356 2.60246 4.54414 3.65514 3.79221 4.25483 3.33339 3.10445 1.96031 1.89974
threshold=1.3720874214476551 0.044375418204102117 0.043000352474237835 0.60489871401774897 0.0026744041597167169 14.500000000000002 -0.040534836923252097 5.5000000000000009 49.467199467199478 -0.052163513902321289 0.079070203122113908 0.52623161005586294 11.500000000000002 -0.01706739664832678
decision_type=2 2 2 8 2 2 8 2 2 8 2 8 2 2
left_child=1 2 5 -4 -3 6 -1 8 -8 -10 11 -9 13 -13
right_child=-2 4 3 -5 -6 -7 7 10 9 -11 -12 12 -14 -15
leaf_value=0.0017556828778874942 0.01378090960698659 0.00375117555911834 0.0017556828778874942 0.00375117555911834 0.0074663048948811024 0.0017556828778874942 -8.5946954445002409e-05 -0.016243436497709141 -0.018401996297049986 -0.002687256865691272 -8.5946954445002409e-05 -0.002791980271951973 -0.002791980271951973 -0.0084912992584331524
leaf_weight=153.35664124507457 29.899630601517856 50.616381619125605 140.08226896077394 142.41459945682436 77.283623080700636 156.71177990268916 213.20028255227953 18.212822891771793 11.971090839244424 224.03832244686782 46.209889899007976 73.557422202080488 79.303745052777231 131.62856541294605
leaf_count=1658 222 302 938 957 420 1625 1605 137 117 2368 247 858 852 1495
internal_value=0.00143913 0.0011517 0.000599985 0.00375118 0.00690237 -0.00023981 -0.00090877 -0.00192758 -0.0001297 -0.00384959 -0.00420773 -0.00549801 -0.00454143 -0.00636895
internal_weight=1548.49 1518.59 1390.69 282.497 127.9 1108.19 951.479 798.122 449.21 236.009 348.912 302.703 284.49 205.186
internal_count=13801 13579 12857 1895 722 10962 9337 7679 4090 2485 3589 3342 3205 2353
is_linear=0
shrinkage=0.03


Tree=229
num_leaves=15
num_cat=0
split_feature=20 2 17 27 4 9 1 18 19 1 27 23 3 23
split_gain=4.84165 4.2146 2.30444 1.92514 2.2164 5.65577 3.855 1.68987 1.61453 1.694 1.0318 0.775358 0.371083 0.281928
threshold=0.97737680367498092 0.50892857142857151 0.99980976180683312 -0.035246623431093298 -0.29433670657479521 0.025011196061939214 18.623866926374664 0.22213157806205427 2.5825761270503063 0.098728788321270008 0.69314718055994562 0.0487191707646581 20.339279000210386 0.0040589531311293519
decision_type=10 2 2 8 10 10 10 10 10 10 8 2 10 2
left_child=1 2 3 12 7 13 8 -5 -7 -10 -3 -8 -1 -6
right_child=-2 10 -4 4 5 6 11 -9 9 -11 -12 -13 -14 -15
leaf_value=0.0025747112369834094 0.015382665861767857 0.0082525183820196177 0.0045452547931503591 0.00014654283157969995 -0.020984292642736328 0.00014654283157969995 -0.0089669913269404145 0.0013849614230823084 -0.0021546836225025631 -0.0044559100765848266 0.0045452547931503591 -0.0044559100765848266 0.0013849614230823084 -0.0089669913269404145
leaf_weight=131.60582885332406 16.774633991532028 25.499068439006805 32.373754307627678 343.52241802960634 8.6276511154137534 518.3072015279904 31.869025935884565 338.48225749842823 14.469287453219293 46.40903674159199 15.120597526431082 5.7028287388384333 17.227766239084303 5.0514021478593341
leaf_count=1022 225 220 219 3167 134 4730 486 2562 120 500 121 47 204 29
internal_value=0.00132553 0.00112237 0.000837991 0.000604168 0.000195212 -0.00108262 -0.000585237 0.0013757 5.51712e-05 -0.00445591 0.00825252 -0.00896699 0.00257471 -0.0173487
internal_weight=1551.04 1534.27 1493.65 1461.27 1312.44 630.436 616.757 682.005 579.186 60.8783 40.6197 37.5719 148.834 13.6791
internal_count=13786 13561 13220 13001 11775 6046 5883 5729 5350 620 341 533 1226 163
is_linear=0
shrinkage=0.03


Tree=230
num_leaves=15
num_cat=0
split_feature=28 13 3 6 27 18 28 13 9 34 28 18 22 3
split_gain=5.363 5.64456 8.62369 4.98562 4.9739 6.1589 6.07638 4.70915 4.04538 3.39663 3.24751 2.31646 2.3065 2.15321
threshold=1.5000000000000002 -23.550741292137122 0.5236670285664925 0.49348011605943881 -0.26174353192345839 0.80268120521486386 6.5000000000000009 0.027139979019462045 0.29403968940138259 49.467199467199478 11.500000000000002 0.38031538557019479 0.0010402923737972754 4.370068186820915
decision_type=2 10 10 2 8 8 2 8 10 2 2 8 2 8
left_child=7 2 11 8 12 10 -7 -1 -4 13 -6 -2 -3 -9
right_child=1 4 3 -5 5 6 -8 9 -10 -11 -12 -13 -14 -15
leaf_value=-0.0029423304066900705 -0.004092642657021835 0.0055673855995977926 -0.014010730901849429 -0.022404015488458162 2.899773922203967e-05 0.0055673855995977926 0.0021727340920983064 0.022460956252193371 -0.004092642657021835 0.0043111865156414816 0.0021727340920983064 2.899773922203967e-05 0.016274172177454922 0.010210556003371193
leaf_weight=30.116008941084146 11.363502612337468 38.404027745127678 36.20874833734706 14.909724367782472 284.3688103267923 149.99612372927368 230.02762727253139 22.316380040720105 87.165855749044567 50.685130629688501 199.19171016011387 362.27433585096151 25.038029327057302 19.814154073596001
leaf_count=227 84 320 501 275 2271 1164 1929 153 1390 498 1578 3157 176 139
internal_value=0.00111651 0.000591033 -0.0019257 -0.00821428 0.0019837 0.00135823 0.00431647 0.00700386 -0.00569365 0.0102165 2.89977e-05 2.89977e-05 0.00977655 0.0161099
internal_weight=1561.88 1438.95 511.922 138.284 927.026 863.584 380.024 122.932 123.375 92.8157 483.561 373.638 63.4421 42.1305
internal_count=13862 12845 5407 2166 7438 6942 3093 1017 1891 790 3849 3241 496 292
is_linear=0
shrinkage=0.03


Tree=231
num_leaves=13
num_cat=0
split_feature=11 18 25 17 13 16 22 23 0 3 27 32
split_gain=4.98504 3.83359 9.70599 4.29875 4.04132 3.75582 3.24821 2.74323 1.68295 1.51251 0.463313 0.416192
threshold=4.5848660010509734 0.21793284219199979 2.5898637769608572 0.0296101611434877 -14.853887738997086 6.9936460768208013 0.0025732762167335632 1.7476374583346039 0.020851805261649477 -0.015673484841678683 0.28768207245178107 34.845923307461774
decision_type=2 8 8 2 10 10 2 2 10 10 8 2
left_child=1 2 4 5 -1 7 8 9 -5 -3 -8 -4
right_child=-2 3 11 6 -6 -7 10 -9 -10 -11 -12 -13
leaf_value=-0.0081205748008927048 0.016908871918728089 0.0009703532512356515 -0.0081205748008927048 0.006412978818259355 -0.00016242997700843592 0.003572353923306962 0.0092536037132117492 0.0021031364794797391 0.003572353923306962 -0.00016242997700843592 0.006412978818259355 -0.018314706017286915
leaf_weight=10.013463845010845 14.451536062173544 240.46038521919399 8.2073254659771901 43.52957028336823 136.11566945537925 83.185020577162504 29.834601654671133 153.52438943274319 139.43844512384385 637.51991308666766 22.547802563756704 25.15845560003072
leaf_count=99 93 1911 52 304 1168 600 175 1026 926 6960 153 237
internal_value=0.00179576 0.00159834 -0.00247141 0.00214655 -0.00016243 0.00135492 0.00578979 0.000633919 0.00357235 -0.00016243 0.0092536 -0.0160787
internal_weight=1543.99 1529.54 179.495 1350.04 146.129 1114.69 235.35 1031.5 182.968 877.98 52.3824 33.3658
internal_count=13704 13611 1556 12055 1267 10497 1558 9897 1230 8871 328 289
is_linear=0
shrinkage=0.03


Tree=232
num_leaves=14
num_cat=0
split_feature=11 34 28 24 18 28 16 16 17 26 28 22 22
split_gain=5.18991 3.79265 7.63906 2.58444 2.82631 7.24673 2.96332 2.1503 1.89965 1.76646 1.56905 0.791508 0.343528
threshold=3.0189109136477561 20.446220446220451 8.5000000000000018 -1.0512471108195622 0.3940885148134245 11.500000000000002 25.477588543260357 6.9936460768208013 0.0056953728446032291 -1.0500510547034361 9.5000000000000018 2.4667213915933394e-05 0.0034253449600615887
decision_type=2 2 2 10 8 2 8 8 2 10 2 2 2
left_child=1 2 -1 4 5 6 9 8 -6 -3 -9 -5 -11
right_child=-2 3 -4 11 7 -7 -8 10 -10 12 -12 -13 -14
leaf_value=0.0085760357447459672 0.015923263204656663 -0.0049524122567622085 0.0036267928684479106 0.0020165036814804361 -0.00067764536546556259 -0.00067764536546556259 -0.00067764536546556259 0.0020165036814804361 0.00065989318116807126 -0.012603812391125254 0.00065989318116807126 0.0036267928684479106 -0.00817968929940786
leaf_weight=57.869411385152489 16.988913155160844 35.546176810748875 52.968539766035974 16.7542221583426 257.32113161124289 106.30932462029159 12.999568670988081 479.78097122255713 88.457127667963505 81.629803311545402 250.47029135376215 82.689514070749283 14.363939829170702
leaf_count=347 111 271 335 125 2276 942 99 4690 612 825 2543 555 98
internal_value=0.00143999 0.00122881 0.00645177 0.000801818 0.000406214 -0.00243115 -0.00766981 0.00107586 -0.000677645 -0.00922718 0.00199743 0.00362679 -0.011407
internal_weight=1554.15 1537.16 110.838 1426.32 1326.88 250.849 144.539 1076.03 345.778 131.54 730.251 99.4437 95.9937
internal_count=13829 13718 682 13036 12356 2235 1293 10121 2888 1194 7233 680 923
is_linear=0
shrinkage=0.03


Tree=233
num_leaves=15
num_cat=0
split_feature=20 14 27 28 3 9 9 16 28 18 21 0 22 9
split_gain=3.38874 3.14268 3.58554 2.23124 4.47748 5.2044 3.86392 4.72173 3.16205 2.65053 3.16716 2.11919 2.08277 7.81698
threshold=0.98781844079097103 0.45503683561911862 1.0662756834968923 6.5000000000000009 -0.04223466361481084 0.042066990335270706 0.071648088260096582 1.501865716655862 11.500000000000002 0.69328055255980858 2.6527730054526942e-05 0.023441386548950383 0.00049458885088251951 0.72172288852206912
decision_type=10 2 8 2 10 10 8 8 2 10 2 10 2 10
left_child=1 3 -3 6 8 11 7 -1 -5 10 -8 -6 13 -7
right_child=-2 2 -4 4 5 12 9 -9 -10 -11 -12 -13 -14 -15
leaf_value=-0.0097043885784966373 0.013480192122249849 0.0072422865179670526 0.0031350902355289532 0.00078550316456741482 -0.0077447075314125008 -0.0076095059139716916 -7.2895166341134795e-05 -7.2895166341134795e-05 0.0031350902355289532 0.0031350902355289532 0.0018746703995392421 -0.021262377400934632 0.00073186965456168373 -0.00098575034435137085
leaf_weight=52.238585371524096 14.893347945995627 83.864472050219774 31.277201026678085 91.320990236476064 8.1397977769374865 176.9777217679657 267.83366701751947 48.278726722113788 81.174729288555682 113.19439643248916 110.4054453484714 13.777656293939797 312.10492920968682 137.99111912865192
leaf_count=435 203 532 194 742 68 1903 2765 432 551 812 765 144 2479 1683
internal_value=0.0011679 0.00100438 0.00566401 0.00060617 -0.000405851 -0.00156408 0.00200225 -0.00324269 0.00313509 0.0030969 0.000614251 -0.0144881 -0.00100133 -0.00270337
internal_weight=1543.47 1528.58 115.142 1413.44 821.487 648.991 591.951 100.517 172.496 491.434 378.239 21.9175 627.074 314.969
internal_count=13708 13505 726 12779 7570 6277 5209 867 1293 4342 3530 212 6065 3586
is_linear=0
shrinkage=0.03


Tree=234
num_leaves=15
num_cat=0
split_feature=13 1 12 28 14 9 28 18 7 33 20 23 0 0
split_gain=3.5361 7.60508 6.01852 7.56651 4.80521 3.84418 3.11245 2.08423 2.05328 1.66198 1.43498 1.39331 1.17453 1.14075
threshold=-30.956889671101873 0.55183915058264721 0.45766830044824269 13.500000000000002 0.43982366947471624 0.54224138436965885 1.5000000000000002 0.21164422520958606 1.6117300552480007 50.023865023865035 0.41687979200390085 0.013863126021198871 5.5078102654424557 22.432973905552448
decision_type=10 10 2 2 2 8 2 10 8 2 10 2 10 10
left_child=1 11 4 -4 5 -2 -3 8 12 -7 -10 -1 -8 -6
right_child=2 6 3 -5 13 9 7 -9 10 -11 -12 -13 -14 -15
leaf_value=-0.0018433106472181969 0.00084866506241179814 -0.0022165663824190956 0.0070521397898999734 0.027335881703347262 0.0070521397898999734 0.0040486141584598657 -0.0055206288983402213 -0.0022165663824190956 -0.015915338087325551 0.0022824406940295588 -0.0092884168909128234 0.00084866506241179814 -0.0092884168909128234 0.0040486141584598657
leaf_weight=241.03070227894932 420.02140298485756 40.369389142841101 30.475471950136125 15.646943261846898 67.091504411771894 259.80671190377325 68.967236085794866 21.275138719007373 55.238244243897498 160.34697613120079 4.7489200606942168 136.68781713023782 20.847706367261708 10.497662276029585
leaf_count=2245 3403 424 171 86 435 1982 1037 231 796 1561 28 883 445 57
internal_value=0.00120528 -0.000622778 0.00232011 0.0123526 0.00175172 0.00104509 -0.0052818 -0.00746997 -0.00882469 0.00371622 -0.0130562 0.000848665 -0.00552063 0.00705214
internal_weight=1553.05 589.165 963.887 46.1224 917.764 840.175 211.447 171.077 149.802 420.154 59.9872 377.719 89.8149 77.5892
internal_count=13784 6089 7695 257 7438 6946 2961 2537 2306 3543 824 3128 1482 492
is_linear=0
shrinkage=0.03


Tree=235
num_leaves=15
num_cat=0
split_feature=20 28 34 33 34 0 14 25 28 9 4 6 17 16
split_gain=3.81103 3.65328 6.47503 4.87083 9.27458 4.7166 3.60567 3.00292 5.06186 5.66242 3.58138 3.13054 2.99384 2.38762
threshold=0.98781844079097103 6.5000000000000009 20.446220446220451 49.686424686424694 49.467199467199478 0.087447922602038416 0.9980537185786047 -0.2478361639045816 9.5000000000000018 0.61164525891577781 -0.46268828315275351 -0.014007256073605213 0.00026968730377224738 7.5820104109869524
decision_type=10 2 2 2 2 10 2 10 2 10 10 2 2 10
left_child=1 2 -1 -4 -5 -6 7 -3 9 11 -10 -9 -11 -12
right_child=-2 6 3 4 5 -7 -8 8 10 12 13 -13 -14 -15
leaf_value=0.007311017643981255 0.014055757321341957 0.0031385186999807581 0.0042747583727798183 0.0018027424501831375 -0.0017376888750702175 -0.0098048688433408741 0.007311017643981255 -0.0042184699573444562 0.00070257347078646391 -0.0042184699573444562 -0.0038727716328787365 -0.01193285901167534 0.00070257347078646391 -0.00074557806566659737
leaf_weight=38.602002184838057 14.097609709016977 117.39758108183742 194.42765790037811 194.69153994694352 109.72869388759136 102.25047238077968 27.020390877500176 35.381878329440951 109.38141325674951 49.469833272509277 307.70516445813701 101.62364327628165 30.082984028384089 119.5068692304194
leaf_count=207 201 1121 1432 1516 952 1427 190 302 906 598 3000 925 217 829
internal_value=0.000733622 0.000566278 0.00228968 0.0012385 -0.000669273 -0.00527812 -0.000667873 -0.00103398 -0.00173337 -0.00554827 -0.000156748 -0.00913951 0.000702573 -0.00219373
internal_weight=1551.37 1537.27 639.7 601.098 406.671 211.979 897.57 870.549 753.152 216.558 536.593 137.006 79.5528 427.212
internal_count=13823 13622 5534 5327 3895 2379 8088 7898 6777 2042 4735 1227 815 3829
is_linear=0
shrinkage=0.03


Tree=236
num_leaves=15
num_cat=0
split_feature=20 2 28 18 4 9 17 24 25 28 18 28 28 24
split_gain=3.56224 3.14512 2.58406 11.8403 3.19019 11.2085 2.75931 2.42235 2.25323 3.05821 4.4788 2.30219 2.12804 2.0341
threshold=0.94204301282539538 0.52232142857142871 6.5000000000000009 0.48827384531311341 -0.63559419129389594 0.025011196061939214 0.03238754790863093 0.21473362741186561 0.032703563873410564 15.500000000000002 0.86243245405764135 13.500000000000002 11.500000000000002 -1.0512471108195622
decision_type=10 2 2 8 10 10 2 8 10 2 8 2 2 10
left_child=1 2 3 6 12 -6 -1 -5 11 10 13 -7 -4 -10
right_child=-2 -3 4 7 5 8 -8 -9 9 -11 -12 -13 -14 -15
leaf_value=-0.010090574816351809 0.013911256773986228 0.0079554748797567715 0.002034220294889665 -0.0006351268342706728 -0.022686389491936524 0.002034220294889665 -0.0006351268342706728 0.0048514325207020216 -0.0096431665498762434 0.00028730359708665229 0.00021041363995883571 0.00028730359708665229 0.0048514325207020216 -0.0037574407256652626
leaf_weight=57.588104143738747 18.107239654287696 40.15202134475112 97.237670470029116 10.353392280638216 14.449564880691467 220.89184419810772 40.73705342784524 511.20582246407866 104.61894581932575 64.678743283264339 136.06512461975217 142.94448310695589 72.93108013831079 10.816042667254804
leaf_count=507 245 336 844 69 158 2039 260 4518 940 598 1366 1240 595 66
internal_value=0.00218398 0.00199969 0.00174739 0.00321795 0.000680655 -0.000230296 -0.00612169 0.00485143 0.000408979 -0.00143148 -0.00351155 0.00200609 0.00429874 -0.0077253
internal_weight=1542.78 1524.67 1484.52 619.884 864.633 694.465 98.3252 521.559 680.015 316.179 251.5 363.836 170.169 115.435
internal_count=13781 13536 13200 5354 7846 6407 767 4587 6249 2970 2372 3279 1439 1006
is_linear=0
shrinkage=0.03


Tree=237
num_leaves=15
num_cat=0
split_feature=20 2 11 13 28 23 0 28 9 16 14 6 25 16
split_gain=5.009 4.08813 3.43536 4.24793 3.71836 2.93264 2.8074 2.95671 2.80032 2.18936 1.50417 1.49199 1.49412 0.984732
threshold=0.97737680367498092 0.52232142857142871 0.071778837733983067 -30.956889671101873 15.500000000000002 0.01818003081394998 0.57395809211890958 1.5000000000000002 0.58664625996438236 -1.0000000180025095e-35 0.43982366947471624 -0.11129436761816826 -0.10128119809590029 30.763171977260892
decision_type=10 2 2 10 2 2 10 2 8 10 2 2 8 8
left_child=1 2 3 4 6 -6 13 -8 10 11 -5 -9 -13 -1
right_child=-2 -3 -4 8 5 -7 7 9 -10 -11 -12 12 -14 -15
leaf_value=-0.001793446769387357 0.016103448159476789 0.0087484332933648861 0.0049316125891195502 0.00024554544192290095 -0.015675340041522136 0.00024554544192290095 -0.001793446769387357 -0.0049595307628384246 0.0028173943680406504 -0.001793446769387357 0.0015314699049817756 -0.0077992469619762392 -0.013529693163417133 0.00024554544192290095
leaf_weight=38.591152243316174 16.17870684619993 41.076182210817933 98.968515189364552 418.62739847321063 22.845671734772623 13.167848918586968 36.659067958593369 47.467762186191976 434.88438717462122 6.8748276713304213 34.774341996759176 15.675656266510485 66.658160499762744 264.52288727089763
leaf_count=321 227 338 500 3394 354 102 391 739 3546 77 218 300 1064 2298
internal_value=0.00159733 0.00139342 0.00111479 0.000703176 -0.00146293 -0.0101339 -0.000709084 -0.00383244 0.00195403 -0.0067056 0.000245545 -0.00812561 -0.010639 0.000245545
internal_weight=1556.97 1540.79 1499.72 1400.75 512.463 36.0135 476.45 173.335 888.286 136.676 453.402 129.802 82.3338 303.114
internal_count=13869 13642 13304 12804 5646 456 5190 2571 7158 2180 3612 2103 1364 2619
is_linear=0
shrinkage=0.03


Tree=238
num_leaves=15
num_cat=0
split_feature=28 11 34 27 2 16 3 14 14 28 35 17 16 17
split_gain=3.10083 9.24307 6.60226 5.79024 5.17209 4.0147 3.30897 5.26286 3.46422 6.15202 6.85935 2.96685 2.93884 2.93059
threshold=5.5000000000000009 1.0000000180025095e-35 19.7968697968698 1.1030966236594901 0.44757326007326009 5.8765141184015039 20.339279000210386 0.034870954622619674 0.45503683561911862 11.500000000000002 33.391608391608408 0.030972796728943847 -24.908369430604683 0.00026968730377224738
decision_type=2 2 2 8 2 8 10 2 2 2 10 2 10 2
left_child=1 2 -1 -4 6 11 8 -8 9 10 -2 -5 -11 -6
right_child=4 -3 3 5 13 -7 7 -9 -10 12 -12 -13 -14 -15
leaf_value=0.010890742116394698 0.0019630303000123519 0.019714776329571682 0.0058448487319529546 -0.0091992402471603868 0.0043839247027872251 0.0010563263887937348 -0.016280116582252851 -0.0035244466862097332 0.0043839247027872251 -0.0025753570664592226 -0.0035244466862097332 -0.002428082109191463 0.0019630303000123519 0.018012687727140413
leaf_weight=30.006439954042435 73.748557274229825 23.2732800161466 154.60530114453286 82.115360761992633 33.964737851172686 242.4604965262115 29.374333090148866 25.332920327782631 64.98896536976099 125.1830009939149 346.60238234698772 19.503391675651073 280.68387713097036 16.347096081823111
leaf_count=174 677 128 1504 669 266 2137 578 134 426 1362 3284 129 2211 135
internal_value=0.00118835 0.00298113 0.00206671 0.00111952 0.000185128 -0.00105702 -0.000334535 -0.00717173 0.00012284 -0.000457864 -0.00298827 -0.00591249 0.00196303 0.00910238
internal_weight=1548.19 551.964 528.691 498.685 996.226 344.079 945.914 54.7073 891.207 826.218 420.351 101.619 405.867 50.3118
internal_count=13814 4741 4613 4439 9073 2935 8672 712 7960 7534 3961 798 3573 401
is_linear=0
shrinkage=0.03


Tree=239
num_leaves=15
num_cat=0
split_feature=20 3 23 16 1 26 13 0 4 14 7 7 16 7
split_gain=4.98921 4.16213 3.20407 2.71063 5.25448 3.85701 1.91118 4.43693 2.44939 1.46899 0.37447 0.332487 0.286514 0.260386
threshold=0.95139612030466447 -0.94951187661970138 4.2448824175363251 -0.044560501123811803 2.558058274320997 0.026622365000581464 -0.14481815292357419 0.57395809211890958 -0.53694517870980052 0.0074870337565026241 0.3627701413857683 0.027491813581892902 8.5648642371007941 2.998734241989172
decision_type=10 8 2 8 8 10 10 10 10 2 8 10 8 10
left_child=1 13 3 4 5 -3 7 12 -8 -4 -2 -10 -5 -1
right_child=10 2 9 6 -6 -7 8 -9 11 -11 -12 -13 -14 -15
leaf_value=0.0088080607923725525 0.02009968582621622 -0.0012894484732529888 0.0030182266368644901 -3.3379952432665071e-05 -0.017019198458038849 -0.0091543234656459183 0.0030182266368644901 -0.0012894484732529888 0.0021204576026260745 0.0051104085068898247 0.0088080607923725525 0.0012226885683876585 0.0012226885683876585 0.0051104085068898247
leaf_weight=31.476695911958814 9.6553069697692973 48.946518423967063 128.54155925288796 61.264876403845847 16.809835881926119 27.533064235933125 237.82482289709151 213.09587601944804 196.41723938565701 28.215019127354026 7.9416704457253244 227.26810104213655 310.25103067420423 7.8809416033327571
leaf_count=289 147 411 866 494 171 213 1902 3139 1515 167 96 1760 2582 68
internal_value=0.00190578 0.001694 0.00141276 0.000926045 -0.00387871 -0.00128945 0.00129981 4.74359e-05 0.00239794 0.00511041 0.0159221 0.00122269 0.00122269 0.00880806
internal_weight=1553.12 1535.53 1496.17 1339.41 93.2894 76.4796 1246.12 584.612 661.51 156.757 17.597 423.685 371.516 39.3576
internal_count=13820 13577 13220 12187 795 624 11392 6215 5177 1033 243 3275 3076 357
is_linear=0
shrinkage=0.03


Tree=240
num_leaves=15
num_cat=0
split_feature=20 14 34 12 25 4 9 13 22 9 18 1 1 9
split_gain=5.30391 4.34474 3.95592 3.27798 1.74793 2.15836 5.54542 2.66731 2.6487 3.56943 2.11568 0.901227 0.838524 0.808184
threshold=0.95139612030466447 0.45503683561911862 49.592074592074596 1.0000000180025095e-35 -0.27436344581906819 -0.504469141975877 0.031898869250004035 37.037960520847058 0.00060037144381842043 0.95485582996120011 0.20578973944160686 0.010982208033670485 0.46072684407655867 0.35905316865001186
decision_type=10 2 2 2 8 10 10 8 2 10 10 10 10 10
left_child=1 3 -3 4 -1 10 -7 8 9 11 -6 -8 -5 -10
right_child=-2 2 -4 12 5 6 7 -9 13 -11 -12 -13 -14 -15
leaf_value=0.00096763047459471978 0.014753242081100107 0.0074545094525258872 0.0027221152567572415 0.0027221152567572415 -0.0012725072117679389 -0.017317621572875086 -0.0070999835271015098 -0.0012725072117679389 -0.0046039978835068695 -0.0046039978835068695 -0.00011125996566202312 -0.009595969170696151 0.00096763047459471978 -0.0026119547816956996
leaf_weight=101.9961237385869 17.73583971709013 47.402511971071362 63.483659356832504 75.809740567579865 283.77329234499484 16.812265755143017 10.116979148238896 236.04870455292985 53.775793535634875 49.9161023106426 296.3480323664844 128.66925803618506 52.117982514202595 118.5413528047502
leaf_count=1032 244 329 376 408 2669 203 75 2766 351 522 2289 1363 267 921
internal_value=0.000369359 0.000155777 0.00574205 -0.000297816 -0.000786854 -0.00119015 -0.00243375 -0.00187432 -0.0039514 -0.00659604 -0.00011126 -0.00959597 0.00272212 -0.00261195
internal_weight=1552.55 1534.81 110.886 1423.93 1296 1194 613.88 597.068 361.019 188.702 580.121 138.786 127.928 172.317
internal_count=13815 13571 705 12866 12191 11159 6201 5998 3232 1960 4958 1438 675 1272
is_linear=0
shrinkage=0.03


Tree=241
num_leaves=15
num_cat=0
split_feature=14 12 25 27 22 18 17 28 22 32 18 34 9 28
split_gain=5.513 3.81757 3.68749 2.09856 3.83079 3.52199 2.1022 2.60298 2.61102 1.79686 1.7846 1.55871 1.05663 1.04756
threshold=1.3720874214476551 0.45766830044824269 -0.29841617774088286 1.4484645792211626 0.0049181820666607352 0.23082792317126699 0.043000352474237835 14.500000000000002 0.00038885156281639685 39.185988836338502 0.081687308919095078 54.681984681984694 0.57018193271907258 9.5000000000000018
decision_type=2 2 8 10 2 8 2 2 2 2 10 2 8 2
left_child=1 2 -1 6 5 -5 7 8 9 -4 -3 -2 -8 -10
right_child=11 10 3 4 -6 -7 12 -9 13 -11 -12 -13 -14 -15
leaf_value=0.0035425623629871416 0.018035317174700881 0.0035425623629871416 -0.0010613112566098129 -0.023825501596528995 -0.0028645944860604938 -0.0074882202112263232 0.00053608138005884821 0.00053608138005884821 0.00053608138005884821 -0.0028645944860604938 0.0068223715021155104 0.0068223715021155104 0.0016644122001764148 -0.0010613112566098129
leaf_weight=106.48165346309543 18.093850059434772 22.745233125984669 82.095597218722105 11.656523920595644 12.013355033472179 29.913874356076121 129.70324825774878 137.18894211854786 218.58566602226347 503.64015089953318 45.843890808522701 9.6815104372799414 119.18801942188293 101.26979963015765
leaf_count=1049 148 125 492 152 85 233 860 1420 1840 5420 261 62 799 875
internal_value=0.000866815 0.000602352 0.000262753 -0.000213738 -0.00576718 -0.0121118 3.79913e-05 -0.000592249 -0.0014737 -0.0026587 0.00682237 0.0130424 0.00166441 0.000536081
internal_weight=1548.1 1520.33 1451.74 1345.26 53.5838 41.5704 1291.67 1042.78 905.591 585.736 68.5891 27.7754 248.891 319.855
internal_count=13821 13611 13225 12176 470 385 11706 10047 8627 5912 386 210 1659 2715
is_linear=0
shrinkage=0.03


Tree=242
num_leaves=15
num_cat=0
split_feature=0 11 27 18 25 4 18 28 24 13 16 13 0 22
split_gain=4.90511 3.04698 2.75858 3.18197 4.16825 3.21035 3.4874 2.5717 2.24774 2.06241 1.47371 1.05088 0.75966 0.173842
threshold=-0.8348631728980318 3.0189109136477561 -0.035246623431093298 0.081687308919095078 1.2044150865308034 -0.504469141975877 0.86703753581614784 13.500000000000002 -0.00034912684987796553 -0.41599462909867352 -64.18727868498199 -0.47153525761823317 22.432973905552448 0.0018033190249240421
decision_type=8 2 8 8 8 10 8 2 10 10 10 10 10 2
left_child=10 2 12 4 11 9 8 -8 -7 13 -1 -4 -2 -5
right_child=1 -3 3 5 -6 6 7 -9 -10 -11 -12 -13 -14 -15
leaf_value=0.0060997946530395829 0.0032283103375616035 0.0060997946530395829 -0.012000224768727157 0.00016895332887036362 -0.020356223429915776 -0.0036442261075385362 0.00016895332887036362 -0.0017376363893340863 -0.0017376363893340863 0.0015676489428166781 0.019289815853737447 -0.0036442261075385362 0.0015676489428166781 0.00086830113584352093
leaf_weight=21.643790014088157 135.47666699904948 16.813517794944346 7.2551692896522573 245.08008440956473 11.331716481130568 246.81257574353367 314.64377463562414 96.507458621170372 26.138582160230726 324.7921449970454 10.194385367445646 26.951831163838506 16.714448669925332 55.872903941199183
leaf_count=199 1063 107 124 2282 115 1990 3357 1012 183 2485 111 222 203 450
internal_value=0.000821922 0.000558639 0.000356826 -9.30125e-05 -0.00747972 0.000191264 -0.00122974 0.000168953 -0.00364423 0.00156765 0.0116409 -0.00364423 0.00322831 0.000168953
internal_weight=1556.23 1524.39 1507.58 1355.39 45.5387 1309.85 684.102 411.151 272.951 625.745 31.8382 34.207 152.191 300.953
internal_count=13903 13593 13486 12220 461 11759 6542 4369 2173 5217 310 346 1266 2732
is_linear=0
shrinkage=0.03


Tree=243
num_leaves=15
num_cat=0
split_feature=27 16 12 22 13 18 28 2 3 20 1 28 27 23
split_gain=3.82017 5.49788 3.45467 2.63982 3.23123 2.82642 5.59876 3.71114 3.00614 1.70315 1.10285 0.847048 0.752265 0.74384
threshold=-0.26174353192345839 6.7813821821956131 0.042544464893621646 0.0011537709889979356 -21.351507538048981 0.48827384531311341 8.5000000000000018 0.21103238866396765 0.094104974502847508 0.96728788207662453 2.1723573866964432 12.500000000000002 0.35667494393873261 0.0030572262482800971
decision_type=8 10 2 2 8 8 2 2 10 8 10 2 10 2
left_child=1 -1 3 4 -2 6 7 -6 -8 -7 -4 12 -10 -11
right_child=2 -3 10 -5 5 9 8 -9 11 13 -12 -13 -14 -15
leaf_value=0.0037414195689880886 -0.016720719142203886 0.017746534344619876 0.0037414195689880886 0.0018155753547606003 -0.0087298700784398803 -0.001821984508328178 -0.001821984508328178 -0.001821984508328178 -0.0052759272933840286 -0.00068960732406364307 0.0018155753547606003 -0.0087298700784398803 -0.0087298700784398803 0.00044276986020089167
leaf_weight=48.939693110994995 6.5371709810569882 25.203671323135495 105.83341743750498 371.62791693769395 80.619231515098363 38.11584953032434 55.559411723166704 9.8149151429533941 18.053323905449364 520.18438735976815 17.570390205830336 38.154858876019716 9.2764859120361489 203.31417637690902
leaf_count=502 70 168 607 3043 762 276 419 67 196 5638 92 428 119 1462
internal_value=0.000703543 0.00712515 0.00035769 -0.000110269 -0.000930036 -0.000739021 -0.00376396 -0.00872987 -0.00182198 0.000119987 0.00374142 -0.00872987 -0.00527593 0.00044277
internal_weight=1548.8 74.1434 1474.66 1351.26 979.63 973.093 211.478 90.4341 121.044 761.614 123.404 65.4847 27.3298 723.499
internal_count=13849 670 13179 12480 9437 9367 1991 829 1162 7376 699 743 315 7100
is_linear=0
shrinkage=0.03


Tree=244
num_leaves=15
num_cat=0
split_feature=24 20 13 0 28 11 1 4 34 18 8 18 28 28
split_gain=3.34817 3.25272 2.63379 6.24686 2.92046 3.86518 2.6639 2.82726 2.23002 1.7982 1.36613 1.26018 0.490573 0.590408
threshold=0.33136194828260662 0.96728788207662453 -30.956889671101873 0.5396334072819019 10.500000000000002 0.84566974182936427 -0.056730122974535842 -0.29433670657479521 62.619047619047628 0.21164422520958606 0.0099145265263187472 0.66199053490374049 1.5000000000000002 8.5000000000000018
decision_type=10 10 10 10 2 2 8 10 2 10 10 8 2 2
left_child=1 2 3 10 8 -6 -4 11 -5 12 -1 -8 -10 -14
right_child=-2 -3 6 4 5 -7 7 -9 9 -11 -12 -13 13 -15
leaf_value=0.00027502672501458569 0.014899216024343687 0.0078296468883239812 0.0042041232005513331 -0.0025491856668627398 -0.014767595841631049 -0.0025491856668627398 0.001448918507915657 0.00027502672501458569 -0.0097520078974524058 -0.0059652885501385918 -0.0025491856668627398 0.0026228102908167281 -0.019910539775801674 -0.0097520078974524058
leaf_weight=274.06397071108222 10.242665451951323 14.685918608680366 34.070528930984437 110.83439092990011 47.076699872501194 3.7876879051327697 172.36738586053252 486.01282871747389 13.501419790089129 4.2210287395864716 105.06630819663405 248.89418604969978 19.256254978012297 2.6379739632830015
leaf_count=2255 65 212 287 1276 796 19 1315 3983 189 52 887 1906 472 88
internal_value=0.000901417 0.000760078 0.0005786 -0.00100543 -0.0053734 -0.0112851 0.00155549 0.0010415 -0.00307608 -0.00938139 0.000275027 0.00262281 -0.0135387 -0.0172109
internal_weight=1546.72 1536.48 1521.79 580.446 201.315 50.8644 941.345 907.274 150.451 39.6167 379.13 421.262 35.3956 21.8942
internal_count=13802 13737 13525 6034 2892 815 7491 7204 2077 801 3142 3221 749 560
is_linear=0
shrinkage=0.03


Tree=245
num_leaves=15
num_cat=0
split_feature=28 13 34 11 2 21 28 16 13 34 14 16 0 24
split_gain=3.64898 5.69074 3.65188 2.97209 3.20335 3.76024 2.35396 4.92226 3.27497 3.44223 2.62053 2.19565 2.16774 2.12869
threshold=1.5000000000000002 0.027139979019462045 43.140193140193148 4.5848660010509734 0.20144927536231888 1.0000000180025095e-35 14.500000000000002 -15.085778027189235 -4.479743832047471 51.764901764901772 0.010324110998977171 -30.714970078797702 0.10813072153947757 inf
decision_type=2 8 2 2 2 2 2 10 8 2 2 10 10 8
left_child=1 -1 -3 4 6 -6 8 -8 9 -2 13 -4 -9 -10
right_child=3 2 11 -5 5 -7 7 12 10 -11 -12 -13 -14 -15
leaf_value=-0.0044326150580386043 -0.0031360847476883517 0.01907926764661334 0.0026476152899298634 0.012446375049942967 0.0025195159786770816 0.0065927973914391451 -0.0094667680850531559 0.0025195159786770816 -0.0031360847476883517 -0.017107022821185595 0.0025195159786770816 0.012340523793499066 -0.0022077502166959178 0.0006161433260725961
leaf_weight=31.217387340962887 21.575396075844765 23.161492312327027 60.966233883053064 14.822913580574093 111.95884341560304 38.028320599813014 60.74369845725596 33.690020710229874 56.032732304185629 15.060097060166298 312.39283190853894 10.230879351496695 115.45439397823066 630.85314611485228
leaf_count=234 182 159 567 97 776 267 760 236 411 215 1893 70 1005 6880
internal_value=0.00135338 0.00615429 0.00970364 0.000905767 0.00073922 0.00480678 0.000232253 -0.00262751 0.000821511 -0.00743176 0.00115959 0.00560178 0.000374714 4.17997e-05
internal_weight=1536.19 125.576 94.3586 1410.61 1395.79 149.987 1245.8 209.888 1035.91 36.6355 999.279 71.1971 149.144 686.886
internal_count=13752 1030 796 12722 12625 1043 11582 2001 9581 397 9184 637 1241 7291
is_linear=0
shrinkage=0.03


Tree=246
num_leaves=15
num_cat=0
split_feature=27 2 28 9 28 9 14 0 28 22 3 33 21 35
split_gain=4.36628 6.4165 5.20062 5.77547 4.78052 4.58354 4.40892 2.68792 2.15539 1.84422 2.92701 1.78729 1.51364 1.46971
threshold=1.4484645792211626 0.11602564102564104 6.5000000000000009 0.071648088260096582 14.500000000000002 inf 0.079070203122113908 -1.0000000180025095e-35 11.500000000000002 0.0012553604094482794 -0.107476787000178 59.012099012099021 4.0150497522565199e-05 51.490176490176488
decision_type=8 2 2 10 2 8 2 10 2 2 10 2 2 10
left_child=1 2 3 -1 6 9 -3 8 -4 10 -2 -12 -13 -8
right_child=5 4 7 -5 -6 -7 13 -9 -10 -11 11 12 -14 -15
leaf_value=0.00014800619542464032 -0.0050962121771030407 0.0040799340328520825 0.0021139701141383613 0.0040799340328520825 0.015796703609055166 0.00014800619542464032 0.024723600223973307 0.00014800619542464032 0.0040799340328520825 -0.0026360206037565103 -0.0083118733801732739 -0.022141066753658973 -0.012394078422691961 0.010655799887637088
leaf_weight=69.922105504199862 41.187537930905819 113.44455593032762 68.312865837477148 160.72338252328336 39.428894680924714 245.07350564561784 9.6709364615380782 615.76631575217471 40.942852523177862 50.071490369737148 42.791187811642885 24.887975006364286 12.66531237028539 8.754325960762797
leaf_count=622 305 767 590 1607 267 2028 70 6062 303 367 347 322 92 67
internal_value=0.000969135 0.00193727 0.000961731 0.00407993 0.00719814 -0.00164126 0.00414403 0.000148006 0.00407993 -0.00542005 -0.0075564 -0.0115275 -0.0164763 0.0172317
internal_weight=1543.64 1126.97 955.668 230.645 171.299 416.677 131.87 725.022 109.256 171.604 121.532 80.3445 37.5533 18.4253
internal_count=13816 10355 9184 2229 1171 3461 904 6955 893 1433 1066 761 414 137
is_linear=0
shrinkage=0.03


Tree=247
num_leaves=15
num_cat=0
split_feature=17 16 27 8 28 1 14 13 34 14 18 2 28 18
split_gain=2.99431 5.80131 2.45269 2.03599 1.80772 3.2422 2.58027 2.55606 6.50771 2.37465 1.71374 1.62971 1.73088 4.04255
threshold=0.99980976180683312 13.280438346128676 -0.035246623431093298 0.014873105448209857 5.5000000000000009 23.984732185223439 2.8822523114203985e-05 -0.0053952472897260866 49.467199467199478 0.29703999425608768 0.71326830208167502 0.44757326007326009 8.5000000000000018 0.9941641854863642
decision_type=2 8 8 10 2 10 2 8 2 2 8 2 2 8
left_child=2 -2 3 -1 7 9 -7 8 -4 11 -9 12 13 -6
right_child=1 -3 4 -5 5 6 -8 10 -10 -11 -12 -13 -14 -15
leaf_value=0.005265994913591112 0.005265994913591112 0.02114938766945313 -0.0012508841092750563 0.0025162070244518233 -0.0038253053102283848 -0.014187993655232859 -0.0038253053102283848 -0.0012508841092750563 -0.01856052848732927 0.0025162070244518233 0.0025162070244518233 0.00099191030022739192 -0.0002044820309172309 -9.026101260292796e-05
leaf_weight=73.288219115696847 13.705136965960262 18.989422435872257 23.438417639583349 83.65559961553663 83.121501106303185 24.533885482698679 19.741973511874676 91.858062685467303 16.6802430273965 71.652625850401819 410.00818343181163 39.724236528389156 474.32600028906018 99.995275523513556
leaf_count=600 96 148 166 695 722 516 117 706 156 427 3648 310 4414 1083
internal_value=0.00119215 0.00955148 0.000980513 0.00447113 0.000561283 -0.000333878 -0.00779394 0.001895 -0.00499103 0.000143326 0.00248926 -0.000532386 -0.00117243 -0.00360763
internal_weight=1544.72 32.6946 1512.02 156.944 1355.08 813.095 44.2759 541.985 40.1187 768.82 501.866 697.167 657.443 183.117
internal_count=13804 244 13560 1295 12265 7589 633 4676 322 6956 4354 6529 6219 1805
is_linear=0
shrinkage=0.03


Tree=248
num_leaves=15
num_cat=0
split_feature=12 1 28 13 14 28 2 1 13 22 9 3 16 28
split_gain=2.95202 3.44123 3.1064 2.49046 2.31658 2.18716 2.99407 2.00802 1.5652 1.96743 2.98012 4.05469 4.37176 1.68597
threshold=0.46189622802526031 0.19152815061121037 1.5000000000000002 0.18915919558263541 0.43982366947471624 17.500000000000004 0.022474747474747477 9.7725857898974606 34.5299733589327 0.00041027346825233725 1.4498381773823998 0.69561344543914749 6.1259277344876679 11.500000000000002
decision_type=2 10 2 8 2 2 2 10 10 2 8 10 8 2
left_child=2 -2 3 -1 5 8 -7 -6 9 10 11 13 -13 -4
right_child=1 -3 4 -5 7 6 -8 -9 -10 -11 -12 12 -14 -15
leaf_value=-0.0046938635160826119 0.016553784704685711 0.003657450312400278 -0.0039454575861005261 0.003657450312400278 0.003657450312400278 -0.010863233542528059 0.0016565691561582028 0.0016565691561582028 0.0016565691561582028 0.00060925182471376841 -0.00043237357734563235 -0.015866964529000976 -0.0049274190262300326 -0.0017016036040503133
leaf_weight=31.861640438437462 18.208266844972968 45.833816797472537 299.70507257431746 95.789260907098651 89.666361617855728 33.391149104572833 10.876629485748706 18.969547230750322 43.07526040636003 457.58054517582059 166.86233481112868 38.344167725648731 65.360961341299117 126.05489050596952
leaf_count=238 124 241 2730 812 591 374 70 99 295 3799 1825 529 999 1087
internal_value=0.000767657 0.00683226 0.000482638 0.00365745 3.22745e-05 -0.000344312 -0.00653909 0.00365745 -8.89636e-05 -0.000438066 -0.001474 -0.00297083 -0.00815323 -0.0017016
internal_weight=1541.58 64.0421 1477.54 127.651 1349.89 1241.25 44.2678 108.636 1196.98 1153.91 696.327 529.465 103.705 425.76
internal_count=13813 365 13448 1050 12398 11708 444 690 11264 10969 7170 5345 1528 3817
is_linear=0
shrinkage=0.03


Tree=249
num_leaves=15
num_cat=0
split_feature=20 14 22 28 16 12 25 4 27 28 28 9 18 18
split_gain=3.80712 2.68427 2.18497 2.16164 3.50818 2.0991 1.85914 2.21076 5.46718 3.58754 4.72287 2.84482 2.52947 1.47382
threshold=0.92229919352317524 1.3720874214476551 0.00011616582901259979 17.500000000000004 8.5648642371007941 1.0000000180025095e-35 -0.24044876128637546 -0.504469141975877 0.71983441085563304 10.500000000000002 5.5000000000000009 0.031898869250004035 0.22213157806205427 0.86703753581614784
decision_type=10 2 2 2 10 2 8 10 10 2 2 10 10 8
left_child=1 3 -2 5 -5 6 -1 12 11 10 -10 -9 -8 -7
right_child=2 -3 -4 4 -6 13 7 8 9 -11 -12 -13 -14 -15
leaf_value=0.0022047537263899354 0.0070313997601225203 0.0070313997601225203 0.019936177440476665 -0.010226111559245658 0.0038636857145213327 0.0022047537263899354 -1.3893604761709907e-05 -0.0040757632677547754 -0.0040757632677547754 -0.0040757632677547754 -0.022119790852310785 -1.3893604761709907e-05 0.0011546156288505466 0.0038636857145213327
leaf_weight=114.6687000868842 4.5819374425336745 26.494619132950902 13.523026438895611 33.594350119121373 15.035770727321504 50.789843732491136 302.10210042260587 14.750884178094564 20.845113877207041 38.627802964299917 22.891484663821757 508.40216758893803 300.74789343215525 73.897932862862945
leaf_count=1140 48 198 204 360 103 264 2796 171 168 331 242 5100 2305 400
internal_value=0.00107789 0.00089148 0.0131713 0.000695972 -0.00522476 0.000912151 0.000545822 0.000104478 -0.0011824 -0.00812947 -0.0139454 -2.20612e-05 0.00115462 0.00386369
internal_weight=1540.95 1522.85 18.105 1496.35 48.6301 1447.72 1323.04 1208.37 605.517 82.3644 43.7366 523.153 602.85 124.688
internal_count=13830 13578 252 13380 463 12917 12253 11113 6012 741 410 5271 5101 664
is_linear=0
shrinkage=0.03


Tree=250
num_leaves=15
num_cat=0
split_feature=17 16 20 1 23 27 8 16 1 13 13 14 28 1
split_gain=5.79076 3.96128 2.41449 1.40726 1.09609 1.07908 1.77345 1.43698 2.33201 0.657601 0.643258 0.637765 0.576797 0.551953
threshold=0.99980976180683312 93.91033207475958 0.98781844079097103 -1.4253735324078141 1.48846164877547 1.4484645792211626 0.19772525555343815 5.9690669738361049 2.3391953412288866 0.57607615486929842 -30.956889671101873 0.010951033091407303 4.5000000000000009 -0.25797866040431766
decision_type=2 8 10 8 2 8 10 8 10 8 10 2 2 10
left_child=2 -2 3 -1 5 6 -5 8 9 12 13 -6 -7 -9
right_child=1 -3 -4 4 11 7 -8 10 -10 -11 -12 -13 -14 -15
leaf_value=0.0039178301929503933 0.0069903657029787951 0.023280874179020909 0.0069903657029787951 0.0013158985491128934 0.0013158985491128934 -0.0068493836743023151 -0.00015374873925577893 -0.0010835288251895532 -0.011685458437481304 -0.0020133089111233275 -0.00015374873925577893 0.0022949510220222533 -0.0035879630707366726 -0.0020133089111233275
leaf_weight=27.722881245426834 17.945140419527888 14.394091742113231 13.687573550269006 549.2151492908597 164.09072362631559 43.195173413492739 396.20033232728019 26.575157605111599 21.980010220780969 30.393809823319316 64.450655395165086 30.887852638959885 16.528884045779705 117.94380076602101
leaf_count=273 129 115 195 5226 1091 337 3752 205 189 236 500 174 151 1199
internal_value=0.00129916 0.012975 0.00100572 0.000845295 0.000672072 0.000336846 0.000846578 -0.00115408 -0.00387287 -0.00201331 -0.000153749 0.00229495 -0.00516262 -0.00201331
internal_weight=1535.21 32.3392 1502.87 1489.18 1461.46 1266.48 945.415 321.067 112.098 90.1179 208.97 194.979 59.7241 144.519
internal_count=13772 244 13528 13333 13060 11795 8978 2817 913 724 1904 1265 488 1404
is_linear=0
shrinkage=0.03


Tree=251
num_leaves=15
num_cat=0
split_feature=11 1 23 16 18 1 13 25 35 21 0 2 28 13
split_gain=4.90552 3.08964 2.47719 2.97135 3.89118 3.74383 3.13256 1.60233 1.54838 1.50558 1.27299 0.973258 0.927079 0.513103
threshold=4.5848660010509734 -0.25797866040431766 1.48846164877547 6.3347248780658605 0.1164780578617453 2.4230842751931294 -30.956889671101873 inf 45.113220113220116 0.00024743494774526073 0.5396334072819019 0.41702898550724643 11.500000000000002 25.912676028216133
decision_type=2 8 2 8 8 10 10 8 10 2 10 2 2 8
left_child=1 11 3 4 8 7 10 -6 -3 12 -5 -1 -4 -7
right_child=-2 2 9 6 5 13 -8 -9 -10 -11 -12 -13 -14 -15
leaf_value=0.0039554670660530145 0.015596211174539592 -0.0054990071365689404 0.0016286845217271127 0.0005637569139180491 -0.00050117069389101463 -0.0054990071365689404 0.0016286845217271127 -0.0030000889152299775 -0.014640708203233613 0.0039554670660530145 -0.00050117069389101463 0.008108460760605906 0.0027920757938900633 -0.0030000889152299775
leaf_weight=17.150157951749861 14.958847309462724 19.700579674914479 120.93471681699157 272.5440401788801 299.5286304820329 68.834167149849236 355.09788639470935 58.327928178012371 25.217239355668426 52.46269971318543 161.38808270869777 33.590461695566773 28.875434741377831 7.3159493729472151
leaf_count=121 102 193 832 2380 2480 676 2775 438 309 313 2617 338 197 71
internal_value=0.000816695 0.00062071 0.000356624 -0.000139875 -0.00199234 -0.00106696 0.000989996 -0.000501171 -0.00993105 0.00339724 -0.000501171 0.00755431 0.00162868 -0.00549901
internal_weight=1535.93 1520.97 1470.23 1267.95 478.924 434.007 789.03 357.857 44.9178 202.273 433.932 50.7406 149.81 76.1501
internal_count=13842 13740 13281 11939 4167 3665 7772 2918 502 1342 4997 459 1029 747
is_linear=0
shrinkage=0.03


Tree=252
num_leaves=15
num_cat=0
split_feature=20 0 34 28 7 18 28 4 18 16 1 14 17 14
split_gain=4.4732 2.48234 2.12323 2.14255 1.93811 6.60125 3.75246 6.85845 1.90495 1.35353 1.33937 1.47056 0.879283 0.768957
threshold=0.96728788207662453 -0.8348631728980318 20.446220446220451 8.5000000000000018 1.6424790903710857 0.71925165519133183 12.500000000000002 -0.61404208308523278 0.48827384531311341 0.00056884467310066818 9.0915505007591531 0.081901656932688596 0.030972796728943847 2.8822523114203985e-05
decision_type=10 8 2 2 8 8 2 10 10 8 8 2 2 2
left_child=1 -1 3 -3 10 6 7 8 12 -7 11 -4 -6 -12
right_child=-2 2 4 -5 5 9 -8 -9 -10 -11 13 -13 -14 -15
leaf_value=0.0082510869869851806 0.015314107405272391 0.0046258834999781707 0.0013246430690216284 0.0026565795332869676 -0.012583525938667045 -0.0032348327125070703 -0.0032348327125070703 -0.023222717423478229 -0.0032348327125070703 0.00035634478488395029 0.00035634478488395029 0.0026565795332869676 -0.0062180775636382721 0.0013246430690216284
leaf_weight=28.849116736091673 15.494587554130701 52.401497840881348 505.33760605379939 46.193437149748206 32.397369962185621 77.320999530144036 21.365978726185858 22.419279580470175 24.974913019686937 297.63857026817277 153.95788251189515 135.747483542189 22.225046053528786 99.464381773024797
leaf_count=291 225 281 4984 260 290 620 206 201 184 2827 1898 756 157 586
internal_value=0.00137982 0.00118807 0.00100068 0.00462588 0.000687276 -0.000806831 -0.00682601 -0.0101282 -0.00528542 0.000356345 0.00151952 0.00229294 -0.00920132 0.000356345
internal_weight=1535.79 1520.29 1491.44 98.5949 1392.85 498.342 123.383 102.017 79.5973 374.96 894.507 641.085 54.6224 253.422
internal_count=13766 13541 13250 541 12709 4485 1038 832 631 3447 8224 5740 447 2484
is_linear=0
shrinkage=0.03


Tree=253
num_leaves=15
num_cat=0
split_feature=2 28 13 3 13 14 28 35 32 9 3 28 18 3
split_gain=2.93008 2.75195 4.79063 3.73054 4.32247 2.81995 4.63009 8.99839 2.63113 3.12064 2.4127 2.0822 1.97108 1.87409
threshold=0.44757326007326009 5.5000000000000009 -7.485864928356329 20.339279000210386 -10.212202815381858 0.45503683561911862 11.500000000000002 33.391608391608408 49.024052870206724 0.017426350795307362 -0.0076197195044826896 12.500000000000002 0.26577935507334433 -0.107476787000178
decision_type=2 2 8 10 10 2 2 10 2 8 10 2 10 10
left_child=1 2 -1 5 -5 6 7 -3 -4 -10 11 -2 -11 -8
right_child=10 3 8 4 -6 -7 13 -9 9 12 -12 -13 -14 -15
leaf_value=-0.012538699284951381 0.0070173934811654124 0.0016185719178388417 0.0035958734003384684 -0.018977884140468998 -0.0037255572587937451 0.0035958734003384684 0.0016185719178388417 -0.0037255572587937451 -0.0047963909335499268 -0.00059087708979771881 0.0035958734003384684 0.019717075031935628 0.002238253078230985 -0.00059767783893518815
leaf_weight=13.769576299935578 44.94655794929713 75.87070506811142 150.33995059970766 15.864057775586842 37.508564645424485 64.704260027967393 55.954656045883894 347.08252587961033 53.256108862347901 220.62729555182159 18.944914712570608 12.692621437832711 80.274597944691777 349.26577505003661
leaf_count=114 362 705 883 330 354 432 380 3307 510 2338 136 114 663 3214
internal_value=0.000983358 0.000672683 0.00241863 -0.000291273 -0.00763916 0.000188048 -0.00035873 -0.00255031 0.00294592 0.000880633 0.00651906 0.0104389 0.00208814 0.00161857
internal_weight=1541.1 1464.52 518.268 946.251 53.3726 892.878 828.174 422.953 504.498 354.158 76.5841 57.6392 300.902 405.22
internal_count=13842 13230 4508 8722 684 8038 7606 4012 4394 3511 612 476 3001 3594
is_linear=0
shrinkage=0.03


Tree=254
num_leaves=15
num_cat=0
split_feature=23 14 8 16 1 34 23 16 1 30 11 28 27 28
split_gain=2.71119 11.6789 2.58817 2.42377 7.95835 1.37146 1.31175 3.0269 2.26244 1.75632 1.11467 0.725003 0.575514 0.168335
threshold=1.5393133537202297 0.036362155090753703 -0.55797730074235019 -0.044560501123811803 2.558058274320997 20.446220446220451 0.013863126021198871 6.9936460768208013 -1.4253735324078141 34.28357356928786 0.92918348406034845 5.5000000000000009 1.3607141635241931 12.500000000000002
decision_type=2 2 10 8 8 2 2 10 10 2 2 2 10 2
left_child=3 5 -3 4 12 11 7 8 -5 -8 -10 -2 -1 -7
right_child=1 2 -4 6 -6 13 9 -9 10 -11 -12 -13 -14 -15
leaf_value=-0.0014988788179215878 0.011468202441884505 0.028684062870821311 0.011468202441884505 0.00034483054627723288 -0.020372720752075777 0.0024394553882603723 0.0024394553882603723 0.0014328520852137732 -0.0014988788179215878 0.0014328520852137732 -0.00057702413582217749 0.0059829631567979652 -0.00945612359782016 0.0059829631567979652
leaf_weight=67.252151269931346 15.813022821210327 14.5644010566175 14.926753802224992 185.20786420814693 16.792046551126987 122.18389839679003 99.043537308461964 194.39497616980225 572.65839914418757 161.37105967570096 24.751608833670616 11.595399310812352 9.4734234544448537 22.119445895776153
leaf_count=578 92 92 99 1653 174 843 623 1388 6669 1146 124 73 84 148
internal_value=0.00108757 0.00428965 0.0204969 0.000589263 -0.00394412 0.00243946 0.000946364 0.000426249 -0.000743191 0.00243946 -0.00149888 0.00952647 -0.00149888 0.00243946
internal_weight=1532.15 201.203 29.4912 1330.95 93.5176 171.712 1237.43 977.013 782.618 260.415 597.41 27.4084 76.7256 144.303
internal_count=13786 1347 191 12439 836 1156 11603 9834 8446 1769 6793 165 662 991
is_linear=0
shrinkage=0.03


Tree=255
num_leaves=15
num_cat=0
split_feature=13 0 28 24 22 14 28 27 22 13 11 16 1 25
split_gain=2.94209 7.19429 4.50761 3.27316 6.63134 3.56001 2.44897 2.26577 1.98864 1.6859 1.53962 1.14455 1.10712 0.88133
threshold=-27.737593842472673 9.4550220432941092 1.5000000000000002 -1.0512471108195622 0.00010875616176566772 0.0054843090352419037 13.500000000000002 -0.26174353192345839 0.022156407725902268 37.037960520847058 0.50845266783000509 inf 1.0337652894142157 0.094484133548043317
decision_type=10 10 2 10 2 2 2 8 2 10 2 8 8 10
left_child=1 6 -3 7 -5 -6 13 -2 -4 11 -8 -9 -7 -1
right_child=3 2 8 4 5 12 10 9 -10 -11 -12 -13 -14 -15
leaf_value=-0.00014332446158524495 0.0039386183784986418 -0.0059326013705685394 -0.022026680202515175 0.0039386183784986418 0.009373005242201745 0.027707005323235379 -0.0059326013705685394 -0.00014332446158524495 -0.0059326013705685394 0.0020749412404358122 -0.00014332446158524495 0.00096580838942528376 0.015665488041019571 -0.0028988599464288591
leaf_weight=335.96271321456879 58.295918742194772 18.237703908234835 25.87107065320015 17.681445435620844 24.150566843338311 19.567218055017292 68.677886549383402 636.86014052899554 9.4009677469730359 40.717317538335919 5.6683120168745509 145.7903587995097 9.2437348589301127 123.22685664333403
leaf_count=3101 458 212 562 127 171 147 748 5163 123 281 32 1282 54 1369
internal_value=0.000174383 -0.00148858 -0.0114755 0.00120193 0.00719321 0.0148074 -0.000389719 0.000684022 -0.0181696 0.000211264 -0.00545287 -0.000143324 0.021958 -0.000143324
internal_weight=1539.35 587.046 53.5097 952.307 70.643 52.9615 533.536 881.664 35.272 823.368 74.3462 782.65 28.811 459.19
internal_count=13830 6147 897 7683 499 372 5250 7184 685 6726 780 6445 201 4470
is_linear=0
shrinkage=0.03


Tree=256
num_leaves=15
num_cat=0
split_feature=11 13 12 23 14 9 27 18 3 22 3 25 13 18
split_gain=4.18412 5.98007 3.6682 2.81393 2.59249 3.55484 2.6179 1.9852 1.85089 2.22738 1.21807 0.593859 0.847901 0.568967
threshold=0.9115050812254285 inf 1.0000000180025095e-35 0.0026744041597167169 0.037863904263882454 inf 1.1653779849803712 0.80268120521486386 -0.107476787000178 0.00020629792604721618 22.026818780270016 -0.037740327982846759 -1.6621717516373919 0.23402908568696068
decision_type=2 8 2 2 2 8 8 8 10 2 10 10 10 8
left_child=2 -2 4 -4 5 6 10 -6 -8 -10 11 -1 -13 -11
right_child=1 -3 3 -5 7 -7 8 -9 9 13 -12 12 -14 -15
leaf_value=2.4591620834830718e-05 0.0054260257026538215 0.020836110985334846 0.0030017140580964998 0.0054260257026538215 0.0013244384674334642 0.0013244384674334642 -0.0027423796795015463 0.0030017140580964998 -0.012800056049450699 -0.0089780452652714164 -0.0027423796795015463 -0.0014183093152553413 -0.00051190635725105135 -0.0051560344810921335
leaf_weight=180.46366999763995 23.31223879661411 22.392443249002099 49.552680298686028 75.178593873046339 183.45208733342588 211.42889695800841 37.741959787905216 156.47532943449914 41.923601670190692 11.232801755890248 29.946516614872962 214.07926602568477 253.15443462179974 45.561707157641649
leaf_count=1927 145 117 286 416 1090 1836 297 898 525 128 630 2668 2455 406
internal_value=0.00133157 0.00981254 0.00103951 0.00542603 0.000577402 -0.000178475 -0.00127526 0.00282735 -0.00498827 -0.00756969 -0.00049649 -9.4239e-05 -0.0010484 -0.00515603
internal_weight=1535.9 45.7047 1490.19 124.731 1365.46 1025.53 814.104 339.927 136.46 98.7181 677.644 647.697 467.234 56.7945
internal_count=13824 262 13562 702 12860 10872 9036 1988 1356 1059 7680 7050 5123 534
is_linear=0
shrinkage=0.03


Tree=257
num_leaves=15
num_cat=0
split_feature=17 3 23 11 13 3 28 9 28 28 9 28 18 18
split_gain=3.92792 2.91037 2.482 2.27432 2.46383 7.04124 2.34271 1.77256 1.35214 0.9616 0.656293 0.84286 0.695152 0.570694
threshold=0.99980976180683312 -0.46872368621525035 0.071714959389504548 1.0000000180025095e-35 -30.956889671101873 0.5236670285664925 1.5000000000000002 0.68887257317019934 15.500000000000002 13.500000000000002 0.29403968940138259 11.500000000000002 0.21164422520958606 0.98215419233086287
decision_type=2 8 2 2 10 10 2 8 2 2 10 2 10 10
left_child=1 -1 13 4 5 8 -7 9 -3 -6 -8 12 -12 -2
right_child=2 3 -4 -5 7 6 10 -9 -10 -11 11 -13 -14 -15
leaf_value=0.0055855889509182112 0.0055855889509182112 -0.00029375505204563005 0.020905186836429588 0.0030043784352071076 -0.00029375505204563005 -0.0036759178515869185 -0.013084895071091587 0.0015294857549268358 -0.0036759178515869185 0.00061786535144060285 -0.0072465081826560253 -0.010074949780430373 -0.0036759178515869185 0.012759292460621798
leaf_weight=49.627132693305612 13.610439706593752 317.99105264712125 9.0481355935335142 100.65867970976979 360.17051958432421 34.542069133371115 36.095969024579972 372.45238637924194 25.503076076507568 121.38087390363216 51.1734504615888 25.702406351454556 5.1777571868151417 10.252572869881988
leaf_count=423 92 2836 76 536 2912 379 547 3089 253 1001 992 475 63 81
internal_value=0.000937255 0.000693904 0.0104773 0.000423168 5.45931e-05 -0.00161718 -0.00705808 0.00102967 -0.000293755 -0.000293755 -0.00936074 -0.007065 -0.00428771 0.00558559
internal_weight=1533.39 1500.48 32.9111 1450.85 1350.19 496.186 152.692 854.004 343.494 481.551 118.15 82.0536 56.3512 23.863
internal_count=13755 13506 249 13083 12547 5545 2456 7002 3089 3913 2077 1530 1055 173
is_linear=0
shrinkage=0.03


Tree=258
num_leaves=15
num_cat=0
split_feature=27 28 3 16 26 13 34 28 18 12 18 9 3 17
split_gain=4.19166 4.09761 4.16924 2.96868 4.39743 2.72372 2.45847 2.35896 9.10187 2.08495 2.55321 2.22155 1.5358 1.43732
threshold=-0.26174353192345839 17.500000000000004 0.062865390518962574 -0.044560501123811803 0.019032325829296152 -0.14481815292357419 54.462204462204475 8.5000000000000018 0.71925165519133183 0.042544464893621646 0.3940885148134245 0.38611314966082777 -0.015673484841678683 0.23704559216556814
decision_type=8 2 8 8 10 8 2 2 10 2 10 8 10 2
left_child=7 3 -3 4 6 -5 -2 8 -1 10 13 -12 -9 -7
right_child=1 2 -4 5 -6 9 -8 12 -10 -11 11 -13 -14 -15
leaf_value=0.0040780183646649459 -0.0015043786061302955 0.0032146333578471228 -0.014987266532201114 -0.0015043786061302955 -0.013040432825756018 7.4349431348117194e-05 -0.0072724057159431572 0.014731415330953112 0.035371513448117661 0.0040780183646649459 0.0013650010594751854 0.0026556526876022534 0.0040780183646649459 0.0013650010594751854
leaf_weight=8.2482483275234681 40.759874566458166 15.900119266472755 24.644911793991923 85.706081621348858 30.213408290408552 654.00926081975922 20.008784843143076 7.9301621923223129 6.7186995763331643 97.538047386333346 195.33857801556587 256.13098309701309 53.653127221390605 34.631349774077535
leaf_count=88 311 119 281 802 248 6780 235 55 51 555 1531 1986 498 224
internal_value=0.000954563 0.000581496 -0.00827994 0.000863802 -0.00423794 0.00122918 -0.00150438 0.00757454 0.0167397 0.00165308 0.00123329 0.00265565 0.00425729 7.43494e-05
internal_weight=1531.43 1454.88 40.545 1414.34 90.9821 1323.35 60.7687 76.5502 14.9669 1237.65 1140.11 451.47 61.5833 688.641
internal_count=13764 13072 400 12672 794 11878 546 692 139 11076 10521 3517 553 7004
is_linear=0
shrinkage=0.03


Tree=259
num_leaves=15
num_cat=0
split_feature=11 2 23 0 9 19 4 18 14 2 4 7 22 25
split_gain=4.75138 2.57456 2.92833 3.35729 11.1179 4.50522 2.74636 2.19655 1.96389 1.70295 1.0157 0.874131 0.751617 0.482758
threshold=4.5848660010509734 0.52232142857142871 1.48846164877547 -0.8348631728980318 0.025011196061939214 2.8494067485836232 0.13533327618701449 0.22755466774270758 0.013096592451696658 0.052315789473684218 0.54282118857312955 inf 0.00087163061612162689 1.9476926821375617
decision_type=2 2 2 10 8 8 10 8 2 2 8 8 2 10
left_child=1 2 3 -1 9 13 7 -7 -4 -5 -3 -9 -13 -6
right_child=-2 10 8 4 5 6 -8 11 -10 -11 -12 12 -14 -15
leaf_value=0.0015963176455558612 0.015182735643555607 0.0078010152014195682 0.0015963176455558612 -0.024120256974785675 0.00026047635653524408 -0.0063025808533918272 -0.0099880406804125996 -0.0017188552574112458 0.0038266438567903056 -0.0099880406804125996 0.0038266438567903056 -0.0040107180554015366 -0.002780527212550463 -0.0017188552574112458
leaf_weight=185.47747446689755 14.885187830775974 25.028699779883027 165.18322773464024 18.044368403032426 748.7526355930604 23.951498777139932 28.509876544587314 71.830396368633956 35.129550511017442 5.9558460488915435 15.424494987353681 120.3912148475647 56.345219140872359 12.851232305169104
leaf_count=1628 102 220 1103 228 7030 232 328 720 220 28 127 1201 458 117
internal_value=0.000612195 0.000419295 0.00020152 -0.000333793 -0.00107536 -0.000572477 -0.00369819 -0.00261712 0.00352643 -0.0194036 0.00745177 -0.00171886 -0.0038422 0.000260476
internal_weight=1527.76 1512.88 1472.42 1272.11 1086.63 1062.63 301.028 272.518 200.313 24.0002 40.4532 248.567 176.736 761.604
internal_count=13742 13640 13293 11970 10342 10086 2939 2611 1323 256 347 2379 1659 7147
is_linear=0
shrinkage=0.03


Tree=260
num_leaves=15
num_cat=0
split_feature=14 12 22 28 2 14 23 17 20 16 9 11 7 18
split_gain=2.78423 3.55702 2.95977 2.43327 8.30888 3.98265 2.20849 2.00269 3.55772 3.94639 2.02653 1.65435 1.50421 1.48384
threshold=1.3720874214476551 1.0000000180025095e-35 6.6210969376664263e-07 16.500000000000004 0.0067189754689754699 0.25017990138059004 0.013863126021198871 0.0296101611434877 0.38512812459454754 -42.920147969705241 0.35905316865001186 0.29629694660509548 -0.74232222193846276 0.40710634693497944
decision_type=2 2 2 2 2 2 2 2 8 10 10 2 10 10
left_child=1 3 -2 7 5 12 -3 8 9 -1 -9 -10 -5 -14
right_child=2 6 -4 4 -6 -7 -8 10 11 -11 -12 -13 13 -15
leaf_value=-0.015847481055560234 0.0052871656116814068 0.002828960330902503 0.018842083556604217 -0.0090104492422737516 0.002828960330902503 -0.0037518901614883079 0.0052871656116814068 0.0014571241560894419 -0.00016177537380783225 -0.0036381042999108571 0.002828960330902503 0.0014571241560894419 -0.023572033149389871 -0.01312993596637064
leaf_weight=24.913372918963432 13.596939811483027 66.252688433974981 13.748003096319733 10.131136638112364 23.928208195604384 10.155608473345636 69.073417939245701 109.79304021317512 918.7100719679147 19.59382826089859 167.49614377878606 49.307440122123808 23.044960033148527 22.66266724281013
leaf_count=205 101 379 115 111 156 50 391 738 9514 128 1133 239 350 249
internal_value=0.00102388 0.000835062 0.00973927 0.000370755 -0.00426757 -0.0103327 0.00528717 0.000709358 8.5288e-05 -0.00776024 0.00282896 0.000484031 -0.014269 -0.0172494
internal_weight=1542.41 1515.06 27.3449 1379.74 89.9226 65.9944 135.326 1289.81 1012.52 44.5072 277.289 968.018 55.8388 45.7076
internal_count=13859 13643 216 12873 916 760 770 11957 10086 333 1871 9753 710 599
is_linear=0
shrinkage=0.03


Tree=261
num_leaves=15
num_cat=0
split_feature=20 2 11 20 28 19 1 28 3 28 16 28 35 16
split_gain=5.43118 5.08241 3.45876 2.16619 1.7455 2.76032 3.05687 2.62605 2.84641 3.33183 2.22482 2.13683 1.58511 1.13459
threshold=0.38512812459454754 0.0089743589743589754 1.1917624083796194 0.92229919352317524 1.5000000000000002 inf 0.55183915058264721 5.5000000000000009 1.0000000180025095e-35 12.500000000000002 6.0037675624386155 12.500000000000002 35.139860139860147 6.0037675624386155
decision_type=10 2 2 8 2 8 10 2 10 2 8 2 10 10
left_child=2 3 4 -2 10 7 -7 -6 9 -9 -1 12 -10 -8
right_child=1 -3 -4 -5 5 6 13 8 11 -11 -12 -13 -14 -15
leaf_value=-0.0062362872415833966 0.0050533772335159153 0.021743200294579084 0.0050533772335159153 0.0133982887640475 0.002729458098596183 -0.0011385108669913103 -0.0091358898739301638 0.00086546652302348841 0.00086546652302348841 0.002729458098596183 0.002729458098596183 -0.0011385108669913103 -0.0011385108669913103 -0.0042445874084497065
leaf_weight=23.025145910680294 31.976923931390047 16.473072270397097 35.47267990000546 14.264230935834346 177.49725973140448 134.64895641431212 78.075218057259917 154.32191084884107 106.28605629038066 80.905507568269968 95.193495076149702 293.82395144831389 288.05282928887755 7.7590956166386595
leaf_count=170 184 170 200 168 1700 1001 813 1205 1040 540 816 2820 2976 47
internal_value=0.00109039 0.00940024 0.000706519 0.00505338 0.000405539 6.59203e-05 -0.00295951 0.000682488 -2.31865e-05 0.00272946 0.00272946 -0.000998525 0.000865467 -0.00735066
internal_weight=1537.78 62.7142 1475.06 46.2412 1439.59 1321.37 220.483 1100.89 923.39 235.227 118.219 688.163 394.339 85.8343
internal_count=13850 522 13328 352 13128 12142 1861 10281 8581 1745 986 6836 4016 860
is_linear=0
shrinkage=0.03


Tree=262
num_leaves=15
num_cat=0
split_feature=28 18 16 16 34 2 32 0 14 28 25 17 13 3
split_gain=3.9547 6.94829 21.1125 5.14285 4.97167 4.21495 3.86825 3.68804 4.12666 4.98389 6.55001 3.56149 3.3614 3.28468
threshold=5.5000000000000009 0.69328055255980858 5.8765141184015039 27.133388827117368 24.533799533799538 0.50892857142857151 49.024052870206724 22.432973905552448 0.4647085625076719 11.500000000000002 -0.051293294387550363 0.03238754790863093 0.32852822943762583 0.0008997212295169736
decision_type=2 10 10 8 2 2 2 10 2 2 10 2 10 10
left_child=1 3 4 11 -3 7 -5 8 9 10 -2 -1 -9 -11
right_child=5 2 -4 6 -6 -7 -8 12 -10 13 -12 -13 -14 -15
leaf_value=-0.0086972793969290058 0.0023909148854547933 0.020113033109750923 0.035241784538440263 0.0049842816810615866 0.0049842816810615866 0.010999078052732128 0.00073634229651164354 -0.014846401180138072 0.0052988410723592127 0.0023909148854547933 -0.0038381352343909792 -0.00063235094106387716 -0.0038381352343909792 -0.00075308568576605388
leaf_weight=68.749613413121551 108.13598033227026 8.8805198678746802 18.204059660434723 44.383339013904333 108.66569231450558 25.089448213577271 252.05813383031636 27.853176513221115 60.463388522155583 106.0526410844177 329.77257986459881 38.358255514875054 25.120026861317456 310.8937377911061
leaf_count=592 1018 51 104 262 831 226 2587 522 416 739 3123 261 188 2930
internal_value=0.00106606 0.00312141 0.00886362 0.00110494 0.00498428 -5.98159e-05 0.00313313 -0.000401396 6.30174e-05 -0.000517011 -0.00273718 -0.00439783 -0.00773929 0.00181958
internal_weight=1532.68 539.3 135.75 403.549 117.546 993.381 296.441 968.292 915.318 854.855 437.909 107.108 52.9732 416.946
internal_count=13850 4688 986 3702 882 9162 2849 8936 8226 7810 4141 853 710 3669
is_linear=0
shrinkage=0.03


Tree=263
num_leaves=15
num_cat=0
split_feature=11 20 28 35 23 27 14 28 9 16 16 28 17 35
split_gain=3.59513 2.549 1.92063 3.13279 3.18157 2.92261 3.03722 3.09026 6.96089 4.60963 2.64611 2.27929 2.88603 2.00803
threshold=4.5848660010509734 0.98781844079097103 5.5000000000000009 94.996669996670008 1.48846164877547 1.6855931516230582 0.45503683561911862 11.500000000000002 0.93168980699816872 -42.920147969705241 4.6375655822946378 1.5000000000000002 0.0296101611434877 37.246087246087257
decision_type=2 10 2 8 2 10 2 2 10 10 10 2 2 10
left_child=1 2 3 -1 11 6 7 8 13 -9 -7 -5 -13 -4
right_child=-2 -3 5 4 -6 10 -8 9 -10 -11 -12 12 -14 -15
leaf_value=0.0036826695913594982 0.013439522896160575 0.0069875793968443723 -0.0013551276002013285 -4.0287465395917559e-05 0.0018534011269142512 -0.014865115700184643 0.0036826695913594982 -0.0038343485859382337 0.0015301620916381078 0.0015301620916381078 -0.0042404172920407655 -0.0058564597140016378 -4.0287465395917559e-05 -0.0042404172920407655
leaf_weight=182.54324590414762 14.699140341021119 13.541476536076514 66.879045945592225 93.104769328609109 72.625066362321377 22.967483235988766 69.22545562684536 140.99973680032417 130.7705800444819 277.64592326339334 11.669824299402533 162.53342700004578 23.377959527075291 244.88565245969221
leaf_count=1710 100 205 580 829 445 213 457 1603 1414 2221 87 1493 150 2275
internal_value=0.000703257 0.000535636 0.00037776 0.00181227 2.41327e-05 -0.000421537 -8.12174e-05 -0.000622345 -0.00235779 0.0012183 -0.00839962 -0.00193398 -0.00405028 -0.00424042
internal_weight=1527.47 1512.77 1499.23 534.184 351.641 965.044 930.406 861.181 442.535 418.646 34.6373 279.016 185.911 311.765
internal_count=13782 13682 13477 4627 2917 8850 8550 8093 4269 3824 300 2472 1643 2855
is_linear=0
shrinkage=0.03


Tree=264
num_leaves=15
num_cat=0
split_feature=28 13 28 3 7 28 2 1 22 18 14 18 9 13
split_gain=4.39706 4.22682 3.83693 3.19142 3.13145 3.6202 3.87042 2.7162 2.69693 2.36806 2.19586 1.88174 2.00626 1.78717
threshold=1.5000000000000002 0.082967937723451721 17.500000000000004 0.057444697849489364 inf 4.5000000000000009 0.56421789105447284 -0.16508803239369066 0.18991166789725913 0.22213157806205427 0.45503683561911862 0.48827384531311341 0.094464444777070597 -7.485864928356329
decision_type=2 8 2 8 8 2 2 10 2 8 2 8 10 10
left_child=1 -1 4 -4 5 11 8 -6 10 -9 -7 -2 -13 -11
right_child=2 -3 3 -5 7 6 -8 9 -10 13 -12 12 -14 -15
leaf_value=-0.00313037041025041 -0.00041897601708960067 0.0095203857683100086 0.002596006764557594 -0.012514966498386116 -0.00041897601708960067 -0.00015273255406848501 0.011956171324671961 -0.015953495949614035 0.0063055185556967486 -0.0070873574333987222 0.0033095860681055331 0.0042369437599772226 0.012369437311339252 -0.0027299343650751219
leaf_weight=28.953955195844173 17.208706736564636 90.016708597540855 17.105725171975791 30.824764142744243 76.915933221578598 891.66634045774117 23.068999762646854 11.488916382193564 38.599248482845724 87.423036959022284 74.619502578862011 26.540101727470756 50.571967882104218 50.362008783966303
leaf_count=218 147 764 134 342 585 8368 213 84 380 867 499 233 516 367
internal_value=0.0010238 0.00643949 0.000541061 -0.00738627 0.000849079 0.00149866 0.000965132 -0.00233661 0.000654866 -0.00504089 0.000313654 0.00697198 0.00889286 -0.00360418
internal_weight=1515.37 118.971 1396.4 47.9305 1348.46 1122.27 1027.95 226.19 1004.89 149.274 966.286 94.3208 77.1121 137.785
internal_count=13717 982 12735 476 12259 10356 9460 1903 9247 1318 8867 896 749 1234
is_linear=0
shrinkage=0.03


Tree=265
num_leaves=15
num_cat=0
split_feature=11 28 28 2 18 34 2 17 16 1 14 16 9 1
split_gain=2.10702 5.46464 1.42101 2.52426 1.5562 7.93108 3.04279 2.84512 2.13475 2.63889 1.55548 1.53088 1.25761 1.04659
threshold=1.0000000180025095e-35 5.5000000000000009 17.500000000000004 0.11762583821407351 0.1299784811026462 49.225774225774231 0.26138716356107666 0.0296101611434877 6.1259277344876679 0.48991432177669231 0.14231547297481581 0.77555162040034287 0.12432778866787587 0.098728788321270008
decision_type=2 2 2 2 8 2 2 2 10 10 2 10 10 10
left_child=2 12 4 10 5 -1 11 8 9 -6 13 -7 -2 -4
right_child=1 -3 3 -5 7 6 -8 -9 -10 -11 -12 -13 -14 -15
leaf_value=-1.6442012890498235e-05 0.0060433719028600147 0.0037333762853597953 -0.0060854932279547852 0.0037333762853597953 0.0015130747715485782 -0.025751603847885121 -0.0064482243691378451 0.0037333762853597953 0.0024796257446454964 -1.6442012890498235e-05 -0.0016918540054463736 -0.011987914806347899 0.023088988557562726 -0.014161631265468587
leaf_weight=48.964701647870243 11.086655765771868 78.784525821916759 6.8632292952388552 8.9794344790279848 586.28135219868273 12.434583517722784 6.1181695349514476 250.22757845558226 83.285076748579741 370.81386406719685 7.6239119153469792 21.878650825470686 12.664699861779807 22.430036519654095
leaf_count=327 61 440 55 62 4904 184 37 1694 622 4690 40 269 73 304
internal_value=0.00185817 0.00592036 0.00154639 -0.00340498 0.00172277 -0.00202183 -0.01288 0.00198894 0.00122588 0.000546524 -0.00711708 -0.0175276 0.0175671 -0.0104791
internal_weight=1528.44 102.536 1425.9 45.8966 1380 89.3961 40.4314 1290.61 1040.38 957.095 36.9172 34.3132 23.7514 29.2933
internal_count=13762 574 13188 461 12727 817 490 11910 10216 9594 399 453 134 359
is_linear=0
shrinkage=0.03


Tree=266
num_leaves=15
num_cat=0
split_feature=9 0 14 28 25 28 18 16 35 3 25 16 16 32
split_gain=3.66356 8.04551 3.03937 7.42859 3.9283 2.50396 8.11438 10.3955 26.3119 7.91207 4.91648 3.34853 3.29638 2.14104
threshold=0.031898869250004035 0.023441386548950383 0.00073359706486783528 10.500000000000002 -0.33647223662121267 10.500000000000002 0.71326830208167502 4.6375655822946378 25.740925740925743 -0.1340582487975783 inf 6.1259277344876679 -1.0000000180025095e-35 48.488923663748842
decision_type=8 10 2 2 10 2 8 10 10 10 8 10 10 2
left_child=1 2 3 4 -1 6 -2 10 -9 -7 12 -11 13 -8
right_child=5 -3 -4 -5 -6 9 7 8 -10 11 -12 -13 -14 -15
leaf_value=-0.0024000875118529337 -0.00025126702745782947 -0.018856179146421431 -0.00025126702745782947 -0.0024000875118529337 -0.0096343767200474436 0.013878174014980621 0.0074863237802960322 0.04903761010536855 0.010444627270048008 -0.00025126702745782947 0.0022386689548140899 0.004581116152555539 0.010444627270048008 0.0043242831349473865
leaf_weight=23.625462517142296 218.19621163513511 18.716837224550545 66.733485778793693 39.489397220313549 80.309099556878209 30.946519963443279 66.338603172451258 13.007202327251433 35.263325412757695 321.01192233664915 250.6700147986412 134.92393224406987 62.18173279799521 170.25944713549688
leaf_count=200 1793 204 396 341 797 244 405 84 225 3288 2166 942 516 2217
internal_value=0.00117392 -0.00229173 -0.000412574 -0.00454891 -0.00963438 0.0017892 0.00280015 0.0047286 0.0174229 8.38046e-05 0.00346631 -0.000251267 0.0064099 0.00452802
internal_weight=1531.67 228.874 210.157 143.424 103.935 1302.8 815.917 597.72 48.2705 486.882 549.45 455.936 298.78 236.598
internal_count=13818 1938 1734 1338 997 11880 7406 5613 309 4474 5304 4230 3138 2622
is_linear=0
shrinkage=0.03


Tree=267
num_leaves=15
num_cat=0
split_feature=11 20 25 28 22 28 16 4 14 1 28 16 17 18
split_gain=2.94208 2.1359 1.60367 1.71436 3.71286 6.05461 5.34634 4.48109 3.24332 2.57849 2.24862 1.97579 1.82267 1.79242
threshold=4.5848660010509734 0.91773755555792469 -0.31015492830383956 13.500000000000002 0.00042237075585435706 9.5000000000000018 6.4735946966940672 -0.28816322622700324 0.087426712675931398 0.16511964441540369 11.500000000000002 7.5820104109869524 0.0056953728446032291 0.1164780578617453
decision_type=2 10 8 2 2 2 8 10 2 10 2 10 2 8
left_child=1 2 -1 4 5 6 12 10 -9 -5 -7 13 -4 -11
right_child=-2 -3 3 9 -6 7 -8 8 -10 11 -12 -13 -14 -15
leaf_value=0.0037645129978222166 0.012678298526591093 0.0067871572466623453 -0.0063383947079661117 0.002113651726856001 0.002113651726856001 -0.0050042646667945783 0.00037232686282796497 -0.013374839621339922 -0.0050042646667945783 -0.014060330276857732 0.00037232686282796497 0.00030779169432558506 -0.0020174384986737935 -0.0026342892858874528
leaf_weight=106.51509150024503 14.35427824128419 18.334988400805742 148.72186324093491 91.123507412150502 414.77695578988642 32.752542080357671 344.75888377800584 77.156500430777669 25.628919439390302 9.7060660840943438 31.005248542875051 64.605465335771441 58.03456892631948 105.98127184715122
leaf_count=1034 102 258 1380 675 3212 298 3411 895 153 122 271 456 443 1199
internal_value=0.00104618 0.000896016 0.000741869 0.00046279 -6.6047e-05 -0.001369 0.000160601 -0.00629138 -0.0100206 0.00211365 1.20208e-05 -0.00149807 -0.0044072 -0.00413572
internal_weight=1543.46 1529.1 1510.77 1404.25 1132.84 718.059 551.515 166.543 102.785 271.416 63.7578 180.293 206.756 115.687
internal_count=13909 13807 13549 12515 10063 6851 5234 1617 1048 2452 569 1777 1823 1321
is_linear=0
shrinkage=0.03


Tree=268
num_leaves=15
num_cat=0
split_feature=1 11 28 18 1 9 23 16 22 7 16 19 28 25
split_gain=3.50107 3.1697 1.83914 8.67377 6.36495 4.85951 4.41861 4.11437 5.7758 3.8516 3.55121 2.87536 2.62378 1.97254
threshold=-1.4253735324078141 1.0000000180025095e-35 11.500000000000002 0.69328055255980858 0.071837550197002442 0.011007817807598849 0.75108374467825001 7.6719510275747007 6.62557427914966e-05 0.96033660024444789 -0.0097445896518658266 -0.7567022601849408 15.500000000000002 0.048864796604827017
decision_type=8 2 2 8 10 8 2 10 2 8 10 10 2 8
left_child=-1 2 3 6 -4 -5 9 8 11 -2 13 -6 -10 -7
right_child=1 -3 4 5 7 10 -8 -9 12 -11 -12 -13 -14 -15
leaf_value=0.011388344895843941 -0.0041958922576725288 0.0061961344742588577 0.0034823303519934158 -0.0014043812187582269 -0.0059100352469178569 0.0021407353693342203 -0.0014043812187582269 0.0012845900077006393 -0.0011443605262404085 -0.011538452687180473 0.0034823303519934158 -0.014542279921108726 -0.0059100352469178569 0.00079914038667502386
leaf_weight=25.73923718277365 117.18607333255932 99.242235703859478 114.65976790338755 115.90304675325751 12.888412686064838 85.540655000135303 52.67374262586236 103.60298508498818 98.971007262356579 91.868539110757411 158.3502274826169 53.975780848879367 53.554091681726277 344.49435427552089
leaf_count=273 1031 556 873 1039 186 1039 337 724 942 832 1188 766 552 3473
internal_value=0.00135531 0.00114629 0.000768526 3.4571e-05 0.00236987 0.00176868 -0.00457744 -0.00091315 -0.00357331 -0.0069874 0.00300266 -0.0106757 -0.00114436 0.00079914
internal_weight=1528.65 1502.91 1403.67 966.017 437.652 704.288 261.728 322.992 219.389 209.055 588.385 66.8642 152.525 430.035
internal_count=13811 13538 12982 8939 4043 6739 2200 3170 2446 1863 5700 952 1494 4512
is_linear=0
shrinkage=0.03


Tree=269
num_leaves=15
num_cat=0
split_feature=34 28 2 0 28 18 32 3 16 1 9 25 25 11
split_gain=2.5412 15.3441 6.10223 3.39153 3.17556 7.88304 6.13673 4.37153 3.24377 5.86502 2.9666 2.71117 2.53352 1.67876
threshold=20.446220446220451 8.5000000000000018 0.021980676328502421 0.69992171403800252 9.5000000000000018 0.69328055255980858 48.659731876515096 0.97523550708324114 -42.920147969705241 14.126635084229502 0.29403968940138259 -0.012311949646151009 0.0086323698463273164 0.72749378135052034
decision_type=2 2 2 8 2 8 2 8 10 10 10 10 10 2
left_child=1 2 3 -1 5 7 -7 -2 9 12 -8 -9 -6 -14
right_child=4 -3 -4 -5 8 6 10 11 -10 -11 -12 -13 13 -15
leaf_value=0.016029062965928847 -0.0022153720033309043 0.0030064054989750039 0.031579758995942085 0.0030064054989750039 0.0010154375877062837 0.0030064054989750039 -0.0022153720033309043 -0.0061245709539526462 0.0030064054989750039 -0.013410369200593785 0.00092473884496111251 -0.014404104415671906 -0.0061974658064437513 -0.0015574464716532554
leaf_weight=23.46411776682362 108.04161363141611 50.900767386425287 17.389576191548258 12.931481178849934 95.111893379129469 174.56181237287819 296.25982319936156 42.237256910651922 391.25490151625127 24.308528382331133 145.25785387307405 56.444339517038316 75.836765657179058 5.4840650949627152
leaf_count=143 878 326 113 76 995 1036 2844 339 3212 415 1969 530 866 32
internal_value=0.000977667 0.00537858 0.0186967 0.00947042 0.000634233 -0.000571169 0.0011366 -0.00556735 0.00230035 -0.00097553 -0.00115693 -0.0100338 0.00101544 -0.00413033
internal_weight=1519.48 104.686 53.7852 36.3956 1414.8 822.803 616.079 206.723 591.996 200.741 441.518 98.6816 176.433 81.3208
internal_count=13774 658 332 219 13116 7596 5849 1747 5520 2308 4813 869 1893 898
is_linear=0
shrinkage=0.03


Tree=270
num_leaves=15
num_cat=0
split_feature=23 14 28 34 4 9 1 7 13 13 28 7 16 22
split_gain=2.18465 8.0521 3.49639 2.36153 1.48984 4.91485 4.93947 1.43597 1.33488 1.27704 0.9017 0.80306 0.601367 0.507169
threshold=4.2448824175363251 0.036362155090753703 5.5000000000000009 20.446220446220451 -0.15045206691258109 0.017426350795307362 15.480061916039768 inf -5.7132694819509462 2.3729295343791805 14.500000000000002 1.9409748629827102 8.0151447948847956 0.0025732762167335632
decision_type=2 2 2 2 10 10 10 8 8 10 2 10 8 2
left_child=4 3 -3 -2 7 -6 8 10 12 -8 -1 -10 -7 -9
right_child=1 2 -4 -5 5 6 9 13 11 -11 -12 -13 -14 -15
leaf_value=0.0024135511368758755 0.010597535241000726 0.029565336355881416 0.010597535241000726 0.0024135511368758755 -0.016162630150620909 -0.0037625106653285706 -0.0080887958541052268 0.00056377452344808638 0.00056377452344808638 -0.0037625106653285706 0.001488662830161981 -0.0015993680709402421 -0.0015993680709402421 0.001488662830161981
leaf_weight=314.73491001315415 11.016873400658367 10.745991803705694 13.46916002826765 121.44990355148911 12.407294388860462 20.278054462047294 27.752216957043856 240.34363437443972 521.36943982262164 17.701748140156269 75.144914400298148 72.776147034950554 6.9441411299631026 51.225083069875836
leaf_count=2930 69 66 87 831 160 233 496 2158 4729 138 677 748 62 397
internal_value=0.000961441 0.00425966 0.0187815 0.00241355 0.000567447 -0.00042588 -1.49616e-05 0.00155343 0.000563775 -0.0080888 0.00241355 0.000563775 -0.00376251 0.000563775
internal_weight=1517.36 156.682 24.2152 132.467 1360.68 679.229 666.822 681.449 621.368 45.454 389.88 594.146 27.2222 291.569
internal_count=13781 1053 153 900 12728 6566 6406 6162 5772 634 3607 5477 295 2555
is_linear=0
shrinkage=0.03


Tree=271
num_leaves=15
num_cat=0
split_feature=11 14 2 28 1 18 28 13 34 16 4 9 28 7
split_gain=3.2997 2.13928 1.42066 2.17125 3.96285 3.14023 2.60311 2.52037 4.13882 2.06428 1.92811 1.90961 1.89192 1.87459
threshold=4.5848660010509734 1.3720874214476551 0.20871212121212124 6.5000000000000009 14.126635084229502 0.48827384531311341 7.5000000000000009 1.3880008144568727 48.859473859473866 -10.013361348762695 -0.66200203449333772 0.15517777403698091 13.500000000000002 0.33958815847986218
decision_type=2 2 2 2 10 8 2 8 2 10 10 10 2 8
left_child=1 2 3 5 6 7 -5 8 -1 -6 -8 -12 -13 -4
right_child=-2 -3 13 4 9 -7 10 -9 -10 -11 11 12 -14 -15
leaf_value=-0.003875726086195054 0.013948992280579713 0.0076814536295149094 0.0044614341374642191 -0.0031899429898554592 -0.012327298340927736 0.0024096499597825003 0.0024096499597825003 -0.00041153175854207976 -0.016242657307413151 -0.0031899429898554592 -0.0031899429898554592 0.0012705374979267666 -0.0011532117993891641 0.0024096499597825003
leaf_weight=32.441819287836552 14.218607721850274 26.837790840305388 66.181810037698597 69.417243341449648 29.597412864211947 479.27970933075994 118.2068889811635 27.662845148704946 24.724375836551189 35.457909846212715 67.867391631007195 265.83574699074961 181.94745057728142 90.231390201952308
leaf_count=227 99 211 474 672 563 4355 1001 196 289 311 609 2518 1704 630
internal_value=0.00157547 0.00141391 0.00124141 0.000915449 -0.000124074 0.00231995 0.00054996 -0.00323271 -0.00733992 -0.00692985 0.00119793 0.000131425 0.000883519 0.00390385
internal_weight=1529.91 1515.69 1488.85 1332.44 768.33 564.109 703.275 84.829 57.1662 65.0553 633.857 515.651 447.783 156.413
internal_count=13859 13760 13549 12445 7378 5067 6504 712 516 874 5832 4831 4222 1104
is_linear=0
shrinkage=0.03


Tree=272
num_leaves=15
num_cat=0
split_feature=20 0 28 9 32 28 3 11 13 3 28 9 18 24
split_gain=3.39297 2.70272 6.8996 6.42141 4.03028 2.17096 1.47912 1.37208 2.46201 2.79277 1.70978 1.47277 1.06611 1.03306
threshold=0.97737680367498092 -0.8348631728980318 11.500000000000002 0.031898869250004035 48.488923663748842 5.5000000000000009 0.001771306138511432 0.071778837733983067 -30.956889671101873 8.9621725660151892 11.500000000000002 0.69592550288299604 0.37411590151729207 0.63526364598966845
decision_type=10 10 2 8 2 2 10 2 10 10 2 8 8 8
left_child=1 2 4 5 12 -3 -7 8 9 10 13 -10 -1 -5
right_child=-2 3 -4 7 -6 6 -8 -9 11 -11 -12 -13 -14 -15
leaf_value=0.0041331418265270333 0.013042284193874563 -0.0062215400755187954 0.0067964934001582579 -0.003608743861571017 0.0014697902528958097 -0.0062215400755187954 -0.022665168253089955 0.0014697902528958097 -0.00067990638739445634 -0.0062215400755187954 -0.003608743861571017 0.00065154747159288046 0.0067964934001582579 -0.00067990638739445634
leaf_weight=16.70678099244833 14.84177171718329 6.3579550310969379 47.219281576573849 18.676159031689167 192.51777821034193 9.7262248639017361 14.083281130529938 94.86502156406641 320.29258326161653 46.61282905144617 92.347260636277497 351.04999885614961 51.919940963387489 252.74794011376798
leaf_count=112 232 69 371 141 1717 73 166 497 2633 771 1051 2910 327 2746
internal_value=0.000713969 0.000550703 0.00303311 -9.35249e-05 0.00146979 -0.0127259 -0.0174546 0.000282846 -0.000166695 -0.00201136 -0.000995948 0.000651547 0.00679649 -0.000679906
internal_weight=1529.96 1515.12 308.364 1206.76 261.145 30.1675 23.8095 1176.59 1081.73 410.384 363.771 671.343 68.6267 271.424
internal_count=13816 13584 2527 11057 2156 308 239 10749 10252 4709 3938 5543 439 2887
is_linear=0
shrinkage=0.03


Tree=273
num_leaves=15
num_cat=0
split_feature=24 17 34 28 3 14 25 34 17 16 18 28 9 1
split_gain=2.67415 6.70566 5.65649 2.17625 5.41511 2.21648 2.21086 1.75814 1.83443 2.4523 3.30197 1.82063 1.57552 1.56297
threshold=-0.00034912684987796553 8.0305997798529105e-06 49.225774225774231 16.500000000000004 0.065579792465003992 0.25017990138059004 0.017897659043337292 19.7968697968698 0.0049400455120231475 0.18600846250097366 0.95888173904293728 5.5000000000000009 4.9989795723965189 9.0915505007591531
decision_type=10 2 2 2 8 2 8 2 2 8 8 2 10 8
left_child=3 -2 -3 6 -5 12 13 -8 9 10 11 -9 -6 -1
right_child=1 2 -4 4 5 -7 7 8 -10 -11 -12 -13 -14 -15
leaf_value=0.0035855525285955719 0.0035855525285955719 0.025669631296495989 0.010144282314219984 0.0035855525285955719 -0.014516678970956326 -0.0025355059472670356 0.0015033485643344653 -0.012849487694697974 0.00053964483348804327 -0.00045569997039922528 -0.0025434691995566343 -0.0056990304880171969 -0.0070205124172865955 0.0015033485643344653
leaf_weight=281.04612792935222 46.023286822251976 25.244204458780587 8.9166972208768112 35.974982577376068 44.641849318519235 10.082723196595905 61.547967680264264 48.343386995140463 194.06670014932752 443.05327465571463 67.930713729932904 39.695008637616411 6.2905498007312408 205.97411036491394
leaf_count=2496 364 189 60 267 554 50 349 420 1441 4537 578 454 93 1911
internal_value=0.00115577 0.00632431 0.016703 0.000846795 -0.00338515 -0.00865656 0.00116416 0.000240382 -0.000424059 -0.00145104 -0.00463124 -0.00885459 -0.0115055 0.00276631
internal_weight=1518.83 80.1842 34.1609 1438.65 96.9901 61.0151 1341.66 854.637 793.089 599.022 155.969 88.0384 50.9324 487.02
internal_count=13763 613 249 13150 964 697 12186 7779 7430 5989 1452 874 647 4407
is_linear=0
shrinkage=0.03


Tree=274
num_leaves=15
num_cat=0
split_feature=28 13 34 27 34 28 3 12 28 18 35 32 3 9
split_gain=2.88717 4.13996 5.87809 2.48345 2.62661 2.32533 3.15333 2.04642 2.79616 4.87865 6.55887 3.84719 3.1232 2.93022
threshold=1.5000000000000002 0.18915919558263541 48.110223110223124 -0.26174353192345839 33.707958707958717 17.500000000000004 0.11073662280418609 0.042544464893621646 11.500000000000002 0.3940885148134245 66.308691308691323 40.83992930146777 20.339279000210386 0.031898869250004035
decision_type=2 10 2 8 2 2 8 2 2 8 10 2 10 8
left_child=1 2 -1 4 -2 7 -7 8 9 10 -5 -11 -10 -13
right_child=3 -3 -4 5 -6 6 -8 -9 12 11 -12 13 -14 -15
leaf_value=0.012092790493136808 0.015774651641998306 0.021145225496156998 -0.0012082120290820711 -0.0031471661808282494 0.0027160196700529234 0.0025887865012341098 -0.013504358350033116 0.0027160196700529234 0.0012577172813232199 0.0012577172813232199 -0.015918243093249886 -0.0031471661808282494 -0.010813951464504137 -0.00024846067524665686
leaf_weight=33.031198285520077 12.55134853441268 7.9363015964627257 86.905280083417892 102.28301755199209 61.539455247111619 16.596728800795972 20.942851544357836 114.92015748051926 326.97473551146686 160.4784988402389 39.671833585947752 102.26344909891486 16.414020627271384 422.73501935694367
leaf_count=236 86 45 770 845 595 130 265 665 2992 960 433 1010 209 4556
internal_value=0.000691227 0.00491743 0.00304036 0.000288335 0.00545227 -2.02303e-05 -0.00692137 0.000207292 -0.000200585 -0.00119922 -0.0061595 -0.000134836 0.00125772 -0.00175464
internal_weight=1525.24 127.873 119.936 1397.37 74.0908 1323.28 37.5396 1285.74 1170.82 827.432 141.955 685.477 343.389 524.998
internal_count=13797 1051 1006 12746 681 12065 395 11670 11005 7804 1278 6526 3201 5566
is_linear=0
shrinkage=0.03


Tree=275
num_leaves=15
num_cat=0
split_feature=3 28 3 16 28 16 22 13 28 25 18 20 13 9
split_gain=4.19457 2.13066 4.85347 4.32755 2.40557 4.39928 3.14545 5.7327 3.6015 4.00663 2.74775 2.47096 2.11839 2.00055
threshold=-0.94951187661970138 16.500000000000004 0.041814936867645008 12.188813262321577 14.500000000000002 -37.064484232670722 0.00040005374358075251 -0.016792233173059574 5.5000000000000009 0.062826083021996229 0.99999855756485645 0.38512812459454754 15.57360037567698 4.9989795723965189
decision_type=8 2 8 10 2 10 2 8 2 10 8 10 8 10
left_child=-1 4 -3 13 6 -6 7 10 -9 12 -2 -8 -10 -4
right_child=1 2 3 -5 5 -7 11 8 9 -11 -12 -13 -14 -15
leaf_value=0.010976992768437032 -0.01310878245872267 0.0059515951889739759 -0.015713937342188421 -0.00072162952392962592 -0.0037865840745656544 0.0059848357035172852 0.0019575957360994651 0.001266383913975619 -0.0019442506895812112 -0.0043432445611627703 -0.0043432445611627703 0.0059848357035172852 0.001266383913975619 -0.0066027574002140519
leaf_weight=33.941010209731758 46.592710352968425 32.104086271487176 41.057834402658045 22.42229607142508 39.226376852951944 86.448989167809486 441.72212465573102 339.6744138058275 143.109734300524 122.00235629919916 8.9240943314507586 33.245742490515113 120.70507549960166 6.1269209738820782
leaf_count=330 487 232 503 167 428 700 3489 3118 1215 1332 86 259 1286 89
internal_value=0.00125134 0.000992679 -0.00310071 -0.00739485 0.00130411 0.00518155 0.000897118 -0.000275789 0.000461072 -0.00182012 -0.00914756 0.00280856 0.000454743 -0.0124839
internal_weight=1517.3 1483.36 101.711 69.6071 1381.65 125.675 1255.98 781.008 725.492 385.817 55.5168 474.968 263.815 47.1848
internal_count=13721 13391 991 759 12400 1128 11272 7524 6951 3833 573 3748 2501 592
is_linear=0
shrinkage=0.03


Tree=276
num_leaves=15
num_cat=0
split_feature=28 13 17 16 3 11 13 0 26 9 28 2 0 34
split_gain=3.3771 3.4181 3.04754 3.98272 2.63132 1.95223 3.61823 5.89998 4.02574 1.77185 2.62254 1.6217 1.59356 3.88308
threshold=1.5000000000000002 0.10226980791203734 0.99995034805359062 93.91033207475958 0.5236670285664925 1.0000000180025095e-35 -30.956889671101873 9.0298743884754558 2.9986762963902809 0.67106497041041202 11.500000000000002 0.0089743589743589754 5.9165582369937244 48.493173493173501
decision_type=2 8 2 8 10 2 10 10 8 8 2 2 8 2
left_child=1 4 5 -4 -1 6 7 8 -2 10 -8 -10 13 -3
right_child=2 12 3 -5 -6 -7 9 -9 11 -11 -12 -13 -14 -15
leaf_value=0.0027055361952356628 -0.00062459412335592423 0.021633801540743559 0.0048014351558509751 0.021303232402760639 -0.013197512990636944 0.004186503939466275 -0.00062459412335592423 -0.013532123728527287 -0.0073773773188649588 0.0020356755509343938 0.00091679349059523105 -0.0033154716623633013 0.0041880679653343838 0.0083466277010986554
leaf_weight=21.891703115776185 285.48940755147487 21.215446831658483 17.037923365831375 11.165609872899951 8.8531799353659135 97.50962851382792 301.87037272658199 33.473649595864117 94.832501038908958 356.01648975536227 182.71831115148962 30.464152993634343 52.723510626703501 19.18911898881197
leaf_count=157 3257 146 122 97 74 540 2493 659 961 3019 1496 195 457 191
internal_value=0.000844995 0.00549433 0.00041874 0.0094006 -0.00283878 0.000202271 -0.000115153 -0.0022904 -0.00122263 0.00104121 -0.000202089 -0.00600635 0.00824986 0.0125052
internal_weight=1534.45 123.873 1410.58 28.2035 30.7449 1382.37 1284.86 444.26 410.786 840.605 484.589 125.297 93.1281 40.4046
internal_count=13864 1025 12839 219 231 12620 12080 5072 4413 7008 3989 1156 794 337
is_linear=0
shrinkage=0.03


Tree=277
num_leaves=15
num_cat=0
split_feature=3 20 23 16 18 22 1 13 16 18 16 0 13 6
split_gain=4.93632 1.97983 1.86532 1.3976 3.77894 4.66156 2.98918 2.77283 1.29478 1.16054 0.860674 0.85508 0.584485 0.406946
threshold=-0.94951187661970138 0.93792492401601923 4.2448824175363251 6.1259277344876679 0.12697891118552199 0.00049458885088251951 2.841727048270378 -30.956889671101873 -64.18727868498199 0.37411590151729207 2.079642816377564 0.5396334072819019 19.382607658762044 0.19238287463426831
decision_type=8 10 2 8 8 2 10 10 10 10 8 10 8 2
left_child=8 2 3 4 5 10 -6 11 13 -4 -2 -5 -8 -1
right_child=1 -3 9 7 6 -7 12 -9 -10 -11 -12 -13 -14 -15
leaf_value=0.011103483198100056 -0.021762230028632621 0.0058267400292330391 0.0015632829979303831 0.0006639095039918892 -0.00023546398994660472 -0.0044536081496168176 -0.0044536081496168176 0.0015632829979303831 0.01772628032297293 0.0031109593349100315 -0.01109966207907404 -0.00023546398994660472 -0.0023445360697817112 0.0058267400292330391
leaf_weight=14.80779468920082 18.78247160022147 16.721236542798579 81.488533988595009 281.0081043113023 371.50653532613069 26.070895530283451 63.537904504919425 374.4555937172845 12.492034636437891 80.619254779070616 5.9485088824294534 170.79170835437253 7.9837644789367905 8.6600203663110715
leaf_count=150 250 257 540 2389 3031 206 626 2875 136 528 89 2673 75 66
internal_value=0.000829607 0.000546952 0.000395179 1.56067e-05 -0.0012398 -0.00859767 -0.000309544 0.000768874 0.0111065 0.00311096 -0.0177457 -0.000235464 -0.00445361 0.00582674
internal_weight=1534.87 1498.91 1482.19 1320.09 493.83 50.8019 443.028 826.255 35.9598 162.108 24.731 451.8 71.5217 23.4678
internal_count=13891 13539 13282 12214 4277 545 3732 7937 352 1068 339 5062 701 216
is_linear=0
shrinkage=0.03


Tree=278
num_leaves=15
num_cat=0
split_feature=13 27 3 14 4 22 28 0 34 28 11 0 8 11
split_gain=2.52632 5.32399 4.58865 3.2417 3.0297 2.74238 2.49427 2.87482 1.80025 1.25693 1.24322 1.09923 0.872218 0.834421
threshold=-23.550741292137122 -0.26174353192345839 0.46631709524414744 0.45503683561911862 -0.61404208308523278 0.00087163061612162689 1.5000000000000002 9.4550220432941092 34.640359640359648 9.5000000000000018 0.6525441771343411 inf 0.014873105448209857 1.1315439893727695
decision_type=10 8 10 2 10 2 2 10 2 2 2 8 10 2
left_child=2 5 9 4 11 12 -4 13 -7 -1 -11 -3 -2 -8
right_child=1 3 6 -5 -6 8 7 -9 -10 10 -12 -13 -14 -15
leaf_value=0.00011556489578840638 0.010592961556463755 0.0026530081853407476 -0.0025720944198314097 0.005130990763956996 0.00011556489578840638 0.025757169597844673 -0.0060713428292544901 -0.014782440956348173 0.010592961556463755 -0.0025720944198314097 0.00011556489578840638 0.001384286540564577 0.005130990763956996 -0.0025720944198314097
leaf_weight=285.25651554949582 16.899744055233896 155.62331986939535 34.342265037819743 67.239408030174673 483.26626580301672 8.7160243466496485 98.243182333186269 33.101492028450593 18.890952035784721 116.51307587139308 8.0786385508254153 173.15663060545921 17.588283905759454 4.0810414906591168
leaf_count=2385 139 1246 366 462 4080 56 1550 685 135 1077 45 1355 159 22
internal_value=0.000413321 0.00136996 -0.00113883 0.000743986 0.000175026 0.009518 -0.00525975 -0.00759321 0.0160549 0.000115565 -0.00257209 0.00265301 0.00513099 -0.00468719
internal_weight=1521 941.381 579.616 879.286 812.046 62.095 169.768 135.426 27.607 409.848 124.592 328.78 34.488 102.324
internal_count=13762 7632 6130 7143 6681 489 2623 2257 191 3507 1122 2601 298 1572
is_linear=0
shrinkage=0.03


Tree=279
num_leaves=15
num_cat=0
split_feature=2 28 25 4 9 0 9 27 16 23 1 28 28 14
split_gain=3.98607 4.81204 4.57103 3.94567 6.98856 4.22691 3.73512 3.57988 3.19852 2.74883 2.65381 3.09005 2.11381 2.10674
threshold=0.52232142857142871 5.5000000000000009 2.9978661367769956 -0.63559419129389594 0.031898869250004035 4.1583474819262269 inf 0.87687917552472072 5.6244409301204001 1.4513346912131471 0.15909510958735543 9.5000000000000018 11.500000000000002 0.12969528766794455
decision_type=2 2 8 10 10 8 8 10 10 2 10 2 2 2
left_child=1 2 -1 5 -5 -3 9 10 -9 -4 -6 -12 -7 -13
right_child=-2 3 6 4 7 12 -8 8 -10 -11 11 13 -14 -15
leaf_value=0.0051806007801769331 0.0099211695875059194 0.0051806007801769331 -0.0063742468848188225 -0.018762577984141118 0.00054573608948276376 0.00054573608948276376 0.0028591350388171943 -0.010039703278186379 -0.004245529372902874 -0.00034955128233264292 -0.00075598250837753157 -0.004245529372902874 0.0028631684348298485 -0.00075598250837753157
leaf_weight=166.40213011391461 36.049406187608838 60.504918818827718 98.632605497725308 16.31483940128237 183.42848630109802 92.303899966180325 230.64541694894433 38.25902176159434 25.39602517336607 21.370734430849552 152.50119393412024 262.81147938966751 43.896717536263168 74.482703227549791
leaf_count=1588 328 516 889 195 1436 835 1915 359 193 133 1595 2952 358 407
internal_value=0.000699578 0.000440032 0.00275473 -0.000827735 -0.00181596 0.00290743 0.000643754 -0.00131683 -0.00784474 -0.00355824 -0.000646315 -0.0020577 0.000545736 -0.00400906
internal_weight=1503 1466.95 517.051 949.899 753.194 196.706 350.649 736.879 63.655 120.003 673.224 489.795 136.201 337.294
internal_count=13699 13371 4525 8846 7137 1709 2937 6942 552 1022 6390 4954 1193 3359
is_linear=0
shrinkage=0.03


Tree=280
num_leaves=13
num_cat=0
split_feature=11 4 21 2 16 27 24 1 27 18 1 1
split_gain=3.54989 7.44683 5.51717 6.39514 4.45987 4.02761 2.5337 1.71885 2.10296 1.51653 0.52741 0.275138
threshold=0.99199140097495997 -0.0090347400391332638 1.0000000180025095e-35 0.012163561076604556 6.3347248780658605 1.1806752011101491 0.21473362741186561 -1.4253735324078141 1.1030966236594901 0.78513250334917895 0.25911057755973227 23.984732185223439
decision_type=2 10 2 2 10 10 8 10 8 8 8 10
left_child=2 -2 4 10 5 6 -1 -8 11 -7 -4 -9
right_child=1 -3 3 -5 -6 9 7 8 -10 -11 -12 -13
leaf_value=-0.0057790907267932495 0.022312801435409445 0.0046215209230621853 0.0029568488690258636 0.0046215209230621853 0.0012921768149895419 -0.015116191152245896 -0.00024540024327543593 -0.0011922677572003297 -0.0033579355763370773 -0.0057790907267932495 0.0012921768149895419 -0.0022751016667687039
leaf_weight=18.130525898188353 19.387910777237266 21.653414198663086 114.43692101165652 116.97985417116433 178.38001974485815 23.595922777196392 293.0533799007535 332.4628468179144 152.73290209937841 19.259688943624496 178.46333423443139 52.669529617298394
leaf_count=144 125 121 803 729 1288 255 2403 3908 1532 185 1440 857
internal_value=0.000647505 0.00885206 0.000390977 0.00332864 -0.000744288 -0.00178298 -0.0012975 -0.00093678 -0.00213914 -0.0102607 0.00129218 -0.00119227
internal_weight=1521.21 41.0413 1480.16 409.88 1070.28 891.905 849.049 830.919 537.865 42.8556 292.9 385.132
internal_count=13790 246 13544 2972 10572 9284 8844 8700 6297 440 2243 4765
is_linear=0
shrinkage=0.03


Tree=281
num_leaves=15
num_cat=0
split_feature=28 34 11 13 18 24 17 23 1 16 16 28 1 16
split_gain=3.16242 8.39368 4.78701 4.0639 5.35956 3.05196 6.78748 3.35389 2.82806 4.35478 3.19904 2.82974 2.7254 2.63425
threshold=5.5000000000000009 19.7968697968698 1.0000000180025095e-35 -0.052163513902321289 0.48827384531311341 -0.00014807122802962255 0.00015145590430719414 0.066122329483110684 23.984732185223439 -3.985592523412723 102.94642255387403 9.5000000000000018 0.19152815061121037 0.10513022822365477
decision_type=2 2 2 8 10 10 2 2 10 10 8 2 10 8
left_child=1 -1 3 12 13 8 -7 -8 10 -10 11 -2 -3 -5
right_child=5 2 -4 4 -6 6 7 -9 9 -11 -12 -13 -14 -15
leaf_value=0.015646477585772089 -0.0037146674919728414 -0.0038369467764899851 0.008450267846921029 -0.0038369467764899851 0.0044766507497385468 0.002209039180015224 0.0093996071500240166 0.025090688310855661 -0.014594080652014703 -0.0037146674919728414 0.0018901473230591469 -0.00026448027073083536 -0.015516264350490763 0.0003682389745710209
leaf_weight=34.367662078235298 180.50166133278981 12.211819555610417 19.6806724909693 39.653041815385222 145.33047430962324 38.54672272875905 12.20145784225315 16.033450742717832 34.507084313780069 28.401704714167863 308.88201460707933 367.03175409510732 20.772851922549307 276.853345929645
leaf_count=202 1505 97 107 352 1067 308 90 122 606 260 3268 2966 193 2744
internal_value=0.000473907 0.00228836 0.00125406 0.000503034 0.00126598 -0.00054247 0.00542071 0.0165902 -0.00100263 -0.00689722 -0.000532113 -0.00190333 -0.00893987 -0.00102634
internal_weight=1534.98 548.87 514.502 494.822 461.837 986.106 66.7816 28.2349 919.324 62.9088 856.415 547.533 32.9847 316.506
internal_count=13887 4762 4560 4453 4163 9125 520 212 8605 866 7739 4471 290 3096
is_linear=0
shrinkage=0.03


Tree=282
num_leaves=15
num_cat=0
split_feature=25 28 0 18 35 28 13 22 17 1 16 23 18 28
split_gain=2.43181 5.86884 6.06994 2.85515 4.72197 1.86402 3.00901 6.10439 3.80122 2.87305 3.80614 2.52767 2.13068 1.72961
threshold=-0.29841617774088286 13.500000000000002 22.432973905552448 0.17406955720737025 30.452880452880454 14.500000000000002 -0.29603288852970877 0.0024201769518186122 0.043000352474237835 0.48991432177669231 1.0000000180025095e-35 0.11957760347689959 0.88509952605958631 6.5000000000000009
decision_type=8 2 10 10 10 2 8 2 2 10 8 2 8 2
left_child=1 2 3 -1 -5 6 7 12 13 -7 11 -11 -2 -8
right_child=5 -3 -4 4 -6 9 8 -9 -10 10 -12 -13 -14 -15
leaf_value=0.0094762791812821844 -0.015025258597849598 0.0028665544061600989 0.0028665544061600989 0.031485483991508294 0.015584999222340877 0.0028665544061600989 0.0008803983887092382 -0.0020655128188316811 0.0028665544061600989 -0.017806625295976607 0.00034381824974985623 -0.0056242633331828823 -0.0067492079246385577 -0.0017376088554467441
leaf_weight=26.003558903932571 49.150739090051502 43.292594758793712 9.5956177404150349 22.420945961028337 11.931128878146408 101.20498274220154 504.01612572511658 31.14582946151495 204.94976948574185 18.287629172205929 75.941134172957391 5.4353577420115462 17.125031331554055 405.29615754354745
leaf_count=291 536 396 155 162 99 808 4597 231 1372 240 811 33 153 3951
internal_value=0.000973405 0.00510802 0.0117517 0.016086 0.0216937 0.000625087 0.000170955 -0.00475168 0.000620652 0.00286655 -0.00217892 -0.0115923 -0.0114329 -0.000289614
internal_weight=1525.8 113.244 69.9513 60.3556 34.3521 1412.55 1211.68 97.4216 1114.26 200.869 99.6641 23.723 66.2758 909.312
internal_count=13835 1103 707 552 261 12732 10840 920 9920 1892 1084 273 689 8548
is_linear=0
shrinkage=0.03


Tree=283
num_leaves=15
num_cat=0
split_feature=23 14 28 28 2 18 3 4 13 13 27 3 3 16
split_gain=2.20874 12.5558 3.4516 2.29675 7.83631 4.9794 3.30251 2.88109 1.90322 1.58787 1.92814 1.51394 1.30227 1.2994
threshold=1.5393133537202297 0.02081210515582629 8.5000000000000018 12.500000000000002 0.1125730994152047 0.71326830208167502 0.094104974502847508 -0.032219926283098881 -1.0000000180025095e-35 -6.5487726317776902 0.58906217579792175 0.46631709524414744 20.339279000210386 6.1259277344876679
decision_type=2 2 2 2 2 8 10 10 10 8 10 10 10 10
left_child=3 -2 -3 5 6 7 -5 -1 11 -9 -11 -7 13 -8
right_child=1 2 -4 4 -6 8 12 9 -10 10 -12 -13 -14 -15
leaf_value=-0.00053642798137808396 0.0016129406334788069 0.02702030421673645 0.01058792167320657 -0.0015310948130836015 0.0016129406334788069 0.00057343916573924679 -0.0080796128051382338 -0.016664517497632203 0.0016129406334788069 -0.0034019793512667373 -0.010729128630416775 -0.00053642798137808396 -0.013511351627541213 -0.0042399873101739809
leaf_weight=167.49574742931873 168.01505295373499 19.585228683892641 12.30623462423682 101.08188978116959 63.715662749484181 301.92231951188296 109.97335644066334 7.7961930464953184 255.66837987676263 75.722710208036005 30.812445176299661 130.62747016409412 22.079269288107753 67.554442392662168
leaf_count=1401 1129 123 83 810 423 2645 1354 91 2082 631 293 2043 283 505
internal_value=0.000385474 0.00328548 0.0195629 -5.96032e-05 -0.00207389 0.000703832 -0.00467513 -0.0026858 0.00161294 -0.00626753 -0.00479374 -0.000466062 -0.00694888 -0.00578494
internal_weight=1534.36 199.907 31.8915 1334.45 364.405 970.045 300.689 281.827 688.218 114.331 106.535 432.55 199.607 177.528
internal_count=13896 1335 206 12561 3375 9186 2952 2416 6770 1015 924 4688 2142 1859
is_linear=0
shrinkage=0.03


Tree=284
num_leaves=15
num_cat=0
split_feature=20 11 21 16 8 2 13 9 8 4 0 13 3 23
split_gain=3.22049 2.35722 3.61776 5.53009 4.10048 3.0973 2.925 2.65419 2.61381 2.47581 1.79168 0.878975 0.804195 0.130088
threshold=0.98781844079097103 0.29629694660509548 1.0000000180025095e-35 -1.0000000180025095e-35 0.3109987568674813 0.012163561076604556 -30.956889671101873 0.69592550288299604 -0.2468015932791516 -0.052196440768922207 0.045184649733439268 0.42336412941347956 -11.889526854230839 0.75108374467825001
decision_type=10 2 2 8 10 2 10 10 8 10 8 8 10 2
left_child=1 2 3 8 6 -4 12 -6 -1 -3 -10 -2 -5 -12
right_child=11 9 5 4 7 -7 -8 -9 10 -11 13 -13 -14 -15
leaf_value=-0.0037340698929975149 0.0076250785936507783 0.0076250785936507783 0.0017093221237334765 0.00052632676736010789 -0.0037340698929975149 0.0035562530901869062 0.0017093221237334765 -0.00065666858901326059 -0.0075864642311385773 0.0035562530901869062 -0.016844681754255228 0.019737288799886309 -0.00065666858901326059 -0.011263162905991261
leaf_weight=8.0905168876051885 5.4494394361972791 29.523785046301782 269.55040802806616 97.985443741083145 117.26550652342848 109.29262880608439 449.71743780933321 105.36495365481824 10.764200042933227 46.264462093822658 41.903607793152332 7.3872487731277943 213.93045944347978 5.6060476377606383
leaf_count=83 78 163 2076 827 1285 645 3664 1238 88 238 459 131 2790 40
internal_value=0.001358 0.00120364 0.00091839 7.71179e-06 0.000589498 0.00341093 0.00163659 -0.00294992 -0.00805764 0.00619412 -0.0114389 0.0140465 -0.000656669 -0.0149399
internal_weight=1518.1 1505.26 1429.47 1050.63 984.264 378.843 761.633 222.63 66.3644 75.7882 58.2739 12.8367 311.916 47.5097
internal_count=13805 13596 13195 10474 9804 2721 7281 2523 670 401 587 209 3617 499
is_linear=0
shrinkage=0.03


Tree=285
num_leaves=15
num_cat=0
split_feature=28 21 13 20 28 25 1 1 18 32 28 21 28 9
split_gain=3.0105 5.01885 4.75987 2.81419 2.0849 6.17939 5.76282 3.57204 3.2028 5.79823 3.36565 6.71688 3.81714 4.15644
threshold=1.5000000000000002 0.0058410674446525961 0.0098981294089624475 0.98781844079097103 14.500000000000002 -0.020395871449203625 0.17860789153304837 9.0915505007591531 0.48324448143429288 48.29366437758047 10.500000000000002 1.0000000180025095e-35 5.5000000000000009 1.0689342212360813
decision_type=2 2 10 10 2 8 10 10 8 2 2 2 2 10
left_child=1 2 -1 4 5 7 -6 -2 10 -10 11 12 -7 -14
right_child=3 -3 -4 -5 6 8 -8 -9 9 -11 -12 -13 13 -15
leaf_value=-0.0008777575996659219 0.0054810407619023723 0.017112437539248623 0.0094753861248746026 0.011921729133587352 0.0058638036025786423 -0.0080743837914654549 -0.0013819211023812282 0.00073584958853226752 0.00073584958853226752 -0.0030534974273788546 -0.0030534974273788546 -0.0030534974273788546 -0.02323950749926626 -0.0080743837914654549
leaf_weight=100.19210320711136 217.50004904903471 19.072535501793027 6.9817187115550032 12.471953041618688 78.837864927947521 46.106372897513211 151.44951734039932 36.817520072683692 241.41165247932076 452.46476114867255 63.545611207839102 40.890447089448571 40.022864478873089 9.0810209251940233
leaf_count=866 1912 118 41 200 584 404 1545 426 1471 4900 529 282 425 87
internal_value=0.000366629 0.00470987 0.00183833 -4.31352e-05 -0.000194122 -0.000718696 0.00238027 0.00336496 -0.00189326 -0.000913259 -0.00519374 -0.00838655 -0.0130953 -0.0188546
internal_weight=1516.85 126.246 107.174 1390.6 1378.13 1147.84 230.287 254.318 893.523 693.876 199.646 136.101 95.2103 49.1039
internal_count=13790 1025 907 12765 12565 10436 2129 2338 8098 6371 1727 1198 916 512
is_linear=0
shrinkage=0.03


Tree=286
num_leaves=15
num_cat=0
split_feature=13 8 16 11 2 8 22 6 16 35 22 16 23 18
split_gain=2.96067 3.86344 4.11179 1.91805 1.25194 3.10984 5.73984 1.5755 1.32971 1.31152 1.07938 1.81913 1.02112 1.48653
threshold=37.037960520847058 0.25923606656389714 15.919789559767798 0.9115050812254285 0.11602564102564104 0.079192931284631576 6.6210969376664263e-07 -0.10776059699650499 5.8765141184015039 46.928071928071937 0.00027165812526631645 135.7999683932367 0.41255936980466373 0.5735436642511732
decision_type=10 8 10 2 2 10 2 2 8 8 2 8 2 8
left_child=3 2 -2 4 5 8 7 -7 -1 -6 11 -8 13 -9
right_child=1 -3 -4 -5 9 6 10 12 -10 -11 -12 -13 -14 -15
leaf_value=-0.00015156279458696081 0.010661254115312168 0.0046859070432655105 0.027176877195931055 0.0046859070432655105 0.0027714966351464984 -0.0044074023266882202 -0.0044074023266882202 -0.020819748877000988 0.001627094214845538 0.001627094214845538 -0.00015156279458696081 -0.0017605919402869854 -0.0078896525518352845 -0.010802367466213712
leaf_weight=323.50297692697495 10.390291428193452 23.392242506146431 14.572612350806592 45.272048516198993 59.647736850194633 22.171787617728114 54.872859231196344 19.116839503869414 528.01848881784827 150.53859839728102 200.55128336837515 37.740362335927784 4.2775691822171202 34.669718580320477
leaf_count=2736 78 171 94 265 412 332 568 225 5186 1040 1779 422 35 540
internal_value=0.00133772 0.00828827 0.0166366 0.00108355 0.000857086 0.000482692 -0.00178471 -0.00866324 0.00148158 0.0027715 -0.000151563 -0.00336962 -0.0113719 -0.0137151
internal_weight=1528.74 48.3551 24.9629 1480.38 1435.11 1224.92 373.4 80.2359 851.521 210.186 293.165 92.6132 58.0641 53.7866
internal_count=13883 343 172 13540 13275 11823 3901 1132 7922 1452 2769 990 800 765
is_linear=0
shrinkage=0.03


Tree=287
num_leaves=15
num_cat=0
split_feature=14 1 8 16 9 13 1 1 16 0 13 23 0 27
split_gain=2.15126 1.562 1.57366 3.13684 2.4453 1.53814 1.4644 1.22036 1.18197 0.916363 0.849072 0.363602 0.245767 0.179385
threshold=1.3720874214476551 -1.4253735324078141 0.0037528772226576028 -12.46260872271549 0.031898869250004035 -0.027423111544854818 9.7725857898974606 3.1086440460579836 -1.0000000180025095e-35 0.62591620707229401 -39.768424534071293 1.0000000180025095e-35 6.5864767754625424 0.69314718055994562
decision_type=2 8 10 8 10 10 8 8 10 8 10 2 8 8
left_child=1 -1 5 -4 11 9 10 -2 -7 13 -6 -5 -8 -3
right_child=7 2 3 4 6 8 12 -9 -10 -11 -12 -13 -14 -15
leaf_value=0.0046095257482774554 0.01497904903981403 0.0012625967050992322 -0.014338872960792804 -0.0073994672989885941 -0.0017715012203758675 0.0012625967050992322 -0.0017715012203758675 0.0046095257482774554 0.0025321027226194079 0.00015932823924331673 0.00015932823924331673 -0.0037023306799950518 -0.0037023306799950518 0.0007109624721712744
leaf_weight=24.575325678102672 10.8037635339424 117.56224485114217 10.103167349938301 9.2444212543778139 141.89064787421376 151.46233215089887 13.050574213266371 15.16733434610069 332.29928098362871 263.83516872627661 321.73256757808849 7.3066557273268691 20.104323556181043 85.647467302158475
leaf_count=265 99 1051 90 88 1552 1274 147 110 2449 3096 2701 40 286 636
internal_value=0.000776471 0.000612631 0.00045468 -0.000861086 -0.000460062 0.00117974 -5.19406e-06 0.00860642 0.00236587 0.000159328 0.000159328 -0.00739947 -0.00370233 0.0012626
internal_weight=1524.79 1498.81 1474.24 523.432 513.329 950.806 496.778 25.9711 483.762 467.045 463.623 16.5511 33.1549 203.21
internal_count=13884 13675 13410 4904 4814 8506 4686 209 3723 4783 4253 128 433 1687
is_linear=0
shrinkage=0.03


Tree=288
num_leaves=15
num_cat=0
split_feature=14 22 12 28 27 34 8 3 28 9 13 13 1 34
split_gain=2.11859 3.8597 2.15322 1.89112 2.62108 2.77946 7.75524 2.22724 2.03925 2.38408 1.47427 0.795969 0.650952 0.396625
threshold=1.3720874214476551 6.6210969376664263e-07 1.2739370334307045 1.5000000000000002 0.83162871250426706 49.342324342324353 -0.63861092790447571 -0.015673484841678683 13.500000000000002 0.031898869250004035 -0.26615312509283406 -60.579316732067333 0.53013468949480469 49.467199467199478
decision_type=2 2 2 2 8 2 10 8 2 10 8 10 10 2
left_child=2 -2 3 13 7 11 10 -5 9 -9 -7 -6 -8 -1
right_child=1 -3 -4 4 5 6 12 8 -10 -11 -12 -13 -14 -15
leaf_value=0.0026017733799577644 0.0047152217136603464 0.019683671572787935 0.0047152217136603464 0.0026017733799577644 -0.0026774712481809925 -0.0095512017457890994 -0.0095512017457890994 -0.00053893312459617551 -0.00053893312459617551 0.0014400415864188388 -0.0026774712481809925 -0.00053893312459617551 -0.020368435998886311 -0.0007564151195978443
leaf_weight=53.495986290276051 12.047792713157834 13.175309933722017 29.54863368999213 94.689709411002696 59.230772390961647 11.873202631250022 15.845952777191995 148.12520400434732 231.52747322805226 483.89907420985401 128.13907500915229 131.62471868284047 20.667489304440096 66.414508635178208
leaf_count=363 91 115 179 656 446 109 148 1311 2265 4953 1255 917 271 624
internal_value=0.000863135 0.00873088 0.00069956 0.000488325 0.000117075 -0.00202083 -0.00481601 0.000942965 0.00027831 0.00140889 -0.00267747 -0.000538933 -0.0164249 0.00260177
internal_weight=1500.3 25.2231 1475.08 1445.53 1325.62 367.381 176.526 958.241 863.552 632.024 140.012 190.855 36.5134 119.91
internal_count=13703 206 13497 13318 12331 3146 1783 9185 8529 6264 1364 1363 419 987
is_linear=0
shrinkage=0.03


Tree=289
num_leaves=15
num_cat=0
split_feature=1 20 13 18 1 28 17 4 23 22 0 1 25 28
split_gain=4.15949 1.66603 1.77649 4.41388 4.25582 3.23194 2.54673 1.54246 1.39705 1.3282 0.996503 0.887162 0.674722 0.618802
threshold=-1.4253735324078141 0.96728788207662453 -30.956889671101873 0.18513466590418695 0.56374891633094515 1.5000000000000002 0.0013071382205256151 0.55693657987611545 1.4513346912131471 0.00060037144381842043 0.30321997161715347 9.7725857898974606 -0.1411960656632418 14.500000000000002
decision_type=8 10 10 8 10 2 2 8 2 2 10 10 10 2
left_child=7 2 3 -2 -5 -6 10 -1 9 13 -7 -11 -10 -4
right_child=1 -3 8 4 5 6 -8 -9 12 11 -12 -13 -14 -15
leaf_value=0.017123713674679745 -0.018359864823194915 0.0060066550745923441 8.6098793647287824e-05 8.6098793647287824e-05 -0.0021267138606060566 -0.0052431554987169169 -0.0021267138606060566 0.0060066550745923441 0.003176347351669682 0.0019182673697562126 -0.0093481498932608421 0.0010021830817017502 0.0019182673697562126 0.0010021830817017502
leaf_weight=15.427710478194056 7.8602658596355459 13.872922686859964 385.12511938181706 348.2458042120561 41.263296794146299 6.925713248550891 5.3460026644170275 10.790692727081479 37.055665116757154 279.89403729140759 149.30804832046852 41.772968234494328 83.946694131940603 91.642248030751944
leaf_count=179 61 229 3488 2889 424 73 46 112 224 1908 2384 366 562 873
internal_value=0.00070113 0.000472783 0.00034604 -0.000982349 -0.000571639 -0.00433953 -0.00699568 0.0115405 0.00115455 0.000660187 -0.0083596 0.00191827 0.00317635 8.60988e-05
internal_weight=1518.48 1492.26 1478.39 558.949 551.089 202.843 161.58 26.2184 919.437 798.434 156.234 321.667 121.002 476.767
internal_count=13818 13527 13298 5877 5816 2927 2503 291 7421 6635 2457 2274 786 4361
is_linear=0
shrinkage=0.03


Tree=290
num_leaves=15
num_cat=0
split_feature=14 0 23 21 13 0 26 0 9 28 16 7 1 11
split_gain=2.28876 2.48846 1.82855 2.37865 1.91562 4.08465 1.71324 1.83507 1.37083 1.20305 0.963329 0.928331 0.649699 0.604073
threshold=1.3720874214476551 23.966738561979806 1.48846164877547 0.00030698676440064687 -30.956889671101873 7.7955774315148014 2.9986762963902809 -0.8348631728980318 0.36406687474596983 9.5000000000000018 6.9936460768208013 -2.9990845382595031 0.019328645257373468 0.04318135236356184
decision_type=2 8 2 2 10 10 8 10 8 2 8 10 10 2
left_child=2 -2 4 -4 5 6 -1 -8 12 -7 -10 -11 -6 -9
right_child=1 -3 3 -5 8 9 7 13 10 11 -12 -13 -14 -15
leaf_value=0.00032297286022386505 0.017831409503540424 0.0052307984584394921 0.0021488773724103335 0.0052307984584394921 0.0012359251163170991 -0.00489988630181245 -0.0012066775078275929 -0.0044482695166368621 0.0012359251163170991 -0.0044482695166368621 0.0021488773724103335 -0.019811778678880891 0.00032297286022386505 -0.0028274735122322276
leaf_weight=277.59821934904903 13.287186735309659 11.668600589036943 145.22108876449056 53.244659469462931 108.19056748226285 34.462501408532262 41.272268056869507 112.97958591207862 266.22551252576523 2.6582149714231482 254.58830376155674 8.2692793272435647 176.58499745605513 8.8532753270119411
leaf_count=3118 121 85 992 326 915 617 340 1110 2379 59 1995 201 1469 45
internal_value=0.00120465 0.00942568 0.00103591 0.00368086 0.000616894 -0.000864858 5.96244e-05 -0.00273633 0.0015108 -0.00895616 0.00214888 -0.0161946 0.000322973 -0.00444827
internal_weight=1515.1 24.9558 1490.15 198.466 1291.68 486.093 440.703 163.105 805.589 45.39 520.814 10.9275 284.776 121.833
internal_count=13772 206 13566 1318 12248 5490 4613 1495 6758 877 4374 260 2384 1155
is_linear=0
shrinkage=0.03


Tree=291
num_leaves=15
num_cat=0
split_feature=14 34 23 34 17 1 16 9 11 8 3 27 18 16
split_gain=2.73853 2.76484 1.08585 2.58308 0.978731 2.37886 3.06391 1.24301 0.870851 0.767469 3.40624 0.526149 0.464842 0.188377
threshold=1.3720874214476551 53.912753912753921 1.4513346912131471 20.446220446220451 0.0203376732868704 0.47919173771384532 6.0037675624386155 0.3821415664146563 4.5848660010509734 -0.30462660984997741 12.406620591276178 1.5064870399942487 0.9941641854863642 -11.435468104734243
decision_type=2 2 2 2 2 10 10 10 2 10 10 8 8 10
left_child=2 -2 4 -4 5 11 8 -6 9 12 -11 -1 -7 -5
right_child=1 -3 3 13 7 6 -8 -9 -10 10 -12 -13 -14 -15
leaf_value=0.00058143651337545647 0.017444610445137624 0.0050452884890637489 0.0050452884890637489 0.0014108272315631505 0.00058143651337545647 -0.0046598600803355178 -0.0006978748756740358 0.0014108272315631505 -0.0022298137924275682 -0.0046598600803355178 -0.01741788022321681 -0.0006978748756740358 -0.003302050467108937 0.0032280578603134497
leaf_weight=401.97138692066073 16.108951408416033 9.9791662152856606 32.589257907355204 79.990622533485293 120.39449860528111 48.683775992132723 61.711766152642667 185.80350346770138 4.916474971920251 136.54515742696822 16.289207765366882 152.53494409378618 157.6870438833721 82.975830934941769
leaf_count=3519 147 67 199 554 857 478 502 1291 28 1832 365 1181 2157 544
internal_value=0.000731319 0.00954599 0.000544587 0.00259805 0.000223608 -0.000247954 -0.00197719 0.00141083 -0.00376175 -0.00437429 -0.00601767 0.000581437 -0.00330205 0.00141083
internal_weight=1508.18 26.0881 1482.09 195.556 1286.54 980.34 425.833 306.198 364.122 359.205 152.834 554.506 206.371 162.966
internal_count=13721 214 13507 1297 12210 10062 5362 2148 4860 4832 2197 4700 2635 1098
is_linear=0
shrinkage=0.03


Tree=292
num_leaves=15
num_cat=0
split_feature=20 24 13 11 27 26 14 8 9 4 34 16 21 12
split_gain=2.44695 1.74346 1.12252 1.04393 0.785295 1.43074 1.15994 1.44416 0.903477 0.832502 1.13636 0.775848 1.12146 0.675825
threshold=0.97737680367498092 0.34998205182434616 1.0000000180025095e-35 3.0189109136477561 1.5064870399942487 -0.013940063037239268 0.14531060605760884 0.25923606656389714 0.053753538965322235 -0.98328589779672482 45.171495171495174 -0.14122027532655776 8.5044952705160934e-06 1.0000000180025095e-35
decision_type=10 10 8 2 10 10 2 10 10 10 2 10 2 2
left_child=1 3 -2 4 6 -6 7 11 -8 -7 -11 12 -1 -9
right_child=2 -3 -4 -5 5 9 8 13 -10 10 -12 -13 -14 -15
leaf_value=-0.00078010886835868732 0.0056415549920987495 0.0056415549920987495 0.016822054337721389 0.0028235454929259472 -0.001823558469575061 -0.0046641206456674101 0.00048610596006897925 -0.001823558469575061 0.001350148933226672 -0.0077937664452557859 -0.017103368946973615 0.00048610596006897925 -0.00010876340197553703 -0.00078010886835868732
leaf_weight=382.2321756365709 4.5126447621732932 10.069239142350851 8.8133833317551744 15.721239006146787 8.3920291466638428 14.701111203059552 58.847865913063288 281.79632794344798 163.10077015776187 12.540748808532955 13.852506224764509 360.53292513359338 137.96016991324723 48.417423889040947
leaf_count=4323 74 59 155 107 64 131 339 3198 913 92 160 2943 1041 261
internal_value=0.000259746 0.00012692 0.0111562 5.53599e-06 -0.000123248 -0.00365825 1.11341e-05 -0.000377937 0.00135015 -0.00750468 -0.0109234 0.000263341 -0.000703633 -0.00182356
internal_weight=1521.49 1508.16 13.326 1498.1 1482.37 49.4864 1432.89 1210.94 221.949 41.0944 26.3933 880.725 520.192 330.214
internal_count=13860 13631 229 13572 13465 447 13018 11766 1252 383 252 8307 5364 3459
is_linear=0
shrinkage=0.03


Tree=293
num_leaves=15
num_cat=0
split_feature=11 22 2 28 16 18 28 1 18 14 14 4 22 13
split_gain=3.75669 3.54026 2.38209 4.30129 3.65865 3.47958 3.20265 2.86959 2.81017 2.76869 1.96895 3.18913 1.59782 1.45352
threshold=0.92918348406034845 0.00057258548627373658 0.11819852941176472 6.5000000000000009 -12.46260872271549 0.13691022387028146 13.500000000000002 14.126635084229502 0.48827384531311341 0.016229585836571001 0.22052588789512714 -0.68538585651718109 0.0022253371231298539 1.3880008144568727
decision_type=2 2 2 2 8 8 2 10 8 2 2 10 2 8
left_child=2 -2 3 8 -5 12 -4 10 9 13 11 -7 -6 -1
right_child=1 -3 6 4 5 7 -8 -9 -10 -11 -12 -13 -14 -15
leaf_value=-0.012205050726324372 0.0048615941871958303 0.016134671298763326 0.0019105537300539721 -0.014697108825756915 -0.007831568135002626 0.0006718530487443815 0.0048615941871958303 -0.0040485011084313936 0.0019105537300539721 -0.00086639261193029757 0.0019105537300539721 -0.0018169004117312535 -0.0040485011084313936 -0.0047489285714960063
leaf_weight=34.713752197101712 17.917007537558675 27.892027043737471 162.69913685694337 12.949673940893261 41.927258885232732 113.53435428533703 49.542766184546053 64.910003715660423 458.27381515875459 32.353151958435774 84.970728572458029 389.27668597828597 14.758465336635707 12.488757186569272
leaf_count=376 90 184 1123 115 520 1008 341 857 4204 208 507 4055 108 112
internal_value=0.000989616 0.00901285 0.000710341 0.000209322 -0.00131154 -0.000966027 0.00361179 -0.000319861 0.00191055 -0.00364334 0.0004147 -0.000566848 -0.00777714 -0.00863146
internal_weight=1518.21 45.809 1472.4 1260.16 722.327 709.377 212.242 652.692 537.829 79.5557 587.782 502.811 56.6857 47.2025
internal_count=13808 274 13534 12070 7170 7055 1464 6427 4900 696 5570 5063 628 488
is_linear=0
shrinkage=0.03


Tree=294
num_leaves=15
num_cat=0
split_feature=0 28 13 16 6 4 9 28 6 22 13 1 16 34
split_gain=1.89451 2.07491 3.11333 4.45159 2.52934 2.37045 5.46664 4.36289 2.53904 2.34841 1.93835 1.78899 1.66398 1.35197
threshold=-0.8348631728980318 5.5000000000000009 -0.027423111544854818 89.81616927934725 0.00022297331869397112 -0.63559419129389594 0.031898869250004035 12.500000000000002 -0.015726647887972279 0.00031538164062704593 -0.027423111544854818 15.480061916039768 -10.814202251021841 48.761238761238765
decision_type=8 2 10 8 2 10 10 2 2 2 8 10 10 2
left_child=-1 2 3 9 -5 7 -7 8 -3 10 -2 -8 -13 -6
right_child=1 5 -4 4 13 6 11 -9 -10 -11 -12 12 -14 -15
leaf_value=0.0076786135799989958 -0.01848108093851273 0.0040518146985064913 0.0040518146985064913 0.0019876397512607162 -0.00044782460104410071 -0.015495067293513919 -0.00026905860574397654 0.0040518146985064913 0.00065594459174018527 -0.0028832889533489175 -0.0072498515852187561 -0.0081079267536116641 -0.0029080120505240122 -0.0028832889533489175
leaf_weight=28.162396209314466 17.635128107853234 27.641726753674448 223.74435241147876 163.47483032010496 46.827218966558576 18.279584744013846 678.70693993754685 56.025999463163316 111.82391500286758 15.845084127038715 21.834172133356333 28.683818199671805 29.564012361224741 41.977372953668237
leaf_count=307 156 232 1685 1530 353 197 6200 467 990 127 183 513 252 561
internal_value=0.000585171 0.000425016 0.00191735 -7.65352e-05 0.00164437 -0.000414679 -0.00117794 0.00248983 0.000655945 -0.00741095 -0.0116164 -0.000720786 -0.00554697 -0.00288329
internal_weight=1510.23 1482.06 531.338 307.594 252.279 950.726 755.234 195.492 139.466 55.3144 39.4693 736.955 58.2478 88.8046
internal_count=13753 13446 4595 2910 2444 8851 7162 1689 1222 466 339 6965 765 914
is_linear=0
shrinkage=0.03


Tree=295
num_leaves=15
num_cat=0
split_feature=11 20 13 12 25 4 9 1 7 18 14 18 14 34
split_gain=4.96583 1.62601 1.47709 1.03533 1.13841 1.15976 2.90781 1.52351 1.94909 1.0627 2.01364 1.03553 0.826919 0.562962
threshold=4.5848660010509734 0.98781844079097103 37.037960520847058 0.46189622802526031 -0.29841617774088286 -0.504469141975877 0.025011196061939214 10.319366698766155 -0.97387347407762348 0.99999855756485645 0.24283124924262967 0.23082792317126699 0.006191526193038646 42.532467532467543
decision_type=2 10 10 2 8 10 10 10 10 8 2 10 2 2
left_child=1 2 3 4 -1 11 13 9 -9 10 -8 -6 -4 -7
right_child=-2 -3 12 -5 5 6 7 8 -10 -11 -12 -13 -14 -15
leaf_value=0.00074832930661118235 0.015793717113477723 0.0079449233939771109 0.0018881666854918002 0.0018881666854918002 -0.0007975440071680194 -0.0072984538412515752 -0.0034883053972680649 -0.0034883053972680649 -0.0072984538412515752 -0.0007975440071680194 -0.0016361052148430434 7.6867940012747754e-06 0.0039673148810246261 -0.017789498792260806
leaf_weight=98.500610671937466 13.359545164275913 11.978711922653018 13.109364425763486 61.26049851346761 317.03872253838927 5.3834485122933975 285.41642181784846 16.825997024774551 31.172880300786346 272.54316955944523 50.977406673133373 298.4021770041436 32.684278544038534 8.1641108170151693
leaf_count=995 97 199 127 341 2963 54 2526 189 499 2959 285 2313 197 114
internal_value=0.000285825 9.61297e-05 -1.02936e-05 -0.000190982 -0.000391508 -0.000732956 -0.00160277 -0.00126193 -0.00614664 -0.000829974 -0.00247467 7.68679e-06 0.00396731 -0.013335
internal_weight=1516.82 1503.46 1491.48 1445.69 1384.42 1285.92 670.483 656.936 47.9989 608.937 336.394 615.441 45.7936 13.5476
internal_count=13858 13761 13562 13238 12897 11902 6626 6458 688 5770 2811 5276 324 168
is_linear=0
shrinkage=0.03


Tree=296
num_leaves=15
num_cat=0
split_feature=20 12 28 7 18 13 3 26 18 25 28 3 28 28
split_gain=2.82965 1.97484 1.83716 2.29341 3.14013 2.03967 2.69276 1.65225 1.59445 1.52837 1.39188 1.39513 1.45991 0.717518
threshold=0.98781844079097103 0.45766830044824269 1.5000000000000002 1.6424790903710857 0.20053065853925914 -9.6144075889885396 5.9689086062301906e-17 -1.0000000180025095e-35 0.081687308919095078 -0.26310117733359023 5.5000000000000009 -0.1340582487975783 11.500000000000002 13.500000000000002
decision_type=10 2 2 8 8 10 10 10 10 10 2 10 2 2
left_child=1 2 -1 9 7 6 -6 -5 -3 13 -11 12 -12 -4
right_child=-2 8 3 4 5 -7 -8 -9 -10 10 11 -13 -14 -15
leaf_value=0.0027532507157566133 0.012765205571052885 0.0027532507157566133 0.0027532507157566133 -0.0059406558333410259 -0.0023798306197714788 -0.00070812321918479592 -0.0059406558333410259 -0.01606824634579759 0.0065823069985497936 0.0014456681442851452 0.00036877246255017472 -0.00070812321918479592 0.0014456681442851452 0.0014456681442851452
leaf_weight=125.07147385925055 11.851322957314549 22.236124280840158 69.850708672776818 11.333746431395413 54.699327750131488 201.96811504103243 114.04867863259278 18.80712542263791 42.010787517763674 119.30072819348425 97.758473191410303 511.66578689869493 61.393706795759499 43.271402576006949
leaf_count=1022 196 121 718 94 403 1655 1368 194 243 1094 841 4944 445 400
internal_value=0.000538706 0.000399408 0.000159109 -0.000190303 -0.00206449 -0.00123429 -0.00405154 -0.010647 0.00534739 0.000648247 0.000138086 -0.000524267 0.00144567 0.00275325
internal_weight=1505.27 1493.42 1429.17 1304.1 400.857 370.716 168.748 30.1409 64.2469 903.241 790.119 670.818 159.152 113.122
internal_count=13738 13542 13178 12156 3714 3426 1771 288 364 8442 7324 6230 1286 1118
is_linear=0
shrinkage=0.03


Tree=297
num_leaves=15
num_cat=0
split_feature=27 28 2 12 28 8 13 25 32 28 9 18 9 1
split_gain=2.65735 3.95099 2.4944 2.45095 2.77862 6.2935 3.91913 2.71974 2.71296 2.49362 2.49248 2.29426 2.1877 1.7177
threshold=-0.26174353192345839 7.5000000000000009 0.11602564102564104 0.042544464893621646 11.500000000000002 -0.70419530494520444 -1.3900358554513754 0.11907023006324159 57.78801617962457 16.500000000000004 0.93168980699816872 0.52866627000904887 0.059156514195529843 0.063839400686032569
decision_type=8 2 2 2 2 10 8 10 2 2 10 10 10 8
left_child=1 -1 -3 4 5 8 -7 12 -2 -6 -9 13 -8 -11
right_child=3 2 -4 -5 9 6 7 10 -10 11 -12 -13 -14 -15
leaf_value=0.01934979620698065 0.0014886563080167834 0.0030615592115583738 0.015450207066619221 0.0030615592115583738 0.0014886563080167834 -0.016009541553593951 -0.0044641677863624689 -0.0096677480278746647 -0.0017370155815560485 -0.0034267203511007343 -0.0044641677863624689 0.0014886563080167834 -0.0017370155815560485 -0.012166421954827686
leaf_weight=10.967428125441073 489.6970675883349 58.558873404748738 10.102602140977977 123.721612138208 304.72083859657869 19.220653950469568 68.390139186754823 70.622798101976514 120.80245709605515 10.832821264863012 33.882448859512806 27.959637915715575 136.93779004504904 30.739556177984923
leaf_count=95 4155 558 73 725 2837 226 606 732 1335 97 386 272 1358 400
internal_value=0.000630862 0.00579756 0.00306156 0.000325561 -8.42466e-05 -0.000983908 -0.00429536 -0.00332595 0.000821332 0.00148866 -0.00719132 -0.00421542 -0.00173702 -0.0083421
internal_weight=1517.16 79.6289 68.6615 1437.53 1313.81 939.553 329.054 309.833 610.5 374.253 104.505 69.532 205.328 41.5724
internal_count=13855 726 631 13129 12404 8798 3308 3082 5490 3606 1118 769 1964 497
is_linear=0
shrinkage=0.03


Tree=298
num_leaves=15
num_cat=0
split_feature=11 1 13 28 4 9 16 28 32 2 28 1 1 17
split_gain=3.26178 2.84804 2.05907 2.70795 2.98481 5.15378 2.38691 2.03802 1.8982 1.64085 3.82727 3.04627 1.44892 0.299068
threshold=4.5848660010509734 -1.4253735324078141 37.037960520847058 5.5000000000000009 -0.98328589779672482 0.025011196061939214 -12.46260872271549 11.500000000000002 61.816854474197136 0.013072453861927548 12.500000000000002 0.48991432177669231 17.162313782940114 0.0296101611434877
decision_type=2 8 10 2 10 10 8 2 2 2 2 10 10 2
left_child=1 -1 3 8 7 -6 -7 -5 13 10 12 -12 -8 -3
right_child=-2 2 -4 4 5 6 9 -9 -10 -11 11 -13 -14 -15
leaf_value=0.0074117175049323728 0.013818866624868057 0.0014622117456462159 0.0041081488957415042 0.00051180473562697539 -0.017305790338131032 -0.0091047954696274521 -0.00054463458747361555 0.0023310173622802521 -0.0069939277763299322 0.00051180473562697539 -0.00054463458747361555 -0.00485582402559311 -0.00485582402559311 0.0023310173622802521
leaf_weight=24.058136600069702 13.136042708065359 436.72158391634002 46.657072214409709 110.25841566314921 12.698991631623356 13.798386478563769 273.81122790742666 60.528453555889428 14.989079389721153 175.53953594807535 81.136472562327981 137.2988450829871 31.173322213115171 70.21798846591264
leaf_count=267 94 3954 325 1002 159 117 2879 497 157 1119 740 1545 453 447
internal_value=0.00116211 0.00100457 0.00080458 0.000553886 -0.00044723 -0.00130741 -0.000903801 0.00233102 0.00226091 -0.000606853 -0.00160107 -0.00479462 -0.000544635 0.00233102
internal_weight=1502.02 1488.89 1464.83 1418.17 896.244 725.457 712.758 170.787 521.929 698.959 523.42 218.435 304.985 506.94
internal_count=13755 13661 13394 13069 8511 7012 6853 1499 4558 6736 5617 2285 3332 4401
is_linear=0
shrinkage=0.03


Tree=299
num_leaves=15
num_cat=0
split_feature=9 0 27 2 25 14 22 22 20 14 34 13 3 18
split_gain=2.95229 6.26836 2.48407 1.87446 2.01818 1.82531 1.38267 1.1952 1.24386 0.952577 0.943728 0.779421 0.637067 1.69233
threshold=0.042066990335270706 0.023441386548950383 1.4484645792211626 0.56421789105447284 0.085666329561788782 0.29703999425608768 0.0040783075157259062 0.00046035553844749505 0.38512812459454754 0.00067953914091578897 28.171828171828174 -0.0053952472897260866 0.001771306138511432 0.020649608656260393
decision_type=8 10 8 2 8 2 2 2 10 2 2 10 8 10
left_child=1 9 3 5 -5 7 -4 -2 -9 12 -3 -7 -1 -14
right_child=2 10 6 4 -6 11 -8 8 -10 -11 -12 -13 13 -15
leaf_value=-0.0011491373495752587 0.0013868150398729045 -0.0073512897030477298 4.8452357280559971e-05 0.01939851613251907 0.0064502052252168058 0.0041877850894327003 0.0013868150398729045 0.0023108069853753389 0.0041877850894327003 4.8452357280559971e-05 -0.018194733184184277 0.0064502052252168058 -0.0073512897030477298 -0.0023306100994986254
leaf_weight=7.1845755744725466 389.86340303719044 6.1747364327311542 306.29419168224558 9.7271627411246282 13.252912296913566 22.356918935663998 61.450500032864511 362.8665662156418 28.04434364894405 64.673696290701628 18.199567290488631 67.941893071401864 37.063134480267763 100.19417409226298
leaf_count=58 4485 31 2657 99 128 131 464 2999 239 398 224 434 374 909
internal_value=0.00129751 -0.00177367 0.00187057 0.00272518 0.0104371 0.00246332 4.84524e-05 0.00196946 0.0032348 4.80484e-05 -0.0147506 0.00640611 -0.00234673 -0.00351208
internal_weight=1495.29 233.49 1261.8 894.053 22.9801 871.073 367.745 780.774 390.911 209.116 24.3743 90.2988 144.442 137.257
internal_count=13630 1994 11636 8515 227 8288 3121 7723 3238 1739 255 565 1341 1283
is_linear=0
shrinkage=0.03


Tree=300
num_leaves=15
num_cat=0
split_feature=20 9 0 13 11 32 14 27 14 33 23 12 22 13
split_gain=2.70909 1.91113 5.77726 2.47528 2.21154 2.09922 1.31257 1.23944 1.67679 1.04104 0.984216 0.804468 0.666946 0.520811
threshold=0.98781844079097103 0.042066990335270706 0.026516491942046454 37.037960520847058 0.92918348406034845 40.284889935239597 0.0086281226019625339 0.87687917552472072 0.10607710002291039 41.839113267684702 0.0044797312656608542 1.0000000180025095e-35 0.0035299098213041379 0.42336412941347956
decision_type=10 8 10 10 2 2 2 8 2 2 2 2 2 8
left_child=1 2 5 4 7 -1 -5 8 11 -7 -11 -3 -4 -2
right_child=13 3 12 6 -6 9 -8 -9 -10 10 -12 -13 -14 -15
leaf_value=0.00024187078420162992 0.0072384219759287112 0.0010543906359235815 -0.016657960720699895 0.0043344759178919352 0.0043344759178919352 -0.001536400458515099 0.0072384219759287112 0.00024187078420162992 0.0027149357829315155 -0.0067592475432643991 -0.0032484702384188214 0.0018846632094275484 -0.0067592475432643991 0.017575808319899158
leaf_weight=64.767603373154998 4.6090853037312609 522.20384544786066 18.033618006855253 12.285837186500428 42.549971643835306 29.026241082698107 31.741449050605297 436.81081143650226 139.49366236384958 70.051483800634742 46.470486000180244 83.210760097950697 6.1050230124965301 7.6298111306969076
leaf_count=385 71 6067 198 113 242 243 186 3730 795 773 336 439 58 135
internal_value=0.00138648 0.00124647 -0.00122206 0.0017058 0.00143053 0.000241871 0.00723842 0.0010954 0.00186691 -0.00331467 -0.00496054 0.00105439 -0.0137604 0.0132304
internal_weight=1514.99 1502.75 234.454 1268.3 1224.27 210.316 44.0273 1181.72 744.908 145.548 116.522 605.415 24.1386 12.2389
internal_count=13771 13565 1993 11572 11273 1737 299 11031 7301 1352 1109 6506 256 206
is_linear=0
shrinkage=0.03


Tree=301
num_leaves=15
num_cat=0
split_feature=20 28 1 34 1 16 24 12 28 2 14 4 9 24
split_gain=2.53079 2.41772 1.98719 1.34564 1.58245 1.97417 1.31222 1.19201 1.48231 4.50084 3.06678 1.47585 6.57033 2.07191
threshold=0.96728788207662453 1.5000000000000002 -1.4253735324078141 48.401598401598413 -4.7629051129204552 -21.062887140525991 0.29393071422107381 0.041169770642512836 17.500000000000004 0.027713773681515619 0.11867936994409035 -0.19204172059205013 0.025011196061939214 0.29393071422107381
decision_type=10 2 8 2 10 10 10 2 2 2 2 10 10 8
left_child=1 3 -3 -1 -5 -6 7 8 11 10 -10 -4 -13 -14
right_child=-2 2 6 4 5 -7 -8 -9 9 -11 -12 12 13 -15
leaf_value=0.0062033858477387833 0.011739114210739162 0.0062033858477387833 0.00060616888684116564 0.0038570750023945249 -0.0068569206374882001 0.00068802733325682992 0.0031660282431875343 0.0015681998468196638 -0.018235430162208736 0.00060616888684116564 -0.0057921210221019001 -0.018965943811876395 -0.0062253129404749516 -0.00032461732407691382
leaf_weight=50.230743678286672 13.841834522318093 21.707616989500821 601.85258631128818 30.858835875988007 34.744072124361992 8.385524580255149 10.452416574582456 124.46793037466705 23.340122910682116 9.1102155297994596 7.3288775831460944 13.265082178870214 50.543000351637602 510.55872423038818
leaf_count=334 235 243 5269 235 380 66 60 672 332 58 37 168 354 5307
internal_value=0.000807492 0.000667657 0.00029722 0.00459111 0.00151076 -0.00248102 0.000128671 -2.96285e-05 -0.000355862 -0.00571331 -0.0121904 -0.000151259 -0.0012554 -0.000672891
internal_weight=1510.69 1496.85 1372.63 124.219 73.9884 43.1296 1350.92 1340.47 1216 39.7792 30.669 1176.22 574.367 561.102
internal_count=13750 13515 12500 1015 681 446 12257 12197 11525 427 369 11098 5829 5661
is_linear=0
shrinkage=0.03


Tree=302
num_leaves=15
num_cat=0
split_feature=13 3 24 14 34 4 4 28 23 34 8 0 3 9
split_gain=2.81626 6.12699 3.27278 3.53692 5.16872 1.98961 1.84752 2.87568 1.71707 1.61338 1.32611 1.24359 1.00899 0.808151
threshold=-30.956889671101873 0.46631709524414744 -1.0512471108195622 0.0078647361457787283 49.225774225774231 -0.98328589779672482 -0.98328589779672482 10.500000000000002 0.013863126021198871 19.7968697968698 1.0000000180025095e-35 6.8730142670217704 -0.04223466361481084 0.29403968940138259
decision_type=10 10 10 2 2 10 10 2 2 2 10 10 10 10
left_child=1 8 6 -4 -5 -3 7 9 10 -2 -1 13 -8 -7
right_child=2 5 3 4 -6 11 12 -9 -10 -11 -12 -13 -14 -15
leaf_value=-0.0010337320424179495 0.0043281926321838823 -0.0027886954195236206 0.0043281926321838823 0.023865754917789136 0.009482549266391924 -0.010201692010139244 0.0015363019396929997 0.0043281926321838823 0.00025177870604302529 0.0015363019396929997 -0.0027886954195236206 -0.014440755436437403 0.00025177870604302529 -0.0057631990101837186
leaf_weight=189.91413672827184 10.956886741798369 79.048763076309115 36.401869997382164 24.590301782358438 8.8062232006341201 10.679920984432099 46.545162759721279 64.369240795262158 143.29790379246697 255.23044762294739 72.224568973295391 23.535628719022498 482.10568405990489 58.706819701008499
leaf_count=1810 67 954 264 189 59 178 317 519 951 2052 742 566 4200 966
internal_value=0.000561887 -0.0010777 0.00158126 0.0076057 0.0146369 -0.00582917 0.00105069 0.00282083 0.000251779 0.0015363 -0.00231924 -0.0087377 0.000251779 -0.00596263
internal_weight=1506.41 577.408 929.006 69.7984 33.3965 171.971 859.207 330.557 405.437 266.187 262.139 92.9224 528.651 69.3867
internal_count=13834 6167 7667 512 248 2664 7155 2638 3503 2119 2552 1710 4517 1144
is_linear=0
shrinkage=0.03


Tree=303
num_leaves=15
num_cat=0
split_feature=18 13 28 9 9 12 23 16 4 13 14 17 18 17
split_gain=2.45651 3.73852 2.9651 3.32626 1.99368 1.78564 7.36976 3.21989 2.22359 2.29174 1.39263 0.545885 0.460853 0.151235
threshold=0.23082792317126699 -13.835970825315512 10.500000000000002 0.57018193271907258 0.426279375468883 0.042544464893621646 0.0026744041597167169 -0.044560501123811803 -0.504469141975877 -60.579316732067333 0.081901656932688596 0.20958586733229101 inf 0.0203376732868704
decision_type=8 10 2 10 8 2 2 10 10 10 2 2 8 2
left_child=1 4 3 11 -1 8 -7 -8 9 -2 12 -3 -10 -5
right_child=5 2 -4 13 -6 6 7 -9 10 -11 -12 -13 -14 -15
leaf_value=-0.023520534889485883 0.0011779518024820604 -0.0079612023027667601 -0.00036975878235416223 -0.004165480542560461 -0.0079612023027667601 0.0031200640392637733 0.0083054924317861548 0.022237739012310194 -0.00036975878235416223 0.0031200640392637733 0.0011779518024820604 -0.004165480542560461 0.00040409651006394914 -0.00036975878235416223
leaf_weight=7.5763778351247284 257.81262195389718 48.152526248712093 90.295715377666056 9.7849217306356895 5.6644878687802711 42.980931201949716 40.340760749299079 20.8793849889189 258.75641289493069 311.6387901310809 140.85593856498599 8.1592155313119274 237.59096644446254 17.345963009633124
leaf_count=78 2451 476 760 114 60 266 210 137 2500 2428 788 50 3264 125
internal_value=0.000988831 -0.00218809 -0.000807678 -0.00589863 -0.0151147 0.00144858 0.00512925 0.0134909 0.00111088 0.00246444 -0.000108534 -0.0079612 -0.000369759 -0.000369759
internal_weight=1497.84 186.979 173.738 83.4426 13.2409 1310.86 104.201 61.2201 1206.65 569.451 637.203 56.3117 496.347 27.1309
internal_count=13707 1663 1525 765 138 12044 613 347 11431 4879 6552 526 5764 239
is_linear=0
shrinkage=0.03


Tree=304
num_leaves=15
num_cat=0
split_feature=14 1 9 3 28 25 1 18 28 32 16 28 22 11
split_gain=1.71103 2.04655 1.66264 5.22962 1.61636 5.10558 3.13794 2.74939 1.39262 6.92733 1.16834 1.02331 0.588396 0.528308
threshold=1.3720874214476551 18.623866926374664 0.031898869250004035 -1.0000000180025095e-35 12.500000000000002 0.096697193812033358 0.16511964441540369 0.49282082593349646 11.500000000000002 40.168223385006605 -0.044560501123811803 4.5000000000000009 0.00040005374358075251 1.0000000180025095e-35
decision_type=2 8 8 10 2 8 10 10 2 2 10 2 2 2
left_child=2 -2 3 8 5 12 -6 13 9 -1 -9 -11 -4 -7
right_child=1 -3 4 -5 6 7 -8 10 -10 11 -12 -13 -14 -15
leaf_value=-0.00045907800916278687 0.015957052805268296 0.0041745617901494591 0.0021429820959171925 -0.014724287856498302 0.0041745617901494591 -0.00045907800916278687 -0.00045907800916278687 0.00084195204337720285 -0.00045907800916278687 -0.0040253804709966664 0.0021429820959171925 -0.0075916829328305452 0.0041745617901494591 0.00084195204337720285
leaf_weight=43.823820957913995 11.727634378708897 12.846862560138108 138.29187986813486 20.297361759003252 91.672340258955956 403.03404339263216 249.78963631996885 61.754290755838156 43.858149603009224 40.409083690494299 152.4643896073103 69.459027525037527 135.41365628642961 31.383644473738968
leaf_count=248 112 97 1488 257 715 4169 2468 468 311 360 1154 703 1084 178
internal_value=0.000672689 0.0078209 0.000528225 -0.00186456 0.000946402 0.00160794 -0.000459078 0.000111402 -0.000459078 -0.00328438 0.00214298 -0.00759168 0.00417456 -0.000459078
internal_weight=1506.23 24.5745 1481.65 217.847 1263.8 922.342 341.462 648.636 197.55 153.692 214.219 109.868 273.706 434.418
internal_count=13812 209 13603 1879 11724 8541 3183 5969 1622 1311 1622 1063 2572 4347
is_linear=0
shrinkage=0.03


Tree=305
num_leaves=15
num_cat=0
split_feature=28 3 13 18 0 9 2 16 28 18 18 20 28 35
split_gain=2.34704 2.16265 1.91226 3.89179 3.39268 3.0058 3.47692 2.92049 2.1177 1.52596 1.48184 1.2473 1.19506 0.954279
threshold=17.500000000000004 0.062865390518962574 -30.956889671101873 0.18513466590418695 9.4550220432941092 0.67106497041041202 0.30024132730015091 5.7274859338422965 13.500000000000002 0.26577935507334433 0.69328055255980858 0.52623161005586294 1.5000000000000002 92.690642690642704
decision_type=2 8 10 8 10 8 2 8 2 10 10 8 2 8
left_child=2 -2 3 -1 11 8 7 -7 -4 -8 -9 -5 -6 -13
right_child=1 -3 5 4 12 6 9 10 -10 -11 -12 13 -14 -15
leaf_value=-0.01693661721393851 0.0023647869029721322 -0.0096858644221139781 0.00089418290599487459 -0.0029894861615367596 -0.0029894861615367596 0.0024233578463437586 0.0083757764543485186 0.0043253155414869774 0.0024233578463437586 0.01981316497565325 0.0083757764543485186 0.00089418290599487459 -0.0083935379586302025 -0.0010476516277709426
leaf_weight=7.2630761335603884 19.074765296652913 29.979640948586166 384.82465988351032 35.311003893613815 18.046747334301472 187.48277739202604 11.473402492702009 114.42030402738601 110.64986760448664 14.807377699762581 76.808688229415566 294.89222024381161 32.744758372195065 170.50509959086776
leaf_count=61 146 364 3116 256 206 1585 86 974 903 137 558 3295 647 1467
internal_value=0.000933649 -0.00521468 0.00115744 -0.000220794 0.000149541 0.00200916 0.00395253 0.00311127 0.000894183 0.0136403 0.00622727 0.000894183 -0.00687316 0.000894183
internal_weight=1508.28 49.0544 1459.23 558.763 551.5 900.467 404.993 378.712 495.475 26.2808 191.229 500.708 50.7915 465.397
internal_count=13801 510 13291 5932 5871 7359 3340 3117 4019 223 1532 5018 853 4762
is_linear=0
shrinkage=0.03


Tree=306
num_leaves=15
num_cat=0
split_feature=11 0 12 28 16 23 25 28 22 18 25 20 6 23
split_gain=1.72421 1.47771 1.12026 1.2554 5.08048 3.29359 3.03262 1.33114 3.3802 4.28896 3.29391 2.11005 1.33563 1.12877
threshold=4.5848660010509734 -0.8348631728980318 0.041169770642512836 15.500000000000002 6.0037675624386155 0.0063731249338629219 -0.028385085825456621 13.500000000000002 0.0023684098670775249 0.48827384531311341 0.040821994520255263 0.95139612030466447 -0.43846095176540151 0.0016259104977722923
decision_type=2 8 2 2 10 2 8 2 2 8 10 8 2 2
left_child=1 -1 3 6 5 -5 -3 8 9 10 -8 -11 -12 -4
right_child=-2 2 13 4 -6 -7 7 -9 -10 11 12 -13 -14 -15
leaf_value=0.0057364275725822712 0.010384181915766942 0.0020073826640480698 0.0020073826640480698 -0.011082481553011145 0.0020073826640480698 -0.0022879254204557866 -0.003411629090226269 0.00099348777286141564 0.00099348777286141564 -0.003411629090226269 -0.0073255078137084532 -0.00035144143668714594 -0.01367164185716194 0.0033367465383710056
leaf_weight=28.286378233227879 13.262755815871058 236.76908906782046 46.985599748790264 55.88392760977149 50.374733794480562 32.267556299455464 77.050049032084644 79.157715158071369 167.99253128934652 32.406631611287594 6.3015776444226494 547.06513229059055 57.78977037826553 75.016454507596791
leaf_count=317 100 2280 272 786 365 252 643 733 1374 233 58 5301 650 433
internal_value=0.00120458 0.00108867 0.000937066 0.000678019 -0.00197993 -0.00658323 0.000990615 -2.04071e-05 -0.000576617 -0.00169637 -0.00628999 -0.00053327 -0.0112394 0.00333675
internal_weight=1506.61 1493.35 1465.06 1343.06 138.526 88.1515 1204.53 967.763 888.606 720.613 141.141 579.472 64.0913 122.002
internal_count=13797 13697 13380 12675 1403 1038 11272 8992 8259 6885 1351 5534 708 705
is_linear=0
shrinkage=0.03


Tree=307
num_leaves=15
num_cat=0
split_feature=7 23 28 2 28 13 18 14 3 14 1 13 24 22
split_gain=2.40173 3.27874 3.03729 4.60602 6.77862 2.5055 2.43798 3.13937 2.76228 2.40688 2.25787 2.39915 2.18044 1.40432
threshold=inf 1.5393133537202297 5.5000000000000009 0.1125730994152047 13.500000000000002 -39.768424534071293 0.99999855756485645 0.00032212327545506897 0.2603364382402365 0.15471413947376858 -11.96427202584149 0.18915919558263541 -1.4601815218188403 0.0025732762167335632
decision_type=8 2 2 2 2 10 8 2 8 2 10 8 10 2
left_child=2 10 6 -4 12 -6 9 8 -8 -1 -2 13 -5 -12
right_child=1 -3 3 4 5 -7 7 -9 -10 -11 11 -13 -14 -15
leaf_value=5.1012771606521419e-05 -0.0017534583034155813 5.1012771606521419e-05 5.1012771606521419e-05 0.002797825523139967 0.0029370139627523579 0.017933591255895533 0.011336165410362959 0.017794457090711906 0.0042414983673314272 0.0042414983673314272 -0.014492759759822211 -0.0036532973323445857 0.016087857497409607 -0.0072550646871403397
leaf_weight=58.391198173165321 75.638735126703978 74.007070116698742 820.17732774163596 86.40616892836988 16.136172614991665 36.886262396816164 42.769357319921255 18.054402163252234 49.255061245523393 21.702832260169089 38.308216271921992 147.97289240173995 9.6088056587614101 13.85780002363026
leaf_count=521 608 448 8027 601 109 257 374 109 668 116 326 1447 86 94
internal_value=0.000805486 -0.00135974 0.00146176 0.00076985 0.00554464 0.0140161 0.00487803 0.00767746 0.00487787 0.000805533 -0.00355793 -0.00555314 0.00279783 -0.0108568
internal_weight=1509.17 349.785 1159.39 969.215 149.037 53.0224 190.173 110.079 92.0244 80.094 275.778 200.139 96.015 52.166
internal_count=13791 2923 10868 9080 1053 366 1788 1151 1042 637 2475 1867 687 420
is_linear=0
shrinkage=0.03


Tree=308
num_leaves=15
num_cat=0
split_feature=7 23 1 18 14 0 18 16 9 17 22 33 4 21
split_gain=1.83989 3.83774 2.68495 4.41413 1.73311 2.33937 2.13249 1.83978 2.26594 1.51309 0.816317 2.77897 0.774069 0.285375
threshold=1.6424790903710857 0.00026256836396914245 1.62850866816033e-14 0.72359182548857237 0.98677641691313911 6.13062284633006 0.99477500734554736 7.5820104109869524 0.58664625996438236 0.090787873519008008 0.0023052214784381937 56.439988582845729 -0.86082325419610806 0.0013512139525392816
decision_type=8 2 10 8 2 10 8 10 10 2 2 2 10 2
left_child=4 2 -2 12 7 6 -6 9 -9 -1 11 -5 13 -4
right_child=1 -3 3 10 5 -7 -8 8 -10 -11 -12 -13 -14 -15
leaf_value=0.00021025985484280732 -0.0014719053593745934 0.00021025985484280732 -0.011266154598718518 -0.0046086126232524833 0.009220852842261467 0.0044000082461048244 0.021355206862477528 0.001965201018482696 0.0044000082461048244 0.001965201018482696 -0.0033484337857270312 -0.0076125501246860922 -0.017111441383345416 -0.0076125501246860922
leaf_weight=654.68140995851718 117.3002249430865 185.50645805522799 36.387250537518412 46.368648232892156 7.716731349937624 8.0492869615554792 15.352124053984879 99.648283777758479 96.86737657058984 83.507792668417096 43.764461828395724 87.743140000384301 19.421611859928817 6.4528428111225358
leaf_count=6787 942 1205 372 404 69 42 122 676 669 576 417 1250 218 55
internal_value=0.00051478 -0.000877337 -0.00315407 -0.00522496 0.00129786 0.00775734 0.0140417 0.00104268 0.00358375 0.00034665 -0.00334843 -0.00586879 -0.0118767 -0.00796311
internal_weight=1508.77 542.945 357.438 240.138 965.823 31.1181 23.0689 934.705 196.516 738.189 177.876 134.112 62.2617 42.8401
internal_count=13804 4863 3658 2716 8941 233 191 8708 1345 7363 2071 1654 645 427
is_linear=0
shrinkage=0.03


Tree=309
num_leaves=15
num_cat=0
split_feature=11 9 23 2 16 18 9 16 21 1 25 4 23 32
split_gain=2.82524 4.02826 2.99126 3.20893 2.26693 3.76219 2.41549 2.18588 2.07955 2.0586 1.97067 1.52903 1.05894 0.268979
threshold=0.9115050812254285 0.12181696072447191 1.48846164877547 0.20871212121212124 6.7813821821956131 0.1147246582595793 0.10947358442617741 39.292982929228003 0.00024743494774526073 2.6197995589884404 inf -0.68538585651718109 0.075610613292874357 36.651809728732815
decision_type=2 10 2 2 8 8 8 8 2 10 8 10 2 2
left_child=2 -2 3 4 5 12 -6 -3 13 10 -7 -11 -1 -4
right_child=1 7 8 -5 6 9 -8 -9 -10 11 -12 -13 -14 -15
leaf_value=-0.015176900509632512 0.0038849516177622881 0.009013574291743565 0.0027909248471449529 0.0016968980765276176 -0.0012616128284636779 -0.0012616128284636779 0.00037952856317180386 0.020933047068605576 0.0038849516177622881 -0.0038500604712961586 -0.0038500604712961586 -0.0068249023957141514 -0.0068249023957141514 0.0016968980765276176
leaf_weight=25.383010431192819 9.0084774848073703 17.053248745854948 22.304281087592244 142.88558467337862 83.392660513520241 266.99239828856662 608.77434853697196 19.376266859471794 50.458452033810318 24.244479964487255 58.608460802584887 44.015848260140046 6.1343935579061499 124.22883853130043
leaf_count=386 55 104 152 1063 894 2337 6293 114 315 245 456 456 44 861
internal_value=0.000515745 0.00749669 0.000273213 -0.000268906 -0.000937841 -0.00264757 0.000124342 0.0141422 0.0036627 -0.00176904 -0.00126161 -0.00643851 -0.0118808 0.0016969
internal_weight=1502.86 45.438 1457.42 1260.43 1117.55 425.379 692.167 36.4295 196.992 393.861 325.601 68.2603 31.5174 146.533
internal_count=13775 273 13502 12174 11111 3924 7187 218 1328 3494 2793 701 430 1013
is_linear=0
shrinkage=0.03


Tree=310
num_leaves=15
num_cat=0
split_feature=1 12 23 28 18 17 22 28 25 16 4 16 25 28
split_gain=4.32517 2.07917 4.62315 1.41543 2.47097 1.90739 1.84925 1.40449 2.27083 2.64225 1.91643 1.86734 1.43139 2.33764
threshold=-1.4253735324078141 0.042544464893621646 0.013863126021198871 5.5000000000000009 0.22474878180057459 0.0035901867411627557 0.16021219073730969 7.5000000000000009 -0.31015492830383956 135.7999683932367 -0.504469141975877 -10.814202251021841 0.0051226663315864238 14.500000000000002
decision_type=8 2 2 2 8 2 2 2 10 8 10 8 10 2
left_child=-1 3 -3 4 5 -2 7 8 -5 10 -10 -9 -13 -14
right_child=1 2 -4 6 -6 -7 -8 11 9 -11 -12 12 13 -15
leaf_value=0.012215745081167111 -0.013431169640088138 0.0019816327452729151 0.006289480479583439 0.00042533079373388555 0.0018489561331275657 -0.0021798492808524097 0.0019816327452729151 -0.010536453061377951 -0.0056712762342029151 -0.0024251144715584055 -0.013060183527533955 0.00042533079373388555 -0.0041577573687363346 -0.00071988019846583133
leaf_weight=23.247233939357102 13.501826120540498 60.111356272362173 67.37056090310216 14.731566629372535 467.35036189900711 18.573268396779895 36.094408782199025 11.351029759040101 34.091470783576369 59.836981238331646 45.951544556999579 353.65609365515411 207.23455771477893 94.229576339479536
leaf_count=269 141 339 398 149 4153 149 375 112 310 689 396 3335 2088 941
internal_value=0.000585797 0.000363216 0.00395041 1.28532e-05 0.00127505 -0.00620865 -0.000725683 -0.00113097 -0.00366005 -0.00527556 -0.00891744 -0.000521377 -0.000269357 -0.00186509
internal_weight=1507.33 1484.08 127.482 1356.6 499.425 32.0751 857.177 821.083 154.612 139.88 80.043 666.471 655.12 301.464
internal_count=13844 13575 737 12838 4443 290 8395 8020 1544 1395 706 6476 6364 3029
is_linear=0
shrinkage=0.03


Tree=311
num_leaves=15
num_cat=0
split_feature=13 18 0 22 20 14 24 22 9 17 25 26 12 0
split_gain=1.8353 4.22425 2.92488 2.02308 1.91644 1.69397 1.13762 2.09113 1.1849 2.2264 0.732955 0.699238 0.527733 0.319359
threshold=-30.956889671101873 0.20230355399977604 9.4550220432941092 0.00077463942867149027 0.52623161005586294 1.3720874214476551 -0.00034912684987796553 0.00022220852998767161 0.69592550288299604 0.043000352474237835 -0.36772478012531734 2.9986762963902809 1.0000000180025095e-35 -0.8348631728980318
decision_type=10 8 10 2 8 2 10 2 8 2 10 8 2 10
left_child=1 -1 4 -4 12 6 8 -8 10 -10 -2 -6 -3 -13
right_child=5 2 3 -5 11 -7 7 -9 9 -11 -12 13 -14 -15
leaf_value=-0.017827487544865319 0.0011877350358928604 -0.0034355991598493526 -0.0091388922716118433 -0.0034355991598493526 0.00023176346614592455 0.011016329294075984 0.0031536980435808676 0.0060752010333345544 0.0011877350358928604 0.0031536980435808676 0.00023176346614592455 -0.00068507719035289488 -0.0016019178468517142 -0.0016019178468517142
leaf_weight=7.8883522886317214 57.580061106942594 27.075418245047331 29.475392254302278 19.36337570194155 286.92369047645479 10.966975967399774 13.692943751811979 33.75068795774132 272.42860704963095 113.88281249906868 436.20668636518531 58.370617222040892 10.159577459096907 130.62844937201589
leaf_count=63 422 228 629 258 3247 109 105 237 2457 756 3609 449 48 1234
internal_value=0.000494507 -0.000843793 -0.000450297 -0.00710296 0.000231763 0.00130732 0.00113407 0.00543454 0.000872856 0.00214371 0.000231763 0.000231763 -0.0034356 -0.00160192
internal_weight=1508.39 569.885 561.997 48.8388 513.158 938.509 927.542 47.4436 880.098 386.311 493.787 475.923 37.235 188.999
internal_count=13851 6156 6093 887 5206 7695 7586 342 7244 3213 4031 4930 276 1683
is_linear=0
shrinkage=0.03


Tree=312
num_leaves=14
num_cat=0
split_feature=27 20 17 18 16 0 18 24 34 9 16 25 28
split_gain=1.48701 1.88529 1.48812 1.37055 1.2316 3.04471 2.60383 1.45408 0.966978 0.936606 0.506683 0.255404 0.23951
threshold=2.8182868624813762 0.90780002431892515 0.99980976180683312 0.44463219148555688 -0.0097445896518658266 6.13062284633006 0.3940885148134245 0.19640973220583671 19.155844155844161 0.37715471266896822 13.280438346128676 -0.025808958508299448 9.5000000000000018
decision_type=10 10 2 8 10 10 8 8 2 8 8 10 2
left_child=1 2 4 -2 5 7 -6 -1 -3 -8 -4 -9 -13
right_child=3 8 10 -5 6 -7 9 11 -10 -11 -12 12 -14
leaf_value=-0.0019722614465993767 -0.016125484365740839 0.015891804437116443 0.0024009972339926792 -0.0039904824030144049 0.00016347503657011494 -0.0039904824030144049 0.0012822361352813972 0.00016347503657011494 0.0046815280579131421 0.0024009972339926792 0.0046815280579131421 -0.00036239379704100749 -0.00090439320501463089
leaf_weight=41.238435357809067 6.2164923886302832 6.2246710138861117 11.811056643724442 6.3055134247988471 224.78282435424626 86.654625021386892 190.80369713157415 320.77532354835421 10.950692949816583 272.49167100246996 16.791593642905354 182.15933069842868 129.82045401120558
leaf_count=286 86 125 89 44 1899 1365 1480 2895 148 2060 129 1863 1339
internal_value=0.000304939 0.000405483 0.000274213 -0.00838645 0.000120466 -0.00070934 0.00103629 4.59595e-05 0.00908884 0.002401 0.00468153 0.000163475 -0.000888263
internal_weight=1507.03 1494.5 1477.33 12.522 1448.73 760.648 688.078 673.994 17.1754 463.295 28.6027 632.755 311.98
internal_count=13808 13678 13405 130 13187 7748 5439 6383 273 3540 218 6097 3202
is_linear=0
shrinkage=0.03


Tree=313
num_leaves=15
num_cat=0
split_feature=12 1 23 9 27 22 3 13 1 17 13 25 0 23
split_gain=1.22866 6.14163 5.48257 1.19283 2.33313 2.12024 4.18171 1.21066 1.18938 1.08115 0.438154 0.237939 0.271944 0.182462
threshold=0.044375418204102117 0.27341283059803628 0.011208186893535569 inf 2.7803408155077638 0.0014067332304371881 -0.107476787000178 -27.737593842472673 0.48991432177669231 0.0056953728446032291 0.15979778695965161 0.43040964246556218 0.055895847562792707 0.0055001716083387777
decision_type=2 10 2 8 8 2 10 10 10 2 10 10 10 2
left_child=3 2 -2 4 7 6 -6 8 -1 -8 13 -9 -13 -5
right_child=1 -3 -4 10 5 -7 9 11 -10 -11 -12 12 -14 -15
leaf_value=0.00070439855118495278 0.0074303170511637083 0.0026970637920935678 0.020387925030185175 0.0017292718079463646 -0.0035996486194278809 -0.0009930519134787358 -0.015712853548095408 0.0017292718079463646 -0.0009930519134787358 -0.0081361187166315244 0.0026970637920935678 0.0012168351795656589 0.00070439855118495278 0.0022131678000199663
leaf_weight=212.00737097021192 25.72318503446877 66.564857575111091 34.771954345982522 146.01810611784458 37.872917978093028 28.257014950737357 37.108490966260433 543.40099422074854 111.33964994503185 11.988977720960973 19.565740756690502 31.681004935177043 137.87891494622454 71.13079144153744
leaf_count=1985 156 361 232 1409 294 219 422 4559 2014 103 117 254 1290 445
internal_value=0.00144421 0.00421802 0.0121636 0.0011761 0.00076148 -0.00320148 -0.00620625 0.00121538 -0.000320475 -0.0126726 0.00269706 0.00172927 0.000704399 0.00172927
internal_weight=1515.31 127.06 60.4951 1388.25 1151.54 115.227 86.9704 1036.31 323.347 49.0975 236.715 712.961 169.56 217.149
internal_count=13860 749 388 13111 11140 1038 819 10102 3999 525 1971 6103 1544 1854
is_linear=0
shrinkage=0.03


Tree=314
num_leaves=15
num_cat=0
split_feature=11 13 24 23 18 3 22 4 1 28 9 17 28 9
split_gain=2.27028 2.23984 1.69715 2.05098 1.66645 3.51385 3.07671 2.24348 2.33849 2.02459 1.37345 1.19582 0.45944 0.416991
threshold=4.5848660010509734 37.037960520847058 -1.0512471108195622 4.2448824175363251 0.71925165519133183 -0.04223466361481084 0.00022809343045739731 -0.060762454736248528 2.2500792584915335 11.500000000000002 0.43056320552782962 1.4735296966840301e-05 15.500000000000002 0.011007817807598849
decision_type=2 10 10 2 8 10 2 10 10 2 10 2 2 10
left_child=1 2 3 4 5 -1 7 -7 -9 13 -3 -4 -8 -6
right_child=-2 10 11 -5 9 6 12 8 -10 -11 -12 -13 -14 -15
leaf_value=-0.0015180800284223851 0.011082016211343989 0.0026082850467234078 0.0010101033783599233 0.0010101033783599233 -0.0015180800284223851 -0.0059088071850182224 -0.0032676784820991856 -0.0092310375731297859 -0.02270884987226485 -0.0015180800284223851 0.005506163418356756 0.0026082850467234078 -0.0059088071850182224 -4.2248918220328459e-05
leaf_weight=80.207809361629188 11.613225701730697 14.060763373970984 59.198123753070831 149.61753660067916 237.82778960186988 63.615660281851888 138.24283432634547 52.707734632538632 13.242589566856621 193.47908726939932 32.41901270346716 45.176387511659414 31.743311240337789 374.5599615466781
leaf_count=637 86 102 474 994 2206 624 1114 560 183 2048 225 319 258 3867
internal_value=5.33664e-05 -6.96894e-05 -0.000289593 -0.000588078 -0.0010946 -0.00271918 -0.00501728 -0.00854994 -0.0125533 -0.000316983 0.00550616 0.00260829 -0.00326768 -4.22489e-05
internal_weight=1497.71 1486.1 1439.62 1335.24 1185.63 379.76 299.552 129.566 65.9503 805.867 46.4798 104.375 169.986 612.388
internal_count=13697 13611 13284 12491 11497 3376 2739 1367 743 8121 327 793 1372 6073
is_linear=0
shrinkage=0.03


Tree=315
num_leaves=15
num_cat=0
split_feature=25 28 1 4 1 16 16 22 13 16 27 28 22 28
split_gain=1.30698 6.47511 2.96476 2.62378 4.13087 2.61798 2.29356 4.47589 1.34908 1.18005 0.823845 0.752654 0.348282 0.178351
threshold=-0.2478361639045816 10.500000000000002 23.984732185223439 -0.61404208308523278 11.178729971845524 -10.013361348762695 93.91033207475958 0.00025961369831522266 -8.4016969854005961 0.16117777857473983 0.11078684613954472 14.500000000000002 0.0023684098670775249 6.5000000000000009
decision_type=8 2 10 10 10 10 8 2 10 8 10 2 2 2
left_child=1 2 9 8 6 13 7 11 12 -1 -7 -5 -2 -6
right_child=3 -3 -4 4 5 10 -8 -9 -10 -11 -12 -13 -14 -15
leaf_value=0.0085883168031169466 0.00058741219498127564 0.0019912688100213148 0.0019912688100213148 -0.0042587063509816839 -0.0098220230409379484 -0.0042587063509816839 0.00058741219498127564 -0.00060380125671362177 0.0019912688100213148 0.018040457938806181 -0.0098220230409379484 -0.0024312538038476529 0.0012893405025012953 -0.018051188569288487
leaf_weight=10.08711637184024 231.63862719712779 78.070492813363671 9.2590067628771049 130.93164103012532 5.6505021909251836 16.455359730636705 287.04541799612343 238.98006538348272 345.08477553236298 35.806631576269865 13.548926605377345 46.327476868405938 42.753860796801746 17.240743241505697
leaf_count=75 2194 755 122 1202 124 135 3074 1805 2715 351 132 449 362 368
internal_value=0.00074083 0.00352292 0.0121204 0.000459622 -0.000724719 -0.00842743 -8.99795e-05 -0.00179501 0.00189954 0.0151854 -0.00425871 -0.00425871 0.000587412 -0.0153853
internal_weight=1508.88 133.223 55.1528 1375.66 756.18 52.8955 703.285 416.239 619.477 45.8937 30.0043 177.259 274.392 22.8912
internal_count=13863 1303 548 12560 7289 759 6530 3456 5271 426 267 1651 2556 492
is_linear=0
shrinkage=0.03


Tree=316
num_leaves=15
num_cat=0
split_feature=11 4 28 27 25 28 13 3 9 18 7 24 28 25
split_gain=2.73512 4.81889 3.58506 1.46643 1.28039 1.63982 3.85702 2.97775 2.79657 1.94523 1.68093 1.3814 1.30261 1.19403
threshold=0.071778837733983067 -0.047526779249513949 8.5000000000000018 2.8182868624813762 -0.2478361639045816 11.500000000000002 -0.26615312509283406 0.0052986484641663533 0.011007817807598849 0.3940885148134245 -0.85172801272313758 -1.0512471108195622 13.500000000000002 0.10008345855698254
decision_type=2 10 2 10 8 2 8 10 8 10 10 10 2 8
left_child=3 2 -2 4 12 6 -6 -7 -8 13 -9 -12 -1 -10
right_child=1 -3 -4 -5 5 7 8 10 9 -11 11 -13 -14 -15
leaf_value=0.0025799991688001795 0.020670091398129864 0.0025799991688001795 0.0078164138841378614 -0.0093679057181108236 -0.0046252576102551032 0.0012027995264648082 -0.0024199035699051493 -0.00039956429776181828 0.00016864320381317451 0.0012027995264648082 -0.0046252576102551032 -0.0019147754793456206 0.0012027995264648082 -0.0008655131188384593
leaf_weight=81.944979100488126 23.988280324265361 54.627360477577895 16.865867204032838 9.8228654738049936 66.697564978851005 108.37488851789385 159.26646523503587 26.362709934823215 85.603010802064091 240.41293444111943 206.91023998102173 27.108405204489827 45.461223882623017 360.68347270623781
leaf_count=827 138 312 104 110 647 801 1403 237 945 1812 2177 198 435 3707
internal_value=0.00035789 0.00514096 0.0130528 1.9043e-05 0.00011739 -0.0001744 -0.000864803 0.0012028 -0.00021455 0.000688877 -0.00200193 -0.00342999 0.00258 -0.000865513
internal_weight=1514.13 95.4815 40.8541 1418.65 1408.83 1281.42 912.663 368.756 845.966 686.699 260.381 234.019 127.406 446.286
internal_count=13853 554 242 13299 13189 11927 8514 3413 7867 6464 2612 2375 1262 4652
is_linear=0
shrinkage=0.03


Tree=317
num_leaves=14
num_cat=0
split_feature=24 20 1 32 14 28 16 3 32 22 35 4 0
split_gain=1.7509 1.75806 1.09919 5.01611 1.54668 1.75895 2.82233 2.81794 1.97626 0.831351 0.713956 0.693783 0.38871
threshold=0.29393071422107381 0.96728788207662453 23.984732185223439 54.100095708487316 0.45503683561911862 11.500000000000002 102.94642255387403 -0.015673484841678683 48.488923663748842 0.13095837906641375 79.79520479520481 -0.0064219400604014791 0.62591620707229401
decision_type=10 10 10 2 2 2 8 10 2 2 8 10 10
left_child=1 2 4 11 5 6 -1 -7 -8 -9 -6 -4 -5
right_child=-2 -3 3 12 10 7 8 9 -10 -11 -12 -13 -14
leaf_value=-0.0011429413576829633 0.010408025917433549 0.0053238660478465262 -0.0011429413576829633 -0.007211667311207288 0.002715092608392141 0.0013811870401621898 0.0013811870401621898 -0.0011429413576829633 7.6929285264297245e-05 0.00011912284123961329 0.0013811870401621898 -0.007211667311207288 -0.015253630120160087
leaf_weight=426.60220023128204 10.403049717657266 12.369988818885757 69.261496257502586 4.5689916834235218 69.027985686436296 83.279429242946208 71.824209997430444 307.37778008822352 378.25785539904609 7.9768872037529936 21.854672083631158 19.324510267004371 22.947156613692641
leaf_count=3520 73 220 709 57 488 569 398 2913 3997 66 144 249 460
internal_value=0.000344219 0.000239706 0.000106319 -0.00263382 0.000347936 4.72815e-05 -0.000714065 0.00138119 0.0012968 -0.00114294 0.00271509 -0.00114294 -0.0132804
internal_weight=1505.08 1494.67 1482.3 116.102 1366.2 1275.32 876.684 398.634 450.082 315.355 90.8827 88.586 27.5161
internal_count=13863 13790 13570 1475 12095 11463 7915 3548 4395 2979 632 958 517
is_linear=0
shrinkage=0.03


Tree=318
num_leaves=15
num_cat=0
split_feature=11 2 22 4 27 16 7 13 17 16 1 27 17 13
split_gain=2.08653 1.68991 1.05736 1.13446 1.6587 4.25367 1.51143 1.15172 0.736615 0.729181 0.519972 0.440523 0.316841 0.549564
threshold=4.5848660010509734 0.56421789105447284 0.16021219073730969 -0.98328589779672482 0.87687917552472072 2.3534535943472936 1.8542877811655949 -7.485864928356329 0.037268961743943015 -1.0000000180025095e-35 0.016195339078885582 0.69314718055994562 0.020920327281740096 34.5299733589327
decision_type=2 2 2 10 10 8 10 10 2 10 10 8 2 8
left_child=1 2 3 7 6 8 12 -1 -6 -4 -8 -3 13 -5
right_child=-2 11 9 4 5 -7 10 -9 -10 -11 -12 -13 -14 -15
leaf_value=2.2687949680920466e-05 0.010388902768224611 0.0052972233444361898 0.0012580430285533105 -0.0012529962537137557 -0.015168230172728435 -0.0025286804571084316 -0.0012529962537137557 0.0012580430285533105 -0.0074082810753013555 0.0026667115312469041 -0.0025286804571084316 0.0026667115312469041 2.2687949680920466e-05 -0.00036791277469049629
leaf_weight=239.56906831264496 13.335850852541624 21.790465140715241 43.930511277168989 224.4414287796244 28.333200463792309 45.953906632959843 13.23491275962442 317.79426003526896 11.598739186301826 19.079614019021392 67.212181382346898 12.952158033847807 185.5856397440657 259.57764305034652
leaf_count=2251 101 215 472 2098 285 367 116 2487 92 142 788 113 1296 2977
internal_value=0.000329931 0.000205544 3.61997e-05 -0.000150625 -0.000847664 -0.00467615 -0.000381215 0.00089304 -0.0122879 0.00266671 -0.00252868 0.00529722 2.26879e-05 -0.000758513
internal_weight=1504.39 1491.05 1456.31 1393.3 835.938 85.8858 750.052 557.363 39.9319 63.0101 80.4471 34.7426 669.605 484.019
internal_count=13800 13699 13371 12757 8019 744 7275 4738 377 614 904 328 6371 5075
is_linear=0
shrinkage=0.03


Tree=319
num_leaves=15
num_cat=0
split_feature=3 13 28 27 27 24 20 35 13 23 3 4 13 9
split_gain=2.53363 2.50429 2.8918 2.23775 1.5931 1.47993 1.57631 1.2923 1.49515 2.18844 2.68175 1.14355 1.44417 1.33794
threshold=-0.63111392298424607 37.037960520847058 5.5000000000000009 -0.26174353192345839 0.81333985943430354 -1.0512471108195622 0.57933127035052656 94.996669996670008 0.15979778695965161 0.015594272966016122 1.6941470186605069e-16 -0.98328589779672482 34.5299733589327 0.74218858918038977
decision_type=8 10 2 10 8 10 8 8 10 2 10 10 8 10
left_child=4 2 7 -4 -1 6 -5 -2 9 10 -9 -8 13 -13
right_child=1 -3 3 5 -6 -7 11 8 -10 -11 -12 12 -14 -15
leaf_value=0.012636188662346526 0.0022130090307168459 0.0041698244183083271 0.0022130090307168459 -0.011550859045436188 0.0041698244183083271 0.00046795584287102643 -0.00067231797672039116 -0.0015722950218390573 0.0012758977873326149 0.00011940374301876049 -0.0066341494847599568 -0.005381161220033682 -0.0015291119390332029 -0.0026104198695128316
leaf_weight=24.42168657714501 181.66329531371593 45.635862201452255 65.362083136104047 9.7939004302024824 15.0414926931262 85.563178556039929 163.16714647063054 90.280981317162514 34.158209793269634 101.23108238354325 112.93692380562425 212.53381828055717 196.9945303730201 151.75910079525784
leaf_count=255 1715 319 616 64 138 649 1443 679 213 639 1328 1868 2444 1352
internal_value=0.000750724 0.000532675 0.000256194 -0.000786406 0.00780697 -0.0012771 -0.00181259 0.00202064 0.000338787 -0.00103709 -0.00326399 -0.00160267 -0.00238591 -0.00369173
internal_weight=1490.54 1451.08 1405.44 885.174 39.4632 819.812 734.248 520.27 338.607 304.449 203.218 724.455 561.287 364.293
internal_count=13722 13329 13010 8436 393 7820 7171 4574 2859 2646 2007 7107 5664 3220
is_linear=0
shrinkage=0.03


Tree=320
num_leaves=15
num_cat=0
split_feature=2 16 13 18 1 9 4 18 27 6 3 25 23 3
split_gain=1.34327 2.79584 0.991383 4.55841 1.69851 2.89099 1.54064 2.02293 0.8774 0.8737 0.659338 0.418511 0.172419 0.150875
threshold=0.52232142857142871 -64.18727868498199 -13.835970825315512 0.20578973944160686 0.56374891633094515 0.29403968940138259 -0.61404208308523278 0.23082792317126699 -0.26174353192345839 0.46771623732504602 -0.46872368621525035 0.069092364075082027 0.013863126021198871 9.3961924739358533
decision_type=2 10 10 8 10 8 10 10 10 2 10 8 2 10
left_child=2 11 3 -1 12 -6 7 -4 -8 13 -3 -2 -5 -7
right_child=1 10 6 4 5 9 8 -9 -10 -11 -12 -13 -14 -15
leaf_value=-0.017068507821090591 0.0093224981516260921 0.021163779745683182 0.001373442073059609 -0.0011834915041585045 -0.0086113913376060485 -0.0011834915041585045 0.001373442073059609 0.0031325907692893438 0.00020439897797479024 -0.0048974414208822759 0.0093224981516260921 0.0031325907692893438 0.00020439897797479024 -0.00304046646252039
leaf_weight=9.724821877665816 6.373912565410139 7.4597376547753811 114.09151384420693 221.84614078421146 17.601976860780269 136.1551423612982 51.794231381267309 241.04733987059444 500.14318335289136 15.612203823169692 6.3085215277969819 16.267839411273599 128.32892733346671 33.37216371903196
leaf_count=115 66 93 979 2120 332 1834 419 1804 4189 308 41 142 844 532
internal_value=0.000543176 0.00587352 0.000391658 -0.000594395 -0.000154275 -0.00257138 0.00100319 0.00254249 0.000204399 -0.00118349 0.0155124 0.00313259 0.000204399 -0.00118349
internal_weight=1506.13 36.41 1469.72 562.641 552.917 202.741 907.076 355.139 551.937 185.14 13.7683 22.6418 350.175 169.527
internal_count=13818 342 13476 6085 5970 3006 7391 2783 4608 2674 134 208 2964 2366
is_linear=0
shrinkage=0.03


Tree=321
num_leaves=15
num_cat=0
split_feature=14 22 28 3 22 28 16 8 22 13 9 28 22 2
split_gain=1.28282 2.3382 1.34269 2.81177 1.62154 1.14732 4.67758 2.5529 6.36646 5.07027 3.2797 2.48374 2.0583 1.96678
threshold=1.3720874214476551 3.3121435302865243e-05 17.500000000000004 0.041814936867645008 0.0023684098670775249 14.500000000000002 -22.78953264225413 0.014873105448209857 0.00048305627851597416 36.09555338298896 0.93168980699816872 11.500000000000002 0.0028948845337478093 0.17403846153846156
decision_type=2 2 2 8 2 2 10 10 2 8 10 2 2 2
left_child=2 -2 5 -4 -5 7 13 11 9 10 -9 12 -1 -7
right_child=1 -3 3 4 -6 6 -8 8 -10 -11 -12 -13 -14 -15
leaf_value=0.00031760746715603415 0.0041373431917748954 0.017285093446988618 0.0041373431917748954 -0.01273824235391121 -0.0022843163701103644 -0.0077132963175131596 0.0041373431917748954 -0.013043596703574559 0.00031760746715603415 -0.0024964609424574292 -0.0059931675557737896 0.0041373431917748954 0.0041373431917748954 -0.00015452517716176047
leaf_weight=615.92667418532073 15.571583517827095 9.3812943529337627 16.098500078544021 21.962943384889517 8.4696038207039219 45.24949431233108 124.77869661897421 89.372309159487486 201.68570348154753 80.126347885699943 33.197153184562922 116.57911578100175 123.97237121267244 9.5101940892636758
leaf_count=5645 123 90 119 274 86 557 1025 908 1605 982 348 1014 1030 67
internal_value=0.00112103 0.00728108 0.000993604 -0.00377787 -0.00870598 0.00116028 0.00337333 0.000833075 -0.00112218 -0.00531053 -0.00948987 0.00175739 0.00102825 -0.00444639
internal_weight=1511.88 24.9529 1486.93 46.531 30.4325 1440.4 179.538 1260.86 404.382 202.696 122.569 856.478 739.899 54.7597
internal_count=13873 213 13660 479 360 13181 1649 11532 3843 2238 1256 7689 6675 624
is_linear=0
shrinkage=0.03


Tree=322
num_leaves=15
num_cat=0
split_feature=28 3 9 20 16 19 3 11 33 9 16 28 25 0
split_gain=1.70804 4.41853 2.24799 2.06237 1.62019 1.32371 0.9198 0.802218 0.949422 3.12182 1.49891 2.03923 4.02179 2.34931
threshold=16.500000000000004 0.03694383081699109 0.40210014918728443 0.98781844079097103 -42.920147969705241 2.7039712011208361 5.9689086062301906e-17 4.8628625472887785 36.951936951936958 0.38611314966082777 -0.0097445896518658266 8.5000000000000018 0.0051226663315864238 0.03087104600782101
decision_type=2 8 10 10 10 8 10 2 2 10 10 2 10 10
left_child=3 4 -3 7 -2 -4 -6 8 9 -1 11 -10 -13 -14
right_child=1 2 5 -5 6 -7 -8 -9 10 -11 -12 12 13 -15
leaf_value=0.0015143075334403877 -0.00072416190930241165 -0.013676121041626311 -0.00072416190930241165 0.012114683133558814 0.015080472714332759 -0.008132114427188428 0.0047378562870374116 0.0065169867616176385 0.00054501529457532348 0.0036762305028366603 0.0015143075334403877 0.00054501529457532348 -0.0031141075954489298 -0.0098116191617216072
leaf_weight=86.253175422549248 13.274533138610421 23.674243237823248 41.078978440258652 10.013042438309638 10.752689797896894 4.7931645852513602 9.2192711867392045 11.701425241306422 460.02776097436436 147.50340253487229 450.23938264627941 118.09838140336797 31.79099871776998 77.260224391240627
leaf_count=559 108 262 452 178 73 67 67 81 4544 1016 3791 1291 268 968
internal_value=0.000764504 -0.00288017 -0.0070267 0.00104281 0.00557838 -0.00258811 0.0101999 0.00091929 0.000835474 0.00255647 0.000472142 -0.000424277 -0.00272812 -0.00677323
internal_weight=1495.68 102.793 69.5464 1392.89 33.2465 45.8721 19.972 1382.87 1371.17 233.757 1137.42 687.177 227.15 109.051
internal_count=13725 1029 781 12696 248 519 140 12518 12437 1575 10862 7071 2527 1236
is_linear=0
shrinkage=0.03


Tree=323
num_leaves=15
num_cat=0
split_feature=14 34 18 12 16 20 26 13 26 7 9 27 4 0
split_gain=3.05333 5.23822 7.3001 2.91331 1.89137 5.87878 3.38051 1.60147 2.29457 1.31447 1.26301 1.16817 1.07534 0.841696
threshold=0.03873646615654823 49.467199467199478 0.9620790278684056 0.042544464893621646 -11.435468104734243 0.41687979200390085 -2.9821296848137444 inf -0.26846893144259359 0.80427290453600453 0.55917947293063575 -0.69314718055994529 -0.42918452679825053 0.5396334072819019
decision_type=2 2 8 2 10 8 10 8 10 10 8 10 10 10
left_child=3 2 11 4 5 6 -1 8 -7 -4 -6 -2 -10 -9
right_child=1 -3 9 -5 10 7 -8 13 12 -11 -12 -13 -14 -15
leaf_value=-0.0077169763593133711 0.010384760008117715 0.0016570089728084152 0.019570981574877164 0.0016570089728084152 -0.00065046783238108361 -0.0023080332034824246 -0.022676081197361656 -0.00065046783238108361 -0.0049662248704232257 0.010384760008117715 0.0005073292646609333 0.0045245929950586128 -0.0077169763593133711 -0.0023080332034824246
leaf_weight=10.512119323015215 11.864917639642952 190.39877759106457 39.34893408883363 103.21335045527667 249.78852446493693 52.24975254572928 16.199313964694738 264.31568783055991 38.881461329758167 14.478203458711503 215.99368198774755 100.58467622241005 43.721264015184715 143.14241273724474
leaf_count=73 66 1152 254 587 2425 419 158 2420 375 94 2077 590 561 2538
internal_value=0.000838146 0.00323932 0.00739218 7.46953e-05 -0.00064235 -0.00180826 -0.01437 -0.00106391 -0.0039656 0.0162449 0.000507329 0.00452459 -0.00762442 -0.000650468
internal_weight=1494.69 356.676 166.277 1138.02 1034.8 569.022 26.7114 542.311 134.852 53.8271 465.782 112.45 82.6027 407.458
internal_count=13789 2156 1004 11633 11046 6544 231 6313 1355 348 4502 656 936 4958
is_linear=0
shrinkage=0.03


Tree=324
num_leaves=15
num_cat=0
split_feature=20 13 12 28 2 34 14 1 28 13 1 1 18 17
split_gain=1.54028 1.78643 1.35263 1.18737 3.20671 1.90917 1.03729 1.03488 1.00762 3.97091 1.72556 1.35421 4.01063 1.87006
threshold=0.93792492401601923 0.42336412941347956 0.45766830044824269 17.500000000000004 0.022474747474747477 36.380286380286385 0.27243223978610498 2.1723573866964432 1.5000000000000002 0.18915919558263541 1.2606030674041888 23.984732185223439 0.81040723345868093 0.3239558848100817
decision_type=10 8 2 2 2 2 2 10 2 8 10 10 10 2
left_child=2 -2 3 8 5 -5 -7 -4 9 10 -1 -10 13 -13
right_child=1 -3 7 4 -6 6 -8 -9 11 -11 -12 12 -14 -15
leaf_value=-0.0028796222559559436 0.0044453252924282413 0.016175799840875086 0.0044453252924282413 -0.0035213984520901629 0.0022735142741506782 -0.017629969124130434 -0.0085754422420826412 0.0022735142741506782 0.00032891084836535168 0.0022735142741506782 -0.016240126469301078 -0.012447890222587694 -0.0015324838059643598 -0.0055119259993988371
leaf_weight=20.374602546915416 6.0588534455746412 9.9585925450082886 53.487948251888156 8.1678355522453767 10.921647127717732 20.204106149729345 4.7486809864640227 12.425266608595846 1151.6455457233824 91.749350197613239 9.0541678797453624 53.675300173228607 32.803449826315045 3.6999050900340071
leaf_count=141 87 179 305 62 74 310 24 68 10424 769 79 882 297 26
internal_value=0.000470518 0.00853643 0.000354224 0.000149936 -0.00443733 -0.00931631 -0.0136295 0.00439709 0.000313839 0.00227351 -0.00803276 4.60438e-05 -0.00339388 -0.00949137
internal_weight=1488.98 16.0174 1472.96 1407.04 44.0423 33.1206 24.9528 65.9132 1363 121.178 29.4288 1241.82 90.1787 57.3752
internal_count=13727 266 13461 13088 470 396 334 373 12618 989 220 11629 1205 908
is_linear=0
shrinkage=0.03


Tree=325
num_leaves=15
num_cat=0
split_feature=20 12 1 28 2 16 28 9 28 18 18 25 4 19
split_gain=1.58606 0.987788 3.58067 1.19339 3.69918 2.07178 1.4983 4.34964 4.31974 3.28916 2.97997 2.78848 1.13869 1.30576
threshold=0.98781844079097103 1.0000000180025095e-35 0.44222951560492907 16.500000000000004 0.013072453861927548 5.9690669738361049 11.500000000000002 0.059156514195529843 5.5000000000000009 0.69328055255980858 0.99744932747548121 0.094484133548043317 -0.19204172059205013 2.0851279071756443
decision_type=10 2 10 2 2 10 2 8 2 10 8 8 10 10
left_child=1 3 -3 6 5 -5 7 8 -1 11 -10 -9 -8 -14
right_child=-2 2 -4 4 -6 -7 12 9 10 -11 -12 -13 13 -15
leaf_value=-0.00124305681109865 0.010355798147673363 0.005670369195475599 0.0020877380533387787 -0.011029422930414253 0.0020877380533387787 -0.0023516118877687383 0.0020877380533387787 0.00085893627954593342 -0.013325514205345237 0.0020877380533387787 -0.0024478076493502287 -0.00124305681109865 0.00042568699323585168 -0.0074575735253802639
leaf_weight=88.277737405151129 11.503620688570662 72.981233139522374 56.935624624602497 37.834189269226044 22.047561891376972 24.821881849318743 114.73206585273147 143.60136954626068 47.914534480310977 209.68101948127151 44.444251137319952 423.09656637883745 185.23936489783227 16.010249128565192
leaf_count=738 210 427 301 568 149 197 971 1529 400 1603 460 4294 1775 188
internal_value=0.00109103 0.00098494 0.00343691 0.000738564 -0.00261322 -0.00679096 0.000970939 0.000332383 -0.00379754 0.00131142 -0.00848556 -0.000369865 0.00208774 -0.000367046
internal_weight=1499.12 1487.62 129.917 1357.7 84.7036 62.6561 1273 957.015 180.637 776.379 92.3588 566.698 315.982 201.25
internal_count=13810 13600 728 12872 914 765 11958 9024 1598 7426 860 5823 2934 1963
is_linear=0
shrinkage=0.03


Tree=326
num_leaves=15
num_cat=0
split_feature=12 23 1 26 18 4 14 4 22 1 23 1 18 25
split_gain=2.21685 6.76815 3.53897 1.18834 0.861532 7.25807 2.10074 1.59163 1.2447 1.22773 0.988157 0.90482 0.787247 0.135549
threshold=0.044375418204102117 0.011208186893535569 0.22185491369092439 1.1316695957534855 0.19813143848702855 1.1125013584551502 0.03873646615654823 -0.98328589779672482 7.515139589318961e-06 -0.16508803239369066 0.008940346143104955 inf inf -0.36772478012531734
decision_type=2 2 10 8 8 8 2 10 2 10 2 8 8 8
left_child=4 -2 3 -3 5 8 7 11 -1 -7 13 -6 -9 -8
right_child=1 2 -4 -5 6 9 10 12 -10 -11 -12 -13 -14 -15
leaf_value=-0.0067683210940558281 0.0025510773181281333 0.024557220722559725 0.0075098176344147224 0.013514984166355283 0.0012924859851510566 -0.0067683210940558281 0.0019217816516395949 -0.00054164381080869576 -0.00054164381080869576 -0.017166924905915523 0.0025510773181281333 0.0003754210871711804 0.0003754210871711804 0.0012924859851510566
leaf_weight=21.290077420417219 58.856406264007092 21.788863849826157 32.215123236179352 8.8055923716165143 221.59489774703979 15.576595980674027 14.592923788353799 266.92093818821013 70.22064068261534 22.940490612760186 59.977931500878185 218.15455062687397 250.78184087248519 209.1379409013316
leaf_count=216 349 149 166 63 2228 128 84 2610 685 243 373 1822 3418 1223
internal_value=0.000828201 0.00462657 0.0124686 0.0195202 0.000475586 -0.00180397 0.000720678 3.38947e-05 -0.000541644 -0.012995 0.00255108 0.00129249 -0.000541644 0.00129249
internal_weight=1492.85 121.666 62.8096 30.5945 1371.19 130.028 1241.16 957.452 91.5107 38.5171 283.709 439.749 517.703 223.731
internal_count=13757 727 378 212 13030 1272 11758 10078 901 371 1680 4050 6028 1307
is_linear=0
shrinkage=0.03


Tree=327
num_leaves=15
num_cat=0
split_feature=11 24 17 23 0 16 16 6 3 13 14 0 6 22
split_gain=2.66481 1.48019 4.36298 1.18705 0.759871 4.09888 1.94811 1.81525 1.05098 0.391071 0.267477 0.291372 0.264741 0.249124
threshold=4.5848660010509734 -1.0512471108195622 0.00015145590430719414 4.2448824175363251 22.432973905552448 0.00056884467310066818 93.91033207475958 -0.99720125643855029 -0.04223466361481084 37.956278136363331 0.03873646615654823 inf 0.023863627032425599 0.0011537709889979356
decision_type=2 10 2 2 10 10 8 2 8 8 2 8 2 2
left_child=1 3 -3 4 6 7 8 -6 -1 -10 11 -5 -8 -9
right_child=-2 2 -4 10 5 -7 12 13 9 -11 -12 -13 -14 -15
leaf_value=-0.00021522033763781082 0.012689957516209176 0.0018618031156432118 0.0065169018688591212 0.0013321036778793053 -0.0055632144778334008 -0.0015290435230599824 0.00080240424011539908 -0.015369315051637709 -0.0015290435230599824 -0.00087213193034889661 0.0018618031156432118 0.00080240424011539908 -0.00021522033763781082 -0.009149591060080722
leaf_weight=54.378769277594984 10.910968556534497 63.757756644394249 43.721073043998331 39.954999117180705 6.031713603064417 24.646903547458351 373.48347481805831 29.449489157181233 505.42215080675669 61.147721659392118 21.054038630798459 89.94897086918354 143.24196883523837 19.18800721783191
leaf_count=382 91 497 326 264 89 168 3882 563 4378 502 139 600 1582 240
internal_value=0.000476719 0.000343846 0.00365204 7.15705e-05 -0.000256995 -0.00300499 -5.31001e-05 -0.00959739 -0.00123284 -0.00152904 0.0018618 0.000802404 0.000802404 -0.012736
internal_weight=1486.34 1475.43 107.479 1367.95 1216.99 79.3161 1137.67 54.6692 620.949 566.57 150.958 129.904 516.725 48.6375
internal_count=13703 13612 823 12789 11786 1060 10726 892 5262 4880 1003 864 5464 803
is_linear=0
shrinkage=0.03


Tree=328
num_leaves=15
num_cat=0
split_feature=20 2 35 4 9 28 3 3 28 28 0 16 13 28
split_gain=2.05574 1.91727 3.93123 1.9408 3.44663 4.42482 2.76454 2.2719 1.34495 1.20389 1.7295 1.15315 0.800681 0.362377
threshold=0.98781844079097103 0.11602564102564104 46.678321678321687 -0.61404208308523278 0.10134501794315072 13.500000000000002 0.021012864220230836 0.08225906876212026 14.500000000000002 10.500000000000002 inf 0.00056884467310066818 1.0000000180025095e-35 14.500000000000002
decision_type=10 2 8 10 10 2 10 10 2 2 8 10 8 2
left_child=1 3 -3 9 6 -6 -5 11 -8 10 -1 -7 -2 -4
right_child=12 2 13 4 5 7 8 -9 -10 -11 -12 -13 -14 -15
leaf_value=0.0021385946051696992 0.0064443143979096137 0.0064443143979096137 0.0021385946051696992 -0.0040029987859542659 0.00075967453490882709 -0.0016216621255227194 -0.018730396045534795 -0.0040029987859542659 -0.0091241516988393463 0.0021385946051696992 0.00075967453490882709 0.00075967453490882709 0.017095930266817657 0.0042914545015396563
leaf_weight=244.07452037977055 3.9515717611648125 63.606983570381999 126.5808994974941 16.03516298905015 463.05891265836544 34.388990213163197 21.839290375821296 144.50217614974827 5.5719420486129811 80.968782153911889 228.86815455183387 22.030922258272767 7.3189929698128253 24.963971455581486
leaf_count=2264 69 440 884 146 4783 293 273 1554 77 671 1849 140 136 167
internal_value=0.00119372 0.00107304 0.00365774 0.000619451 -0.000421757 0.000140832 -0.00814683 -0.00377874 -0.0142453 0.00194111 0.000759675 0.000759675 0.0118156 0.00213859
internal_weight=1487.76 1476.49 215.152 1261.34 707.427 663.981 43.4464 200.922 27.4112 553.911 472.943 56.4199 11.2706 151.545
internal_count=13746 13541 1491 12050 7266 6770 496 1987 350 4784 4113 433 205 1051
is_linear=0
shrinkage=0.03


Tree=329
num_leaves=15
num_cat=0
split_feature=18 22 0 28 20 17 32 28 7 14 28 28 3 16
split_gain=2.28138 8.46345 5.66134 1.82487 1.56391 1.16088 1.01697 0.977675 2.55267 1.5424 1.51096 2.1662 2.12186 1.05635
threshold=0.12697891118552199 0.00061228708319181855 0.087447922602038416 17.500000000000004 0.96728788207662453 0.99980976180683312 36.190732344578507 1.5000000000000002 inf 0.45503683561911862 11.500000000000002 5.5000000000000009 -0.107476787000178 6.0037675624386155
decision_type=8 2 10 2 10 2 2 2 8 2 2 2 10 8
left_child=1 2 -1 4 5 7 -7 13 9 10 11 -9 -12 -2
right_child=3 -3 -4 -5 -6 6 -8 8 -10 -11 12 -13 -14 -15
leaf_value=-0.0082116074342042846 -0.0019885263200291625 -0.0019885263200291625 -0.02179763424259816 -0.0019885263200291625 0.0099091948195615381 0.0052038727692966672 0.0027795699905450466 0.0015645441808667456 -0.0019885263200291625 0.0027795699905450466 0.0015645441808667456 -0.00060809391151656089 -0.00060809391151656089 0.0027795699905450466
leaf_weight=12.334454908967016 21.842892330139875 49.549283940345049 35.520370422163978 41.549942831043154 11.103778377873821 12.927294695749881 15.659863935783504 161.59854119736701 216.65269579179585 72.360164167359471 61.222992040216923 411.95952403685078 276.08963370253332 97.758427765220404
leaf_count=104 159 349 482 447 196 104 110 1569 1820 469 443 4098 2669 828
internal_value=1.55962e-05 -0.00430752 -0.0144347 0.000330471 0.000611468 0.000498551 0.00520387 0.000355267 9.20085e-05 0.000772338 0.000349518 -0.000605385 0.00156454 0.00277957
internal_weight=1498.13 97.4041 47.8548 1400.73 1359.18 1348.07 28.5872 1319.48 1199.88 983.231 910.871 573.558 337.313 119.601
internal_count=13847 935 586 12912 12465 12269 214 12055 11068 9248 8779 5667 3112 987
is_linear=0
shrinkage=0.03


Tree=330
num_leaves=15
num_cat=0
split_feature=20 13 11 28 28 35 16 0 13 21 33 13 28 9
split_gain=1.71355 1.96085 1.5317 1.28969 1.27326 5.4875 4.53983 5.43135 3.70616 3.19447 6.79432 3.14698 2.93696 2.72779
threshold=0.98781844079097103 0.42336412941347956 1.0000000180025095e-35 5.5000000000000009 11.500000000000002 34.373959373959387 -42.920147969705241 5.9165582369937244 -6.5487726317776902 1.0000000180025095e-35 49.844599844599848 5.2565139146695241 15.500000000000002 1.1116644101759616
decision_type=10 8 2 2 2 8 10 10 8 2 2 8 2 8
left_child=2 -2 4 -4 5 -1 7 12 13 10 -10 -12 -6 -7
right_child=1 -3 3 -5 6 8 -8 -9 9 -11 11 -13 -14 -15
leaf_value=0.0019012066962637709 0.0050986982929443194 0.018945312494300842 0.0050986982929443194 0.0019012066962637709 -0.00089808114799859299 -0.020736662740097559 0.0019012066962637709 -0.017980575429014014 -0.0012243088333383806 0.0001029577574253835 -0.0067514350157351667 -0.003380497707671118 -0.0089095021052368207 -0.0067514350157351667
leaf_weight=94.771267385222018 4.3727033678442222 6.9161465053912252 21.028086684644222 70.901972318068147 78.938512668013573 13.147849600296469 292.48445276450366 15.387340621557085 260.34959794580936 194.27780747413635 172.03497679322027 213.87892454350367 36.340717653743923 11.23566175252199
leaf_count=943 71 140 119 385 860 153 2404 308 2172 1417 1653 2560 437 105
internal_value=0.000313672 0.00999131 0.000206085 0.00385169 -4.92742e-05 -0.00065337 0.00131243 -0.00369737 -0.00169529 -0.00132084 -0.00255158 -0.00553669 -0.00112266 -0.012182
internal_weight=1486.07 11.2888 1474.78 91.9301 1382.85 959.696 423.151 130.667 864.925 840.541 646.263 385.914 115.279 24.3835
internal_count=13727 211 13516 504 13012 9003 4009 1605 8060 7802 6385 4213 1297 258
is_linear=0
shrinkage=0.03


Tree=331
num_leaves=15
num_cat=0
split_feature=14 34 12 8 22 9 34 13 3 24 4 28 28 1
split_gain=1.5107 2.72821 1.49705 1.34874 2.64313 2.12237 5.95278 2.84746 1.06465 0.777635 0.886081 0.84069 0.643888 0.319764
threshold=1.3720874214476551 67.099567099567096 0.70798456217733452 0.11352837695731478 0.00028606591017472986 0.71473610900481888 58.857808857808863 83.95186268949972 0.029886552848326232 0.21473362741186561 2.0865658321103715 10.500000000000002 12.500000000000002 2.558058274320997
decision_type=2 2 2 10 2 10 2 8 10 8 8 2 2 8
left_child=2 -2 3 9 5 6 -5 8 -8 -1 12 -12 -11 -4
right_child=1 -3 13 4 -6 -7 7 -9 -10 10 11 -13 -14 -15
leaf_value=0.00018154199027529605 0.01549458089333685 0.0041225285706694434 0.0041225285706694434 -0.0037951089379431894 0.00018154199027529605 -0.0016372813556957068 -0.013591186976312479 -0.0087267169264938788 -0.022803105852993236 0.002328546384820481 0.00084841697001942151 0.0015884816774199512 0.0015884816774199512 0.002328546384820481
leaf_weight=40.922785078641027 17.333645819686357 7.9382399693131438 36.754262614995241 78.65800653398037 245.10313612129539 72.439780012704432 11.84523689188063 15.395584910409523 30.330289864214137 231.45070908358321 480.65489063109271 52.855320940725505 153.309221053496 8.9791151210665685
leaf_count=313 163 54 217 724 2098 932 95 264 380 2367 4184 411 1476 49
internal_value=0.000872747 0.00751262 0.000732441 0.000534564 -0.000807071 -0.0034561 -0.00595294 -0.0136583 -0.0184557 0.00117015 0.00151529 0.000848417 0.00232855 0.00412253
internal_weight=1483.97 25.2719 1458.7 1412.96 453.772 208.669 136.229 57.5711 42.1755 959.193 918.27 533.51 384.76 45.7334
internal_count=13727 217 13510 13244 4493 2395 1463 739 475 8751 8438 4595 3843 266
is_linear=0
shrinkage=0.03


Tree=332
num_leaves=15
num_cat=0
split_feature=28 21 14 28 9 16 18 35 28 18 4 8 13 23
split_gain=1.83101 4.0087 3.24629 5.0504 6.77873 4.09695 5.11884 3.99904 3.94599 3.66031 3.15895 3.07346 2.19468 2.77794
threshold=5.5000000000000009 1.9917693366187719 0.43982366947471624 11.500000000000002 0.031898869250004035 -17.79191204990245 0.99820314117901277 33.391608391608408 11.500000000000002 0.93478381678572464 -0.0022579752355406041 1.9509442535400581 0.10226980791203734 0.00054615138085537549
decision_type=2 2 2 2 10 10 8 10 2 8 8 10 10 2
left_child=1 10 3 4 -2 6 -5 -6 11 -9 -1 -4 13 -12
right_child=2 -3 8 5 7 -7 -8 9 -10 -11 12 -13 -14 -15
leaf_value=0.0078276286217303353 -0.010580477171677136 0.018074701075844808 0.016714314467328142 -0.016366745197172773 0.0024219671892927691 0.0024219671892927691 -0.00046638592496530784 -0.0058707639735723341 0.0024219671892927691 -0.00025713081003888498 -0.0019787016618153983 0.0024219671892927691 0.0042636655286745441 0.002071665646081999
leaf_weight=58.65571566298604 79.633005970623344 8.6190639324486238 30.115007514134049 16.39167042914778 83.945082454010844 285.84340559784323 125.17106473539025 135.3057468929328 32.904622930567712 156.19629652192816 272.95046173874289 12.593003066722302 55.014039086410776 146.26639556512237
leaf_count=553 752 56 201 160 812 2358 1513 1239 237 1747 2820 88 370 955
internal_value=0.000589974 0.00197574 -0.000199435 -0.000721994 -0.0029064 0.00161056 -0.00280305 -0.00116105 0.00556593 -0.00293623 0.00154975 0.0120009 0.000699702 -0.000120334
internal_weight=1499.6 541.506 958.099 882.486 455.08 427.406 141.563 375.447 75.6126 291.502 532.887 42.708 474.231 419.217
internal_count=13861 4754 9107 8581 4550 4031 1673 3798 526 2986 4698 289 4145 3775
is_linear=0
shrinkage=0.03


Tree=333
num_leaves=15
num_cat=0
split_feature=24 20 4 9 18 28 16 2 0 18 17 1 4 35
split_gain=2.40014 1.56407 1.4503 3.9814 3.0268 2.1136 4.81832 4.95987 1.32646 1.30459 1.80403 1.62574 0.752951 0.347209
threshold=0.29393071422107381 0.96728788207662453 -0.504469141975877 0.017426350795307362 0.20578973944160686 12.500000000000002 0.00056884467310066818 0.016954022988505752 inf 0.76420388984102072 0.022375806146541125 1.8984548815748401 -0.00025175205708884802 66.09224109224111
decision_type=10 10 10 10 10 2 10 2 8 8 2 10 10 10
left_child=1 2 4 12 -1 9 7 -7 -6 10 11 -5 -4 -12
right_child=-2 -3 3 5 8 6 -8 -9 -10 -11 13 -13 -14 -15
leaf_value=0.00012854995276782378 0.011853892607283669 0.0059902852625028109 -0.0076547348340988497 -0.0034454188789387521 0.0030013779403103274 -0.0076547348340988497 0.00012854995276782378 -0.0030619237342069294 0.0015649639465390756 0.00012854995276782378 -0.001210166928702829 -0.0076547348340988497 -0.019459392175432026 -0.0034454188789387521
leaf_weight=311.86168649559841 10.878093852661548 11.473820586921645 4.3955942443571976 71.69088279386051 153.98592562321573 115.71672966098413 140.68255627527833 40.565290274098516 174.36030907183886 326.32992680044845 63.085444238036871 21.847728665452451 8.5420835695695114 27.188414021395147
leaf_count=2908 74 212 58 655 1196 1462 1060 284 1351 3421 437 257 125 209
internal_value=0.000252275 0.000126678 1.24706e-05 -0.000820802 0.0010779 -0.000506922 -0.00258915 -0.0062524 0.00300138 0.00012855 -0.00254888 -0.00568067 -0.0148025 -0.00121017
internal_weight=1482.6 1471.73 1460.25 820.045 640.208 807.107 296.965 156.282 328.346 510.142 183.812 93.5386 12.9377 90.2739
internal_count=13709 13635 13423 7968 5455 7785 2806 1746 2547 4979 1558 912 183 646
is_linear=0
shrinkage=0.03


Tree=334
num_leaves=15
num_cat=0
split_feature=14 34 26 16 28 1 9 24 20 4 28 3 28 28
split_gain=2.43401 3.65685 1.72403 1.53434 4.94712 5.8128 3.20047 2.42343 2.3403 1.58691 0.991795 0.890186 0.586836 0.454202
threshold=0.98677641691313911 58.991008991009004 0.93324574080672396 -12.46260872271549 9.5000000000000018 2.558058274320997 0.69592550288299604 0.21473362741186561 0.94204301282539538 -0.61404208308523278 13.500000000000002 -0.1340582487975783 4.5000000000000009 12.500000000000002
decision_type=2 2 8 10 2 8 10 8 8 10 2 10 2 2
left_child=3 2 -2 4 7 8 9 -1 -6 -5 -10 -12 -8 -7
right_child=1 -3 -4 6 5 13 12 -9 10 -11 11 -13 -14 -15
leaf_value=-0.0094839548694016403 0.021654155918043642 0.0041146806867451641 0.0099651929617942982 0.0023421083786175191 -0.006678333689950253 -0.015935156473473461 0.0023421083786175191 0.00056953607048987472 0.00056953607048987472 0.00056953607048987472 0.00056953607048987472 -0.003054398809730189 0.0041146806867451641 -0.0076839789158289189
leaf_weight=19.454250226030126 17.203154025133699 17.937571827322245 6.5887766354717341 226.21232872921973 23.418194204568863 23.481714384630322 22.231624289415777 451.40112891420722 67.537247911095619 287.04009348084219 7.8167610354721537 52.540994020178914 235.00088356458582 32.050401236629114
leaf_count=170 155 110 53 1805 159 355 181 4563 732 2392 59 603 1921 490
internal_value=0.000853538 0.00759556 0.0158157 0.000633801 -0.000406287 -0.00433899 0.00154536 0.000569536 -0.00115562 0.000569536 0.000569536 -0.0030544 0.00411468 -0.012201
internal_weight=1489.92 41.7295 23.7919 1448.19 677.701 206.845 770.485 470.855 151.313 513.252 127.895 60.3578 257.233 55.5321
internal_count=13748 318 208 13430 7131 2398 6299 4733 1553 4197 1394 662 2102 845
is_linear=0
shrinkage=0.03


Tree=335
num_leaves=15
num_cat=0
split_feature=0 4 2 4 28 13 0 18 28 16 22 13 28 7
split_gain=2.62449 1.95326 1.04075 1.17555 2.7817 2.12186 1.95937 2.54342 2.12424 2.10186 1.38944 0.228114 0.21182 0.180903
threshold=-0.8348631728980318 0.55693657987611545 0.55158730158730174 -0.98328589779672482 8.5000000000000018 -23.550741292137122 22.432973905552448 0.80268120521486386 11.500000000000002 8.7820626440641778 0.0025732762167335632 -60.579316732067333 12.500000000000002 0.39788125010269854
decision_type=8 8 2 10 2 8 10 8 2 10 2 10 2 8
left_child=1 11 3 4 10 -5 7 8 -7 -8 -2 -1 -9 -4
right_child=2 -3 13 5 -6 6 9 12 -10 -11 -12 -13 -14 -15
leaf_value=0.0098815105169502461 5.0881935554417664e-05 0.0043685910114127343 0.0043685910114127343 -0.013562029783646755 0.002118685356932745 -0.0031877874194546534 -0.0071049414844616835 5.0881935554417664e-05 -0.0012501780462799894 -0.0031877874194546534 0.002118685356932745 0.020177415326139606 -0.0012501780462799894 0.002118685356932745
leaf_weight=7.8712494317442179 400.41585670039058 11.14844745770097 7.9286650959402323 6.624559564050287 104.70538865588605 170.03807698818855 35.000268629053608 321.01104677142575 175.70032803667709 15.48990195430815 62.950111138867214 7.3357723616063577 144.7961610564962 14.190205108374359
leaf_count=87 3506 118 59 59 883 1472 626 3298 1436 104 468 101 1486 97
internal_value=0.000167072 0.00875462 -1.74427e-05 -0.00013122 0.000925155 -0.000823392 -0.000647853 -0.000273213 -0.00255124 -0.00610236 5.08819e-05 0.0153944 5.08819e-05 0.00436859
internal_weight=1485.21 26.3555 1458.85 1436.73 568.071 868.66 862.036 811.546 345.738 50.4902 463.366 15.207 465.807 22.1189
internal_count=13800 306 13494 13338 4857 8481 8422 7692 2908 730 3974 188 4784 156
is_linear=0
shrinkage=0.03


Tree=336
num_leaves=15
num_cat=0
split_feature=20 13 11 2 13 28 9 14 28 27 13 24 1 1
split_gain=1.97828 1.63277 1.04658 1.2325 1.98223 1.55001 2.54943 4.43816 2.57502 2.20879 2.00048 1.60224 1.3934 1.04173
threshold=0.96728788207662453 0.42336412941347956 4.5848660010509734 0.012163561076604556 -1.5020173737792912 6.5000000000000009 0.077565820493786033 0.004294794693306651 4.5000000000000009 0.83162871250426706 34.5299733589327 -1.0512471108195622 0.094257120778662717 1.8984548815748401
decision_type=10 8 2 2 10 2 8 2 2 10 8 10 10 8
left_child=2 -2 3 5 -5 6 7 8 -1 10 11 12 -7 -11
right_child=1 -3 -4 4 -6 9 -8 -9 -10 13 -12 -13 -14 -15
leaf_value=-0.004622212854188853 0.006152180210447525 0.019285834462065665 0.006152180210447525 0.0015343090435528282 0.0035414806699861534 -0.0011413513228536256 0.0015343090435528282 -0.00079373812496587683 -0.015064923832732183 -0.0027927534206067962 0.0015343090435528282 0.00011590335991837727 -0.0027927534206067962 -0.010618570383937501
leaf_weight=45.368751718662679 4.9748707148246449 7.236301823053509 13.250613328069447 162.74014829425141 147.80003088805825 111.57512431405485 401.10043025203049 29.147854022681713 27.728301372379065 41.655556399840862 216.28053767420352 31.230518413707614 232.52081933338195 19.971953512867913
leaf_count=435 80 150 95 1121 938 862 3790 171 299 422 2686 193 2308 247
internal_value=0.00114911 0.0112765 0.0010279 0.000930781 0.00259352 0.000475095 0.00153431 -0.00312179 -0.00845069 -0.000494746 8.77193e-05 -0.0013025 -0.00239861 -0.00567323
internal_weight=1492.58 12.2112 1480.37 1467.12 310.54 1156.58 503.345 102.245 73.0971 653.235 591.607 375.326 344.096 61.6275
internal_count=13797 230 13567 13472 2059 11413 4695 905 734 6718 6049 3363 3170 669
is_linear=0
shrinkage=0.03


Tree=337
num_leaves=15
num_cat=0
split_feature=23 14 28 7 18 4 1 28 35 28 3 21 1 28
split_gain=2.20937 12.442 2.86795 1.34795 2.80401 1.61059 1.2127 1.15244 2.40634 0.866186 1.04623 0.846524 1.16271 0.808947
threshold=1.4513346912131471 0.02081210515582629 6.5000000000000009 1.6424790903710857 0.1299784811026462 0.12961464185462754 2.0879991789114327 12.500000000000002 43.614718614718619 5.5000000000000009 -0.107476787000178 0.00024743494774526073 0.35868178362202335 12.500000000000002
decision_type=2 2 2 8 8 10 10 2 10 2 10 2 8 2
left_child=3 7 -3 9 -5 -6 -7 11 -9 -1 -11 -2 -13 -12
right_child=1 2 -4 4 5 6 -8 8 -10 10 13 12 -14 -15
leaf_value=0.0022003267984332647 0.0022003267984332647 0.029009438647299268 0.011278002157403084 -0.011113209117294 0.00021314775991074523 -0.002604532619278014 -0.0056810891661507905 0.011278002157403084 0.0022003267984332647 0.0022003267984332647 0.001206737279172005 0.011278002157403084 0.0060744713126371789 0.00021314775991074523
leaf_weight=103.82954169390723 107.80456341942772 14.616328113945203 16.186809703707695 17.545048215426505 375.95773516362533 25.855809979140759 17.649743170943111 17.444812688045207 9.5264500258490425 120.81255664862692 358.44678878737614 11.452923924662171 29.24831804074347 275.76566558890045
leaf_count=1020 765 98 115 178 3543 281 223 113 67 1070 3512 73 173 2639
internal_value=0.00101051 0.00385622 0.0203557 0.000544434 -0.000805926 -0.000248969 -0.00542221 0.00220033 0.00926988 0.00123222 0.000743334 0.00220033 0.00994862 0.000213148
internal_weight=1502.14 206.28 30.8031 1295.86 437.008 419.463 43.5056 175.477 26.9713 858.855 755.025 148.506 40.7012 634.212
internal_count=13870 1404 213 12466 4225 4047 504 1191 180 8241 7221 1011 246 6151
is_linear=0
shrinkage=0.03


Tree=338
num_leaves=15
num_cat=0
split_feature=28 13 16 28 34 13 16 22 0 3 28 4 12 18
split_gain=3.26139 4.60023 3.83529 3.80714 5.49386 3.89293 3.78654 11.0334 4.13353 4.08066 4.81267 2.83898 2.66359 2.62443
threshold=1.5000000000000002 0.18915919558263541 17.875225072194848 7.5000000000000009 19.155844155844161 -0.57507854135642744 -12.46260872271549 0.18991166789725913 5.1606827212378414 -0.04223466361481084 11.500000000000002 0.2642085705163173 0.46457670101980258 0.96447003099579731
decision_type=2 10 8 2 2 10 10 2 10 10 2 10 2 8
left_child=1 2 -1 4 5 -2 8 9 13 10 -8 -10 -6 -5
right_child=3 -3 -4 6 12 -7 7 -9 11 -11 -12 -13 -14 -15
leaf_value=-0.0077903620581481403 0.0030563769443295303 0.022193327517403966 0.0054604829021988235 -0.0053468736502794816 -0.0030530530847185586 0.019020140678353063 0.0041481105428512709 0.02682911758818024 -0.0053468736502794816 0.00081688918053253912 0.014238893418882582 -0.022110494576663114 0.0030563769443295303 0.00081688918053253912
leaf_weight=19.705407500267029 22.767739130649716 7.7824017181992522 97.456236799247563 27.105170868337154 527.87361200153828 14.170222067274151 46.964325396344066 11.901470571756361 23.510536279529337 385.45851797121577 49.433782109059393 8.3940588559489679 15.155355019494889 225.23926102463156
leaf_count=147 147 44 833 269 5004 89 376 93 454 3258 354 147 93 2402
internal_value=0.00046692 0.00500739 0.00300419 3.23251e-05 -0.00179884 0.00869849 0.00140014 0.0029772 -0.00134342 0.00211859 0.00747933 -0.0107213 -0.00258574 2.75141e-05
internal_weight=1482.92 124.944 117.162 1357.97 579.967 36.938 778.007 493.758 284.249 481.857 96.3981 31.9046 543.029 252.344
internal_count=13710 1024 980 12686 5333 236 7353 4081 3272 3988 730 601 5097 2671
is_linear=0
shrinkage=0.03


Tree=339
num_leaves=15
num_cat=0
split_feature=27 18 17 16 1 16 13 4 14 9 16 24 13 1
split_gain=0.767353 3.68853 1.49766 1.52127 1.1963 1.22724 0.994007 0.889067 1.00036 0.853011 0.811142 0.520041 0.430292 0.416478
threshold=1.4484645792211626 0.48827384531311341 0.03238754790863093 4.5223938951136899 -1.4253735324078141 -64.18727868498199 37.956278136363331 -0.98328589779672482 0.00073359706486783528 0.59248091890601506 1.6661284809047532 -1.0512471108195622 -0.0053952472897260866 0.46987713960992156
decision_type=8 8 2 8 8 10 10 10 2 10 8 10 10 8
left_child=4 2 3 13 5 -1 7 8 -6 -8 12 -9 -3 -2
right_child=1 10 -4 -5 6 -7 9 11 -10 -11 -12 -13 -14 -15
leaf_value=0.0050280370203630177 -0.0099642447351267205 -0.0026479255539540174 -0.0026479255539540174 -0.0061640425907936933 0.0018935914083492726 0.016459790425095443 0.0031453311257315466 0.00085584223682790624 0.0031453311257315466 0.0050280370203630177 0.00085584223682790624 0.0018935914083492726 -0.00070257240438569598 -0.017575379186241687
leaf_weight=10.391998781356962 12.60912284627557 27.470605868846178 26.590338527224958 9.1499581527896208 142.66181422024965 6.5458895126357666 15.77995369164273 711.06565565196797 78.792121990816668 27.136692899279296 260.50798906665295 99.941191672813147 53.637041662819684 19.221858630655333
leaf_count=120 102 227 206 78 1427 92 118 7219 506 186 2270 759 387 211
internal_value=0.00120408 9.4133e-05 -0.00615169 -0.00968016 0.00161755 0.00858754 0.00146853 0.00126263 0.00293134 0.00502804 0.000855842 0.000855842 -0.00226099 -0.0137644
internal_weight=1501.5 409.187 67.5713 40.9809 1092.32 16.9379 1075.38 1032.46 221.454 42.9166 341.616 811.007 81.1076 31.831
internal_count=13908 3481 597 391 10427 212 10215 9911 1933 304 2884 7978 614 313
is_linear=0
shrinkage=0.03


Tree=340
num_leaves=15
num_cat=0
split_feature=28 16 28 3 25 12 2 22 8 0 0 28 9 16
split_gain=2.33607 2.51414 2.01837 8.54744 4.24426 3.22398 2.89162 2.44869 3.428 3.99207 2.4073 2.3083 2.02779 2.25441
threshold=17.500000000000004 7.8408904867066003 14.500000000000002 -0.107476787000178 -0.29841617774088286 0.50890914741531146 0.10446428571428573 0.00046035553844749505 0.0099145265263187472 5.5078102654424557 23.966738561979806 11.500000000000002 0.37715471266896822 -12.46260872271549
decision_type=2 10 2 10 8 2 2 2 10 8 10 2 8 10
left_child=2 -2 4 -4 10 6 -5 8 -6 11 -1 -10 -9 -14
right_child=1 -3 3 5 7 -7 -8 12 9 -11 -12 -13 13 -15
leaf_value=0.0097026480734852157 -0.010191589166614595 0.0029183104917622962 0.017955754783301626 -0.0028377475397394565 -0.00028257313293734981 0.0092553771101302907 0.0041949314655272719 -2.1900631749084131e-05 -0.0026278257879535165 -0.016369882254727457 0.0030433488614836773 -0.009180105853666019 0.0014822827557029613 0.0030433488614836773
leaf_weight=67.997165471315384 32.837088051717728 17.381572376005352 25.391190897673368 128.22924421541393 569.55715982336551 9.785011198371647 19.022508637513965 132.20252194674686 116.65078343334608 19.385542616248131 12.666709391400216 45.292343677021563 151.31442722398788 140.83145151194185
leaf_count=629 398 125 193 1325 5292 52 118 1003 1303 290 180 444 1402 1050
internal_value=0.00025644 -0.00580064 0.000487283 0.00339131 5.36773e-05 0.000554999 -0.000865514 -0.000414527 -0.00144067 -0.00497308 0.00650122 -0.00315939 0.00139687 0.00298647
internal_weight=1488.54 50.2187 1438.33 182.428 1255.9 157.037 147.252 1175.23 750.886 181.329 80.6639 161.943 424.348 292.146
internal_count=13804 523 13281 1688 11593 1495 1443 10784 7329 2037 809 1747 3455 2452
is_linear=0
shrinkage=0.03


Tree=341
num_leaves=15
num_cat=0
split_feature=24 17 22 13 28 2 28 0 18 7 3 13 16 9
split_gain=1.85794 7.92991 2.43881 1.85242 1.70244 2.04989 0.727266 2.12045 1.57873 1.21562 2.10733 1.89238 1.73721 1.34498
threshold=-0.00052657667546261971 8.0305997798529105e-06 0.00017508517324454738 -30.956889671101873 17.500000000000004 0.022474747474747477 1.5000000000000002 inf 0.8272247881004785 inf -0.94951187661970138 -3.3235760106633463 inf 0.59248091890601506
decision_type=10 2 2 8 2 2 2 8 10 8 10 10 8 10
left_child=3 -2 -3 -1 6 -6 7 -5 -9 12 -11 -12 13 -8
right_child=1 2 -4 4 5 -7 9 8 -10 10 11 -13 -14 -15
leaf_value=-0.011857659379875072 0.0024611940425736042 0.009493178583223941 0.021882328086801798 0.0024611940425736042 -0.0058127763637211777 0.0024611940425736042 -0.00057472187146533158 -0.0058127763637211777 -0.00067362334457942265 -0.00057472187146533158 -0.0058127763637211777 -0.0024907474885181064 0.0021859870173050397 0.00092074983347556906
leaf_weight=6.4998619677498937 43.264196935575455 8.8419792931526882 24.629823132418096 78.860057344660163 31.152727996464819 11.308437813073395 361.97109241969883 28.831314370036125 15.534138686954973 74.247741427272558 89.27553510479629 57.735165418125689 394.42872611852363 263.30763848428614
leaf_count=55 363 68 183 709 394 74 3014 205 102 570 905 423 4532 2190
internal_value=0.00038973 0.0047875 0.0165252 0.000134889 0.000232107 -0.00535504 0.00042493 0.00246119 -0.00380844 0.00020153 -0.00178965 -0.00440677 0.000640205 -0.000344487
internal_weight=1489.89 76.736 33.4718 1413.15 1406.65 42.4612 1364.19 123.226 44.3655 1240.97 221.258 147.011 1019.71 625.279
internal_count=13787 614 251 13173 13118 468 12650 1016 307 11634 1898 1328 9736 5204
is_linear=0
shrinkage=0.03


Tree=342
num_leaves=15
num_cat=0
split_feature=9 3 34 32 8 20 24 13 13 11 27 8 14 16
split_gain=1.87983 2.69654 2.44415 2.41648 2.00381 1.86286 0.899642 0.792103 0.640529 0.719168 0.830656 0.953428 0.655906 0.64344
threshold=0.031898869250004035 -1.0000000180025095e-35 48.761238761238765 40.284889935239597 inf 0.92229919352317524 0.34998205182434616 0.42336412941347956 34.5299733589327 0.071778837733983067 1.4484645792211626 0.079192931284631576 0.0086281226019625339 5.4414170586637676
decision_type=8 10 2 2 8 10 10 8 10 2 8 10 2 10
left_child=1 3 -3 -1 -5 6 8 -7 9 10 11 -2 -10 -12
right_child=5 2 -4 4 -6 7 -8 -9 12 -11 13 -13 -14 -15
leaf_value=-0.00062806199315080982 0.00096972589593878958 -0.0060950094276350621 -0.020813993255540612 -0.0025588404601381131 -0.0060950094276350621 0.005402208868810824 0.005402208868810824 0.015009129848002005 0.0017335931336544743 0.0017335931336544743 -0.00062806199315080982 7.6616493596989412e-05 0.0030060115279784676 7.6616493596989412e-05
leaf_weight=60.199245987460017 386.96151380799711 11.512120014056565 9.186544878408311 75.188380289822817 66.983649495989084 5.4090552679263038 8.3086042031645757 8.9263282709289324 12.910862037912009 85.677021449431777 320.79884853586555 377.66915795113891 33.088521360419691 29.959712355863303
leaf_count=365 3861 104 162 686 632 78 48 170 120 463 2805 3887 195 221
internal_value=0.000403344 -0.00210704 -0.0112692 -0.000920809 -0.00448962 0.000850918 0.000705672 0.0100987 0.000609814 0.000461175 0.000205859 0.000781295 0.00300601 -0.000628062
internal_weight=1492.78 223.07 20.6987 202.371 142.172 1269.71 1255.37 14.3354 1247.07 1201.07 1115.39 764.631 45.9994 350.759
internal_count=13797 1949 266 1683 1318 11848 11600 248 11552 11237 10774 7748 315 3026
is_linear=0
shrinkage=0.03


Tree=343
num_leaves=15
num_cat=0
split_feature=27 2 28 11 18 28 13 4 13 18 9 9 4 0
split_gain=2.27048 2.82827 1.79016 1.63412 1.22069 4.5842 3.156 1.52646 2.26196 1.93065 1.14426 0.890408 0.352826 0.0558173
threshold=-0.26174353192345839 0.11602564102564104 7.5000000000000009 1.0000000180025095e-35 0.078245826800036056 10.500000000000002 13.520049369382367 -0.63559419129389594 37.037960520847058 0.20578973944160686 0.84950756238683078 4.9989795723965189 -0.012856745655990284 23.966738561979806
decision_type=8 2 2 2 8 2 10 10 8 10 10 10 10 10
left_child=1 2 -1 4 5 6 -2 9 10 -6 -9 -4 -5 -10
right_child=3 -3 11 12 7 -7 -8 8 13 -11 -12 -13 -14 -15
leaf_value=0.010327824756450723 -0.021592906110508996 0.017310159556369772 0.003345489956531673 0.003345489956531673 0.00069253148217497662 -0.0019034794771919938 -0.0019034794771919938 -0.0019034794771919938 0.00069253148217497662 0.0018932662413859969 -0.00059887931741962734 0.010327824756450723 0.0018932662413859969 -0.00059887931741962734
leaf_weight=8.6969714015722257 13.796692320145668 11.113768490497021 38.386805875692517 43.742912403307855 282.8994954675436 20.903022730723023 5.3357985354959956 260.52384098200127 262.52647645492107 302.25781715940684 152.26969516184181 16.157656164839864 45.777156640775502 14.660606265068052
leaf_count=81 191 78 339 271 2670 232 34 2200 3140 2368 1391 193 245 308
internal_value=0.00101623 0.00595645 0.00334549 0.000734525 0.000441043 -0.00441719 -0.0154499 0.000610234 -0.000345552 0.00173061 -0.00189029 0.00334549 0.00334549 0.000692531
internal_weight=1479.05 74.3552 63.2414 1404.69 1315.17 40.0355 19.1325 1275.14 689.981 585.157 412.794 54.5445 89.5201 277.187
internal_count=13741 691 613 13050 12534 457 225 12077 7039 5038 3591 532 516 3448
is_linear=0
shrinkage=0.03


Tree=344
num_leaves=15
num_cat=0
split_feature=11 13 24 28 1 16 8 34 16 18 16 27 28 18
split_gain=1.26084 1.98928 1.26023 1.7989 3.00158 2.11152 2.60814 10.8661 1.61889 1.39608 1.08801 1.04547 0.998143 1.77973
threshold=4.5848660010509734 34.5299733589327 -1.0512471108195622 15.500000000000002 0.16511964441540369 inf 0.026770683756237371 61.72161172161173 -1.0000000180025095e-35 0.45785085302039535 -30.714970078797702 -0.28540416418385023 11.500000000000002 0.69328055255980858
decision_type=2 10 10 2 10 8 10 2 10 8 10 8 2 10
left_child=1 2 3 5 -5 6 12 -8 -6 -9 -4 -10 13 -1
right_child=-2 -3 10 4 8 -7 7 9 11 -11 -12 -13 -14 -15
leaf_value=-0.0018029010747097523 0.008315191737294364 0.0043469850054735377 0.0010599419828023814 0.0010599419828023814 -0.01213055192838015 0.0010599419828023814 -0.0018029010747097523 -0.022866364889073947 -0.0028629506700998402 -0.0091423102605559109 0.0022465360273945831 -0.0073373525374528983 9.9335872337472785e-06 9.9335872337472785e-06
leaf_weight=155.37015261035413 13.255964200012384 52.795008644461632 44.439418712165207 43.753917004913092 28.024045278783888 583.46906702243723 181.20860383263789 17.895936081185937 10.035803881473838 26.077743123285472 59.256939957849681 44.493217222392559 80.229787342250347 149.6511044902727
leaf_count=1312 101 367 378 344 454 6109 1545 210 85 276 410 426 610 1137
internal_value=0.000476962 0.000378778 0.000146087 -0.000126652 -0.00345985 0.000238937 -0.00104007 -0.00361574 -0.00678584 -0.0164817 0.00224654 -0.00325088 9.93359e-06 -0.00177632
internal_weight=1489.96 1476.7 1423.91 1320.21 126.307 1193.9 610.433 225.182 82.5531 43.9737 103.696 54.529 385.251 305.021
internal_count=13764 13663 13296 12508 1309 11199 5090 2031 965 486 788 511 3059 2449
is_linear=0
shrinkage=0.03


Tree=345
num_leaves=15
num_cat=0
split_feature=28 13 0 32 24 22 23 16 13 6 0 1 22 23
split_gain=2.26772 3.16008 3.86022 2.18316 2.00094 4.5991 2.26575 2.00817 1.97696 1.85345 1.64614 1.50523 1.15512 0.636842
threshold=1.5000000000000002 -30.956889671101873 9.0298743884754558 55.936371320986709 -1.0512471108195622 0.0031524063140547496 1.0229050809219202 135.7999683932367 0.18915919558263541 0.18611167495267042 0.5396334072819019 1.2974258124999649 0.0023684098670775249 1.8689901649848679
decision_type=2 10 10 2 10 2 2 8 8 2 8 10 2 2
left_child=8 2 3 -2 6 -6 7 -3 11 -4 -5 -1 13 -10
right_child=1 4 9 10 5 -7 -8 -9 12 -11 -12 -13 -14 -15
leaf_value=0.0019780018233976756 -0.00053753783324358864 -0.00053753783324358864 -0.0063855238916563153 -0.0023376038912099298 0.0031559547105303627 0.018466625825841319 0.0031559547105303627 0.0015079386151185445 0.0022292343745163611 -0.019154720509259038 -0.0063855238916563153 -0.0097469288161591769 0.012834862644496167 0.0083447706078335366
leaf_weight=21.370911439880732 284.69800137262791 588.58796680555679 18.78857179032639 113.62713234033436 51.796614153310657 14.964273509802295 110.58037250651978 113.89212381886318 58.013848123140633 12.263620047131552 52.004856603220105 9.6246225703507644 15.264728941023348 19.25631320104003
leaf_count=149 2554 5025 413 1123 369 121 718 1111 549 290 1005 81 114 116
internal_value=0.000258759 -0.000100545 -0.00204268 -0.00127147 0.000967607 0.00577163 0.000540281 -0.000140077 0.00406789 -0.0114996 -0.00413767 -0.0022262 0.00618221 0.00416781
internal_weight=1484.73 1361.2 481.382 450.33 879.821 66.7609 813.06 702.48 123.53 31.0522 165.632 30.9955 92.5349 77.2702
internal_count=13738 12729 5385 4682 7344 490 6854 6136 1009 703 2128 230 779 665
is_linear=0
shrinkage=0.03


Tree=346
num_leaves=15
num_cat=0
split_feature=20 11 28 2 22 16 6 13 3 7 17 26 22 35
split_gain=1.86465 1.68842 1.95318 1.67913 1.01516 0.863929 2.74159 3.68555 2.32491 1.05118 0.987209 0.720131 0.689959 0.624083
threshold=0.98781844079097103 0.071778837733983067 5.5000000000000009 0.20871212121212124 0.18991166789725913 6.7813821821956131 0.23828800927436591 0.082967937723451721 1.5086987412733184 inf 0.010034924711716343 1.189411316913987 0.00012134165784325313 48.343323343323355
decision_type=10 2 2 2 2 8 2 8 8 8 2 10 2 8
left_child=1 3 -3 4 5 6 9 8 -8 -1 -11 -7 -2 -5
right_child=12 2 -4 13 -6 11 7 -9 -10 10 -12 -13 -14 -15
leaf_value=-0.00063265761190414032 0.005709251920681402 0.005709251920681402 0.0022828682307002336 0.0022828682307002336 0.0010610416024570194 0.00029755345982512355 -0.010278203995612882 -0.0044779174515825974 -0.023411819525565973 -0.0044779174515825974 -0.0022858712762940086 -0.00063265761190414032 0.015367453051919232 0.0010610416024570194
leaf_weight=344.240839980077 2.6848028819076699 19.479951294139028 72.123014097101986 46.103603275492787 50.663433215580881 659.65355804609135 9.3646116680465621 17.345922417007387 16.143036210443828 64.309559810906649 17.520632121711969 52.533894513733685 7.9542926349677145 106.40034599322826
leaf_count=3053 40 111 387 343 519 6698 105 169 260 515 123 520 168 761
internal_value=0.000610563 0.000499639 0.00433456 0.000231181 -0.000160785 -0.000465935 -0.00145858 -0.00827036 -0.0160785 -0.000685477 -0.00393908 0.000193261 0.0109189 0.00228287
internal_weight=1486.52 1475.88 91.603 1384.28 1231.78 1181.11 468.925 42.8536 25.5076 426.071 81.8302 712.187 10.6391 152.504
internal_count=13772 13564 498 13066 11962 11443 4225 534 365 3691 638 7218 208 1104
is_linear=0
shrinkage=0.03


Tree=347
num_leaves=15
num_cat=0
split_feature=27 34 28 1 2 9 28 18 28 13 13 28 2 13
split_gain=1.96335 2.91424 1.79382 2.6536 1.39537 1.26364 2.74265 1.96545 1.38786 1.17636 0.954835 1.27913 1.44202 0.916569
threshold=-0.26174353192345839 31.185481185481191 17.500000000000004 0.3972528917886739 0.11602564102564104 0.011007817807598849 11.500000000000002 0.48827384531311341 8.5000000000000018 47.80769438907577 34.5299733589327 5.5000000000000009 0.44757326007326009 -0.052163513902321289
decision_type=8 2 2 8 2 8 2 8 2 8 10 2 2 8
left_child=1 -1 5 -4 -3 6 7 -2 -9 -5 11 13 -13 -7
right_child=2 4 3 9 -6 10 -8 8 -10 -11 -12 12 -14 -15
leaf_value=0.016800133538737057 -0.010972277341578428 0.0027290095252461163 0.0024852421505740341 -0.016080744433257573 0.0097645715319915876 -0.0004040226167854629 -0.0004040226167854629 -0.0008968839359957887 -0.0068431165751029347 -0.0048197527026964254 0.0027290095252461163 -0.0004040226167854629 0.0016821433445045404 0.0016821433445045404
leaf_weight=10.792766327969728 29.686595268547535 55.973193070385605 17.725431609898806 14.747889735735951 7.5606907205656162 36.212092329747975 46.369129871716723 100.15979879070073 25.925204465631396 5.1636077114380923 42.066090593114495 637.12384191597812 38.675147491972893 420.63785414281301
leaf_count=78 257 565 154 157 53 306 370 896 251 102 288 6263 333 3740
internal_value=0.000561727 0.00515496 0.000303061 -0.0057595 0.00272901 0.000489023 -0.00167496 -0.0045801 -0.00271396 -0.0121247 0.000866915 0.000635277 -0.000200173 0.00168214
internal_weight=1488.82 74.3267 1414.49 37.6369 63.5339 1376.86 202.141 155.772 126.085 19.9115 1174.72 1132.65 675.799 456.85
internal_count=13813 696 13117 413 618 12704 1774 1404 1147 259 10930 10642 6596 4046
is_linear=0
shrinkage=0.03


Tree=348
num_leaves=15
num_cat=0
split_feature=27 28 18 3 18 27 4 9 28 24 4 1 28 17
split_gain=1.32663 1.81905 4.96799 1.41676 1.02262 2.06507 2.02719 1.34241 1.43207 1.01964 0.587195 0.514126 0.42003 0.114909
threshold=-0.035246623431093298 8.5000000000000018 0.71925165519133183 -0.107476787000178 0.22755466774270758 2.5744734549468844 -0.55761160595332893 0.036311275405079634 5.5000000000000009 0.33136194828260662 1.6889980000735023 0.87124251164587296 12.500000000000002 0.088789392889124241
decision_type=8 2 10 10 10 10 10 8 2 8 8 8 2 2
left_child=1 2 11 -3 5 7 -6 8 -2 -9 -11 -1 -10 -5
right_child=4 3 -4 13 6 -7 -8 9 12 10 -12 -13 -14 -15
leaf_value=0.009859875496176531 -0.0016131900959655617 0.012256789266997628 0.021105167994099373 0.001972100125683952 0.001972100125683952 -0.013098459008285209 0.00055608346429076997 -0.0016131900959655617 -0.0065808199583710066 0.00055608346429076997 -0.00052855331583739592 0.001972100125683952 -0.0016131900959655617 0.0053237816002463575
leaf_weight=8.4359024856239575 34.086494972929358 7.3486187425442031 12.7077369838953 90.880166581366211 309.15136669878848 6.1154077444225541 336.34456159872934 55.225663377437741 33.353516285773367 321.41653534956276 234.07401466881856 8.1375064644962567 10.47785204160027 28.161360096652061
leaf_count=74 328 59 90 834 2394 99 2805 425 340 3778 2232 79 120 175
internal_value=0.000838842 0.00341632 0.00959439 0.0019721 0.000527879 -0.000270696 0.00138286 -6.31809e-05 -0.00364624 0.000419859 0.000556083 0.0019721 -0.00658082 0.0019721
internal_weight=1495.92 155.671 29.2811 126.39 1340.25 694.749 645.496 688.634 77.9179 610.716 555.491 16.5734 43.8314 119.042
internal_count=13832 1311 243 1068 12521 7322 5199 7223 788 6435 6010 153 460 1009
is_linear=0
shrinkage=0.03


Tree=349
num_leaves=15
num_cat=0
split_feature=20 28 16 28 1 16 4 9 14 16 20 22 12 28
split_gain=1.28567 1.29225 1.7496 1.414 3.83727 3.54037 2.54922 2.45451 2.109 3.83242 2.0277 1.84907 1.82323 1.17016
threshold=0.98781844079097103 1.5000000000000002 6.0037675624386155 14.500000000000002 0.18494343082051493 7.5820104109869524 -0.15045206691258109 0.57018193271907258 0.079070203122113908 -13.380394049869917 0.98781844079097103 0.00046035553844749505 0.39192095023551105 16.500000000000004
decision_type=10 2 8 2 10 10 8 10 2 8 8 2 2 2
left_child=1 2 -1 6 -5 12 7 -3 9 -8 11 -11 13 -6
right_child=-2 3 -4 4 5 -7 8 -9 -10 10 -12 -13 -14 -15
leaf_value=-0.0037761803887035534 0.0087608139809273559 0.0007332592763295262 0.0044182602356921839 0.0044182602356921839 -0.0045881657056586955 0.0015424836127270007 -0.015850316115017853 0.0044182602356921839 0.0007332592763295262 -0.0087518870031895561 -0.0011340133389929681 -0.0038025448587671309 -0.0018134969112667642 -0.011313192098790042
leaf_weight=24.259565716609359 10.503332659834994 49.288383766077459 101.50475826114416 79.186679170001298 48.91379202157259 51.030594457872212 12.618930436670778 119.154102595523 197.07282459083945 28.185858976095915 672.56782673392445 38.154706474393606 8.6123897507786733 35.903095202986151
leaf_count=178 207 413 844 604 593 361 108 1132 1150 204 7071 247 47 528
internal_value=0.00016682 7.57065e-05 0.00292265 -0.000201221 0.00194995 -0.00133329 -0.000638684 0.00271112 -0.0012446 -0.00199502 -0.00165346 -0.00647108 -0.00516948 -0.00736283
internal_weight=1476.96 1466.45 125.764 1340.69 223.647 144.46 1117.04 168.442 948.6 751.527 738.908 66.3406 93.4293 84.8169
internal_count=13687 13480 1022 12458 2133 1529 10325 1545 8780 7630 7522 451 1168 1121
is_linear=0
shrinkage=0.03


Tree=350
num_leaves=15
num_cat=0
split_feature=13 18 1 14 26 27 4 0 0 26 14 22 23 26
split_gain=1.79436 2.95895 2.90343 2.16143 2.08606 1.4417 1.4863 1.74224 1.29119 1.06255 0.78915 0.409919 0.251158 0.364893
threshold=-30.956889671101873 0.16728016611064569 0.48991432177669231 1.3720874214476551 0.073012718882394814 -0.26174353192345839 -0.61404208308523278 inf 9.4550220432941092 0.0052125311487811752 0.16426128307506305 0.00077463942867149027 0.017348062401446086 -0.26846893144259359
decision_type=10 8 10 2 10 8 10 8 10 10 2 2 2 8
left_child=1 -1 12 5 8 9 7 -7 -4 -2 -8 -10 13 -3
right_child=3 2 4 -5 -6 6 10 -9 11 -11 -12 -13 -14 -15
leaf_value=-0.015576430391141222 0.0065742893048916463 -0.00072302004055808098 -0.0018065821404764963 0.012201715182080287 -0.0081245768355229977 0.0029393838267630706 6.9479816984243552e-05 0.0011331608924347188 -0.0051764270361229787 0.0029393838267630706 0.0011331608924347188 -0.0034915045882997378 6.9479816984243552e-05 -0.0018065821404764963
leaf_weight=7.2762005466502151 43.211797737516463 16.07873606402427 129.54247304890305 10.670787134673445 26.20999758830294 165.87983741494827 403.907312564319 181.36039453558624 27.291790374089032 16.620746823959053 103.22019847109914 19.378351310268044 116.30690542515367 217.62785513233393
leaf_count=59 359 138 1784 109 403 1344 3794 1400 589 127 574 253 784 2049
internal_value=0.000332541 -0.00100267 -0.000672723 0.00114163 -0.00368264 0.000946863 0.000615733 0.00219684 -0.00222828 0.00526303 6.94798e-05 -0.00517643 6.94798e-05 -0.00151552
internal_weight=1484.58 559.712 552.436 924.871 202.423 914.2 854.368 347.24 176.213 59.8325 507.128 46.6701 350.013 233.707
internal_count=13766 6059 6000 7707 3029 7598 7112 2744 2626 486 4368 842 2971 2187
is_linear=0
shrinkage=0.03


Tree=351
num_leaves=15
num_cat=0
split_feature=11 28 13 0 18 1 25 28 14 9 16 21 28 1
split_gain=2.91034 1.72392 2.21531 1.14682 1.11896 3.07558 2.582 2.41027 4.29397 3.49816 3.31286 2.05251 2.47096 1.93302
threshold=4.5848660010509734 1.5000000000000002 0.10226980791203734 1.5681709658709384 inf 0.48991432177669231 0.017897659043337292 8.5000000000000018 0.0074870337565026241 0.6633111909595536 -15.085778027189235 0.0036818357389150269 6.5000000000000009 0.20960816456813233
decision_type=2 2 8 8 8 8 8 2 2 8 10 2 2 10
left_child=1 2 3 -1 7 6 -6 8 9 11 13 12 -3 -9
right_child=-2 4 -4 -5 5 -7 -8 10 -10 -11 -12 -13 -14 -15
leaf_value=0.00087913029326970333 0.012180445596464595 -0.0089534119713647886 0.0053020806475389528 -0.0070554445191351985 0.0060224489854671503 -0.00019014687988955285 0.001611013272224183 -0.0035876647169060787 -0.00019014687988955285 -0.0030269213939105671 -0.00019014687988955285 -0.0061372578845901643 -0.019289579076591325 -0.011496085854402985
leaf_weight=7.7466797456145287 12.471113834297283 70.441826404072344 96.500187736004591 22.365956827998165 75.905675782822073 241.23702310654335 162.52280560554937 25.73698728531599 157.18953461013734 83.403784894617274 452.15063395397738 23.486686307005584 27.185553905321285 36.199293442070484
leaf_count=55 100 692 800 167 672 3357 1390 220 995 767 3704 179 305 387
internal_value=7.49347e-06 -0.000135548 0.00314353 -0.00354382 -0.000452272 0.000707694 0.00341217 -0.00108799 -0.00299232 -0.0058637 -0.000190147 -0.00924759 -0.0117696 -0.00698518
internal_weight=1494.54 1482.07 126.613 30.1126 1355.46 479.666 238.428 875.794 361.707 204.518 514.087 121.114 97.6274 61.9363
internal_count=13790 13690 1022 222 12668 5419 2062 7249 2938 1943 4311 1176 997 607
is_linear=0
shrinkage=0.03


Tree=352
num_leaves=15
num_cat=0
split_feature=9 4 28 28 28 18 11 4 16 1 24 4 3 16
split_gain=1.23955 4.61739 1.33127 1.32067 4.54783 1.76826 0.857981 3.88151 1.11172 1.23378 1.17377 0.753717 0.512794 0.450929
threshold=0.031898869250004035 -0.42918452679825053 8.5000000000000018 11.500000000000002 4.5000000000000009 0.99744932747548121 0.9115050812254285 -0.067033837623518625 -12.46260872271549 0.4512122761898259 -0.00034912684987796553 -0.98328589779672482 0.001771306138511432 1.0000000180025095e-35
decision_type=8 10 2 2 2 10 2 10 10 10 10 10 10 8
left_child=1 3 -3 4 -1 -6 8 -8 9 -2 11 -10 -4 -7
right_child=6 2 12 -5 5 13 7 -9 10 -11 -12 -13 -14 -15
leaf_value=-0.00029620130157667824 0.00072774604536365406 -0.006974817741098786 -0.006974817741098786 -0.00029620130157667824 -0.006974817741098786 -0.0036355095213377324 0.016210545998465602 0.0028313048779710736 0.0019096996109585625 -0.00029620130157667824 0.0028313048779710736 0.00072774604536365406 -0.022821765097421502 -0.00029620130157667824
leaf_weight=59.136716922745109 321.42410103976727 5.5723945084027973 6.5549547970294944 42.051656061783433 71.934011038392782 16.521148577332497 15.864502136595545 25.727873872499913 138.04678115574643 278.63958853669465 41.269728053826839 450.3296691197902 8.0110642910003644 12.473508410155775
leaf_count=489 2649 79 54 303 652 152 102 155 1132 3771 297 3782 108 110
internal_value=0.000545093 -0.0014994 -0.0136534 -0.000296201 -0.00300223 -0.00697482 0.000906995 0.00491036 0.000752254 -0.000172151 0.00162764 0.000988094 -0.0184192 -0.000296201
internal_weight=1493.56 222.255 20.1384 202.117 160.065 100.929 1271.3 41.5924 1229.71 600.064 629.646 588.376 14.566 28.9947
internal_count=13835 1947 241 1706 1403 914 11888 257 11631 6420 5211 4914 162 262
is_linear=0
shrinkage=0.03


Tree=353
num_leaves=15
num_cat=0
split_feature=24 12 1 27 18 28 8 28 9 18 3 25 26 3
split_gain=1.76899 1.12651 1.83478 0.970477 1.02788 0.841284 2.08235 0.977782 4.66916 4.45288 2.69274 2.15422 1.3975 1.22607
threshold=0.29393071422107381 0.45766830044824269 2.2064447078783123 2.8182868624813762 0.50347000724377045 17.500000000000004 0.19772525555343815 11.500000000000002 0.077565820493786033 0.71925165519133183 20.339279000210386 0.096697193812033358 -0.042972802841402029 -0.1340582487975783
decision_type=10 2 10 10 10 2 10 2 8 10 10 8 10 10
left_child=1 3 -3 5 -5 7 -7 8 12 11 13 -10 -1 -9
right_child=-2 2 -4 4 -6 6 -8 10 9 -11 -12 -13 -14 -15
leaf_value=-0.0011614806148380547 0.010411381048872187 0.0054303173333085705 0.002208490448315835 -0.014018023375823365 -0.0033272630629610786 0.002208490448315835 -0.0033272630629610786 0.002208490448315835 0.00072942097563676804 0.002208490448315835 -0.0033272630629610786 -0.0011614806148380547 -0.0033272630629610786 0.00024437297999404547
leaf_weight=44.692809633910656 11.233011423144488 52.335082959383726 13.112516835331915 5.5118513130582851 5.8510449342429638 26.975746005307883 15.115994970779864 63.269646025728434 154.01729961624369 208.08138820505701 22.227396587375551 434.60004947590642 140.33264532266185 297.20985943311825
leaf_count=362 80 304 70 86 38 284 171 479 1603 1574 299 4335 1316 2802
internal_value=0.000558593 0.000449254 0.00415266 0.000264318 -0.00700214 0.000347617 -0.00332726 0.00048235 -2.13085e-05 0.0010043 0.00175795 -0.000749648 -0.00332726 0.00220849
internal_weight=1494.57 1483.33 65.4476 1417.89 11.3629 1406.52 42.0917 1364.43 981.724 796.699 382.707 588.617 185.025 360.48
internal_count=13803 13723 374 13349 124 13225 455 12770 9190 7512 3580 5938 1678 3281
is_linear=0
shrinkage=0.03


Tree=354
num_leaves=15
num_cat=0
split_feature=27 28 2 13 28 1 4 13 28 18 9 18 17 2
split_gain=0.968231 2.00749 2.81935 1.05551 1.01457 3.35409 2.40338 1.73378 1.50412 2.10268 1.85436 1.09743 1.06632 0.808427
threshold=-0.26174353192345839 7.5000000000000009 0.11602564102564104 34.5299733589327 5.5000000000000009 9.7725857898974606 -0.66200203449333772 -7.485864928356329 7.5000000000000009 0.13330601678139073 0.86645980806968381 0.074628613639974403 0.10129489164059051 0.14274267399267401
decision_type=8 2 2 10 2 10 10 8 2 8 10 8 2 2
left_child=1 -1 -3 4 7 8 -7 -2 10 13 -6 -9 -8 -10
right_child=3 2 -4 -5 5 6 12 11 9 -11 -12 -13 -14 -15
leaf_value=0.014340582152756238 -0.0074177880629310031 0.0027945398032331072 0.016111689458035174 0.0027945398032331072 -0.0027922023138452598 -0.0027922023138452598 -0.012915847647595549 -0.0027936696810205979 -0.0027922023138452598 0.0018304487008898073 0.0018304487008898073 0.0018304487008898073 -0.0065082555002764332 -0.00048087680647772627
leaf_weight=10.588739501312373 13.457274956628678 54.970541872084141 9.7934045931324345 48.973165829665959 113.70103103527799 10.340603999793528 41.921438766177744 9.4832371920347196 44.404283170122653 564.62569591030478 36.428434360073879 509.43018421321176 7.7522087767720214 12.025830489583312
leaf_count=93 123 535 75 340 1083 119 686 91 497 5193 373 4502 57 66
internal_value=0.00128074 0.00449506 0.00279454 0.00109402 0.000866358 0.000207722 -0.00633916 0.00183045 0.00075476 0.00140589 -0.00189734 0.00183045 -0.0102243 -0.0027922
internal_weight=1487.9 75.3527 64.7639 1412.54 1363.57 831.2 60.0143 532.371 771.185 621.056 150.129 518.913 49.6736 56.4301
internal_count=13833 703 610 13130 12790 8074 862 4716 7212 5756 1456 4593 743 563
is_linear=0
shrinkage=0.03


Tree=355
num_leaves=15
num_cat=0
split_feature=28 3 17 16 34 28 34 2 4 13 22 13 0 0
split_gain=2.11332 3.94576 2.99991 3.69258 1.93639 1.72146 4.17222 2.88595 2.537 2.29615 1.8185 4.47365 1.74374 1.69232
threshold=17.500000000000004 0.062865390518962574 0.99980976180683312 93.91033207475958 48.2933732933733 6.5000000000000009 20.446220446220451 0.41702898550724643 -0.98328589779672482 -0.052163513902321289 0.0018033190249240421 -0.052163513902321289 0.67548702489129553 0.5396334072819019
decision_type=2 8 2 8 2 2 2 2 10 10 2 8 10 10
left_child=2 4 5 -4 -2 6 -1 8 -7 10 11 12 -8 -13
right_child=1 -3 3 -5 -6 7 9 -9 -10 -11 -12 13 -14 -15
leaf_value=0.0053295762464636237 0.011703758143866663 -0.011207208833740417 0.0053295762464636237 0.02027524498808269 -0.0031955410651655506 0.0024056177541129484 -0.0060375213989106082 0.0053295762464636237 -0.0013659128047435671 0.003187787835922959 0.0012976042278591571 -0.00031338716371644767 -0.019157649068475866 -0.0046196288048801007
leaf_weight=39.318792615784332 10.13523274799809 29.396178821101785 16.110866830684245 13.616518771741541 9.2631249949336034 138.77726486185566 19.751310065388683 36.44275947380811 611.52385227719788 251.6319640413858 60.127530297264457 159.21576429530978 11.942162277176974 77.267154877539724
leaf_count=245 80 362 120 119 76 1208 175 317 6003 1978 564 1309 128 1140
internal_value=0.000865212 -0.00498154 0.00108052 0.00979699 0.00481613 0.00086216 0.00203854 -7.08045e-05 -0.000518341 0.00106094 -0.000592579 -0.00192438 -0.0116716 -0.000403437
internal_weight=1484.52 48.7945 1435.73 29.7274 19.3984 1406 619.255 786.744 750.301 579.936 328.304 268.176 31.6935 236.483
internal_count=13824 518 13306 239 156 13067 5539 7528 7211 5294 3316 2752 303 2449
is_linear=0
shrinkage=0.03


Tree=356
num_leaves=15
num_cat=0
split_feature=13 24 1 27 8 16 4 7 18 1 23 25 14 9
split_gain=1.82147 2.35012 1.78801 1.42317 2.04738 2.55379 1.42104 1.22711 1.22264 0.88611 0.757031 1.14748 0.64535 0.520168
threshold=-30.956889671101873 0.32794978230958771 0.26578003638629749 -0.26174353192345839 0.026770683756237371 0.10513022822365477 -0.53694517870980052 1.1453776843840082 0.23082792317126699 0.46987713960992156 0.015594272966016122 -0.0094261139807172416 0.16426128307506305 0.0009334694687566286
decision_type=10 8 10 8 10 10 10 10 10 8 2 10 2 8
left_child=1 2 -1 4 5 -2 8 10 -5 -9 11 -3 -8 -10
right_child=3 7 -4 6 -6 -7 12 9 13 -11 -12 -13 -14 -15
leaf_value=-0.0041368669690049027 0.0071336473322422406 -0.00067676698307033789 -0.013311878921297952 0.0011528840766567554 0.0030928019198167649 0.019900256886369674 4.7256614068297008e-05 -0.0020448051774683029 0.0021228429982367604 -0.0041368669690049027 4.7256614068297008e-05 -0.0020448051774683029 0.0011528840766567554 0.0030928019198167649
leaf_weight=15.813187475316225 15.153724187519403 206.43615485867485 21.942666340619326 111.26748783886433 31.559040943160653 14.094029621221123 393.55227788712364 37.49447809252888 104.65766272880137 23.09533040272072 139.36983188102022 113.64273709990084 106.95932126836851 140.08698506536894
leaf_count=150 136 2408 177 984 257 96 3689 350 814 453 976 1530 621 1037
internal_value=0.000310488 -0.00103575 -0.00779857 0.00113026 0.00538706 0.0111745 0.000798547 -0.00047516 0.00225851 -0.00413687 4.72566e-05 -0.00140079 4.72566e-05 0.0030928
internal_weight=1475.12 557.794 37.7559 917.331 60.8068 29.2478 856.524 520.039 356.012 60.5898 459.449 320.079 500.512 244.745
internal_count=13678 6044 327 7634 489 232 7145 5717 2835 803 4914 3938 4310 1851
is_linear=0
shrinkage=0.03


Tree=357
num_leaves=15
num_cat=0
split_feature=20 13 18 28 3 23 16 25 13 24 12 1 1 35
split_gain=1.05606 1.02692 4.00356 1.81341 2.94619 1.45828 1.48901 1.11838 1.00865 0.919432 2.35025 0.57431 0.538833 0.525629
threshold=0.97737680367498092 -30.956889671101873 0.18513466590418695 15.500000000000002 0.11827734722030056 1.4513346912131471 93.91033207475958 -0.2478361639045816 1.0000000180025095e-35 0.22653342757456904 0.055795303296109496 23.984732185223439 -0.056730122974535842 92.690642690642704
decision_type=10 10 8 2 8 2 8 10 8 8 2 8 10 8
left_child=1 2 -1 9 -5 6 12 -7 -2 10 -4 -8 -3 -11
right_child=8 5 3 4 -6 7 11 -9 -10 13 -12 -13 -14 -15
leaf_value=-0.017423975045982892 0.0038586796942308007 0.00082679689095768846 -0.0090236797004284684 -0.00020600360558106849 -0.0090236797004284684 0.0038586796942308007 0.0018595973874964455 0.0018595973874964455 0.013966728836167758 -0.00020600360558106849 -0.0026720835382179654 0.00082679689095768846 -0.00020600360558106849 -0.0018399322989158899
leaf_weight=8.0841546454466862 4.0785789354704303 94.611215189564973 21.170304525643591 21.735939932055771 13.915494359098373 38.888630758970976 78.125535223633051 83.178074706345797 6.964286451227963 283.39054835541174 7.9446953181177369 58.853651523124427 564.19709119899198 203.66247432678938
leaf_count=64 69 831 185 187 287 230 687 563 149 3440 43 593 4661 1858
internal_value=7.24077e-05 -1.06673e-05 -0.00101803 -0.000623384 -0.00672823 0.000606026 0.00012867 0.00359052 0.00772803 -0.000206004 -0.00513816 0.0018596 -0.000206004 -0.000206004
internal_weight=1488.8 1477.76 559.904 551.819 35.6514 917.854 795.787 122.067 11.0429 516.168 29.115 136.979 658.808 487.053
internal_count=13847 13629 6064 6000 474 7565 6772 793 218 5526 228 1280 5492 5298
is_linear=0
shrinkage=0.03


Tree=358
num_leaves=15
num_cat=0
split_feature=17 16 11 13 28 20 1 3 22 11 3 27 28 13
split_gain=2.33564 3.97531 0.859188 0.453145 2.37315 2.14866 1.66332 1.18117 0.833277 0.820325 0.721597 0.655395 0.421243 0.420672
threshold=0.99980976180683312 93.91033207475958 2.8778467908902696 -30.956889671101873 13.500000000000002 0.53724327545501438 2.4230842751931294 8.9621725660151892 0.42915585770375719 0.29629694660509548 0.032129593878415512 -0.035246623431093298 7.5000000000000009 0.027139979019462045
decision_type=2 8 2 10 2 8 10 10 2 2 10 10 2 10
left_child=2 -2 3 4 5 12 9 -7 11 10 -6 13 -1 -5
right_child=1 -3 -4 8 6 7 -8 -9 -10 -11 -12 -13 -14 -15
leaf_value=-0.0034733210385449599 0.0045249240816663244 0.019792419834941722 0.0045249240816663244 0.0010142927371923601 -0.0019374385127278822 0.00041934567728472191 -0.013848900024973479 -0.0034733210385449599 0.0025379479594762966 0.00041934567728472191 -0.0077574331755011936 0.00041934567728472191 -0.011568518334994516 0.0016092397970999981
leaf_weight=18.184351172298197 17.767787685617805 13.102257163263859 13.755185549613087 142.41201410023496 30.120895264670253 408.48546369560063 10.789834691910071 37.851360258646309 27.590199157595634 5.8335417043417683 24.504641979932785 597.81885358795989 9.1919922754168493 117.72559877485037
leaf_count=129 134 111 105 1179 246 4164 240 694 263 35 351 5195 75 811
internal_value=0.000837154 0.00840284 0.000647011 0.000550972 -0.000129281 0.000419346 -0.00507555 0.000419346 0.000967972 -0.00257158 -0.00429422 0.000680532 -0.00736599 0.00160924
internal_weight=1475.13 30.87 1444.26 1430.51 544.962 473.713 71.2489 446.337 885.547 60.4591 54.6255 857.956 27.3763 260.138
internal_count=13732 245 13487 13382 5934 5062 872 4858 7448 632 597 7185 204 1990
is_linear=0
shrinkage=0.03


Tree=359
num_leaves=15
num_cat=0
split_feature=14 1 28 2 16 19 1 35 17 4 9 1 16 28
split_gain=1.6046 3.51098 1.62937 2.85934 3.10975 1.49349 1.17608 0.721977 0.531903 0.527004 4.98552 2.33851 2.93395 1.03883
threshold=1.3720874214476551 3.3725776244142782 16.500000000000004 0.015388257575757578 0.0069793813388886938 0.27706088465364959 0.0334543655703054 13.103563103563106 0.99980976180683312 -0.98328589779672482 0.025011196061939214 9.0915505007591531 10.174706729849458 9.5000000000000018
decision_type=2 8 2 2 10 10 8 8 2 10 10 10 10 2
left_child=2 -2 7 4 6 -5 -4 -1 9 13 -11 -12 -13 -9
right_child=1 -3 3 5 -6 -7 -8 8 -10 10 11 12 -14 -15
leaf_value=0.0032184195621895828 0.018907709889250193 0.0032184195621895828 -0.0071058245049150058 0.0032184195621895828 -0.0018019236585824151 -0.0018019236585824151 -0.015538930821995532 -0.00017832163426692441 0.0015381332993489921 -0.017631517331264137 -0.00017832163426692441 -0.0090292933808000554 -0.0028271179294722709 0.00063702023205308613
leaf_weight=17.664857149124146 9.5439701252616924 14.904988119378688 7.3171634189784527 12.125762355979534 35.91196739859879 11.893953803926705 30.285445175133646 479.37865904229693 24.223684962373227 10.485646691173313 665.9873952891212 57.620602708077058 14.016176985576747 83.712084123399109
leaf_count=136 98 119 73 94 301 76 468 4157 168 152 6249 889 99 686
internal_value=-0.000178729 0.00675524 -0.000318397 -0.00396456 -0.00682227 0.00321842 -0.0124097 -4.19432e-05 -0.000142153 -0.000264093 -0.000783667 -0.000427069 -0.00547591 0.000427024
internal_weight=1475.07 24.449 1450.62 97.5343 73.5146 24.0197 37.6026 1353.09 1335.42 1311.2 748.11 737.624 71.6368 563.091
internal_count=13765 217 13548 1012 842 170 541 12536 12400 12232 7389 7237 988 4843
is_linear=0
shrinkage=0.03


Tree=360
num_leaves=15
num_cat=0
split_feature=28 4 6 18 35 4 28 9 18 19 1 23 18 1
split_gain=1.64216 3.67588 5.5184 2.63108 2.05667 1.66035 6.38029 5.08875 4.3012 3.62487 2.02876 1.61946 3.46254 2.49233
threshold=6.5000000000000009 -0.099679597389168859 -0.39215592830092327 0.46860126799909868 29.478854478854483 -0.98328589779672482 10.500000000000002 0.017426350795307362 0.23402908568696068 1.9439308504368082 0.0084036075926994611 1.2460620530311641 0.69328055255980858 12.650826350017235
decision_type=2 8 2 10 8 10 2 10 10 10 10 2 8 8
left_child=1 2 -1 -4 -3 6 -2 -7 -8 -9 -11 12 13 -6
right_child=5 4 3 -5 11 7 8 9 -10 10 -12 -13 -14 -15
leaf_value=0.024015040258907858 0.0014430455631696069 0.0054809316360512322 0.0054809316360512322 0.014747985947479546 -0.0014825737426676189 -0.016795884286052377 0.0014430455631696069 0.00080049890091915196 0.014107003603069195 -0.0029178263134229982 -0.0083368958938380405 0.0033119017066229801 0.0016721888088423625 -0.011911069757421471
leaf_weight=12.581940790638326 72.214117479976267 8.2288050781935436 30.864037069492042 12.800235815346239 72.544670324306935 11.373819621745495 21.210098687559366 640.84451912832446 57.910787385888398 9.0076832296326739 50.913843370857649 116.50595818297006 347.73342376900837 24.845430864952505
leaf_count=142 685 76 280 89 601 155 198 6077 453 79 617 744 3374 236
internal_value=0.00120184 0.00236525 0.0093627 0.00548093 0.00159916 0.000349487 0.00314942 -0.000263329 0.0100336 0.000122092 -0.00663615 0.00114287 0.000265216 -0.00459475
internal_weight=1489.58 626.105 56.2462 43.6643 569.858 863.475 151.335 712.14 79.1209 700.766 59.9215 561.629 445.124 97.3901
internal_count=13806 5542 511 369 5031 8264 1336 6928 651 6773 696 4955 4211 837
is_linear=0
shrinkage=0.03


Tree=361
num_leaves=15
num_cat=0
split_feature=11 28 34 24 4 28 9 4 28 3 25 16 17 9
split_gain=1.45692 1.00254 2.83483 2.27038 1.98044 4.00346 4.0015 1.93192 1.68633 5.327 4.10723 2.05199 1.6825 1.51449
threshold=4.5848660010509734 6.5000000000000009 20.446220446220451 0.88261902062391095 -0.98328589779672482 12.500000000000002 0.017426350795307362 1.1125013584551502 12.500000000000002 0.078490797429216219 0.096697193812033358 8.8352199427117295 0.00026968730377224738 inf
decision_type=2 2 2 8 10 2 10 8 2 10 10 10 2 8
left_child=1 2 -1 -4 5 -3 -6 -5 10 -10 -8 -11 -12 -9
right_child=-2 4 3 7 6 -7 8 13 9 11 12 -13 -14 -15
leaf_value=0.004780200141914377 0.0091088116351878082 0.00098282831323319247 -0.0089106789296268356 0.0027140169059700647 -0.015924702192974934 0.004780200141914377 0.00098282831323319247 -0.002071290850304712 0.00098282831323319247 -0.0072278794446106534 -0.0066949335275272954 -0.0020681360003432991 -0.0015654608886528085 0.0012894921471380402
leaf_weight=42.126700344495475 12.725278025260193 99.476631273981184 16.591564662288874 144.71399114327505 10.578903869725762 51.265872990246862 233.83053888147697 192.36181053053588 114.7532265027985 139.76829712232575 88.268389575881884 68.586030913516879 49.564614963484928 225.35946824401617
leaf_count=255 99 902 115 1494 151 415 2230 1767 886 1654 1014 513 430 1905
internal_value=0.000555744 0.000451589 0.00136399 0.000647834 -0.0002145 0.00285068 -0.000885023 0.00100584 -0.000543873 -0.00211308 0.000830269 -0.0051191 -0.00411375 -0.000135033
internal_weight=1489.97 1477.25 621.154 579.027 856.093 150.743 705.35 562.435 694.771 323.108 371.664 208.354 137.833 417.721
internal_count=13830 13731 5536 5281 8195 1317 6878 5166 6727 3053 3674 2167 1444 3672
is_linear=0
shrinkage=0.03


Tree=362
num_leaves=15
num_cat=0
split_feature=11 16 9 13 1 28 24 22 28 0 28 13 22 4
split_gain=1.85443 2.07157 3.20192 3.70342 2.26441 4.05855 2.51548 1.85587 1.55958 1.61219 1.44716 1.28046 0.674078 1.05668
threshold=4.5848660010509734 -0.044560501123811803 0.36406687474596983 28.109475247503731 0.4512122761898259 16.500000000000004 0.21473362741186561 0.00057258548627373658 13.500000000000002 0.4294100666695061 11.500000000000002 -1.5020173737792912 0.00060037144381842043 1.0000000180025095e-35
decision_type=2 10 10 8 8 2 8 2 2 10 2 10 2 8
left_child=1 4 10 7 -1 6 11 -4 12 -10 -3 -6 13 -8
right_child=-2 2 3 -5 5 -7 8 -9 9 -11 -12 -13 -14 -15
leaf_value=0.0003170344946517126 0.010659934070957002 0.0003170344946517126 0.001926969710721409 0.0054704017640853329 -0.015893039770159625 -0.015237751770917674 -0.0017953573931196785 0.0036986857374033712 -0.00095972229997380305 -0.0058317440865171717 0.001926969710721409 -0.0058317440865171717 -0.00095972229997380305 -0.0040114932143914313
leaf_weight=302.99270923621953 10.664908944629131 241.74332123436034 165.89301001559943 55.803890029899776 14.034270495176317 15.711149430135263 29.976445368025455 138.36683607939631 9.925553694367407 26.847923180554062 107.87624047184363 7.1629510242491952 122.32358684763312 229.52788228646386
leaf_count=2582 90 1949 1514 400 120 278 580 985 84 418 863 50 1240 2526
internal_value=0.000391387 0.000280869 0.00144083 0.0035369 -0.000806766 -0.00223648 -0.00160596 0.00192697 -0.00102862 -0.00583174 0.000317034 -0.0106349 -0.000959722 -0.00263099
internal_weight=1478.85 1468.19 709.683 360.064 758.502 455.51 439.799 304.26 418.601 36.7735 349.62 21.1972 381.828 259.504
internal_count=13679 13589 5711 2899 7878 5296 5018 2499 4848 502 2812 170 4346 3106
is_linear=0
shrinkage=0.03


Tree=363
num_leaves=15
num_cat=0
split_feature=28 11 18 16 16 22 1 28 35 6 25 9 18 3
split_gain=1.22397 3.88356 4.40468 6.64203 4.27906 2.20668 14.8158 3.01057 4.96802 2.66095 4.21706 2.82578 2.31312 2.21257
threshold=5.5000000000000009 1.0000000180025095e-35 0.69328055255980858 89.81616927934725 0.31001307489020197 0.18991166789725913 21.181768279213717 14.500000000000002 38.886113886113897 0.23828800927436591 1.5845084539838972 0.58664625996438236 0.99969087635517917 0.075740939029320123
decision_type=2 2 10 8 10 2 10 2 10 2 10 10 8 10
left_child=1 2 3 -1 -4 7 -7 8 -2 11 -11 12 -10 -9
right_child=5 -3 4 -5 -6 6 -8 13 9 10 -12 -13 -14 -15
leaf_value=-0.0073046585438145866 0.0024877476460976374 0.013021215725506685 0.0024936529868703622 0.0017197687226393917 0.0070628597432272561 0.030113612910417979 0.0030580061763992375 0.0030580061763992375 -0.0057181457981237069 -0.0057181457981237069 -0.02450445051953529 -0.00026439543298398358 -0.002131377317924738 -0.00089722405569180519
leaf_weight=93.621038346085697 206.03220779635012 20.946832797722891 113.77374921552837 282.36103934794664 24.523076482117176 13.990028832107781 24.241302269510925 92.934289688244462 169.65349125722423 42.416894355555996 8.1620443365536612 141.55434252275154 127.4933586565312 128.2872278036084
leaf_count=797 1912 124 848 2790 145 121 276 711 1393 514 92 1423 1257 1420
internal_value=0.000545894 0.00168708 0.0011045 -0.000593725 0.00558103 -9.9293e-05 0.00652555 -0.000409541 -0.00137941 -0.00301654 -0.00923235 -0.00220394 -0.00399836 0.00260194
internal_weight=1489.99 535.226 514.279 375.982 138.297 954.765 38.2313 916.534 695.312 489.28 50.5789 438.701 297.147 221.222
internal_count=13823 4704 4580 3587 993 9119 397 8722 6591 4679 606 4073 2650 2131
is_linear=0
shrinkage=0.03


Tree=364
num_leaves=15
num_cat=0
split_feature=28 17 1 16 6 14 11 16 28 3 9 4 24 27
split_gain=1.42547 3.67392 3.36966 2.62892 2.51321 2.29965 2.21338 2.19727 2.15271 4.31075 3.85245 1.94646 1.79716 2.12092
threshold=5.5000000000000009 0.0296101611434877 23.984732185223439 -10.814202251021841 -0.91935984026257456 0.45503683561911862 1.0000000180025095e-35 8.7820626440641778 11.500000000000002 -0.107476787000178 0.93168980699816872 -0.090301739668514833 0.88261902062391095 2.7803408155077638
decision_type=2 2 10 10 2 2 2 8 2 10 10 8 8 8
left_child=1 6 4 -4 -2 8 12 -7 10 -10 -6 -3 -1 -14
right_child=2 11 3 -5 5 7 -8 -9 9 -11 -12 -13 13 -15
leaf_value=-0.010437847170843399 0.011076997658161213 0.018323125964929902 -0.012389969980285308 -0.0028094140767194247 -0.0028094140767194247 0.0028883887376972882 0.0046271678087681685 0.0057640219031227539 0.0028883887376972882 -0.00084613869650734515 0.0028883887376972882 0.0053465417628259333 0.002529415658828694 -0.00074128372429113837
leaf_weight=8.3041451852768642 15.527175294468178 9.9127905704081041 30.085247389273718 31.083587826928124 313.24983502132818 31.037077704444528 17.950110315810889 28.931389698758721 69.65568001428619 324.79921646090224 97.418902747798711 63.77951557841152 126.75320790102705 304.27644206956029
leaf_count=62 142 63 595 283 3009 214 103 235 501 3079 991 430 1357 2647
internal_value=0.00091716 0.00215237 0.000213067 -0.00631871 0.000699884 0.000451046 0.00110892 0.00576402 1.27556e-05 0.00158536 -0.00149866 0.00814542 0.000431664 0.000758364
internal_weight=1472.76 530.976 941.788 61.1688 880.619 865.092 457.284 59.9685 805.124 394.455 410.669 73.6923 439.334 431.03
internal_count=13711 4662 9049 878 8171 8029 4169 449 7580 3580 4000 493 4066 4004
is_linear=0
shrinkage=0.03


Tree=365
num_leaves=15
num_cat=0
split_feature=17 16 16 24 3 28 25 28 11 34 27 0 19 25
split_gain=1.42517 3.15428 1.44007 2.66213 2.55664 2.40367 2.15253 1.87008 2.58622 0.67089 1.91308 1.39568 0.611774 0.409915
threshold=0.99980976180683312 93.91033207475958 -14.087738448452123 0.81593757750943496 0.27563031470859056 14.500000000000002 -0.16498840113109556 9.5000000000000018 0.92918348406034845 51.764901764901772 2.1642689748614483 -4.3325265205566046 2.7039712011208361 -0.0094261139807172416
decision_type=2 8 10 8 8 2 8 2 2 2 8 10 10 10
left_child=2 -2 3 4 -1 6 -4 9 13 -5 -11 -12 -7 -9
right_child=1 -3 5 7 -6 12 -8 8 -10 10 11 -13 -14 -15
leaf_value=-0.0033597124124170779 0.0038207279688764681 0.016948539464848016 0.0038207279688764681 0.00069318957089895537 -0.014345044286590319 0.0038207279688764681 0.00069318957089895537 -0.0013332614207590614 0.00069318957089895537 -0.00027137396717869726 -0.0018155431897978877 -0.0033597124124170779 0.00069318957089895537 -0.0033597124124170779
leaf_weight=24.301976134534925 15.935345198959112 13.806697455234826 73.297554222866893 255.68364990968257 19.872975891456008 135.62518071709201 537.92601334978826 70.423821580130607 9.6486867405474168 90.373957014176995 47.231652408838272 70.921915099024773 17.060836357995868 103.40101794316433
leaf_count=212 124 119 547 2088 164 1151 4448 886 54 1340 373 864 156 1300
internal_value=0.000888058 0.00689941 0.000742048 -0.000249273 -0.0069791 0.00163565 0.000724504 0.000259679 -0.00240416 0.00069319 -0.00123594 -0.00335971 0.00382073 -0.00335971
internal_weight=1485.51 29.742 1455.77 691.86 44.175 763.91 611.224 647.685 183.474 464.211 208.528 118.154 152.686 173.825
internal_count=13826 243 13583 7281 376 6302 4995 6905 2240 4665 2577 1237 1307 2186
is_linear=0
shrinkage=0.03


Tree=366
num_leaves=15
num_cat=0
split_feature=20 14 13 2 13 28 8 9 3 9 19 11 1 28
split_gain=1.94851 1.2683 0.929232 0.730538 0.899069 5.20706 4.21108 2.20798 1.74793 1.99274 0.937133 0.606538 0.568024 0.535627
threshold=0.98781844079097103 1.3720874214476551 1.0000000180025095e-35 0.52232142857142871 -30.956889671101873 14.500000000000002 0.16905847791329623 0.54224138436965885 0.53698416168910679 0.29403968940138259 1.1154943586900583 0.29629694660509548 1.8235360115356134 12.500000000000002
decision_type=10 2 8 2 10 2 10 8 10 8 10 2 10 2
left_child=1 3 -2 4 5 8 11 -6 -1 -10 -11 -7 -3 -9
right_child=2 12 -4 -5 7 6 -8 13 9 10 -12 -13 -14 -15
leaf_value=-0.00048341490964031255 0.0053005206567380897 0.0053005206567380897 0.016258149107484573 0.0025697412311356661 -0.00048341490964031255 -0.005324800521810313 -0.020673879888676742 0.0011436285153484016 -0.013640389467442305 -0.002165735490669968 -0.0080346636320166361 -0.00048341490964031255 0.0025697412311356661 0.00033010680285404457
leaf_weight=338.20764956064522 3.726283048745243 14.972237226553263 6.8251106315292418 35.990296542644501 433.71324425842613 26.310707388445739 16.129443055484444 311.52486841834616 11.761687959544359 111.38171987817623 12.836767650442196 4.6992044746875754 8.2006468102335912 142.65245787240565
leaf_count=2924 69 147 143 335 3527 400 198 2539 226 1668 297 24 58 1189
internal_value=7.47217e-05 -3.7027e-05 0.0106381 -0.000161038 -0.000282484 -0.00126521 -0.0102851 0.000298379 -0.000483415 -0.00384806 -0.00242894 -0.00276125 0.00530052 0.00114363
internal_weight=1478.93 1468.38 10.5514 1445.21 1409.22 521.327 47.1394 887.891 474.188 135.98 124.218 31.0099 23.1729 454.177
internal_count=13744 13532 212 13327 12992 5737 622 7255 5115 2191 1965 424 205 3728
is_linear=0
shrinkage=0.03


Tree=367
num_leaves=15
num_cat=0
split_feature=20 14 18 28 3 9 19 4 18 28 13 25 22 28
split_gain=3.40157 2.08129 1.85482 1.36944 5.69303 3.41098 2.36605 3.00277 2.27424 2.15265 1.85383 1.52528 2.02547 1.11091
threshold=0.98781844079097103 0.98677641691313911 0.99477500734554736 11.500000000000002 -0.107476787000178 0.017426350795307362 2.4574023509631631 0.0016256854652977883 0.70269862812262684 4.5000000000000009 29.300273620127253 0.036294453802596445 0.0014067332304371881 12.500000000000002
decision_type=10 2 8 2 10 8 10 10 8 2 8 8 2 2
left_child=1 3 -3 5 -5 9 13 -8 10 -1 -7 -10 -13 -6
right_child=-2 2 -4 4 6 8 7 -9 11 -11 -12 12 -14 -15
leaf_value=-0.0019490014126686962 0.014623763444788544 0.0035666178483654814 0.0075789299175174152 0.0035666178483654814 0.0014518095964996913 -0.0019490014126686962 -0.0034368674477688391 -0.017027090112058489 0.0035666178483654814 -0.0072726783378471221 -0.00027088882393767855 -0.00027088882393767855 0.0020855541935594045 -0.0008884398735398278
leaf_weight=54.821881368756294 10.596454674494451 12.723010388202963 28.457342334091663 68.038258389104158 56.898134817369282 206.63342021033168 27.069661567453295 13.228342693764715 126.81091047869995 96.120198548771441 16.601230815518647 349.44984717853367 138.75466850493103 272.38617987162434
leaf_count=467 213 98 218 495 523 1759 272 160 1320 921 133 3406 1171 2605
internal_value=0.000684016 0.000534096 0.0068032 0.000330033 0.00171726 -0.000289229 -0.000662999 -0.0070918 0.000466041 -0.00436404 -0.001949 0.00140722 0.000604491 0.000218069
internal_weight=1478.59 1467.99 41.1804 1426.81 437.621 989.192 369.582 40.298 838.25 150.942 223.235 615.015 488.205 329.284
internal_count=13761 13548 316 13232 4055 9177 3560 432 7789 1388 1892 5897 4577 3128
is_linear=0
shrinkage=0.03


Tree=368
num_leaves=15
num_cat=0
split_feature=20 4 28 9 11 13 3 27 28 2 25 16 13 9
split_gain=1.35662 1.42079 5.30078 3.29202 2.11744 1.24398 1.06424 1.03301 1.36013 1.7646 1.14116 1.06758 0.41223 0.0892157
threshold=0.97737680367498092 -0.98328589779672482 11.500000000000002 0.025011196061939214 0.086205103520406959 -27.737593842472673 0.0008997212295169736 0.87687917552472072 12.500000000000002 0.015388257575757578 0.4054651081081645 1.9161321491181151 0.42336412941347956 0.54224138436965885
decision_type=10 10 2 10 2 8 10 10 2 2 10 8 8 10
left_child=1 2 4 6 13 -5 -3 8 10 -10 -7 -9 -2 -1
right_child=12 3 -4 5 -6 7 -8 11 9 -11 -12 -13 -14 -15
leaf_value=0.00094688646992190052 0.0051325443936779134 -0.005903811661657413 0.0051325443936779134 -0.005903811661657413 0.0051325443936779134 0.00094688646992190052 -0.01754675172522124 -0.0027486061869551903 -0.00096530269965436192 0.00094688646992190052 -0.00096530269965436192 -0.00096530269965436192 0.013462265807688377 0.0030397154317999072
leaf_weight=444.01885878108442 4.3459025947377068 5.9598696101456872 61.937421193346381 6.9649389601545408 12.427823458798228 373.12563623278402 8.9375049362424743 36.104609720176086 217.54840744938701 72.25809479970485 132.59972611116245 47.279862761497498 6.705150255234912 57.978415604215115
leaf_count=3807 73 49 495 53 72 3580 150 351 2267 473 1369 392 149 572
internal_value=0.000838762 0.000741883 0.00189807 -4.29562e-06 0.000946886 0.000265275 -0.0120729 0.000406599 0.000744278 -0.000965303 0.000946886 -0.00267488 0.00952321 0.000946886
internal_weight=1488.19 1477.14 576.363 900.779 514.425 885.881 14.8974 878.916 795.532 289.807 505.725 83.3845 11.0511 501.997
internal_count=13852 13630 4946 8684 4451 8485 199 8432 7689 2740 4949 743 222 4379
is_linear=0
shrinkage=0.03


Tree=369
num_leaves=15
num_cat=0
split_feature=28 13 9 16 14 18 13 25 28 9 4 25 28 3
split_gain=2.87224 2.33534 3.43706 3.39601 1.8819 1.33942 3.11398 1.60378 1.53569 1.36564 1.11842 2.91007 1.34519 1.0116
threshold=17.500000000000004 34.5299733589327 0.58664625996438236 15.919789559767798 0.12075791975369574 0.13330601678139073 -4.479743832047471 2.5898637769608572 13.500000000000002 0.011007817807598849 -0.98328589779672482 inf 8.5000000000000018 0.017869556912909201
decision_type=2 10 10 10 2 8 10 8 2 8 10 8 2 8
left_child=1 5 -3 -4 13 6 8 -8 -1 -7 11 -11 -12 -2
right_child=4 2 3 -5 -6 9 7 -9 -10 10 12 -13 -14 -15
leaf_value=-0.022380292198682969 -0.0025681405017045364 0.0035787584002291671 0.0088956888379927331 0.023338595197688345 0.0042900143128118172 -0.0012541374248824829 -0.0012541374248824829 -0.0081913587525791337 -0.0081913587525791337 0.0035787584002291671 0.0013510069273095756 0.0013510069273095756 -0.00011596766778158473 -0.012462646852104796
leaf_weight=7.4230922167189402 12.063549289945515 19.643636598717421 11.762012025341393 15.987256888300179 8.3114235363900644 194.10467804619111 62.879517760127783 14.774800000712274 3.8569831438362598 63.894243136281148 279.28360344667453 300.80859814863652 447.2364907967858 24.701256844215091
leaf_count=114 95 135 91 103 49 1716 546 145 66 599 2788 2563 4343 344
internal_value=0.000342536 0.000589282 0.00680654 0.0142126 -0.00672138 0.000350975 -0.00310983 -0.00125414 -0.0151286 0.000601558 0.0010222 0.00236588 0.000336134 -0.0094263
internal_weight=1466.73 1421.65 47.3929 27.7493 45.0762 1374.26 88.9344 77.6543 11.2801 1285.33 1091.22 364.703 726.52 36.7648
internal_count=13697 13209 329 194 488 12880 871 691 180 12009 10293 3162 7131 439
is_linear=0
shrinkage=0.03


Tree=370
num_leaves=15
num_cat=0
split_feature=0 28 14 25 28 28 13 22 27 2 24 25 4 22
split_gain=1.10469 6.06044 2.88339 1.5162 2.40716 1.37965 4.19346 3.61841 3.58601 3.50945 1.26791 0.911921 2.54913 1.86138
threshold=-0.8348631728980318 12.500000000000002 0.0025958151421088317 1.7933293292303893 8.5000000000000018 12.500000000000002 -5.3447084116828778 0.0025732762167335632 2.086338202746004 0.042200854700854711 -1.0512471108195622 -0.028385085825456621 -0.0013215700666271636 0.00050502315063974
decision_type=10 2 2 8 2 2 8 2 10 2 10 8 10 2
left_child=1 2 -1 4 -4 6 7 -2 9 10 -7 -8 -13 -14
right_child=5 -3 3 -5 -6 8 11 -9 -10 -11 -12 12 13 -15
leaf_value=0.0011575793514882885 -0.016518248205527358 0.013005995171039996 0.017618296142738101 0.0043964026395469352 0.0078358500296026729 -0.0040282015878591463 0.0011575793514882885 -0.003941775186942679 -0.017300979686317174 0.0011575793514882885 -0.00090241267444199813 0.00058459146139939577 -0.003941775186942679 -0.0011728051171273771
leaf_weight=208.83210390806198 22.217436578823254 36.141583961434662 26.441652872599661 19.601719681173563 13.817030964419244 227.79991544503719 166.68185206688941 10.110717479139565 7.3917759303003541 71.723623088095337 33.343474065419286 433.85326456476469 99.295257048681378 98.47148357052356
leaf_count=1865 258 286 164 131 91 2462 1583 74 62 457 260 4036 1222 816
internal_value=0.000572157 0.00216518 0.00115758 0.00763523 0.0112753 0.00014998 0.000808498 -0.00904113 -0.001446 -0.000843099 -0.0029624 0.00115758 1.16036e-05 -0.0029302
internal_weight=1475.72 304.834 268.693 59.8604 40.2587 1170.89 830.63 32.3282 340.259 332.867 261.143 798.302 631.62 197.767
internal_count=13767 2537 2251 386 255 11230 7989 332 3241 3179 2722 7657 6074 2038
is_linear=0
shrinkage=0.03


Tree=371
num_leaves=15
num_cat=0
split_feature=14 22 9 0 28 7 28 23 7 16 16 13 4 28
split_gain=1.2416 1.55858 0.958051 2.81695 1.82621 1.36635 1.26774 1.06032 1.13515 1.61375 1.07457 0.545109 0.387817 0.363683
threshold=1.3720874214476551 3.3121435302865243e-05 0.011007817807598849 -1.0000000180025095e-35 11.500000000000002 -1.0000000180025095e-35 14.500000000000002 1.48846164877547 inf 93.91033207475958 -10.814202251021841 1.5150919950189878 -0.98328589779672482 7.5000000000000009
decision_type=2 2 8 10 2 10 2 2 8 8 10 10 10 2
left_child=2 -2 3 4 5 -1 -5 8 9 12 -9 13 -4 -7
right_child=1 -3 7 6 -6 11 -8 10 -10 -11 -12 -13 -14 -15
leaf_value=6.3359264630767699e-05 0.0040424535095975669 0.015110961672543829 0.0015373590309871565 -0.018695894780385022 6.3359264630767699e-05 -0.0062763364475588003 -0.0062763364475588003 0.0023087808932137697 6.3359264630767699e-05 0.0023087808932137697 0.0040424535095975669 -0.0023452774124250232 0.00076593716876054358 -0.0039707653510977154
leaf_weight=29.659363564103842 13.677028317004444 9.4504576488397998 42.231714515946805 8.1580704222433251 42.744814496487379 69.792042154818773 4.3055638591758898 78.016730263829231 251.42902165092528 350.32421960635111 45.428167946403846 6.8378355093300334 492.5599106393056 42.206657849252224
leaf_count=239 117 95 432 130 297 644 62 520 2278 4182 288 42 4123 385
internal_value=0.000977241 0.00723076 0.000854151 -0.00103588 1.6903e-05 -0.00320935 -0.0125696 0.0011626 0.00086623 0.00146852 0.00375133 -0.00475391 0.000765937 -0.00559625
internal_weight=1486.82 23.1275 1463.69 203.704 191.241 148.496 12.4636 1259.99 1136.54 885.116 123.445 118.837 534.792 111.999
internal_count=13834 212 13622 1799 1607 1310 192 11823 11015 8737 808 1071 4555 1029
is_linear=0
shrinkage=0.03


Tree=372
num_leaves=15
num_cat=0
split_feature=28 3 18 35 16 13 14 28 17 35 16 16 13 25
split_gain=1.09212 13.8942 4.96162 4.71302 4.42233 4.40194 2.81078 4.17162 2.53621 2.31828 2.02309 1.92229 4.47805 1.80006
threshold=11.500000000000002 -0.1547796054673973 0.71326830208167502 37.246087246087257 8.251518133256214 -6.5487726317776902 0.035376828434630879 4.5000000000000009 8.0305997798529105e-06 96.06227106227108 -22.78953264225413 0.34676811583347877 -0.027423111544854818 -0.028385085825456621
decision_type=2 10 8 8 10 8 2 2 2 8 10 8 10 10
left_child=2 10 5 11 8 -1 7 -5 -3 -8 -2 -4 -13 -7
right_child=1 4 3 6 -6 13 9 -9 -10 -11 -12 12 -14 -15
leaf_value=-0.017070452012639955 0.0069189486120691032 -0.0042898588149743455 0.0040140775398816156 0.0017654724013432723 0.0045854995839446078 -0.00097317180443094492 0.0040140775398816156 -0.00097317180443094492 0.0011199094611608826 0.0017654724013432723 0.017658833451400496 0.0070675863028537558 0.02122692979861469 -0.0044690679006849782
leaf_weight=14.591303579625672 19.8900863584131 190.95362354046665 14.222570831887422 310.70719981752336 111.50802684249356 100.02881037583575 79.208739102235995 225.81686802348122 90.953009742312133 32.891868257895112 44.742811051663011 56.078081370331347 20.124445009976625 163.18299880065024
leaf_count=165 162 2302 116 2893 791 802 491 2554 723 194 336 649 165 1467
internal_value=0.000625961 0.00183367 7.56288e-05 0.00136091 -0.00034824 -0.00330725 0.000441589 -0.000483133 -0.00234568 0.00401408 0.0141861 0.00758657 0.0101211 -0.00224027
internal_weight=1474.9 458.048 1016.85 739.05 393.415 277.803 648.625 536.524 281.907 112.101 64.6329 90.4251 76.2025 263.212
internal_count=13810 4314 9496 7062 3816 2434 6132 5447 3025 685 498 930 814 2269
is_linear=0
shrinkage=0.03


Tree=373
num_leaves=15
num_cat=0
split_feature=20 13 14 28 13 22 4 2 22 16 4 9 28 17
split_gain=1.40737 1.07463 1.19847 1.01025 2.93205 3.43914 2.27273 1.94363 2.13929 5.57882 2.22624 1.6453 3.15938 2.85395
threshold=0.95139612030466447 37.956278136363331 0.006191526193038646 11.500000000000002 -6.5487726317776902 0.0031524063140547496 -0.63559419129389594 0.013072453861927548 1.7044762783410557e-05 8.7820626440641778 2.265154614724677e-17 0.071648088260096582 4.5000000000000009 0.043000352474237835
decision_type=10 10 2 2 8 2 10 2 2 10 10 8 2 2
left_child=1 3 -3 4 5 -1 -5 8 9 10 -8 12 -6 -13
right_child=-2 2 -4 6 11 -7 7 -9 -10 -11 -12 13 -14 -15
leaf_value=-0.015910508789246193 0.0096904691563668363 0.0031324944716220266 0.0053709631723483295 0.0031324944716220266 -0.00030444470721934316 -0.0038381974165466503 -0.0078153197100377554 0.0018017769059184977 0.00030301195688609125 -0.0026193192984885609 -0.019635740808490777 0.00026442295745918539 -0.0038381974165466503 0.0031324944716220266
leaf_weight=21.4261587203946 12.259418316301888 13.110013242810963 32.228988751769066 72.051720804534853 67.723127172328532 7.1599443498998872 25.957673750817776 91.891000255942345 193.32268607523292 21.293080674484372 21.700908476719633 653.87127272062935 114.31063569663092 140.00950968172401
leaf_count=233 234 124 192 592 565 57 436 585 1837 188 325 6407 1067 960
internal_value=0.00115483 0.00105146 0.00536856 0.00089643 0.000372969 -0.008346 0.00211148 0.000471059 -0.00119575 -0.00554165 -0.0130113 0.000669602 -0.00186853 0.00125964
internal_weight=1488.32 1476.06 45.339 1430.72 1004.5 28.5861 426.217 354.165 262.274 68.9517 47.6586 975.915 182.034 793.881
internal_count=13802 13568 316 13252 9289 290 3963 3371 2786 949 761 8999 1632 7367
is_linear=0
shrinkage=0.03


Tree=374
num_leaves=15
num_cat=0
split_feature=20 13 2 9 13 12 24 13 27 9 6 13 22 22
split_gain=0.960139 0.797391 0.788623 0.980347 1.68192 0.849982 0.999818 2.33699 0.975192 1.10453 0.567736 0.385753 0.243969 0.223578
threshold=0.97737680367498092 0.42336412941347956 0.50892857142857151 inf -23.550741292137122 0.042544464893621646 0.34998205182434616 -2.1111266850664081 2.7803408155077638 0.10551927300021083 0.16281656154814497 0.15979778695965161 0.0028948845337478093 0.0010931986636903504
decision_type=10 8 2 8 8 2 8 10 8 10 2 10 2 2
left_child=2 -2 3 4 -1 6 7 -6 9 -8 -4 12 -5 -10
right_child=1 -3 10 11 5 -7 8 -9 13 -11 -12 -13 -14 -15
leaf_value=-0.010674099773259137 0.0042262095967105298 0.013555284366648535 0.0042262095967105298 0.0011526543216598701 -0.0052345510151961157 0.0011526543216598701 -0.00059430040759812157 -0.0016380482326559267 -0.0016380482326559267 0.00050015274295814804 0.0023295516332273551 0.0023295516332273551 0.0017411029774436126 -0.00059430040759812157
leaf_weight=7.9265235995408148 4.4243968296796066 6.7871200422523543 30.001952365972102 179.46594872884452 28.541715690866113 119.7955276388675 213.09866363508627 46.571459148079157 77.985756528330967 693.5137412911281 5.9190840348601332 18.275428164750338 30.419135268777609 27.501747163012624
leaf_count=68 74 153 284 1558 242 665 1949 287 756 7198 59 109 229 214
internal_value=0.00063316 0.00790078 0.000551634 0.000432894 9.05622e-05 0.000204998 -0.000152349 -0.00337862 0.000102521 0.000449447 0.00422621 0.00221475 0.00115265 -0.00163805
internal_weight=1490.23 11.2115 1479.02 1443.1 1214.94 1207.01 1087.21 75.1132 1012.1 906.612 35.921 228.161 209.885 105.488
internal_count=13845 227 13618 13275 11379 11311 10646 529 10117 9147 343 1896 1787 970
is_linear=0
shrinkage=0.03


Tree=375
num_leaves=15
num_cat=0
split_feature=28 4 19 17 27 35 28 14 0 4 32 24 14 1
split_gain=2.18648 5.88302 5.11166 2.48348 2.36761 1.72679 2.38292 2.23309 2.17488 1.95424 1.76851 1.7179 1.71481 1.5797
threshold=11.500000000000002 -0.98328589779672482 2.4574023509631631 0.014684112240224294 -0.4054651081081645 37.246087246087257 5.5000000000000009 0.31704567717502902 0.0019109656861891597 -0.63559419129389594 61.816854474197136 -0.0041330786291144421 0.079070203122113908 1.4376966270097526
decision_type=2 10 10 2 10 8 2 2 8 10 2 10 2 10
left_child=5 13 4 -4 -3 7 10 -1 -8 -10 -7 -6 -11 -2
right_child=1 2 3 -5 11 6 8 -9 9 12 -12 -13 -14 -15
leaf_value=0.0007752535815544095 0.012473040695891434 0.005104140410966216 -0.01769648090070219 -0.0051423778882503388 -0.00067114291414774286 0.00028328158894174317 0.00049740292682341378 0.012170308986849602 -0.001785328492122745 -0.0076149451647246546 -0.0090228701665689571 0.0027097645638516719 -0.003769257748071856 0.005104140410966216
leaf_weight=117.46777455182746 52.058404606766999 28.402782447636127 17.923671899363402 7.8451608810573807 305.4043267890811 519.2609708304517 32.689741246518679 12.978760713711379 109.32679737359285 163.39439540344756 14.0462539200671 32.39181264070794 54.18519374448806 8.5438891979865712
leaf_count=1142 391 273 228 65 2957 4540 313 85 1028 1924 155 262 315 108
internal_value=-8.14965e-05 0.00164399 0.000249127 -0.0115048 0.00122006 -0.000848863 -0.00132161 0.00231642 -0.00319077 -0.00406806 -4.33552e-05 0.000315389 -0.00575319 0.00995915
internal_weight=1475.92 452.57 391.968 25.7688 366.199 1023.35 892.903 130.447 359.596 326.906 533.307 337.796 217.58 60.6023
internal_count=13786 4284 3785 293 3492 9502 8275 1227 3580 3267 4695 3219 2239 499
is_linear=0
shrinkage=0.03


Tree=376
num_leaves=15
num_cat=0
split_feature=11 7 13 22 23 12 14 0 6 13 1 22 1 18
split_gain=2.59352 1.28914 1.99137 1.85229 1.76298 1.41074 1.72746 1.38363 1.26925 1.42024 1.1309 1.02782 0.936801 0.478844
threshold=4.5848660010509734 inf 0.18915919558263541 0.42915585770375719 1.3688372855374722 0.042544464893621646 0.04149420284324188 -4.3325265205566046 -0.47649239746626365 0.18915919558263541 2.2064447078783123 0.0025732762167335632 21.181768279213717 0.49282082593349646
decision_type=2 8 10 2 2 2 2 10 2 8 10 2 10 8
left_child=1 3 4 5 7 6 -1 -3 -9 11 -7 -10 -5 -8
right_child=-2 2 -4 12 -6 10 13 8 9 -11 -12 -13 -14 -15
leaf_value=-0.00041193230967566591 0.011500300183803514 -0.003179510739811891 -0.00041193230967566591 0.0058167932339798457 -0.0017145044590694612 0.0031019005920059199 0.0005724552948653507 -0.004804624613946199 -0.017191815152623125 -0.0065613729030703678 0.0015568428994063674 -0.0098714527384872845 0.0031019005920059199 0.0015568428994063674
leaf_weight=708.6172678336734 13.290153590147382 76.40405361354351 33.729246994480491 9.1844450486823899 70.412653367966413 99.878641779767349 107.02031840849668 34.431686788797379 30.322870250791311 95.122938144020736 13.742420718073843 8.5412697922438365 25.959307097829878 168.83287531137466
leaf_count=8078 106 624 204 84 429 602 660 381 265 967 73 57 307 1014
internal_value=0.000272288 0.000133286 -0.00144845 0.000624583 -0.00301708 0.000387008 1.17852e-05 -0.00464452 -0.00642974 -0.00831812 0.0031019 -0.0131815 0.00581679 0.00155684
internal_weight=1495.49 1482.2 348.965 1133.24 315.235 1098.09 984.47 244.823 168.419 133.987 113.621 38.8641 35.1438 275.853
internal_count=13851 13745 2927 10818 2723 10427 9752 2294 1670 1289 675 322 391 1674
is_linear=0
shrinkage=0.03


Tree=377
num_leaves=15
num_cat=0
split_feature=28 35 1 22 18 27 22 13 2 0 4 14 18 14
split_gain=1.42897 5.22588 4.557 12.1117 3.91467 3.73497 3.67508 4.99472 3.24984 3.17011 2.10922 2.04286 1.57816 1.56694
threshold=8.5000000000000018 36.355311355311365 12.650826350017235 0.2518066402963291 0.11951571351005436 -0.20609424360098869 0.0025732762167335632 -0.027423111544854818 0.50892857142857151 -0.029919496997230181 inf 2.8822523114203985e-05 0.20878160952173633 0.9980537185786047
decision_type=2 8 10 2 10 8 2 8 2 10 8 2 10 2
left_child=1 4 3 8 -1 -6 7 9 13 -3 -9 -4 -12 -2
right_child=2 6 11 -5 5 -7 -8 10 -10 -11 12 -13 -14 -15
leaf_value=0.0050498096995579408 -0.00095327876738373176 -0.0047107063569913534 -0.014233998795113981 0.029516689934689554 0.029362315096295277 0.011105350073290795 0.0050288381801545769 0.0023224812879979865 0.011697446253048636 -0.015068883563973021 -0.0025862680145569768 -0.0040455493602516842 0.00074031850109076308 0.0055044823339605109
leaf_weight=32.82159667275846 597.41352690872736 7.4056938234716645 24.312941381940618 7.4997955323196939 10.63758749514818 18.018441379070286 134.55298638821114 158.78653347725049 14.67937363963574 33.983134990441613 212.45912096975371 30.7630017939955 175.37466997466981 11.896631573326884
leaf_count=380 5439 66 564 68 77 146 1087 1696 155 354 2044 189 1356 119
internal_value=0.000525697 0.00139692 -0.000472121 0.000276846 0.00944793 0.0171609 0.000651694 -0.000383876 -0.000306432 -0.00983589 0.000414476 -0.00836795 -0.000841844 -0.000688482
internal_weight=1470.61 784.04 686.565 631.489 61.4776 28.656 722.562 588.009 623.99 41.3888 546.62 55.0759 387.834 609.31
internal_count=13740 7206 6534 5781 603 223 6603 5516 5713 420 5096 753 3400 5558
is_linear=0
shrinkage=0.03


Tree=378
num_leaves=15
num_cat=0
split_feature=20 28 7 12 25 22 18 28 22 28 23 18 13 6
split_gain=1.53433 0.765212 1.18581 1.33439 1.50281 1.16688 1.15019 1.00588 1.11762 0.967508 0.804915 0.774889 0.827679 1.19045
threshold=0.94204301282539538 1.5000000000000002 inf 0.45766830044824269 -0.26310117733359023 0.00071654475289817529 0.081687308919095078 5.5000000000000009 0.16021219073730969 13.500000000000002 2.2049849819147878 0.1164780578617453 0.15979778695965161 0.19238287463426831
decision_type=10 2 8 2 10 2 10 2 2 2 2 8 10 2
left_child=1 5 3 4 9 10 -5 -6 -9 -3 -1 -4 13 -13
right_child=-2 2 11 6 7 -7 -8 8 -10 -11 -12 12 -14 -15
leaf_value=-0.00064135888432953969 0.010015878373769688 0.0031997045646896178 -0.008664550587876671 0.0031997045646896178 0.001872741196994874 0.0055357533035244521 0.0055357533035244521 3.5104766854998984e-05 0.001872741196994874 0.001872741196994874 0.0033803437885258805 -0.0010239174922198903 3.5104766854998984e-05 -0.0046965029732983403
leaf_weight=72.282438192516565 12.49016657611355 72.231999983545393 6.7858127634972325 19.826662201434374 176.63229657895863 28.806997627019882 39.790986679494381 736.87048970349133 29.465724259149283 42.96260124258697 23.54345578700304 166.39833065681159 22.566712349653244 22.825918158516288
leaf_count=658 241 752 56 106 1678 213 229 7105 309 414 139 1437 140 227
internal_value=0.0011652 0.00105563 0.000838472 0.00123331 0.000972632 0.00326191 0.00542678 0.000545778 3.95865e-05 0.0031997 0.00122493 -0.0011631 -0.000728455 -0.00208294
internal_weight=1473.48 1460.99 1336.36 1117.78 1058.16 124.633 59.6176 942.969 766.336 115.195 95.8259 218.577 211.791 189.224
internal_count=13704 13463 12453 10593 10258 1010 335 9092 7414 1166 797 1860 1804 1664
is_linear=0
shrinkage=0.03


Tree=379
num_leaves=15
num_cat=0
split_feature=14 1 27 9 22 1 28 2 13 0 13 13 16 22
split_gain=1.69698 2.0872 0.853708 2.32682 3.42244 3.52891 1.66833 1.84583 1.62066 1.02082 0.959775 0.750609 0.639912 0.411063
threshold=1.3720874214476551 4.9849610352170908 2.8182868624813762 inf 0.0014067332304371881 -0.88881341392242841 5.5000000000000009 0.44757326007326009 -0.41599462909867352 inf 0.15979778695965161 37.956278136363331 -0.992818597685036 0.16021219073730969
decision_type=2 8 8 8 2 10 2 2 8 8 8 10 10 2
left_child=2 -2 6 4 5 -4 8 11 -1 -10 -5 13 -7 -8
right_child=1 -3 3 10 -6 12 7 -9 9 -11 -12 -13 -14 -15
leaf_value=-0.00042553833742120967 0.016017329217915138 0.0037654536644332729 -0.0058249095689540901 -0.0026140219728264065 -0.0026140219728264065 -0.017382370327146939 -0.00042553833742120967 0.0037654536644332729 0.0037654536644332729 0.0016699576635060315 -0.00042553833742120967 0.0016699576635060315 -0.010015859899082007 0.00062220966304241099
leaf_weight=15.351066531147806 10.577863649465142 11.874631894752385 28.97053586691618 69.852617521770298 32.886699147522449 34.533157898462377 799.66066192404833 42.231661367928609 129.5077508809045 42.045198753476143 169.07915399037302 43.507730069570243 21.260158357676119 32.335230831988156
leaf_count=133 110 98 239 521 247 370 7790 383 1269 362 1466 301 197 334
internal_value=0.000140026 0.00752972 1.18958e-06 -0.00126479 -0.00480251 -0.0090358 0.00041371 -0.000117592 0.0029576 0.00376545 -0.000425538 -0.000425538 -0.0142068 -0.000425538
internal_weight=1483.67 22.4525 1461.22 356.582 117.651 84.7639 1104.64 917.735 186.904 171.553 238.932 875.504 55.7933 831.996
internal_count=13820 208 13612 3040 1053 806 10572 8808 1764 1631 1987 8425 567 8124
is_linear=0
shrinkage=0.03


Tree=380
num_leaves=15
num_cat=0
split_feature=13 0 4 14 21 28 32 25 35 9 13 9 13 3
split_gain=1.8347 2.61848 2.5513 3.68344 3.18674 2.38228 2.25829 3.49066 1.42701 1.28205 1.18284 1.14668 0.419764 0.39797
threshold=-30.956889671101873 0.5396334072819019 -0.61404208308523278 0.76194942746379735 0.00024743494774526073 9.5000000000000018 53.050795358487669 0.20728009907230008 92.690642690642704 0.426279375468883 0.082967937723451721 0.58664625996438236 25.288756637471053 1.0634150863895175
decision_type=10 10 10 2 2 2 2 10 8 8 10 10 10 8
left_child=1 8 3 4 5 10 -3 9 -1 -8 -2 -4 -13 -6
right_child=2 6 11 -5 13 -7 7 -9 -10 -11 -12 12 -14 -15
leaf_value=0.00010828435067275151 0.0016376285844622871 -0.0018798004404330722 0.00010828435067275151 0.016988908308283618 0.0097265688004585012 0.0056820986924603946 -0.010716359414522777 -0.016879794448710909 -0.0018798004404330722 -0.0045529243803346447 0.0056820986924603946 0.00087295646756751935 0.0016376285844622871 0.0056820986924603946
leaf_weight=244.54106562770903 182.06100274529308 92.796587040880695 270.78597064723726 11.707182179205118 33.823669873178005 77.204459166154265 13.797583923209457 20.971571809612215 125.90052673220634 58.359691826626658 44.18775725713931 247.85710768366698 50.187103807460517 8.8618257194757444
leaf_count=2256 1554 1089 2284 94 223 608 264 493 946 1046 290 2259 350 59
internal_value=0.000378855 -0.000977512 0.00119408 0.00316697 0.00246423 0.00163763 -0.00386789 -0.00722605 0.000108284 -0.00455292 0.00163763 0.000108284 0.00163763 0.00972657
internal_weight=1483.04 556.367 926.676 357.846 346.139 303.453 185.925 93.1288 370.442 72.1573 226.249 568.83 298.044 42.6855
internal_count=13815 6094 7721 2828 2734 2452 2892 1803 3202 1310 1844 4893 2609 282
is_linear=0
shrinkage=0.03


Tree=381
num_leaves=15
num_cat=0
split_feature=28 22 7 2 13 3 13 22 12 23 22 23 18 28
split_gain=1.02811 3.09474 2.05576 2.31371 1.91024 1.54577 1.64343 1.76639 1.44655 2.15966 0.953469 0.88744 0.796406 0.760566
threshold=1.5000000000000002 0.00071654475289817529 inf 0.52232142857142871 0.027139979019462045 -0.94951187661970138 -8.4016969854005961 0.00029463359990797338 1.0000000180025095e-35 0.013863126021198871 0.18991166789725913 8.3925056488160035 0.18902000520532422 4.5000000000000009
decision_type=2 2 8 2 8 10 10 2 2 2 2 2 10 2
left_child=1 4 3 8 -1 -4 7 -7 10 -10 13 12 -6 -2
right_child=2 -3 5 -5 11 6 -8 -9 9 -11 -12 -13 -14 -15
leaf_value=-0.0064622430300386299 0.00039095897883760294 0.010650794625116981 -0.0012956058686623714 0.0082679334106852478 -0.0020543215210259945 -0.011901102256943016 -0.0030823732321639528 -0.0054086125251456363 0.0013959876022662217 0.0041522091636535183 0.0013959876022662217 0.0052968268137676159 0.002772815147966659 -0.00098231779565958956
leaf_weight=25.43482562713325 82.180303651839495 26.920736452564597 74.981018021702766 26.608635863754898 43.328145952895284 48.13643435575068 59.956506025977433 39.965386104770005 58.057155868038535 58.169420196674764 39.900634885649197 16.604173667728901 16.048536323010921 872.22892803116702
leaf_count=188 822 199 579 262 442 559 447 347 337 353 428 101 110 8724
internal_value=-1.02201e-05 0.0025042 -0.000255764 0.000264448 -5.7141e-05 -0.00285566 -0.00486914 -0.00773485 3.64849e-05 0.00313108 -0.000339104 0.0023536 0.000248803 -0.00061407
internal_weight=1488.52 128.336 1360.18 1137.15 101.416 223.039 148.058 88.1018 1110.54 116.227 994.31 75.9809 59.3767 954.409
internal_count=13898 1040 12858 10926 841 1932 1353 906 10664 690 9974 653 552 9546
is_linear=0
shrinkage=0.03


Tree=382
num_leaves=15
num_cat=0
split_feature=18 34 14 1 4 9 23 13 28 9 18 28 28 20
split_gain=1.94288 2.06314 6.09796 3.9649 1.64763 3.86676 3.39523 1.85198 1.3396 0.884235 0.881481 0.702031 0.581906 0.612743
threshold=inf 55.319680319680337 4.1029984363682278e-05 0.50202688844205656 -0.61404208308523278 0.059156514195529843 0.011208186893535569 -27.737593842472673 8.5000000000000018 0.025011196061939214 0.20578973944160686 10.500000000000002 14.500000000000002 0.52623161005586294
decision_type=8 2 2 8 10 10 2 10 2 10 10 2 2 8
left_child=4 2 3 9 10 6 -6 11 -4 -2 -1 -7 13 -11
right_child=1 -3 8 -5 5 7 -8 -9 -10 12 -12 -13 -14 -15
leaf_value=0.00014377194032419332 0.0047900446710972162 0.0012159578567039839 0.020794811955464898 0.0025442829030433052 -0.020933540218989716 -0.0030072641032703991 -0.0060993685331762011 8.4840326635402937e-05 0.0093806061816452246 0.0065233279420777602 0.0012159578567039839 -0.0060993685331762011 0.0065233279420777602 0.0093806061816452246
leaf_weight=42.753695030231029 27.835992293432355 197.20981680415571 19.361018307507042 156.90106387995183 13.889185221865775 10.080298890592532 9.001666955649851 519.16874326532707 8.8563290648162347 11.7049315944314 310.33690748689696 20.39368016179651 19.101951192133129 114.89256369741634
leaf_count=396 186 2819 128 1842 125 104 61 4347 66 75 2430 206 162 867
internal_value=0.000941682 0.00233503 0.00387261 0.00259775 9.689e-05 -0.000928414 -0.0118267 -0.00037201 0.0161635 0.00703581 0.00121596 -0.00609937 0.00825661 0.00938061
internal_weight=1481.49 555.864 358.654 330.437 925.624 572.534 22.8909 549.643 28.2173 173.535 353.091 30.474 145.699 126.597
internal_count=13814 6145 3326 3132 7669 4843 186 4657 194 1290 2826 310 1104 942
is_linear=0
shrinkage=0.03


Tree=383
num_leaves=15
num_cat=0
split_feature=13 12 28 34 28 11 9 1 25 28 24 28 7 9
split_gain=1.8757 2.5002 4.18006 2.09087 2.00164 2.73575 1.84379 1.24121 1.94128 1.20671 0.927418 0.741532 0.640201 0.611253
threshold=-30.956889671101873 0.56818640388045505 12.500000000000002 21.062271062271066 9.5000000000000018 0.85451200546220096 0.53689005370546017 2.7248013184644422 0.011494759112349763 13.500000000000002 0.21473362741186561 12.500000000000002 -0.31060634393815872 0.017426350795307362
decision_type=10 2 2 2 2 2 10 10 10 2 8 2 10 8
left_child=4 3 -3 -2 10 7 11 8 -6 -8 -1 -5 -9 -12
right_child=1 2 -4 6 5 -7 9 12 -10 -11 13 -13 -14 -15
leaf_value=-0.0061202912631671755 0.00481723797109063 0.00481723797109063 0.0206155127262308 0.00029749310070709026 -0.0024778281265223768 0.00029749310070709026 0.0027255812662750436 -0.0076214578149834834 -0.0076214578149834834 0.0014209017325895414 -0.0029113990812300429 0.0014209017325895414 -0.016443034320224537 0.00029749310070709026
leaf_weight=15.327581502497194 53.527291990467347 23.738665667595342 12.907655810005961 366.95102978276554 70.973814135883003 10.783701065927742 235.84237651433796 10.823415918741377 62.795186787378043 106.70236520841718 38.638866843190044 121.42625967878848 10.92939379182644 341.78972565359436
leaf_count=136 336 139 78 3027 746 60 2132 198 692 975 417 1035 296 3570
internal_value=0.000562899 0.00139343 0.00858564 0.00104884 -0.000798444 -0.00350968 0.000633925 -0.00525315 -0.00388742 0.00254431 0.000297493 0.000297493 -0.0113555 0.000297493
internal_weight=1483.16 921.096 36.6463 884.449 562.062 166.306 830.922 155.522 133.769 342.545 395.756 488.377 21.7528 380.429
internal_count=13837 7722 217 7505 6115 1992 7169 1932 1438 3107 4123 4062 494 3987
is_linear=0
shrinkage=0.03


Tree=384
num_leaves=15
num_cat=0
split_feature=28 27 13 34 24 2 14 4 14 27 28 9 18 13
split_gain=1.72311 4.26893 3.90404 2.79846 1.92037 6.39685 3.79163 2.39802 1.77055 1.76413 1.38336 2.18963 1.57498 1.70019
threshold=6.5000000000000009 -0.10486026549103421 -6.5487726317776902 20.446220446220451 -1.0512471108195622 0.14884920634920637 0.0078647361457787283 -0.98328589779672482 0.14531060605760884 1.3922115899433924 5.5000000000000009 1.935815970001517 0.48827384531311341 1.2008116279924212
decision_type=2 8 8 2 10 2 2 10 2 8 2 10 8 8
left_child=1 -1 -3 -4 7 6 -6 -2 10 -10 12 -12 13 -5
right_child=4 2 3 8 5 -7 -8 -9 9 -11 11 -13 -14 -15
leaf_value=0.01814277043937057 0.0010375297606755312 -0.011631425000004757 0.0085358335747260025 -0.0051348371866329319 0.0010375297606755312 0.021416460657121834 0.011226995208898683 -0.0021086466939496153 0.0046553316968571921 0.0023860058583995486 -0.0051348371866329319 0.0023860058583995486 0.0014144364907783635 -0.0012881607542800696
leaf_weight=8.260508878156541 148.22996575944126 16.579610611777753 40.330022203619592 32.46405138168484 53.214442962314934 10.041518562473355 24.208327575121075 625.62537132191937 37.951147372834384 31.595652004703879 52.756849113386124 9.6517204483970982 378.05184326600283 18.209980070125312
leaf_count=66 1298 155 248 335 422 96 186 6270 221 187 550 114 3576 147
internal_value=9.92632e-05 0.00129161 0.000922331 0.00136175 -0.000769577 0.0033259 0.00103753 -0.00125084 0.00077483 0.00465533 0.00011668 -0.00388277 0.000736919 -0.00399076
internal_weight=1487.17 625.851 617.591 601.011 861.32 87.4643 77.4228 773.855 560.681 69.5468 491.134 62.4086 428.726 50.674
internal_count=13871 5599 5533 5378 8272 704 608 7568 5130 408 4722 664 4058 482
is_linear=0
shrinkage=0.03


Tree=385
num_leaves=15
num_cat=0
split_feature=1 18 28 16 0 14 28 3 9 28 14 16 2 16
split_gain=1.6896 1.31459 0.907095 4.73531 0.920816 0.764816 0.678134 3.21319 2.43808 0.832912 2.38826 1.95233 2.21982 1.50164
threshold=-1.4253735324078141 0.20878160952173633 1.5000000000000002 6.0037675624386155 9.0298743884754558 1.3720874214476551 17.500000000000004 0.059739457796042693 0.70393695053644401 14.500000000000002 0.03873646615654823 -30.714970078797702 0.17403846153846156 -9.6716343035671422
decision_type=8 10 2 8 8 2 2 8 10 2 2 10 2 8
left_child=1 -1 3 4 -2 6 9 -8 -9 10 13 12 -11 -4
right_child=2 -3 5 -5 -6 -7 7 8 -10 11 -12 -13 -14 -15
leaf_value=0.0041375868054380855 -0.0023391087771061948 0.015549281755897282 -0.0091882789164088752 0.0041375868054380855 -0.01290754420158177 0.0041375868054380855 0.0020824500706149787 -0.016967050650965012 -0.0036487299555645735 -0.008223093579046126 0.0020824500706149787 0.0020824500706149787 -0.00083037870246839487 -0.0007275180870789606
leaf_weight=14.487238157540562 9.3786360863596183 7.7183220069855443 14.381645974004639 99.794161193072796 12.915495473891498 22.177820220123976 17.352928791195154 13.986079674214126 14.712164489086716 39.755524081876501 258.30882767599542 124.95542177511379 7.6574999652802935 824.40706164028961
leaf_count=164 72 110 151 832 93 203 129 184 183 540 1521 1041 53 8571
internal_value=0.000502673 0.00791183 0.000363346 0.00278555 -0.0088158 0.000132728 2.73133e-05 -0.00336317 -0.00937991 0.000163019 -0.000144714 0.00207055 -0.00374321 -0.000926171
internal_weight=1481.99 22.2056 1459.78 122.088 22.2941 1337.69 1315.52 46.0512 28.6982 1269.47 1097.1 172.368 47.413 838.789
internal_count=13847 274 13573 997 165 12576 12373 496 367 11877 10243 1634 593 8722
is_linear=0
shrinkage=0.03


Tree=386
num_leaves=15
num_cat=0
split_feature=9 3 28 28 18 27 28 18 2 18 9 26 18 28
split_gain=1.49503 4.04971 1.8992 2.63848 1.86048 0.963642 1.48891 6.53253 4.16389 1.2322 1.65174 1.19414 0.622417 0.253647
threshold=0.011007817807598849 -1.0000000180025095e-35 11.500000000000002 7.5000000000000009 0.41686395383843511 -0.26174353192345839 8.5000000000000018 0.71925165519133183 0.11602564102564104 inf 0.55917947293063575 2.9986762963902809 0.48827384531311341 4.5000000000000009
decision_type=8 10 2 2 10 8 2 10 2 8 8 8 8 2
left_child=1 2 3 12 -5 6 7 -2 -8 10 -7 -11 13 -1
right_child=5 -3 -4 4 -6 9 8 -9 -10 11 -12 -13 -14 -15
leaf_value=-0.0027487985861766977 0.0026422256982010645 -0.016536609541165252 -0.00021211129155339041 -0.0084745658612036482 -0.00078505729437126882 -0.00021211129155339041 0.0026422256982010645 0.027061892705494701 0.01957263955568701 0.0026422256982010645 0.0010872894073910096 0.0010872894073910096 -0.00021211129155339041 -0.0079970168307714647
leaf_weight=7.7407393828034428 8.5678461231291312 10.122835607267914 44.368354922160506 18.838331662118435 29.596591807901859 285.38251526735257 50.23843811545521 7.6143171265721312 8.4021937968209368 276.86935633840039 406.83001847739797 221.38358134403825 85.694466227665544 9.9638432785868627
leaf_count=71 86 174 303 181 261 2441 482 52 67 3324 3350 2101 747 91
internal_value=0.000765402 -0.00157615 -0.000412522 -0.00352143 -0.00847457 0.00115193 0.00435094 0.011355 0.00264223 0.000933511 0.000111449 0.00206313 -0.000682605 -0.00528549
internal_weight=1471.61 206.325 196.202 151.834 48.4349 1265.29 74.8228 16.1822 58.6406 1190.47 692.213 498.253 103.399 17.7046
internal_count=13731 1828 1654 1351 442 11903 687 138 549 11216 5791 5425 909 162
is_linear=0
shrinkage=0.03


Tree=387
num_leaves=15
num_cat=0
split_feature=24 20 13 0 28 11 28 18 28 3 27 7 28 14
split_gain=2.14024 1.53758 1.77894 2.46035 1.81171 2.00196 1.1504 3.38524 2.08384 2.65939 0.920996 0.834303 1.47221 0.747457
threshold=0.34998205182434616 0.9063878823108632 -30.956889671101873 9.0298743884754558 10.500000000000002 0.84566974182936427 6.5000000000000009 0.72359182548857237 11.500000000000002 0.0008997212295169736 -0.4054651081081645 -0.10739615906999232 9.5000000000000018 0.43982366947471624
decision_type=10 10 10 10 2 2 2 8 2 10 10 8 2 2
left_child=1 2 3 4 -1 -6 7 -4 13 -10 -11 -5 -13 -8
right_child=-2 -3 6 11 5 -7 8 -9 9 10 -12 12 -14 -15
leaf_value=-0.00030675398889639857 0.011824064721304185 0.0059485750904589782 -0.00030675398889639857 -0.0041010603641557413 -0.0041010603641557413 -0.00030675398889639857 -0.00030675398889639857 0.0029519609056229273 0.0029519609056229273 0.001350087873067865 -0.00030675398889639857 -0.0069179464408315018 -0.019735416638390357 0.0029519609056229273
leaf_weight=373.18829391244799 9.0842839600518328 13.764166902285067 124.81092104502022 8.1658409647643548 118.60382543224841 7.6242161113768807 232.77250060322694 189.36304431222379 75.120757983997464 20.308010959066451 236.92508336761966 33.965025817044079 6.7285315671470007 24.3419323656708
leaf_count=3650 62 262 1032 162 1396 37 2083 1411 506 162 2088 543 179 177
internal_value=0.000185177 7.30855e-05 -4.46533e-05 -0.00138562 -0.000721038 -0.00392457 0.000772112 0.00222277 -1.32507e-05 0.00208333 -0.000251785 -0.00748108 -0.00973483 -0.000306754
internal_weight=1474.77 1465.68 1451.92 548.276 499.416 126.228 903.642 314.174 589.468 332.354 257.233 48.8594 40.6936 257.114
internal_count=13750 13688 13426 5967 5083 1433 7459 2443 5016 2756 2250 884 722 2260
is_linear=0
shrinkage=0.03


Tree=388
num_leaves=15
num_cat=0
split_feature=16 14 24 22 23 9 3 27 26 16 16 1 17 18
split_gain=0.964376 0.652283 0.460617 0.90124 0.837759 0.898686 3.21945 0.717547 0.641448 0.57942 0.372337 0.350444 0.328529 0.231392
threshold=93.91033207475958 1.3720874214476551 -1.0512471108195622 2.4667213915933394e-05 4.2448824175363251 0.031898869250004035 -1.0000000180025095e-35 1.5064870399942487 -0.042972802841402029 5.8765141184015039 93.91033207475958 2.6197995589884404 0.0012287467288384999 0.092961834124841006
decision_type=10 2 10 2 2 8 10 8 10 10 8 10 2 10
left_child=1 2 4 -4 5 6 13 10 -8 -9 12 -3 -7 -1
right_child=-2 11 3 -5 -6 7 8 9 -10 -11 -12 -13 -14 -15
leaf_value=-0.0035921929391057299 0.0075871520863939768 0.0041353854014628041 0.0013993282822653728 0.0023632525449509114 0.0013993282822653728 -4.3022842315826642e-05 -0.0067430365971094496 -0.00087219055463128839 -0.01612997562886085 -4.3022842315826642e-05 0.00075154826940427146 0.0023632525449509114 0.0003542627135442224 -0.00087219055463128839
leaf_weight=32.763671781867743 13.50308568542823 15.433189266361298 16.684874309226871 89.371328400447965 145.89916385291144 204.80773141467944 4.6922242436558035 278.44071230664849 13.013264698907731 24.96769405528903 304.37850557407364 6.9897056743502608 246.46067961282097 85.668902700766921
leaf_count=342 84 159 129 684 959 2007 39 2561 209 190 3820 50 1863 750
internal_value=0.000771756 0.000683619 0.00059112 0.00236325 0.000435404 0.000103768 -0.00214609 0.000401705 -0.0126139 -0.000837594 0.000751548 0.00413539 -4.30228e-05 -0.000872191
internal_weight=1483.07 1469.57 1447.15 106.056 1341.09 1195.19 136.138 1059.06 17.7055 303.408 755.647 22.4229 451.268 118.433
internal_count=13846 13762 13553 813 12740 11781 1340 10441 248 2751 7690 209 3870 1092
is_linear=0
shrinkage=0.03


Tree=389
num_leaves=15
num_cat=0
split_feature=13 12 28 0 28 7 4 28 14 0 24 22 13 2
split_gain=1.05073 3.08382 5.82618 1.31245 1.9457 2.48447 1.29595 1.35722 1.88431 0.893138 0.791381 0.664214 0.547267 0.48182
threshold=-30.956889671101873 0.45766830044824269 13.500000000000002 9.4550220432941092 1.5000000000000002 -0.10739615906999232 -0.52120455566759627 11.500000000000002 0.015619092952309925 0.052210916804810527 0.22653342757456904 1.0000000180025095e-35 0.2159741523028724 0.10939145437028076
decision_type=10 2 2 10 2 8 10 2 2 10 8 2 10 2
left_child=3 6 -3 10 -5 -6 7 8 12 -9 -1 -12 -2 -8
right_child=1 2 -4 4 5 -7 13 9 -10 -11 11 -13 -14 -15
leaf_value=-0.0029355419795890252 0.00090633191848147742 0.0041762750601165785 0.022014367957082247 -0.0029355419795890252 -0.0029355419795890252 -0.016485387245467342 -3.9753075978496542e-05 0.0041762750601165785 0.0041762750601165785 0.00090633191848147742 -0.0014876475277837609 -3.9753075978496542e-05 0.0025413034892990279 0.00090633191848147742
leaf_weight=33.811547362711281 175.49261939991266 31.564530869014561 14.061746816150842 18.193461529910564 8.4668067591264826 18.959982758155096 432.0168442116119 44.365193362347782 89.162840372649953 24.846706117503345 194.70205787103623 275.55646710656583 27.514656740240753 80.619621227495372
leaf_count=289 1590 191 80 215 167 485 3949 302 550 230 2191 2695 213 553
internal_value=0.000167337 0.000786075 0.0079856 -0.000865581 -0.00547206 -0.011021 0.000366953 0.00185242 0.000906332 0.00417628 -0.000399027 -3.97531e-05 0.000906332 -3.97531e-05
internal_weight=1469.34 919.645 45.6263 549.69 45.6203 27.4268 874.018 361.382 292.17 69.2119 504.07 470.259 203.007 512.636
internal_count=13700 7658 271 6042 867 652 7387 2885 2353 532 5175 4886 1803 4502
is_linear=0
shrinkage=0.03


Tree=390
num_leaves=15
num_cat=0
split_feature=12 1 22 24 17 13 28 9 13 28 3 13 1 34
split_gain=1.29207 4.33927 1.0662 1.70975 2.26839 2.87098 1.43003 0.878697 1.22201 1.33685 1.48059 0.722484 0.251322 0.176659
threshold=0.042544464893621646 0.081629402551003608 0.00060037144381842043 inf 2.6016015882149433e-05 0.42336412941347956 13.500000000000002 1.2671327376887132 37.037960520847058 6.5000000000000009 0.1046387076017762 6.1828059135923157 0.56374891633094515 42.532467532467543
decision_type=2 10 2 8 2 8 2 10 8 2 8 10 10 2
left_child=2 13 3 4 5 -1 -4 8 9 -5 -11 -3 -10 -2
right_child=1 11 6 7 -6 -7 -8 -9 12 10 -12 -13 -14 -15
leaf_value=-0.025541125880059874 0.013514036999615299 0.00106788040034011 0.00106788040034011 -0.0017142886094968534 -0.0037749836438302842 -0.0083829465515857619 -0.00021737355043717173 -0.00021737355043717173 -0.00082227563721185579 -0.0017142886094968534 -0.0037749836438302842 0.0063686135443424777 -0.0017142886094968534 0.0063686135443424777
leaf_weight=7.1098127849400043 22.796526714228094 78.288836420048028 357.384715669672 186.23288437677547 16.068610158748925 17.556533418595794 105.64099741633981 121.57476749736816 217.52864549588412 53.424243810586631 186.30728624167386 14.272210494149475 85.191565684508532 9.8370656128972751
leaf_count=56 165 434 3007 1524 122 160 926 1488 1993 458 1891 78 1422 71
internal_value=-0.000223741 0.00263229 -0.000496527 -0.00110129 -0.00675759 -0.0129909 0.000666542 -0.00079238 -0.00142718 -0.0026063 -0.00377498 0.00106788 -0.000822276 0.0116693
internal_weight=1479.21 125.195 1354.02 890.994 40.735 24.6663 463.026 850.259 728.685 425.964 239.732 92.561 302.72 32.6336
internal_count=13795 748 13047 9114 338 216 3933 8776 7288 3873 2349 512 3415 236
is_linear=0
shrinkage=0.03


Tree=391
num_leaves=15
num_cat=0
split_feature=14 34 7 12 27 28 28 13 27 25 32 3 28 0
split_gain=1.55769 2.44239 1.43245 1.2873 0.619638 0.484833 1.49972 3.14895 2.04145 1.9271 1.44518 1.46231 1.43232 1.34155
threshold=0.98677641691313911 51.764901764901772 2.1776585217741862 0.70052754263280581 -0.087011376989629449 5.5000000000000009 8.5000000000000018 -1.3900358554513754 2.3891796296093868 0.41906563500759614 57.78801617962457 10.813240543777752 6.5000000000000009 11.115014431930936
decision_type=2 2 8 2 8 2 2 8 10 10 2 10 2 8
left_child=3 2 -2 4 -1 10 7 -7 -8 13 -6 -12 -11 -9
right_child=1 -3 -4 -5 5 6 8 9 -10 12 11 -13 -14 -15
leaf_value=0.0017153626827400585 0.019799563934557562 0.0032418593663173932 0.0084796793223419539 0.0032418593663173932 0.00084877086099113862 -0.014351893616553698 0.00064581836554682267 0.00084877086099113862 -0.010923817603185547 -0.0029150915341511411 -0.0013731516763219971 -0.01288966322449173 -0.007902204728022208 -0.0029150915341511411
leaf_weight=121.89368557627313 12.96329866023734 20.329839854501188 5.841708796098831 43.772035863716155 409.77394535695203 13.793402140261604 528.04020286723971 104.96467852918431 9.0934956897981447 21.531617537490092 97.272784607019275 6.2968420991674057 30.413506162585691 44.978511299937963
leaf_count=1077 127 133 53 259 3452 151 5260 1060 83 191 1011 104 306 503
internal_value=0.000551836 0.00610436 0.0137175 0.000379359 0.000188866 -1.7821e-05 -0.000501358 -0.00258395 0.000351006 -0.00145252 0.00068928 -0.0026347 -0.00615154 0.000321353
internal_weight=1470.96 39.1348 18.805 1431.82 1388.05 1266.16 752.815 215.682 537.134 201.888 513.344 103.57 51.9451 149.943
internal_count=13770 313 180 13457 13198 12121 7554 2211 5343 2060 4567 1115 497 1563
is_linear=0
shrinkage=0.03


Tree=392
num_leaves=15
num_cat=0
split_feature=24 17 6 13 28 28 27 12 4 33 1 28 22 28
split_gain=1.69992 7.96524 2.01154 1.2218 1.16223 2.64653 2.7465 1.62981 1.33369 1.04207 4.93001 1.44908 1.00093 1.01512
threshold=-0.00014807122802962255 8.0305997798529105e-06 -0.10776059699650499 -30.956889671101873 5.5000000000000009 7.5000000000000009 -0.065067901811692183 0.038896986440282132 1.4127299464635732 35.548181976753419 2.841727048270378 15.500000000000002 1.0000000180025095e-35 11.500000000000002
decision_type=10 2 2 8 2 2 10 2 8 2 10 2 2 2
left_child=3 -2 -3 -1 8 6 -6 -8 -5 -7 12 -12 13 -11
right_child=1 2 -4 4 5 9 7 -9 -10 10 11 -13 -14 -15
leaf_value=-0.0092798244938179664 0.0026561920544366856 0.026155901213709233 0.0099892190621560552 0.0026561920544366856 0.0026561920544366856 0.0026561920544366856 -0.0044002833236076802 -0.00087204563458549743 0.00056705837760518134 -0.0015611149457470659 -0.0044002833236076802 -0.0015611149457470659 0.001316266179610886 0.00013084216548152821
leaf_weight=6.6502112969756126 44.128823051229119 11.113553466508167 19.26002333057113 108.18371537793428 16.44164028018713 159.92055205954239 133.77912184293382 12.670126604847608 417.0502830336336 71.79403788340278 64.350946482154541 19.652103499043733 307.40046987170354 85.133852009661496
leaf_count=59 374 81 155 1078 130 1117 1410 70 3579 764 988 317 2832 842
internal_value=0.000643521 0.00491217 0.0173222 0.000400212 0.000479258 -0.00019372 -0.00358154 -0.00440028 0.00158675 0.00060509 -2.36597e-05 -0.00440028 0.00127805 -0.00105458
internal_weight=1477.53 74.5024 30.3736 1403.03 1396.38 871.143 162.891 146.449 525.234 708.252 548.331 84.003 464.328 156.928
internal_count=13796 610 236 13186 13127 8470 1610 1480 4657 6860 5743 1305 4438 1606
is_linear=0
shrinkage=0.03


Tree=393
num_leaves=15
num_cat=0
split_feature=28 13 34 3 1 2 25 24 34 4 28 13 18 27
split_gain=2.52327 3.72665 1.1277 1.96254 1.50153 1.08724 1.89046 1.07712 1.31286 0.695688 2.36192 3.56988 2.10894 1.82089
threshold=1.5000000000000002 0.18915919558263541 49.467199467199478 5.841963307467597 -2.9468394728676643 0.52232142857142871 -1.0000000180025095e-35 -1.0512471108195622 52.072927072927079 -0.98328589779672482 12.500000000000002 -4.2467256784834317 0.98410328053212626 -0.4054651081081645
decision_type=2 10 2 8 10 2 8 10 2 10 2 8 10 10
left_child=1 2 3 -1 -4 7 -7 9 -9 -2 11 12 -11 -12
right_child=5 -3 4 -5 -6 6 -8 8 -10 10 13 -13 -14 -15
leaf_value=0.010979036128608434 0.00051416939106666611 0.019435593191616217 0.0026860912079244943 0.0026860912079244943 -0.0044642933583070371 0.015138677147230455 0.0024354572693896077 0.0024354572693896077 0.0010102104560628501 -0.017485577323486257 -0.00022586107850481042 -0.00022586107850481042 -0.0057706654031534155 -0.0042555278903577314
leaf_weight=26.148196150548756 451.72398407757282 8.4055165424942953 29.370920307934284 25.302594549953938 33.384488254785538 7.2860166300088167 25.123198205605149 88.585199243854731 16.730994621291757 16.184667344437916 22.70382566191256 463.81804078072309 6.228748705238103 252.71877952385694
leaf_count=186 3933 46 224 170 380 87 234 707 135 192 206 4696 45 2519
internal_value=0.000365657 0.00439802 0.00252248 0.00559942 -0.000227235 -1.51437e-05 0.00502854 -0.000157627 0.00243546 -0.000415036 -0.000965892 -0.000225861 -0.0113155 -0.00323893
internal_weight=1473.72 122.612 114.206 51.4508 62.7554 1351.1 32.4092 1318.69 105.316 1213.38 761.654 486.231 22.4134 275.423
internal_count=13760 1006 960 356 604 12754 321 12433 842 11591 7658 4933 237 2725
is_linear=0
shrinkage=0.03


Tree=394
num_leaves=15
num_cat=0
split_feature=7 28 2 12 18 3 18 17 21 22 17 16 13 0
split_gain=1.01723 4.29847 2.5203 2.22253 2.68239 2.08488 1.88015 3.96968 2.01032 1.65689 1.40712 1.31866 1.2744 1.00781
threshold=inf 5.5000000000000009 0.50892857142857151 0.26369217719001831 0.45785085302039535 0.60475248337322229 0.7330034067852621 0.03238754790863093 0.0056197248573250742 0.16021219073730969 0.0052816812879010753 -0.0097445896518658266 -30.956889671101873 -1.8404570174536354
decision_type=8 2 2 2 10 8 8 2 2 2 2 10 10 10
left_child=1 3 9 4 5 -1 7 8 13 -3 -4 -6 -8 -2
right_child=6 2 10 -5 11 -7 12 -9 -10 -11 -12 -13 -14 -15
leaf_value=0.0046770532430117397 -0.011728088912881997 0.00018480537653061465 0.0048596092319098195 0.017602092571692565 0.0046770532430117397 0.00018480537653061465 -0.0022462117472223406 -0.0025116458335673725 -0.0071992819642503958 0.0048596092319098195 0.017981678372603737 0.010895973315553757 0.00018480537653061465 -0.022304782943276504
leaf_weight=59.328296067193151 16.543122593313456 885.09079522348475 14.685235045850279 7.6452608599793157 20.651488149538636 47.23785441275686 190.20098477974534 21.84404412843287 8.960179338231681 38.005267937784083 6.3441115103196344 54.638825330883265 93.571041136980057 16.170566344633698
leaf_count=542 142 8490 150 47 159 632 1763 141 59 389 68 414 676 156
internal_value=0.000674121 0.00110827 0.000270172 0.00516954 0.00418985 0.00101859 -0.000738663 -0.0052081 -0.0118869 0.000184805 0.00953441 0.00833552 0.000184805 -0.0162569
internal_weight=1480.92 1133.63 944.125 189.502 181.856 106.566 347.29 63.5179 41.6739 923.096 21.0293 75.2903 283.772 32.7137
internal_count=13828 10891 9097 1794 1747 1174 2937 498 357 8879 218 573 2439 298
is_linear=0
shrinkage=0.03


Tree=395
num_leaves=15
num_cat=0
split_feature=11 28 22 25 17 28 13 25 28 28 22 6 28 28
split_gain=2.60122 2.45421 1.66498 2.72865 0.91758 0.601729 3.0221 2.26794 1.87123 1.17005 3.08425 4.28557 2.35414 1.73167
threshold=0.071778837733983067 4.5000000000000009 0.0034253449600615887 0.017897659043337292 0.99980976180683312 14.500000000000002 -39.768424534071293 -0.040534836923252097 15.500000000000002 5.5000000000000009 6.6210969376664263e-07 0.020336223314693265 8.5000000000000018 8.5000000000000018
decision_type=2 2 2 8 2 2 10 8 2 2 2 2 2 2
left_child=4 -2 -3 -4 5 7 8 -1 -7 -9 11 -11 -13 -12
right_child=1 2 3 -5 -6 6 -8 9 -10 10 13 12 -14 -15
leaf_value=0.001069454644952442 0.01466531719934122 0.0024519343700359808 0.019790322928762101 0.0060733651929011211 0.0024519343700359808 -0.0026686774792175046 0.001069454644952442 -0.00028044419104458925 -0.010820616116820857 -0.0031022879651669364 -0.002802289850234499 -0.009134257947118812 -0.021523453261703459 -0.00010391191274072935
leaf_weight=211.78641823725775 14.190160976722835 47.451263319235295 11.064383659046142 13.092104861396367 28.604564950335771 12.666621701791881 158.77541998121887 500.01807380281389 31.141421175561845 152.59894394618459 93.582418836653233 8.8468160819029453 19.403092292370275 162.2049925129395
leaf_count=2062 89 262 74 92 234 173 1412 4484 459 1541 916 146 247 1561
internal_value=0.000154168 0.0050728 0.00245193 0.0096948 -0.000168931 -0.000313025 0.00106945 -0.000580213 -0.00640681 -0.00127728 -0.00240271 -0.00534409 -0.0151662 -0.00026049
internal_weight=1465.43 85.7979 71.6078 24.1565 1379.63 1351.02 202.583 1148.44 43.808 936.654 436.636 180.849 28.2499 255.787
internal_count=13752 517 428 166 13235 13001 2044 10957 632 8895 4411 1934 393 2477
is_linear=0
shrinkage=0.03


Tree=396
num_leaves=15
num_cat=0
split_feature=20 13 14 8 18 6 35 16 2 18 3 17 0 24
split_gain=0.834983 1.28772 0.360259 0.481843 1.7661 3.05105 1.75611 1.4225 1.08804 1.39363 1.20983 0.707578 0.401455 0.283653
threshold=0.95139612030466447 0.42336412941347956 1.3720874214476551 0.014873105448209857 0.86703753581614784 0.49348011605943881 55.669330669330677 5.8765141184015039 0.012163561076604556 0.71925165519133183 0.0061347970233706578 0.04570395688370555 5.1606827212378414 -0.0041330786291144421
decision_type=10 8 2 10 10 2 10 10 2 8 10 2 8 10
left_child=2 -2 3 7 5 8 -7 11 9 10 -5 -1 -4 -12
right_child=1 -3 12 4 -6 6 -8 -9 -10 -11 13 -13 -14 -15
leaf_value=0.00047381138405858786 0.00406138607679697 0.014748113912282413 0.00406138607679697 -0.0032191102623619844 0.00047381138405858786 -0.0066362665510572554 -0.021132672980170328 0.0023559169470213975 -0.0005927693576860927 -0.0015952744235548323 -0.0066362665510572554 0.0014156598625201771 0.0023559169470213975 -0.0048958164690216244
leaf_weight=719.93187071243301 4.5473571922630054 7.5414094693260267 10.562221204861997 9.3071762733161432 114.88625226542354 10.818344862665983 7.055508120218291 115.08303620480001 110.94269522512332 112.86138971336186 115.82620635174681 94.415852572768927 12.489526616409423 14.528455153107641
leaf_count=7043 80 169 109 68 981 169 95 741 730 1422 1237 637 100 88
internal_value=0.000799578 0.00740358 0.000719196 0.000650448 -0.000104061 -0.00165935 -0.012296 0.00105168 -0.000976524 -0.00259778 -0.00484295 0.000475403 0.00406139 -0.00657252
internal_weight=1460.8 12.0888 1448.71 1425.66 496.226 381.34 17.8739 929.431 363.466 252.523 139.662 814.348 23.0517 130.355
internal_count=13669 249 13420 13211 4790 3809 264 8421 3545 2815 1393 7680 209 1325
is_linear=0
shrinkage=0.03


Tree=397
num_leaves=15
num_cat=0
split_feature=4 28 23 13 18 16 22 1 4 2 18 25 1 3
split_gain=1.92775 1.9636 5.68778 1.59981 9.79513 5.0172 2.31136 1.56091 4.1495 1.35106 1.18755 1.92699 0.936668 0.924114
threshold=-0.29433670657479521 11.500000000000002 6.8155026116815938 0.2159741523028724 0.71326830208167502 6.9936460768208013 0.0026419061033924446 9.7725857898974606 0.15005079624890424 0.15284632034632037 inf -0.24044876128637546 0.098728788321270008 0.078490797429216219
decision_type=10 2 2 10 8 10 2 10 10 2 8 10 10 10
left_child=1 3 9 6 -5 -6 -1 10 -9 13 11 -2 -13 -3
right_child=7 2 -4 4 5 -7 -8 8 -10 -11 -12 12 -14 -15
leaf_value=0.00069113999322077744 -0.00016966910604740253 0.0049158668179703846 0.016683286791945036 0.0028924085614358925 0.01019348148630511 0.029732285228647432 0.0028924085614358925 -0.0022378237184203205 -0.017251450042875701 0.0091405936427199925 0.00069113999322077744 -0.0012037464122338615 -0.0022378237184203205 0.00069113999322077744
leaf_weight=446.65708452695981 55.774344426579773 36.133349280804396 24.634347799699754 34.815256431698799 24.079387053963728 14.237043440341948 77.830107850022614 55.593906137393788 13.403138233465141 13.188108964823185 240.92629915103316 76.589221048168838 319.64578408899251 49.484435479156673
leaf_count=4125 435 279 149 246 162 78 626 810 166 106 2734 605 2817 515
internal_value=0.000663821 0.00177022 0.00514068 0.00103717 0.00509368 0.0174946 0.00069114 -0.000387943 -0.00452959 0.0015979 5.39448e-05 -0.00103048 -0.00223782 0.00069114
internal_weight=1482.99 721.059 123.44 597.619 73.1317 38.3164 524.487 761.933 68.997 98.8059 692.936 452.009 396.235 85.6178
internal_count=13853 6286 1049 5237 486 240 4751 7567 976 900 6591 3857 3422 794
is_linear=0
shrinkage=0.03


Tree=398
num_leaves=15
num_cat=0
split_feature=11 0 14 9 28 13 16 28 9 2 2 11 12 18
split_gain=1.5495 1.2571 3.4987 3.43311 2.22041 3.70291 2.64038 1.63809 1.59697 1.40519 1.22083 1.19889 1.14726 0.670838
threshold=4.5848660010509734 -1.3055084443212797 0.00067953914091578897 0.017426350795307362 11.500000000000002 -2.2678849092356601 -42.920147969705241 12.500000000000002 3.8801212470273128 0.10939145437028076 0.052315789473684218 0.6525441771343411 0.59001670843776111 0.086549713587645447
decision_type=2 10 2 8 2 8 10 2 8 2 2 2 2 8
left_child=1 2 7 10 5 8 11 -1 -5 12 -3 -6 -8 -7
right_child=-2 3 -4 4 6 13 9 -9 -10 -11 -12 -13 -14 -15
leaf_value=0.00070500364221544125 0.0091943119037916528 -0.016901975680968087 0.0046286060940247745 -0.0060510789072073766 -0.0060510789072073766 -0.0026730376324959676 -0.0028732017758563684 0.002666804868120108 -0.0026730376324959676 0.00070500364221544125 -0.0060510789072073766 -0.0028732017758563684 -0.00057463956517284033 0.00070500364221544125
leaf_weight=201.14486569399014 11.918420246336607 12.576939272927122 72.351098083192483 30.302448543370701 118.76471374952234 25.510186538333073 216.05530759459361 23.239341295324266 13.586503959260879 46.092309760395437 5.0641571953892699 6.4342607129365197 13.984767815098165 683.4845047427807
leaf_count=1802 98 208 487 323 1472 234 1940 184 111 297 28 35 76 6497
internal_value=0.000167109 6.29003e-05 0.00179025 -0.000380244 -0.00015264 0.000705004 -0.00194502 0.000705004 -0.00605108 -0.000279249 -0.0119495 -0.00546715 -0.00185428 0.000705004
internal_weight=1480.51 1468.59 296.735 1171.86 1154.22 752.884 401.331 224.384 43.889 276.132 17.6411 125.199 230.04 708.995
internal_count=13792 13694 2473 11221 10985 7165 3820 1986 434 2313 236 1507 2016 6731
is_linear=0
shrinkage=0.03


Tree=399
num_leaves=15
num_cat=0
split_feature=2 26 24 9 1 23 28 35 18 28 13 27 14 28
split_gain=1.33037 8.51432 2.7994 1.94495 4.2615 4.12141 2.56832 1.64024 1.16985 1.14794 1.18092 0.988074 0.835929 3.39639
threshold=0.11819852941176472 -0.37845786127985542 -0.24720354615089912 0.10551927300021083 0.001411512520655369 0.0044797312656608542 10.500000000000002 16.558441558441562 inf 13.500000000000002 -27.737593842472673 0.87687917552472072 0.00067953914091578897 10.500000000000002
decision_type=2 8 10 8 10 2 2 10 8 2 10 8 2 2
left_child=3 -2 9 4 12 7 11 -6 -8 -3 -11 -5 13 -1
right_child=1 2 -4 6 5 -7 8 -9 -10 10 -12 -13 -14 -15
leaf_value=-0.0044806166854064787 0.021183825718317735 0.0018516703536721232 0.011517748035994931 0.0018516703536721232 -0.01028946219989418 -0.0044806166854064787 -0.00028437635857891334 -0.020436520703340528 0.0018516703536721232 0.0018516703536721232 0.0066847091948335265 2.5145732150948674e-05 -0.00028437635857891334 -0.0014891619069059565
leaf_weight=101.02574002370238 16.486247610766441 143.60806471738033 10.355125703616066 308.45235405839048 4.9620504770427969 25.955566952936351 281.42138887988403 26.392780486028641 90.991277276538312 10.540334448218344 24.150435956194997 324.97693961928599 61.915399271994829 40.140145378187299
leaf_count=1025 126 1032 104 3253 62 184 2516 388 1245 80 172 2891 374 327
internal_value=0.0009303 0.00314236 0.00185167 0.000560978 -0.00172789 -0.00867686 0.00115913 -0.0160983 -0.000284376 0.00185167 0.00668471 0.00185167 -0.000284376 -0.00269395
internal_weight=1471.37 205.14 188.654 1266.23 260.392 57.3104 1005.84 31.3548 372.413 178.299 34.6908 633.429 203.081 141.166
internal_count=13779 1514 1388 12265 2360 634 9905 450 3761 1284 252 6144 1726 1352
is_linear=0
shrinkage=0.03


end of trees

feature_importances:
Column_28=522
Column_18=340
Column_1=323
Column_14=315
Column_16=302
Column_13=289
Column_3=283
Column_9=255
Column_22=249
Column_11=237
Column_0=206
Column_34=195
Column_4=186
Column_20=186
Column_2=185
Column_23=180
Column_32=157
Column_12=152
Column_27=139
Column_25=122
Column_17=112
Column_8=107
Column_33=86
Column_24=85
Column_21=69
Column_30=63
Column_35=61
Column_7=55
Column_29=31
Column_6=29
Column_26=29
Column_19=18
Column_31=2

parameters:
[boosting: gbdt]
[objective: binary]
[metric: binary_logloss]
[tree_learner: serial]
[device_type: cpu]
[data_sample_strategy: bagging]
[data: ]
[valid: ]
[num_iterations: 400]
[learning_rate: 0.03]
[num_leaves: 15]
[num_threads: 0]
[seed: 42]
[deterministic: 0]
[force_col_wise: 0]
[force_row_wise: 0]
[histogram_pool_size: -1]
[max_depth: -1]
[min_data_in_leaf: 60]
[min_sum_hessian_in_leaf: 0.001]
[bagging_fraction: 0.8]
[pos_bagging_fraction: 1]
[neg_bagging_fraction: 1]
[bagging_freq: 1]
[bagging_seed: 400]
[bagging_by_query: 0]
[feature_fraction: 0.8]
[feature_fraction_bynode: 1]
[feature_fraction_seed: 30056]
[extra_trees: 0]
[extra_seed: 12879]
[early_stopping_round: 0]
[early_stopping_min_delta: 0]
[first_metric_only: 0]
[max_delta_step: 0]
[lambda_l1: 0]
[lambda_l2: 5]
[linear_lambda: 0]
[min_gain_to_split: 0]
[drop_rate: 0.1]
[max_drop: 50]
[skip_drop: 0.5]
[xgboost_dart_mode: 0]
[uniform_drop: 0]
[drop_seed: 17869]
[top_rate: 0.2]
[other_rate: 0.1]
[min_data_per_group: 100]
[max_cat_threshold: 32]
[cat_l2: 10]
[cat_smooth: 10]
[max_cat_to_onehot: 4]
[top_k: 20]
[monotone_constraints: -1,-1,1,-1,-1,-1,-1,-1,-1,1,-1,1,1,1,1,-1,1,1,1,-1,1,1,1,1,1,-1,-1,-1,0,-1,-1,-1,-1,-1,-1,-1]
[monotone_constraints_method: basic]
[monotone_penalty: 0]
[feature_contri: ]
[forcedsplits_filename: ]
[refit_decay_rate: 0.9]
[cegb_tradeoff: 1]
[cegb_penalty_split: 0]
[cegb_penalty_feature_lazy: ]
[cegb_penalty_feature_coupled: ]
[path_smooth: 0]
[interaction_constraints: ]
[verbosity: -1]
[saved_feature_importance_type: 0]
[use_quantized_grad: 0]
[num_grad_quant_bins: 4]
[quant_train_renew_leaf: 0]
[stochastic_rounding: 1]
[linear_tree: 0]
[max_bin: 255]
[max_bin_by_feature: ]
[min_data_in_bin: 3]
[bin_construct_sample_cnt: 200000]
[data_random_seed: 175]
[is_enable_sparse: 1]
[enable_bundle: 1]
[use_missing: 1]
[zero_as_missing: 0]
[feature_pre_filter: 1]
[pre_partition: 0]
[two_round: 0]
[header: 0]
[label_column: ]
[weight_column: ]
[group_column: ]
[ignore_column: ]
[categorical_feature: ]
[forcedbins_filename: ]
[precise_float_parser: 0]
[parser_config_file: ]
[objective_seed: 16083]
[num_class: 1]
[is_unbalance: 0]
[scale_pos_weight: 1]
[sigmoid: 1]
[boost_from_average: 1]
[reg_sqrt: 0]
[alpha: 0.9]
[fair_c: 1]
[poisson_max_delta_step: 0.7]
[tweedie_variance_power: 1.5]
[lambdarank_truncation_level: 30]
[lambdarank_norm: 1]
[label_gain: ]
[lambdarank_position_bias_regularization: 0]
[eval_at: ]
[multi_error_top_k: 1]
[auc_mu_weights: ]
[num_machines: 1]
[local_listen_port: 12400]
[time_out: 120]
[machine_list_filename: ]
[machines: ]
[gpu_platform_id: -1]
[gpu_device_id: -1]
[gpu_device_id_list: ]
[gpu_use_dp: 0]
[num_gpu: 1]

end of parameters

pandas_categorical:null
