tree
version=v4
num_class=1
num_tree_per_iteration=1
label_index=0
max_feature_idx=35
objective=binary sigmoid:1
feature_names=Column_0 Column_1 Column_2 Column_3 Column_4 Column_5 Column_6 Column_7 Column_8 Column_9 Column_10 Column_11 Column_12 Column_13 Column_14 Column_15 Column_16 Column_17 Column_18 Column_19 Column_20 Column_21 Column_22 Column_23 Column_24 Column_25 Column_26 Column_27 Column_28 Column_29 Column_30 Column_31 Column_32 Column_33 Column_34 Column_35
monotone_constraints=-1 -1 1 -1 -1 -1 -1 -1 -1 1 -1 1 1 1 1 -1 1 1 1 -1 1 1 1 1 1 -1 -1 -1 0 -1 -1 -1 -1 -1 -1 -1
feature_infos=[-12:24] [-12:24] [0:1] [-12:24] [-3:3] [-0.9999999976723416:0.99999998854275651] [-0.9999999927189267:0.99999999085685076] [-3:3] [-3:3] [0:5] [0:1] [0:50] [0:50] [-90:365] [0:3] [0:1] [-90:365] [0:3] [0.0048197344056507031:1] [-3:3] [0:1.5] [0:2] [0:1] none [-1.5:1.5] [-3:3] [-3:3] [-3:3] [1:18] [18.075727691112309:78.889629803661421] [0.44122544122544077:85.004281432852864] [5.167909014062861:98.729841586984435] [4.7183585645124104:72.104818258664409] [2.7972027972028024:86.870272584558293] [13.927738927738927:75.349650349650346] [0.96570096570096575:97.702297702297699]
tree_sizes=1730 1767 1750 1643 1760 1637 1736 1733 1734 1742 1747 1735 1752 1656 1754 1749 1762 1748 1745 1754 1750 1761 1763 1742 1746 1753 1757 1755 1740 1766 1753 1761 1752 1754 1755 1766 1767 1758 1772 1767 1766 1769 1761 1770 1748 1763 1656 1754 1740 1763 1749 1762 1670 1770 1780 1776 1767 1757 1781 1788 1787 1771 1773 1770 1761 1777 1757 1777 1778 1770 1793 1785 1769 1787 1763 1777 1779 1776 1777 1779 1780 1770 1763 1777 1775 1773 1803 1766 1661 1780 1774 1659 1745 1762 1781 1784 1779 1783 1773 1777 1772 1762 1779 1778 1782 1782 1782 1775 1790 1790 1778 1659 1785 1772 1779 1742 1784 1771 1785 1780 1771 1795 1653 1758 1783 1775 1786 1786 1753 1783 1793 1771 1785 1778 1772 1786 1782 1775 1769 1771 1772 1768 1769 1775 1785 1779 1783 1781 1784 1786 1775 1752 1786 1777 1775 1783 1779 1782 1773 1786 1669 1775 1785 1779 1782 1778 1785 1765 1773 1782 1774 1765 1797 1775 1772 1777 1737 1767 1787 1750 1782 1779 1777 1777 1784 1773 1774 1783 1760 1749 1769 1791 1785 1779 1781 1792 1770 1778 1772 1786 1771 1766 1777 1782 1764 1777 1762 1773 1755 1767 1752 1790 1784 1766 1787 1788 1766 1781 1777 1791 1788 1757 1783 1794 1781 1788 1768 1782 1792 1776 1778 1768 1776 1794 1785 1773 1780 1786 1777 1771 1766 1553 1793 1791 1669 1778 1783 1785 1782 1780 1770 1778 1767 1794 1677 1780 1784 1770 1777 1804 1780 1780 1783 1675 1766 1785 1777 1778 1779 1673 1723 1798 1785 1778 1791 1794 1765 1793 1776 1794 1788 1768 1777 1781 1787 1793 1783 1762 1769 1786 1775 1792 1791 1789 1777 1771 1795 1784 1785 1765 1776 1788 1807 1766 1754 1791 1772 1770 1774 1679 1778 1790 1776 1755 1775 1763 1788 1794 1760 1779 1446 1771 1764 1572 1675 1802 1782 1803 1780 1778 1454 1781 1781 1773 1796 1786 1777 1788 1807 1770 1777 1662 1769 1770 1785 1780 1769 1786 1773 1792 1669 1780 1792 1775 1754 1769 1782 1793 1788 1683 1653 1773 1789 1753 1762 1759 1581 1789 1774 1768 1759 1754 1768 1796 1784 1780 1791 1772 1773 1772 1774 1764 1783 1783 1760 1795 1796 1809 1746 1780 1778 1772 1771 1660 1792 1796 1767 1760 1576 1768

Tree=0
num_leaves=15
num_cat=0
split_feature=14 3 32 13 14 3 34 33 32 1 34 20 3 32
split_gain=3678.2 754.39 229.942 129.443 121.847 61.0986 50.5909 38.7519 23.6638 18.0743 12.2124 10.8935 3.26548 0.325647
threshold=0.50929234588252092 -1.0000000180025095e-35 53.788169872085966 52.084231798424774 0.90776536812620834 0.27563031470859056 41.654179154179168 57.73670773670775 58.537616229923934 0.85825824961268149 47.112887112887115 0.10386245637643036 4.1774563007031098 42.536833795575063
decision_type=2 8 2 8 2 10 2 2 2 10 2 10 10 2
left_child=1 -1 3 6 7 8 -3 9 -4 -2 -7 -10 -6 -8
right_child=4 2 5 -5 12 10 13 -9 11 -11 -12 -13 -14 -15
leaf_value=-0.43168543551982025 -0.40026713427885263 -0.46087147020405661 -0.4709903507545537 -0.45284378625301591 -0.38473574458730103 -0.48060735561225854 -0.46593091047930513 -0.43168543551982025 -0.48028872531887251 -0.41950641679411899 -0.49013784158598017 -0.47563953803671311 -0.40026713427885263 -0.4709903507545537
leaf_weight=204.44910407066345 108.16783994436264 182.81553608179092 325.92990893125534 144.06529891490936 480.93085759878159 307.38685065507889 121.95626789331436 52.063202083110809 306.19819307327271 84.156956791877747 497.57206374406815 17.35440069437027 75.123159170150757 343.28430962562561
leaf_count=860 455 769 1371 606 2023 1293 513 219 1288 354 2093 73 316 1444
internal_value=-0.450379 -0.468624 -0.474002 -0.460906 -0.394747 -0.481074 -0.468899 -0.413727 -0.473871 -0.407327 -0.486707 -0.480289 -0.386807 -0.47099
internal_weight=3251.45 2451.01 2246.56 792.121 800.442 1454.44 648.056 244.388 649.483 192.325 804.959 323.553 556.054 465.241
internal_count=13677 10310 9450 3332 3367 6118 2726 1028 2732 809 3386 1361 2339 1957
is_linear=0
shrinkage=1


Tree=1
num_leaves=15
num_cat=0
split_feature=29 3 17 17 29 29 13 22 0 3 34 13 17 1
split_gain=1214.47 731.287 356.802 143.862 99.9783 50.0194 34.57 16.5365 13.3308 11.2216 11.7049 4.90379 4.71106 1.75317
threshold=51.252033225959302 -1.0000000180025095e-35 0.63631968336624467 0.4996503693896443 56.492952041853151 46.335409539955002 23.09372303478013 0.00042237075585435706 -0.029919496997230181 -0.0076197195044826896 47.818847818847829 1.6681855666394803 0.044710561833933758 0.46987713960992156
decision_type=2 10 2 2 2 2 8 2 10 10 2 10 2 10
left_child=1 5 -3 4 9 8 -7 11 -1 -2 -11 13 -12 -6
right_child=3 2 -4 -5 7 6 -8 -9 -10 10 12 -13 -14 -15
leaf_value=0.060173870854130167 -0.011237564788602234 -0.0004694255110255946 0.024701509265779326 -0.0004694255110255946 -0.030651900187429144 0.024701509265779326 0.04270678062423016 -0.021707795949515562 0.045100568525638235 -0.013950842741370767 -0.021707795949515562 -0.027159111091426269 -0.017630117891400197 -0.036197456952501594
leaf_weight=216.82211580872536 191.73987549543381 798.87330260872841 312.15486165881157 160.91029313206673 96.207642242312431 77.971116334199905 195.55422720313072 191.14295135438442 67.734699383378029 223.52801120281219 208.49119518697262 46.958176702260971 67.639873698353767 396.49777436256409
leaf_count=904 808 3368 1305 676 407 327 817 808 283 944 882 198 285 1680
internal_value=1.32824e-05 0.0178415 0.00370853 -0.0187803 -0.0220057 0.0456945 0.0352265 -0.0297427 0.0549746 -0.0136729 -0.0166641 -0.0326104 -0.0213094 -0.0341447
internal_weight=3252.23 1669.11 1111.03 1583.12 1422.21 558.082 273.525 730.807 284.557 691.399 499.659 539.664 276.131 492.705
internal_count=13692 7004 4673 6688 6012 2331 1144 3093 1187 2919 2111 2285 1167 2087
is_linear=0
shrinkage=0.03


Tree=2
num_leaves=15
num_cat=0
split_feature=14 30 32 14 13 20 11 32 33 14 1 29 3 33
split_gain=3438.9 708.218 230.099 112.3 108.415 44.3237 40.3076 40.1007 30.3651 17.623 15.3551 7.7569 2.91362 0.99746
threshold=0.51943911227597062 25.756386470672187 54.845154845154845 0.90776536812620834 59.617761420004825 0.36978038647389705 1.0000000180025095e-35 58.537616229923934 58.131868131868146 0.33279431260683118 0.85825824961268149 56.492952041853151 15.637382819513411 36.419929277072143
decision_type=2 2 2 2 8 10 2 2 2 2 10 2 10 2
left_child=1 -1 4 8 6 7 9 11 10 -3 -2 -4 -5 -9
right_child=3 2 5 12 -6 -7 -8 13 -10 -11 -12 -13 -14 -15
leaf_value=0.017762991492988819 0.047642549002074229 -0.020583851653452497 -0.026392050797156161 0.062054077584221289 -0.0027185511929948801 -0.020583851653452497 -0.010070650369586738 -0.031584228907130585 0.017762991492988819 -0.01532725101151962 0.029030822043423523 -0.031584228907130585 0.047642549002074229 -0.037557662840207215
leaf_weight=258.15727032721043 113.16733375191689 524.73264296352863 388.17478401958942 521.22323398292065 141.34392297267914 33.94805820286274 40.073387563228607 28.337746500968933 50.06742450594902 113.49908873438835 84.468255326151848 175.35608550906181 58.603793427348137 757.27549034357071
leaf_count=1077 469 2219 1643 2153 595 144 169 120 210 479 353 749 244 3225
internal_value=0.000303448 -0.0174958 -0.0232001 0.0530218 -0.0105153 -0.0306524 -0.0174227 -0.0322002 0.0348758 -0.0205839 0.0402987 -0.0263921 0.0604093 -0.0367764
internal_weight=3288.43 2460.9 2202.74 827.53 819.649 1383.09 678.305 1349.14 247.703 638.232 197.636 563.531 579.827 785.613
internal_count=13849 10420 9343 3429 3462 5881 2867 5737 1032 2698 822 2392 2397 3345
is_linear=0
shrinkage=0.03


Tree=3
num_leaves=14
num_cat=0
split_feature=14 30 32 13 14 34 20 32 33 3 29 17 30
split_gain=3201.89 732.755 211.545 119.881 96.0195 48.2273 47.0221 41.9861 28.5306 12.8813 9.66508 0.809108 0.0238009
threshold=0.52930444795368603 25.149850149850156 53.788169872085966 52.084231798424774 0.90776536812620834 41.654179154179168 0.36978038647389705 58.537616229923934 58.131868131868146 0.86972573962275468 56.492952041853151 0.38330876482897225 71.624803767660936
decision_type=2 2 2 8 2 2 10 2 2 10 2 2 2
left_child=1 -1 3 5 8 -3 7 10 9 -2 -4 -9 -6
right_child=4 2 6 -5 12 -7 -8 11 -10 -11 -12 -13 -14
leaf_value=0.017455596960910421 0.046018739909577631 -0.010232176634841035 -0.025449520940759873 -0.0025703613891955523 0.060005293033844817 -0.019758721892722108 -0.019758721892722108 -0.036646153946874517 0.017455596960910421 0.028483791534681495 -0.03068051462992967 -0.03068051462992967 0.046193478328420016
leaf_weight=256.02957512438297 121.72379165887833 176.76374964416027 409.05873295664787 143.18275348842144 504.1291361451149 463.17722679674625 34.028063803911209 750.77798879146576 47.13506481051445 64.973900094628334 190.68934659659863 28.579458490014076 80.533140942454338
leaf_count=1064 501 748 1742 603 2061 1968 145 3228 197 270 821 122 332
internal_value=0.000436862 -0.0167207 -0.0225963 -0.010001 0.0516319 -0.017894 -0.0295165 -0.0311403 0.0340864 0.039512 -0.0254495 -0.0359115 0.0583006
internal_weight=3270.78 2452.29 2196.26 783.124 818.495 639.941 1413.13 1379.11 233.833 186.698 599.748 779.357 584.662
internal_count=13802 10441 9377 3319 3361 2716 6058 5913 968 771 2563 3350 2393
is_linear=0
shrinkage=0.03


Tree=4
num_leaves=15
num_cat=0
split_feature=32 3 13 32 32 0 34 3 3 34 17 0 21 29
split_gain=2303.23 508.686 426.508 133.799 108.444 56.9608 43.3588 36.7605 23.5953 15.2565 12.2076 11.4505 9.9938 8.12653
threshold=45.483537441579401 -1.0000000180025095e-35 101.40687743469452 54.407131330208259 37.512487512487517 0.47129662360535335 56.33033633033633 -1.0000000180025095e-35 0.6353130951391176 46.441058941058948 0.087064437591938312 -1.0000000180025095e-35 1.0000000180025095e-35 54.252180941491638
decision_type=2 8 8 2 2 10 2 8 8 2 2 10 2 2
left_child=2 -2 4 6 8 9 -3 -6 -1 -5 -7 -11 -9 -4
right_child=1 3 13 5 7 10 -8 12 -10 11 -12 -13 -14 -15
leaf_value=0.03574516390075673 0.0076217562699523915 -0.0081065889970994478 0.055718662113633403 -0.019621562421471086 0.021485124115006311 -0.035871681378812179 -0.019621562421471086 0.0076217562699523915 0.021485124115006311 -0.022890648935909849 -0.027767897576171149 -0.027767897576171149 0.014553440192479351 0.03574516390075673
leaf_weight=113.85777045786381 178.48184931278229 340.08018510043621 468.62236557900906 206.75763934850693 38.277501255273819 699.93229362368584 175.16896294057369 313.6694877743721 104.88242390751839 171.21755813062191 87.823718726634979 239.74913623929024 79.263985112309456 49.947675839066505
leaf_count=469 738 1440 1910 888 157 3040 747 1318 434 733 379 1034 331 206
internal_value=0.000174905 -0.0186057 0.0338492 -0.0238349 0.0174501 -0.0286256 -0.0106175 0.00854122 0.034429 -0.0214692 -0.0340666 -0.0261597 0.00762176 0.0540403
internal_weight=3267.73 2099.21 1168.52 1920.73 649.951 1405.48 515.249 431.211 218.74 617.724 787.756 410.967 392.933 518.57
internal_count=13824 8999 4825 8261 2709 6074 2187 1806 903 2655 3419 1767 1649 2116
is_linear=0
shrinkage=0.03


Tree=5
num_leaves=14
num_cat=0
split_feature=14 30 11 14 14 3 34 33 3 2 3 27 29
split_gain=2803.54 622.692 182.7 113.51 96.7133 54.4591 31.4073 30.8126 12.3293 4.72045 2.58153 2.1291 2.08882
threshold=0.50929234588252092 25.149850149850156 1.0000000180025095e-35 0.091068108634908648 0.90776536812620834 0.041814936867645008 47.112887112887115 57.73670773670775 0.16751854533515684 0.015388257575757578 8.0883904928854946 1.1545556847476608 58.542408108042487
decision_type=2 2 2 2 2 10 2 2 10 2 10 8 2
left_child=1 -1 3 5 7 -3 -7 8 -2 -8 -6 -10 -5
right_child=4 2 -4 12 10 6 9 -9 11 -11 -12 -13 -14
leaf_value=0.015571081900637928 0.04247689886212707 -0.02056551614336356 -0.002998661787995998 -0.013451798591788355 0.055722234376314052 -0.025917627874221125 -0.037020076344387108 0.015571081900637928 0.033322765190822556 -0.030754024069502655 0.04247689886212707 0.025939356620926082 -0.02056551614336356
leaf_weight=245.96959544718266 85.998676612973213 467.78724747896194 81.885236367583275 387.37726072967052 518.00220382213593 473.23206652700901 638.26399849355221 52.048580229282379 95.995967537164688 52.707512378692627 68.248253121972084 20.660964906215668 64.948078081011772
leaf_count=1018 350 2016 346 1646 2092 2054 2791 216 395 230 278 85 279
internal_value=0.000294579 -0.0161563 -0.0215684 -0.0239049 0.0472985 -0.0276792 -0.0312697 0.030815 0.0363076 -0.0355904 0.0541388 0.0273003 -0.0134518
internal_weight=3253.13 2412.17 2166.2 2084.32 840.955 1631.99 1164.2 254.704 202.656 690.972 586.25 116.657 452.325
internal_count=13796 10380 9362 9016 3416 7091 5075 1046 830 3021 2370 480 1925
is_linear=0
shrinkage=0.03


Tree=6
num_leaves=15
num_cat=0
split_feature=14 30 32 13 14 34 32 33 29 20 3 28 28 25
split_gain=2695.9 602.405 165.704 103.139 86.2504 46.8925 37.2689 20.1412 19.6124 13.874 11.9108 2.30895 2.39308 2.14202
threshold=0.50929234588252092 25.149850149850156 54.845154845154845 59.617761420004825 0.89530728149200489 42.886280386280397 58.537616229923934 58.131868131868146 56.492952041853151 0.24581848916248042 0.1941316442679184 8.5000000000000018 14.500000000000002 2.9978661367769956
decision_type=2 2 2 8 2 2 2 2 2 10 10 2 2 8
left_child=1 -1 3 5 7 -3 8 10 -4 -8 -2 -12 -13 -6
right_child=4 2 6 -5 13 -7 9 -9 -10 -11 11 12 -14 -15
leaf_value=0.01468286425830252 0.04088178592371982 -0.010632334743378279 -0.019527061012331755 -0.0034912714086097309 0.054081396890929036 -0.019527061012331755 -0.034326592556544806 0.01468286425830252 -0.027203499719059016 -0.027203499719059016 0.02439403087797248 0.033110812362204534 0.02439403087797248 0.041846931784020422
leaf_weight=243.0338172763586 88.611019015312195 207.30763046443462 376.67239524424076 141.82092881202698 479.84564435482025 460.88723528385162 755.13507585227489 49.289331331849098 178.94870761036873 17.72296316921711 29.764269515872002 54.698463842272758 28.849899396300316 124.51284934580326
leaf_count=1003 359 884 1637 598 1931 1982 3338 204 792 77 122 224 118 501
internal_value=0.000129774 -0.0162852 -0.0216654 -0.0108748 0.045651 -0.0177734 -0.0281794 0.0298387 -0.0218395 -0.0325675 0.0341052 0.0253398 0.0320272 0.0519248
internal_weight=3237.1 2381.53 2138.49 810.016 855.571 668.195 1328.48 251.213 555.621 772.858 201.924 113.313 83.5484 604.358
internal_count=13770 10311 9308 3464 3459 2866 5844 1027 2429 3415 823 464 342 2432
is_linear=0
shrinkage=0.03


Tree=7
num_leaves=15
num_cat=0
split_feature=32 2 13 32 1 1 16 20 17 32 34 29 18 7
split_gain=1990.32 477.933 232.096 211.02 67.775 63.579 48.0394 45.2578 35.636 34.3671 26.4544 11.3561 4.71719 4.44232
threshold=42.536833795575063 1.0000000180025095e-35 101.40687743469452 53.788169872085966 0.55183915058264721 0.15104280170113046 inf 0.36978038647389705 0.56166712490379977 58.537616229923934 52.980352980352983 56.492952041853151 0.38870876528545611 2.8737758245807905
decision_type=2 2 8 2 8 10 8 10 2 2 2 2 10 8
left_child=2 3 4 6 -1 -3 10 9 -6 11 -2 -5 -11 -10
right_child=1 5 -4 7 8 -7 -8 -9 13 12 -12 -13 -14 -15
leaf_value=0.036680369986921216 -0.010267089899927204 0.010817361794122961 0.051636013843580394 -0.023455641760789736 0.010817361794122961 -0.005134499246962668 -0.005134499246962668 -0.017323584138890933 0.025257700120447951 -0.035665672862565598 -0.017323584138890933 -0.028875495996276642 -0.028875495996276642 0.018037530957285455
leaf_weight=151.28679545223713 234.90505807101727 191.78065790235996 467.20209701359272 381.33746169507504 200.76366458833218 181.60035444796085 200.31015653908253 31.554383337497711 108.54314586520195 608.44678720831871 185.20780223608017 175.03216600418091 89.452554360032082 26.237319961190224
leaf_count=619 1001 788 1880 1665 838 784 845 138 445 2720 799 781 398 108
internal_value=0.000295263 -0.0149308 0.0365655 -0.0210864 0.0217247 0.0108174 -0.00664584 -0.0280013 0.013835 -0.0295877 -0.0153997 -0.0235587 -0.0341922 0.0252577
internal_weight=3233.66 2279.63 954.033 1906.25 486.831 373.381 620.423 1285.82 335.544 1254.27 420.113 556.37 697.899 134.78
internal_count=13809 9919 3890 8347 2010 1572 2645 5702 1391 5564 1800 2446 3118 553
is_linear=0
shrinkage=0.03


Tree=8
num_leaves=15
num_cat=0
split_feature=32 30 13 32 1 34 17 34 29 30 32 32 29 29
split_gain=1820.24 477.64 296.799 118.395 85.3129 75.4636 45.0041 16.8559 16.7762 14.4526 9.99704 9.97904 6.70536 4.46748
threshold=44.912779528164144 26.10306360306361 101.40687743469452 58.537616229923934 0.34081923303046252 54.890942390942399 0.56166712490379977 35.997335997336002 52.258256407190096 52.943485086342235 41.392174259307133 48.580440538482506 58.852075164262985 48.277151724953931
decision_type=2 2 8 2 8 2 2 2 2 2 2 2 2 2
left_child=2 -2 4 5 13 9 -6 -5 -7 -3 -8 -11 -4 -1
right_child=1 3 12 7 6 8 10 -9 -10 11 -12 -13 -14 -15
leaf_value=0.032573895168427479 0.0075488302719265137 -0.0071010726148891994 0.04907999426808532 -0.02309274464345884 0.0075488302719265137 -0.015205893163912319 0.021555564261719146 -0.033043918054138741 -0.02309274464345884 -0.010603844416306889 0.014552197266822829 -0.015205893163912319 0.032573895168427479 0.021555564261719146
leaf_weight=128.64604249596596 236.30193495750427 279.85402542352676 489.10625492036343 115.30983844399452 291.23134918510914 179.70089614391327 136.07137027382851 641.2164504379034 365.30169332027435 59.91763199865818 48.856261625885963 205.78883011639118 19.46864165365696 21.628692522644997
leaf_count=524 975 1205 1966 516 1220 781 554 2899 1618 255 204 905 79 90
internal_value=0.000626945 -0.0160173 0.031115 -0.021751 0.0170806 -0.0153076 0.0105372 -0.0308779 -0.0230927 -0.00731904 0.0215556 -0.0141066 0.0480672 0.0325739
internal_weight=3218.4 2083.39 1135.01 1847.09 626.434 1090.56 476.159 756.526 545.003 545.56 184.928 265.706 508.575 150.275
internal_count=13791 9154 4637 8179 2592 4764 1978 3415 2399 2365 758 1160 2045 614
is_linear=0
shrinkage=0.03


Tree=9
num_leaves=15
num_cat=0
split_feature=14 30 11 14 20 32 29 13 1 28 27 16 29 18
split_gain=2295.03 550.95 155.904 119.033 69.1068 71.2055 33.8064 17.911 11.808 10.5704 6.34211 3.39604 2.99383 2.88652
threshold=0.46316087088299907 26.10306360306361 1.0000000180025095e-35 0.72223085912607476 0.2926487859179378 58.537616229923934 56.802696984493458 150.2151162790698 3.9972468714957343 8.5000000000000018 0.83955618488522676 153.27110391492542 49.468954347471488 0.48324448143429294
decision_type=2 2 2 2 10 2 2 8 10 2 10 8 2 10
left_child=1 -1 4 7 5 6 11 9 12 -2 -11 -3 -5 -7
right_child=3 2 -4 8 -6 13 -8 -9 -10 10 -12 -13 -14 -15
leaf_value=0.013186328136141267 0.013186328136141267 -0.022605553485277256 -0.0037625126089296914 0.052796111792200222 -0.013385785590358856 -0.033340565594097933 -0.026156973902441764 0.033920733443919958 0.034802513532555999 0.024618178645066345 0.013186328136141267 -0.019054133068112749 0.042229916516835976 -0.026156973902441764
leaf_weight=265.02707237005234 62.996290728449821 475.02603647112846 80.601212128996849 384.57086607813835 58.573799788951874 633.96203596889973 292.11405062675476 33.044636905193329 114.21144719421864 88.643747493624687 14.797853857278822 418.89858902990818 188.35716077685356 82.827510148286819
leaf_count=1091 260 2059 341 1541 256 2898 1303 134 459 364 61 1830 757 376
internal_value=0.000627334 -0.015142 -0.0207114 0.0415147 -0.0230091 -0.0247225 -0.020046 0.020384 0.0474575 0.0153156 0.0233309 -0.0190541 0.0496573 -0.0322679
internal_weight=3193.65 2307.03 2042 886.622 1961.4 1902.83 1186.04 199.483 687.139 166.438 103.442 893.925 572.928 716.79
internal_count=13730 10154 9063 3576 8722 8466 5192 819 2757 685 425 3889 2298 3274
is_linear=0
shrinkage=0.03


Tree=10
num_leaves=15
num_cat=0
split_feature=14 30 11 14 20 29 14 13 14 1 1 25 34 12
split_gain=2097.38 500.37 160.728 104.408 65.4726 45.6075 23.4912 20.5687 17.3917 14.1433 10.4005 7.81792 5.42651 1.03929
threshold=0.46316087088299907 25.149850149850156 1.0000000180025095e-35 0.71190313027293373 0.34261737915722029 56.802696984493458 0.010982106338259265 inf 0.99994319278045052 -0.0054337069468075021 0.70227318292481711 -0.023276462783392123 44.252414252414262 1.0000000180025095e-35
decision_type=2 2 2 2 10 2 2 8 2 10 10 8 2 2
left_child=1 -1 4 7 5 6 9 11 10 -3 -5 -2 -7 -11
right_child=3 2 -4 8 -6 12 -8 -9 -10 13 -12 -13 -14 -15
leaf_value=0.012365359872013109 0.02270517061151919 -0.021504490511279995 -0.0037468530015756672 0.042965385068059608 -0.013029852817996998 -0.025793546888249322 -0.018511130772985846 0.031892248171146581 0.049683477134518365 -0.025793546888249322 0.031892248171146581 0.012365359872013109 -0.032838465284145857 -0.02364901869976466
leaf_weight=245.87597742676735 46.131490483880043 164.20428641140461 85.582874208688736 194.91615384817123 57.723002284765244 118.57586106657982 497.0288123190403 30.190404564142227 398.89123819768429 593.73026765882969 109.49582831561565 114.92146901786327 485.2176982909441 40.409840673208237
leaf_count=1007 189 727 362 782 253 540 2155 122 1598 2696 441 472 2228 178
internal_value=0.000568692 -0.0146603 -0.0198591 0.039391 -0.0223129 -0.0239924 -0.0206479 0.0190305 0.044754 -0.0244979 0.0375962 0.0135181 -0.0309392 -0.0257935
internal_weight=3182.9 2288.35 2042.47 894.547 1956.89 1899.17 1295.37 191.243 703.303 798.344 304.412 161.053 603.794 634.14
internal_count=13750 10146 9139 3604 8777 8524 5756 783 2821 3601 1223 661 2768 2874
is_linear=0
shrinkage=0.03


Tree=11
num_leaves=15
num_cat=0
split_feature=14 3 11 14 32 29 20 13 3 34 25 21 16 14
split_gain=2000.83 506.517 150.341 91.2293 77.1595 56.2978 22.3802 19.1656 16.1007 11.622 11.0539 2.86865 2.54669 1.34649
threshold=0.46316087088299907 -1.0000000180025095e-35 1.0000000180025095e-35 0.72223085912607476 58.537616229923934 52.258256407190096 0.006454124377664878 inf 2.6530625565441599 44.122544122544134 -1.0000000180025095e-35 1.0000000180025095e-35 inf 0.99996963805683803
decision_type=2 8 2 2 2 2 10 8 10 2 8 2 8 2
left_child=1 -1 4 7 5 12 11 10 13 -7 -2 -6 -3 -5
right_child=3 2 -4 8 6 9 -8 -9 -10 -11 -12 -13 -14 -15
leaf_value=0.012707946799865916 0.023689580671803143 -0.016709349908897844 -0.0030308297126584141 0.041208700619934861 -0.032661770165356652 -0.017290714414025233 -0.022501354807285944 0.032392348847660804 0.032392348847660804 -0.022501354807285944 0.012707946799865916 -0.026694432754269228 -0.012080074020764522 0.050290045025667786
leaf_weight=205.68078488111496 50.597529649734497 337.33050283789635 88.524118348956108 256.25536732375622 531.24259188771248 116.51701430976391 23.457355752587318 34.214571252465248 115.67589336633682 490.49836312234402 114.2604523152113 200.33146741986275 265.42584462463856 323.9001906812191
leaf_count=842 207 1469 374 1029 2481 518 105 138 464 2212 468 924 1161 1300
internal_value=0.00131025 -0.0137328 -0.0187696 0.0391487 -0.0211293 -0.0163107 -0.028692 0.020479 0.0443057 -0.0225014 0.0149868 -0.0308875 -0.0120801 0.0466652
internal_weight=3153.91 2259.01 2053.33 894.904 1964.8 1209.77 755.031 199.073 695.831 607.015 164.858 731.574 602.756 580.156
internal_count=13692 10086 9244 3606 8870 5360 3510 813 2793 2730 675 3405 2630 2329
is_linear=0
shrinkage=0.03


Tree=12
num_leaves=15
num_cat=0
split_feature=14 0 32 13 0 14 34 1 34 16 34 0 14 33
split_gain=1826.52 362.919 169.346 89.2044 62.0616 60.8981 43.1294 22.1764 17.9155 11.7795 11.554 11.3537 5.23468 3.9247
threshold=0.52930444795368603 -1.0000000180025095e-35 54.845154845154845 52.084231798424774 0.47129662360535335 0.98915783869258622 41.654179154179168 0.71603553129275188 46.441058941058948 6.8844085654769511 41.918081918081917 -1.0000000180025095e-35 0.70179360373183541 53.996003996004013
decision_type=2 8 2 8 10 2 2 10 2 8 2 10 2 2
left_child=1 -1 3 6 8 7 -3 12 -4 -9 -6 -10 -2 -11
right_child=5 2 4 -5 10 -7 -8 9 11 13 -12 -13 -14 -15
leaf_value=0.013338606811301865 0.027020401490913695 -0.0071774011492225778 -0.014169773511482195 -0.001330170593012736 -0.021990732433618137 0.046132270549638359 -0.014169773511482195 0.013338606811301865 -0.017548318519500658 0.027020401490913695 -0.031181774962368985 -0.021990732433618137 0.0373352964535449 0.019497628187466198
leaf_weight=129.51788213849068 68.233624041080475 204.85983254015446 206.44717985391617 163.40249149501324 195.17353422939777 493.49127835035324 493.00288404524326 46.470519542694092 152.37199380993843 75.703450366854668 530.48491941392422 235.41757021844387 121.31519114971161 22.30249285697937
leaf_count=526 275 881 931 691 905 1985 2164 188 686 305 2502 1079 487 90
internal_value=0.00113573 -0.0125673 -0.0159989 -0.00560509 -0.0227345 0.0392446 -0.0130246 0.0285383 -0.0153297 0.0186003 -0.0286517 -0.0209269 0.0354405 0.0256566
internal_weight=3138.19 2310.68 2181.16 861.265 1319.9 827.517 697.863 334.025 594.237 144.476 725.658 387.79 189.549 98.0059
internal_count=13695 10365 9839 3736 6103 3330 3045 1345 2696 583 3407 1765 762 395
is_linear=0
shrinkage=0.03


Tree=13
num_leaves=14
num_cat=0
split_feature=14 3 11 14 34 0 14 33 3 21 0 32 25
split_gain=1786.89 468.182 157.624 96.1741 69.8143 50.2141 30.1655 24.6224 12.9001 10.4736 3.60975 1.78281 1.24112
threshold=0.46316087088299907 -1.0000000180025095e-35 1.0000000180025095e-35 0.90776536812620834 38.99433899433901 -1.0000000180025095e-35 0.04898150502107159 58.131868131868146 0.20555277787621526 8.5044952705160934e-06 11.115014431930936 63.513409667255836 -0.10970738758849928
decision_type=2 8 2 2 2 10 2 2 10 2 10 2 8
left_child=1 -1 4 7 11 -6 9 8 -2 -7 -5 -3 -10
right_child=3 2 -4 10 5 6 -8 -9 12 -11 -12 -13 -14
leaf_value=0.011552891836955423 0.032895651907348659 -0.01213350820357775 -0.0033911808834977564 0.044998966951231047 -0.017945122295426885 -0.031534944208875884 -0.022300716129912478 0.011552891836955423 0.026037202747983372 -0.026031509565516326 0.032895651907348659 -0.017945122295426885 0.019178753588618088
leaf_weight=210.85731706023216 111.12095107138157 289.42063973844051 89.112109705805779 522.14278240501881 260.94278337061405 869.52248856425285 338.40672129392624 60.000900432467461 34.759621635079384 107.80834704637527 71.122696951031685 93.029460027813911 97.049720451235771
leaf_count=862 448 1295 377 2108 1164 4087 1497 245 141 503 285 433 394
internal_value=0.000800884 -0.0134212 -0.0183353 0.036527 -0.0208758 -0.0237567 -0.0266563 0.0221905 0.0268046 -0.0297623 0.0436008 -0.0121335 0.0191788
internal_weight=3155.3 2259.1 2048.24 896.197 1959.13 1576.68 1315.74 302.931 242.93 977.331 593.265 382.45 131.809
internal_count=13839 10218 9356 3621 8979 7251 6087 1228 983 4590 2393 1728 535
is_linear=0
shrinkage=0.03


Tree=14
num_leaves=15
num_cat=0
split_feature=14 30 11 14 32 29 1 20 16 18 14 34 18 8
split_gain=1664.99 436.648 136.96 80.8934 72.5141 44.8233 32.5388 24.7761 22.8501 12.2777 4.91813 3.78729 3.22304 5.45705
threshold=0.46316087088299907 20.571095571095576 1.0000000180025095e-35 0.98673567014736907 58.537616229923934 56.802696984493458 0.64859850261324759 0.006454124377664878 153.27110391492542 0.81040723345868093 0.62631898134857777 36.450216450216459 0.30171617614430063 -0.2468015932791516
decision_type=2 2 2 2 2 2 10 10 8 10 2 2 10 10
left_child=1 -1 4 6 5 8 10 12 11 -8 -2 -3 13 -6
right_child=3 2 -4 -5 7 -7 9 -9 -10 -11 -12 -13 -14 -15
leaf_value=0.011298980819241267 0.023933540640301346 -0.013847779024433996 -0.0030605213985527972 0.043304955368733203 -0.028104040028966968 -0.021119960741383479 0.011298980819241267 -0.021119960741383479 -0.011397814012296868 0.023933540640301346 0.033951473317193941 -0.016297744036571124 -0.02534071886132961 -0.035214897191190545
leaf_weight=193.4623160213232 68.598316431045532 76.039943113923073 84.980397835373878 512.38277731835842 353.65081876516342 284.8055160343647 118.8832381516695 23.402139753103256 437.63588908314705 70.711549162864685 137.40793684124947 413.30299906432629 102.05799916386604 264.30900755524635
leaf_count=787 279 333 360 2077 1705 1328 481 107 1965 287 553 1843 485 1273
internal_value=0.00119115 -0.0127359 -0.01742 0.0353338 -0.0197351 -0.0150986 0.024598 -0.0271413 -0.0114755 0.0150061 0.032861 -0.0162977 -0.0295615 -0.0308674
internal_weight=3141.63 2233.65 2040.18 907.984 1955.2 1211.78 395.601 743.42 926.979 189.595 206.006 489.343 720.018 617.96
internal_count=13863 10186 9399 3677 9039 5469 1600 3570 4141 768 832 2176 3463 2978
is_linear=0
shrinkage=0.03


Tree=15
num_leaves=15
num_cat=0
split_feature=14 2 20 32 14 1 16 33 32 32 27 0 33 0
split_gain=1539.33 426.814 118.863 100.02 85.337 53.1461 36.5931 21.7718 19.0752 9.59147 8.38155 6.7748 3.91071 2.36251
threshold=0.46316087088299907 1.0000000180025095e-35 0.00078329944037832451 58.537616229923934 0.90776536812620834 0.18494343082051493 251.92631901505823 57.73670773670775 43.011184619576234 53.788169872085966 1.1545556847476608 5.3436664146518931 33.310340453197604 0.10053983853343212
decision_type=2 2 10 2 2 10 8 2 2 2 8 10 2 10
left_child=1 2 3 6 7 -3 8 10 -1 -8 -2 -6 -5 -11
right_child=4 5 -4 12 11 -7 9 -9 -10 13 -12 -13 -14 -15
leaf_value=-0.016360869446450686 0.028580022200161374 0.01120376942057978 -0.0034956405894120282 -0.022452278365275056 0.04289622835678409 -0.0034956405894120282 -0.011944183937792341 0.01120376942057978 -0.022452278365275056 -0.014152526692121513 0.01828535161662526 0.031101037676553003 -0.030685985781475664 -0.016360869446450686
leaf_weight=114.69548159837723 200.34927518665791 216.22104479372501 73.739142522215843 18.638788759708405 506.13650065660477 178.81168925762177 186.98303274810314 60.251310512423515 443.02579227089882 180.09991189837456 44.862000361084938 82.045039415359497 613.87697331607342 208.59678938984871
leaf_count=499 809 883 330 89 2064 804 815 245 2017 820 181 330 3004 990
internal_value=0.00127547 -0.0120353 -0.0181951 -0.0203927 0.0344429 0.0112038 -0.0149465 0.0210287 -0.0207776 -0.0119442 0.0253669 0.0411733 -0.0299581 -0.0163609
internal_weight=3128.33 2234.69 1839.66 1765.92 893.644 395.033 1133.4 305.463 557.721 575.68 245.211 588.182 632.516 388.697
internal_count=13880 10251 8564 8234 3629 1687 5141 1235 2516 2625 990 2394 3093 1810
is_linear=0
shrinkage=0.03


Tree=16
num_leaves=15
num_cat=0
split_feature=14 3 32 16 0 14 34 27 0 34 21 0 32 17
split_gain=1484.96 411.133 148.213 75.2421 57.9692 46.3428 29.6715 14.9469 13.4103 10.8629 9.49176 13.5155 4.9391 2.41242
threshold=0.52930444795368603 -1.0000000180025095e-35 53.788169872085966 178.43174699288781 0.35215566382589986 0.72223085912607476 41.779054279054286 0.64607314824787154 4.2808292260219174 47.248584748584754 1.0000000180025095e-35 -1.0000000180025095e-35 57.987816379424778 0.094002133646857403
decision_type=2 8 2 8 10 2 2 8 10 2 2 10 2 2
left_child=1 -1 3 6 10 7 -3 -2 -7 12 11 -4 -6 -11
right_child=5 2 4 -5 9 8 -8 -9 -10 13 -12 -13 -14 -15
leaf_value=0.012327934225979156 0.026718534425041122 -0.0076118477894150547 -0.016105356163341633 -0.0016539576868672393 -0.020613024346998798 0.041013647074672331 -0.013595116158014939 0.012327934225979156 0.029024238972287873 -0.031987483620449425 -0.013595116158014939 -0.020613024346998798 -0.026145834448962641 -0.026145834448962641
leaf_weight=217.28318937122822 96.310397118330002 157.50166149437428 154.65975810587406 236.0655534863472 98.309862330555916 584.4274455010891 387.78881756961346 46.446494176983833 104.96684600412846 408.47179700434208 149.23261617124081 219.40795676410198 199.9499343931675 51.26155860722065
leaf_count=885 387 687 712 1025 458 2391 1739 187 423 2027 693 1046 976 248
internal_value=0.00150124 -0.0110246 -0.0156358 -0.00529099 -0.0218992 0.0356805 -0.0135697 0.019096 0.0389525 -0.0272233 -0.0140027 -0.0186156 -0.021864 -0.0304277
internal_weight=3112.08 2279.93 2062.65 781.356 1281.29 832.151 545.29 142.757 689.394 757.993 523.3 374.068 298.26 459.733
internal_count=13884 10496 9611 3451 6160 3388 2426 574 2814 3709 2451 1758 1434 2275
is_linear=0
shrinkage=0.03


Tree=17
num_leaves=15
num_cat=0
split_feature=14 30 11 14 14 0 1 34 16 16 3 33 25 16
split_gain=1372.33 417.76 121.948 83.4223 55.4564 37.4835 21.2477 14.5398 8.77771 7.22414 6.77265 6.76794 3.91516 2.86927
threshold=0.46316087088299907 26.10306360306361 1.0000000180025095e-35 0.90776536812620834 0.091068108634908648 0.47129662360535335 0.64859850261324759 46.982184482184486 7.0016151505613502 5.2469797192367782 13.731134969939875 58.720168720168729 0.96688586464024218 98.006222448550275
decision_type=2 2 2 2 2 10 10 2 10 8 10 2 8 8
left_child=1 -1 4 6 5 9 11 -7 -8 -3 12 -2 -5 -6
right_child=3 2 -4 10 13 7 8 -9 -10 -11 -12 -13 -14 -15
leaf_value=0.010583960791608825 0.029457907481106552 -0.02133460978218946 -0.0031313491943919351 0.043533208011473166 -0.015534925221354055 -0.02133460978218946 0.010583960791608825 -0.029649146222086354 0.019045498759960873 -0.016496909374876866 0.029457907481106552 0.019045498759960873 0.035190910297910237 -0.01112352035456084
leaf_weight=265.69849872589111 119.94485951960087 139.44585014879704 78.014326751232147 380.44845269620419 283.38510186970234 323.45517417788506 93.707166567444801 496.47562493383884 55.867181822657585 494.71108834445477 61.905626475811005 34.350486353039742 135.1058469414711 104.66231864690781
leaf_count=1091 484 649 333 1572 1276 1554 379 2459 226 2345 250 139 556 458
internal_value=0.00120833 -0.0115365 -0.0168467 0.0327044 -0.0191157 -0.0218703 0.0194788 -0.0261723 0.0108669 -0.0164969 0.039437 0.0272241 0.0409239 -0.0111235
internal_weight=3067.18 2185.85 1920.15 881.33 1842.14 1454.09 303.87 819.931 149.574 634.157 577.46 154.295 515.554 388.047
internal_count=13771 10165 9074 3606 8741 7007 1228 4013 605 2994 2378 623 2128 1734
is_linear=0
shrinkage=0.03


Tree=18
num_leaves=15
num_cat=0
split_feature=14 30 11 14 14 1 27 29 33 29 1 28 18 16
split_gain=1311 373.408 125.463 78.2133 43.3336 40.8434 21.1327 19.9702 7.51856 5.94049 2.60584 2.12601 2.91963 1.77318
threshold=0.52930444795368603 25.149850149850156 1.0000000180025095e-35 0.12332284229952124 0.90776536812620834 0.25131840977497094 1.0662756834968923 55.084630203754564 58.357198357198364 50.957854791499408 0.098728788321270008 6.5000000000000009 0.28366433485667158 0.06574172498853513
decision_type=2 2 2 2 2 10 8 2 2 2 10 2 10 8
left_child=1 -1 3 5 6 13 8 -7 -2 -6 -8 -9 -13 -3
right_child=4 2 -4 -5 9 7 10 11 -10 -11 -12 12 -14 -15
leaf_value=0.011469800738322329 0.03019561438114084 -0.019915245440711233 -0.0019290779684580663 -0.0097785076876871196 0.04032848037062662 -0.019915245440711233 0.019500825744671064 -0.025347141444683297 0.019500825744671064 0.03019561438114084 0.011469800738322329 -0.03452534872929789 -0.024265941602660393 -0.015348747305426994
leaf_weight=248.69961667060852 155.46957014501095 90.64106060564518 82.015996932983398 389.52766606211662 451.42631840705872 475.12840344011784 20.333709210157394 294.69090843200684 28.555733725428581 125.5367893576622 42.044877767562866 188.65247818827629 56.013107746839523 407.87682211399078
leaf_count=1014 625 424 350 1725 1879 2279 82 1480 115 514 169 953 272 1933
internal_value=0.0013169 -0.0106183 -0.015328 -0.0176279 0.0335579 -0.020919 0.0222265 -0.0244817 0.0275319 0.0381647 0.0114698 -0.0286166 -0.0319681 -0.0153487
internal_weight=3056.61 2233.25 1984.55 1902.53 823.367 1513 246.404 1014.48 184.025 576.963 62.3786 539.356 244.666 498.518
internal_count=13814 10430 9416 9066 3384 7341 991 4984 740 2393 251 2705 1225 2357
is_linear=0
shrinkage=0.03


Tree=19
num_leaves=15
num_cat=0
split_feature=32 30 13 20 32 1 22 18 1 0 29 33 21 32
split_gain=980.95 301.521 198.269 85.5695 74.4283 69.4619 28.9539 13.7213 9.49143 9.24356 7.76757 4.73643 4.6332 2.29258
threshold=45.483537441579401 26.10306360306361 101.40687743469452 0.062591224431505971 58.537616229923934 0.62994422238140724 4.2867203641396839e-06 0.96447003099579731 2.841727048270378 -1.0000000180025095e-35 48.529638249418475 35.895057323628755 1.0000000180025095e-35 38.11992203600596
decision_type=2 2 8 10 2 8 2 10 10 10 2 2 2 2
left_child=2 -2 5 4 6 10 9 -7 -4 -3 -1 -6 -13 -9
right_child=1 3 8 -5 11 7 -8 13 -10 -11 -12 12 -14 -15
leaf_value=0.024635154349753514 0.0056048080523418888 -0.016355219624243744 0.039654378136558283 -0.0057297748731007661 -0.020424109997131235 0.0056048080523418888 -0.012467930383653066 0.015119981201047702 0.025925879162818133 -0.020424109997131235 0.015119981201047702 -0.030066643379949489 -0.024168077229050948 0.010362394626694795
leaf_weight=167.2726137638092 228.18835952877998 193.54627773165703 402.89856052398682 62.821568459272385 22.123443067073822 322.79625867307186 488.42581011354923 42.646476298570633 97.328385844826698 271.94710892438889 45.067271769046783 451.88064128160477 171.33830158412457 64.769293114542961
leaf_count=694 936 904 1693 288 110 1375 2243 176 401 1312 192 2330 859 276
internal_value=0.0012907 -0.0119666 0.0231762 -0.0170644 -0.0192061 0.0120041 -0.0137608 0.00560481 0.0372663 -0.0202425 0.0246352 -0.0270874 -0.027912 0.01512
internal_weight=3033.05 1890.27 1142.78 1662.08 1599.26 642.552 953.919 430.212 500.227 465.493 212.34 645.342 623.219 107.416
internal_count=13789 8982 4807 8046 7758 2713 4459 1827 2094 2216 886 3299 3189 452
is_linear=0
shrinkage=0.03


Tree=20
num_leaves=15
num_cat=0
split_feature=14 3 11 14 32 29 20 13 16 14 3 25 8 34
split_gain=1182.02 365.211 121.043 73.4535 60.0734 37.9149 21.4061 19.8209 18.3066 13.2813 9.06661 7.46346 5.11513 3.11587
threshold=0.43667283326860201 -1.0000000180025095e-35 1.0000000180025095e-35 0.72223085912607476 58.537616229923934 56.802696984493458 0.006454124377664878 inf 140.82199534086405 0.99994319278045052 0.20555277787621526 -1.0000000180025095e-35 -0.51208131205379626 38.807026307026312
decision_type=2 8 2 2 2 2 10 8 8 2 10 8 10 2
left_child=1 -1 4 7 5 8 12 11 13 10 -5 -2 -6 -3
right_child=3 2 -4 9 6 -7 -8 -9 -10 -11 -12 -13 -14 -15
leaf_value=0.0099812800099044301 0.017548419703653177 -0.012369866495301543 -0.0026362243691208168 0.034318058695581376 -0.023581516891744241 -0.01901931679776413 -0.01901931679776413 0.02511555939740192 -0.010153383061147346 0.03953111063173427 0.02511555939740192 0.0099812800099044301 -0.030566243691440651 -0.014586349929455738
leaf_weight=207.59225344657898 53.220042675733566 99.910025224089622 88.097488164901733 175.62322282791138 355.81828561425209 267.88043607771397 22.267321825027466 35.032924190163612 419.39590609073639 390.92646156251431 108.62785443663597 129.10908722877502 312.15929488837719 358.05659203231335
leaf_count=844 217 449 375 733 1831 1311 105 142 1941 1648 441 528 1610 1653
internal_value=0.0016083 -0.0105326 -0.0152537 0.0304952 -0.0176705 -0.0133545 -0.0246842 0.0148432 -0.0101534 0.0353879 0.029105 0.00998128 -0.0270485 -0.0145863
internal_weight=3023.72 2131.18 1923.59 892.54 1835.49 1145.24 690.245 217.362 877.363 675.178 284.251 182.329 667.978 457.967
internal_count=13828 10119 9275 3709 8900 5354 3546 887 4043 2822 1174 745 3441 2102
is_linear=0
shrinkage=0.03


Tree=21
num_leaves=15
num_cat=0
split_feature=14 3 11 14 14 1 1 20 18 7 3 13 33 22
split_gain=1103.91 342.637 117.021 71.3289 45.7116 43.3489 21.24 10.4969 9.26842 5.1038 4.63771 3.54866 3.44804 3.30886
threshold=0.52930444795368603 -1.0000000180025095e-35 1.0000000180025095e-35 0.091068108634908648 0.98673567014736907 0.25131840977497094 0.63805354392932023 0.34261737915722029 0.81040723345868093 -0.46709994470873445 13.731134969939875 23.09372303478013 58.720168720168729 0.00092886856717634334
decision_type=2 8 2 2 2 10 10 10 10 10 10 8 2 2
left_child=1 -1 3 5 6 11 12 9 -8 -7 -6 -3 -2 -11
right_child=4 2 -4 -5 10 7 8 -9 -10 13 -12 -13 -14 -15
leaf_value=0.010708068747960217 0.029494188013123052 -0.019081331928685091 -0.001686688463269078 -0.0090314170337611015 0.038692158936038612 -0.022030934992703057 0.010708068747960217 -0.019081331928685091 0.02121643182059596 -0.029919436422222768 0.029494188013123052 -0.014403893206906861 0.02121643182059596 -0.024703555878441787
leaf_weight=209.11017246544361 130.19761916995049 148.67775227129459 87.817211747169495 459.01082108914852 430.25759352743626 389.11002942919731 100.22472259402275 24.090063095092773 56.84523618221283 354.10622964799404 53.055854439735413 367.36040703952312 41.397719725966454 164.53680144250393
leaf_count=849 534 706 374 2054 1837 1982 404 113 229 1824 218 1766 169 817
internal_value=0.0013229 -0.00969962 -0.0140814 -0.0163761 0.0311158 -0.0197764 0.0218813 -0.0237588 0.0132461 -0.0249805 0.037107 -0.0144039 0.0291868 -0.0273762
internal_weight=3015.8 2203.82 1994.71 1906.89 811.979 1447.88 328.665 931.843 157.07 907.753 483.313 516.038 171.595 518.643
internal_count=13876 10485 9636 9262 3391 7208 1336 4736 633 4623 2055 2472 703 2641
is_linear=0
shrinkage=0.03


Tree=22
num_leaves=15
num_cat=0
split_feature=14 2 32 14 21 16 3 20 32 1 7 14 32 18
split_gain=1031.85 342.281 102.652 69.3547 44.2736 32.2998 23.3369 23.2375 19.6652 16.727 8.93564 7.26807 4.05723 3.96131
threshold=0.45463863197491078 1.0000000180025095e-35 58.537616229923934 0.98915783869258622 7.8666592621797374e-05 32.676443720284517 0.23749643842010429 0.006454124377664878 53.788169872085966 0.15104280170113046 0.74548820680283623 0.62631898134857777 42.536833795575063 0.30171617614430063
decision_type=2 2 2 2 2 8 10 10 2 10 8 2 2 10
left_child=1 2 4 6 5 12 11 13 -7 -3 -8 -2 -1 -4
right_child=3 9 7 -5 -6 8 10 -9 -10 -11 -12 -13 -14 -15
leaf_value=-0.013000482240003677 0.019099839917913169 0.0096206833322946134 -0.029232393279282856 0.036900416586631839 -0.0029876825277095898 -0.0081256789635892092 0.018126695608020035 -0.017875285516418146 -0.013000482240003677 -0.0029876825277095898 0.0096206833322946134 0.028174073782035926 -0.017875285516418146 -0.022848474385607245
leaf_weight=69.765177175402641 64.701413363218307 199.94320100545883 505.08210003376007 467.15485568344593 199.94712817668915 185.17747057974339 124.10193802416325 16.823282986879349 332.275604814291 185.9129920899868 73.893787264823914 139.49008747935295 341.77400796115398 80.743408426642418
leaf_count=311 263 811 2690 2006 916 830 503 81 1633 859 300 578 1632 422
internal_value=0.00155901 -0.00974223 -0.015596 0.0289836 -0.0101847 -0.0132637 0.0194477 -0.0255659 -0.00812568 0.00962068 0.01165 0.0265497 -0.0178753 -0.0278217
internal_weight=2986.79 2117.44 1731.59 869.342 1128.94 928.992 402.187 602.649 517.453 385.856 197.996 204.192 411.539 585.826
internal_count=13835 10185 8515 3650 5322 4406 1644 3193 2463 1670 803 841 1943 3112
is_linear=0
shrinkage=0.03


Tree=23
num_leaves=15
num_cat=0
split_feature=14 30 32 16 21 3 34 14 0 30 34 18 19 2
split_gain=974.732 338.68 149.65 61.8021 37.5377 34.8285 30.6521 24.2739 26.7649 10.8052 9.26775 4.21103 2.38331 1.333
threshold=0.62631898134857777 20.571095571095576 53.788169872085966 inf 1.0000000180025095e-35 -0.028137813170641245 41.654179154179168 0.99994319278045052 0.87874061623323796 52.693734836591993 47.248584748584754 0.15128888577333552 2.5294155110076115 0.031498015873015879
decision_type=2 2 2 8 2 10 2 2 10 2 2 10 8 2
left_child=1 -1 3 6 5 -4 -3 8 -2 -6 -7 13 -10 -12
right_child=7 2 4 -5 9 10 -8 -9 12 -11 11 -13 -14 -15
leaf_value=0.012162180808213484 0.031539289853805989 -0.005040754895282995 -0.016228860760082845 6.0234861767460842e-06 -0.010594002036799166 -0.020751261928215848 -0.010594002036799166 0.037757743550386691 0.018204757233447028 -0.016228860760082845 -0.031279820074347216 -0.024160127377802699 0.012162180808213484 -0.026874988802527019
leaf_weight=207.32544228434563 226.26259829103947 170.8391986489296 166.23442287743092 244.96004265546799 179.81177787482738 198.68135556578636 414.54470834136009 376.97050960361958 75.873608127236366 109.3988464474678 413.13503247499466 111.28797873854637 38.565532371401787 29.849761068820953
leaf_count=837 954 754 791 1069 889 1016 1894 1635 309 568 2211 577 157 153
internal_value=0.00187433 -0.00786062 -0.0121501 -0.00232176 -0.0188662 -0.0218637 -0.0100875 0.032185 0.0255621 -0.010594 -0.0252737 -0.027569 0.0129186 -0.0295899
internal_weight=2963.74 2246.07 2038.74 830.344 1208.4 919.189 585.384 717.672 340.702 289.211 752.954 554.273 114.439 442.985
internal_count=13814 10759 9922 3717 6205 4748 2648 3055 1420 1457 3957 2941 466 2364
is_linear=0
shrinkage=0.03


Tree=24
num_leaves=15
num_cat=0
split_feature=32 30 13 20 32 1 34 17 3 29 17 28 18 32
split_gain=761.596 275.86 173.144 78.7874 79.4902 58.873 24.9506 18.2832 10.3553 7.74108 5.97747 3.74036 3.08464 2.55371
threshold=45.483537441579401 24.500499500499505 101.40687743469452 0.19680309130668863 58.537616229923934 0.34916915238991253 56.33033633033633 0.86883235182938245 1.5731611146860634e-15 58.852075164262985 0.11189055156598966 6.5000000000000009 0.13330601678139076 41.84975863297543
decision_type=2 2 8 10 2 8 2 2 10 2 2 2 10 2
left_child=2 -2 5 4 6 12 -3 -7 -8 -4 11 -6 -1 -9
right_child=1 3 9 -5 10 7 8 13 -10 -11 -12 -13 -14 -15
leaf_value=0.01413649697479469 0.005533856639045872 -0.011076996380016779 0.035761863204930633 -0.0048254495724176063 -0.022721248295851294 0.005533856639045872 -0.014657792158015038 0.01413649697479469 -0.018683049817407867 0.022739137310543507 -0.018683049817407867 -0.029600851790215849 0.022739137310543507 0.0098351768069202799
leaf_weight=23.952282577753067 209.00018645823002 490.80859145522118 461.0474816262722 56.231754094362259 262.28461742401123 350.41374163329601 202.93695619702339 95.292808279395103 249.82934129238129 22.422538191080093 45.594551712274551 315.80258665978909 136.26536290347576 33.165524706244469
leaf_count=101 851 2307 2007 263 1425 1511 974 402 1257 94 241 1722 575 142
internal_value=0.00178735 -0.0101262 0.0211939 -0.0151848 -0.0173285 0.0108122 -0.0117337 0.00553386 -0.0182386 0.034666 -0.0256324 -0.0267011 0.0227391 0.0141365
internal_weight=2955.05 1832.49 1122.56 1623.49 1567.26 639.09 943.575 478.872 452.766 483.47 623.682 578.087 160.218 128.458
internal_count=13872 9040 4832 8189 7926 2731 4538 2055 2231 2101 3388 3147 676 544
is_linear=0
shrinkage=0.03


Tree=25
num_leaves=15
num_cat=0
split_feature=14 3 11 0 14 14 32 1 34 18 20 8 29 17
split_gain=861.709 297.787 110.93 68.0818 46.1437 31.07 21.5412 20.6599 9.99235 8.29199 6.14513 4.57968 3.5036 1.44996
threshold=0.50133449184689927 -0.00094472539534589349 1.0000000180025095e-35 0.50793657790400937 0.98915783869258622 0.047008467688552706 58.537616229923934 0.63805354392932023 38.807026307026312 0.81040723345868093 0.10386245637643036 -0.3823322326194542 51.142938446834556 0.4996503693896443
decision_type=2 8 2 10 2 2 2 10 2 10 10 10 2 2
left_child=1 -1 3 6 7 8 -3 12 -5 -9 -8 -10 -2 -6
right_child=4 2 -4 5 13 -7 10 9 11 -11 -12 -13 -14 -15
leaf_value=0.010049376904705419 0.027083033703598838 -0.0080044062331596413 -0.0011760075697910502 -0.019092710402560473 0.02964352074707071 -0.014333256522467563 -0.014333256522467563 0.010049376904705419 -0.0226991443580861 0.019009823668064276 -0.0111688313778136 -0.030115056064301874 0.019009823668064276 0.03761494838022153
leaf_weight=209.58636936545372 147.85660596191883 570.1367357224226 90.134371683001518 138.68591175973415 192.90588918328285 300.55269990861416 259.54488481581211 112.11821934580803 322.65407626330853 57.538930490612984 14.323586672544478 227.18414027988911 35.926295414566994 262.20646566152573
leaf_count=850 617 2665 384 708 844 1393 1365 454 1752 233 68 1233 148 1166
internal_value=0.00191383 -0.00808952 -0.0124014 -0.0148328 0.0281883 -0.0201686 -0.0084979 0.0195711 -0.0238522 0.011497 -0.0143333 -0.0260071 0.0265227 0.034595
internal_weight=2941.36 2132.8 1923.22 1833.08 808.552 989.077 844.005 353.44 688.524 169.657 273.868 549.838 183.783 455.112
internal_count=13880 10418 9568 9184 3462 5086 4098 1452 3693 687 1433 2985 765 2010
is_linear=0
shrinkage=0.03


Tree=26
num_leaves=15
num_cat=0
split_feature=14 2 20 32 14 29 0 16 35 29 18 8 32 34
split_gain=805.97 315.454 94.8686 81.7499 60.3337 34.8142 17.255 12.8401 10.1084 5.43352 5.02117 4.84641 4.16388 2.86721
threshold=0.44482537614455092 0.012163561076604556 0.00078329944037832451 58.537616229923934 0.71190313027293373 56.802696984493458 4.2808292260219174 133.3645267970042 65.101565101565114 49.468954347471488 0.53644235485718961 -0.40112734883219042 43.011184619576234 43.32334332334333
decision_type=2 2 10 2 2 2 10 8 8 2 10 10 2 2
left_child=1 2 3 5 8 7 9 12 -2 -6 11 -5 -1 -7
right_child=4 -3 -4 10 6 13 -8 -9 -10 -11 -12 -13 -14 -15
leaf_value=-0.011643516367918997 0.018243917137584005 0.0091888668942710066 -0.0024178812656924834 -0.022956114073477647 0.036165207048586931 -0.013918841362358981 0.021525446289900562 -0.0093681913734790147 0.0091888668942710066 0.027488482106225291 -0.018469491351238945 -0.030879521456718208 -0.013918841362358981 -0.018469491351238945
leaf_weight=93.573646187782288 129.8480773717165 381.05963130295277 70.901192471385002 275.33975972235203 365.61426734924316 38.507694408297539 98.604839414358139 404.46178197860718 72.243229433894157 170.29800310730934 58.417713195085526 223.99207125604153 309.1407858133316 214.56208030879498
leaf_count=416 529 1661 332 1534 1626 187 414 1914 295 739 320 1263 1488 1103
internal_value=0.00183255 -0.00821445 -0.0140246 -0.0163185 0.0265922 -0.0113383 0.0311377 -0.00936819 0.0119132 0.0334515 -0.0256007 -0.0267813 -0.0139188 -0.0184695
internal_weight=2906.56 2069.96 1688.9 1618 836.608 1060.25 634.517 807.176 202.091 535.912 557.75 499.332 402.714 253.07
internal_count=13821 10218 8557 8225 3603 5108 2779 3818 824 2365 3117 2797 1904 1290
is_linear=0
shrinkage=0.03


Tree=27
num_leaves=15
num_cat=0
split_feature=32 2 13 34 1 32 32 1 17 20 29 22 18 32
split_gain=667.727 249.169 155.012 71.3295 54.2694 35.1725 23.6537 17.1282 15.424 7.34458 6.83429 5.10692 4.06978 2.70323
threshold=45.483537441579401 0.0089743589743589754 150.2151162790698 44.355644355644365 0.34081923303046252 58.537616229923934 58.537616229923934 0.79908125646722694 0.86883235182938245 0.43462747067959379 58.852075164262985 3.3121435302865243e-05 0.5468255687846223 41.84975863297543
decision_type=2 2 8 2 8 2 2 10 2 10 2 2 10 2
left_child=2 3 4 6 -1 7 -2 -5 -6 -8 -4 -9 -7 -10
right_child=1 -3 10 5 8 12 9 11 13 -11 -12 -13 -14 -15
leaf_value=0.022015271057356716 -0.0048163903734944596 0.0054505494213502766 0.034525032508021185 -0.012672648712661811 0.0054505494213502766 -0.028825121780957454 -0.012672648712661811 -0.02117694180929567 0.013732910239353496 -0.0087445195430781355 0.022015271057356716 -0.016924795260978742 -0.02117694180929567 0.0095917298303518864
leaf_weight=153.20882008969784 280.65362240374088 323.40034779906273 440.47244003415108 347.3277565985918 351.36118748784065 324.58551777899265 192.00162468850613 179.27917313575745 96.733912497758865 13.386723190546034 19.520139932632446 89.376584380865097 38.335559353232384 32.799584612250328
leaf_count=653 1322 1415 1969 1692 1525 1873 1056 933 413 65 83 440 215 141
internal_value=0.00188987 -0.00939785 0.020299 -0.0150833 0.0105486 -0.0197339 -0.00561143 -0.0151479 0.00545055 -0.0126726 0.033482 -0.0211769 -0.027206 0.0137329
internal_weight=2882.44 1788.35 1094.1 1464.95 634.104 978.905 486.042 615.984 480.895 205.388 459.993 268.656 362.921 129.533
internal_count=13795 9011 4784 7596 2732 5153 2443 3065 2079 1121 2052 1373 2088 554
is_linear=0
shrinkage=0.03


Tree=28
num_leaves=15
num_cat=0
split_feature=32 2 32 16 0 0 16 34 34 17 0 17 4 32
split_gain=602.801 256.9 103.525 54.1549 39.8566 29.955 29.797 14.2981 12.2292 12.1156 11.7109 10.6759 7.18098 4.45115
threshold=42.349957734573131 1.0000000180025095e-35 53.788169872085966 68.8970342498599 0.48025341740340804 0.63827096598632649 inf 46.441058941058948 38.807026307026312 0.054230962946657753 -0.0071934988035259155 0.094002133646857403 -0.98328589779672482 38.615230922923239
decision_type=2 2 2 8 10 10 8 2 2 2 10 2 10 2
left_child=3 2 6 5 7 13 8 -4 -2 -5 -9 12 -6 -1
right_child=1 -3 4 9 11 -7 -8 10 -10 -11 -12 -13 -14 -15
leaf_value=0.021807488985150194 -0.0062163982837512375 0.0079985903808095643 -0.010231345955479655 0.022686104295880256 -0.02157997017438815 0.0079985903808095643 -0.0022014506120228185 -0.013488799028681454 -0.010231345955479655 0.033889991056111422 -0.017597255507773007 -0.017597255507773007 -0.028728678288782585 0.014903039682979879
leaf_weight=121.74492186307907 73.246259227395058 365.60799004137516 149.47958368062973 202.06654651463032 168.26531401276588 180.43876601755619 199.06223873794079 149.19076932966709 319.35882414877415 287.774478495121 182.54886835813522 65.44964525103569 320.19111217558384 71.509634345769882
leaf_count=530 331 1592 768 889 942 773 886 734 1508 1296 990 352 1829 305
internal_value=0.00210609 -0.00697046 -0.0124015 0.0229676 -0.0181015 0.0140708 -0.00236122 -0.0115925 -0.0102313 0.0295442 -0.0167463 -0.023602 -0.0255627 0.0218075
internal_weight=2855.93 1992.4 1626.79 863.534 1035.13 373.693 591.667 481.219 392.605 489.841 331.74 553.906 488.456 193.255
internal_count=13725 9932 8340 3793 5615 1608 2725 2492 1839 2185 1724 3123 2771 835
is_linear=0
shrinkage=0.03


Tree=29
num_leaves=15
num_cat=0
split_feature=14 3 11 34 0 14 1 14 34 16 14 2 33 32
split_gain=727.424 266.413 99.2493 61.2183 43.8696 43.5812 23.0492 22.7795 7.8524 7.23048 4.40122 4.16008 3.39853 2.24739
threshold=0.52930444795368603 -1.0000000180025095e-35 1.0000000180025095e-35 41.654179154179168 -1.0000000180025095e-35 0.99994319278045052 0.71603553129275188 0.04898150502107159 48.439060939060944 6.9870738384912814 0.70179360373183541 0.012163561076604556 53.996003996004013 58.537616229923934
decision_type=2 8 2 2 10 2 10 2 2 8 2 2 2 2
left_child=1 -1 3 13 -5 6 10 8 -6 -8 -2 -10 -11 -3
right_child=5 2 -4 4 7 -7 9 -9 11 12 -12 -13 -14 -15
leaf_value=0.0098595972630610793 0.018545810119737903 -0.0072236067196075615 -0.00074248627910185046 -0.0121940169720718 -0.019964136086979903 0.03481156267357257 0.0098595972630610793 -0.016322971667135443 -0.027383967160244764 0.018545810119737903 0.027378015858696352 -0.022827440648514271 0.013611948988889823 -0.0121940169720718
leaf_weight=211.20788837969303 65.205381870269775 279.55292531847954 90.003504395484924 252.05001012980938 173.55210156738758 349.65450556576252 51.581904858350754 313.08440341055393 530.46534475684166 95.175885781645775 179.94998259842396 46.074976280331612 29.782934635877609 188.28086966276169
leaf_count=854 266 1305 384 1203 931 1608 209 1461 3001 393 800 233 124 1019
internal_value=0.00207218 -0.00714535 -0.0113446 -0.0137047 -0.0171644 0.0268645 0.0199445 -0.0204519 -0.0236053 0.0111994 0.0258922 -0.0256907 0.0173643 -0.00722361
internal_weight=2855.62 2084.27 1873.06 1783.06 1315.23 771.351 421.696 1063.18 750.092 176.541 245.155 576.54 124.959 467.834
internal_count=13791 10391 9537 9153 6829 3400 1792 5626 4165 726 1066 3234 517 2324
is_linear=0
shrinkage=0.03


Tree=30
num_leaves=15
num_cat=0
split_feature=14 30 32 16 0 14 34 0 21 2 0 34 33 33
split_gain=662.239 258.874 114.869 57.4832 38.4682 20.6598 18.7223 13.9511 13.8674 11.2285 10.9414 7.8575 4.4547 2.01552
threshold=0.62631898134857777 23.986727558156137 53.788169872085966 inf 0.57395809211890958 0.99994319278045052 41.545954045954055 3.1394627020063148 2.6527730054526942e-05 0.018874643874643878 -0.0071934988035259155 46.982184482184486 59.578516721373866 56.224331224331237
decision_type=2 2 2 8 10 2 2 10 2 2 10 2 2 2
left_child=1 -1 3 6 8 7 -3 12 10 11 -4 -6 -2 -13
right_child=5 2 4 -5 9 -7 -8 -9 -10 -11 -12 13 -14 -15
leaf_value=0.011043313269534739 0.027400462705572219 -0.0041492778684317612 -0.011801534546505881 0.00051400607920798946 -0.019708304442950776 0.033299256527351544 -0.0088125618160715125 0.011043313269534739 -0.0088125618160715125 -0.015918097473171775 -0.015918097473171775 -0.023270086070230244 0.017949084614514943 -0.029431087561510479
leaf_weight=237.52671821415424 207.84443810582161 161.23157297074795 140.92566169798374 242.46590422093868 200.46392871439457 350.03541089594364 395.77361911535263 59.946131646633148 137.55779814720154 55.991703361272812 243.45060469210148 98.547630116343498 67.992124855518341 223.3847262263298
leaf_count=962 907 722 702 1068 1110 1631 1851 247 711 287 1331 579 300 1337
internal_value=0.0023945 -0.00584626 -0.0100153 -0.00134406 -0.0162811 0.0279329 -0.00881256 0.0219323 -0.0102213 -0.0216149 -0.0147905 -0.0234985 0.0248549 -0.0268319
internal_weight=2823.14 2137.32 1899.79 799.471 1100.32 685.818 557.005 335.783 521.934 578.388 384.376 522.396 275.837 321.932
internal_count=13745 10660 9698 3641 6057 3085 2573 1454 2744 3313 2033 3026 1207 1916
is_linear=0
shrinkage=0.03


Tree=31
num_leaves=15
num_cat=0
split_feature=14 2 32 13 3 14 34 3 25 32 17 30 34 14
split_gain=657.426 243.337 86.6547 40.9642 38.4798 29.5147 19.5147 18.5849 10.0929 9.98653 8.76087 8.20796 6.94455 3.07413
threshold=0.52930444795368603 1.0000000180025095e-35 53.546453546453556 50.851901260139066 0.27563031470859056 0.99994319278045052 50.312187812187823 0.1941316442679184 0.44183275227903912 62.668101129639602 0.094002133646857403 34.28357356928786 47.385947385947397 0.64627516384127071
decision_type=2 2 2 8 10 2 2 10 8 2 2 2 2 2
left_child=1 2 3 6 9 7 -1 13 -9 -4 12 -3 -6 -2
right_child=5 11 4 -5 10 -7 -8 8 -10 -11 -12 -13 -14 -15
leaf_value=-0.005726870244775745 0.018929554392889649 0.0093546285966651498 -0.010479166433378574 -0.0013951346178915727 -0.02089795554981894 0.032445278282383402 -0.010479166433378574 0.018929554392889649 0.0093546285966651498 -0.017082814283091961 -0.017082814283091961 -0.0013951346178915727 -0.028157895278363848 0.026122947902106852
leaf_weight=243.6804960668087 40.416730210185051 292.02136375010014 346.6419143229723 119.10009853541851 194.69810885190964 340.16673681139946 279.07393334805965 109.89878721535206 71.885195270180702 139.44616685807705 61.255524486303329 93.768130719661713 290.33919258415699 179.81335228681564
leaf_count=1124 165 1214 1787 519 1094 1606 1332 453 297 792 339 460 1765 811
internal_value=0.00166301 -0.00706517 -0.0121449 -0.00345081 -0.0175075 0.0257744 -0.0100586 0.0198006 0.0121698 -0.0111834 -0.0229822 0.00935463 -0.0247131 0.0256893
internal_weight=2802.21 2060.02 1674.24 641.855 1032.38 742.181 522.754 402.014 181.784 486.088 546.293 385.789 485.037 220.23
internal_count=13758 10426 8752 2975 5777 3332 2456 1726 750 2579 3198 1674 2859 976
is_linear=0
shrinkage=0.03


Tree=32
num_leaves=15
num_cat=0
split_feature=14 2 20 14 32 1 0 34 33 33 8 1 25 4
split_gain=616.099 252.679 84.6228 61.8046 60.7498 24.2647 20.621 15.611 5.84342 4.6261 4.81025 3.99189 2.81549 2.50058
threshold=0.39341081601057676 0.011237373737373739 0.00078329944037832451 0.98673567014736907 58.537616229923934 0.71603553129275188 0.50793657790400937 56.639194139194139 58.131868131868146 35.895057323628755 -0.2468015932791516 8.2537489300095821 -0.15220324159933526 2.9912134293676584
decision_type=2 2 10 2 2 10 10 2 2 2 10 10 8 8
left_child=1 2 4 5 6 8 -1 -8 -2 -6 -11 13 -7 -5
right_child=3 -3 -4 11 9 12 7 -9 -10 10 -12 -13 -14 -15
leaf_value=-0.0086580543998503665 0.02327410049932551 0.0080967995586146164 -0.0022789486930151299 0.037379088004971812 -0.016982815751120567 0.014939501177731821 -0.01202687705354075 -0.016982815751120567 0.014939501177731821 -0.020752999186597058 -0.028367277510985459 0.02327410049932551 0.0080967995586146164 0.028240566398000409
leaf_weight=498.54537919163704 172.73187662661076 366.92548730969429 69.09530183672905 174.06086787581444 18.403082311153412 37.460907533764839 286.72076387703419 209.06811748445034 51.78166688978672 284.53571371734142 214.98724102973938 65.081154137849808 165.26228608191013 183.47032694518566
leaf_count=2413 741 1598 329 828 105 155 1427 1117 219 1702 1309 292 687 891
internal_value=0.002128 -0.00717207 -0.0126547 0.0233657 -0.0150372 0.0150371 -0.0106081 -0.0153957 0.0217822 -0.0233576 -0.0242787 0.0315111 0.0080968 0.0331437
internal_weight=2798.13 1948.28 1581.36 849.849 1512.26 427.237 994.334 495.789 224.514 517.926 499.523 422.612 202.723 357.531
internal_count=13813 10000 8402 3813 8073 1802 4957 2544 960 3116 3011 2011 842 1719
is_linear=0
shrinkage=0.03


Tree=33
num_leaves=15
num_cat=0
split_feature=14 2 20 32 14 16 13 1 32 17 17 8 1 1
split_gain=538.096 230.83 71.7836 62.53 49.6066 35.5243 19.7579 14.5687 10.2341 7.30525 6.48358 6.01491 5.16279 1.93164
threshold=0.43667283326860201 1.0000000180025095e-35 0.00078329944037832451 58.537616229923934 0.98915783869258622 251.92631901505823 150.2151162790698 0.71603553129275188 43.011184619576234 0.4996503693896443 0.11189055156598966 -0.22432347341181111 0.13396394566503217 2.841727048270378
decision_type=2 2 10 2 2 8 8 8 2 2 2 10 10 10
left_child=1 2 3 5 6 8 7 -2 -1 -6 11 -5 -3 -8
right_child=4 12 -4 10 9 -7 13 -9 -10 -11 -12 -13 -14 -15
leaf_value=-0.011771083305083203 0.016182808717777691 0.0081329968521421797 -0.0017264844297302077 -0.019785129910537845 0.023837235726770718 -0.007718920734106567 0.022296770041455881 0.0081329968521421797 -0.015823245876059842 0.034074818285067504 -0.015823245876059842 -0.028113021441041365 -0.0017264844297302077 0.016182808717777691
leaf_weight=103.39176796376705 104.11182641983032 197.44756825268269 68.484585270285606 272.54813681542873 183.52897426486015 519.13258895277977 86.027787923812866 180.72810326516628 399.46429938077927 231.1071889102459 36.460088163614273 199.23649124801159 182.32912981510162 25.156165137887001
leaf_count=467 438 796 326 1654 867 2620 382 744 2019 1132 212 1235 853 105
internal_value=0.00209825 -0.00634053 -0.011586 -0.0137114 0.0226065 -0.00935824 0.0147121 0.0100688 -0.0158232 0.0298814 -0.0222883 -0.02356 0.008133 0.0222968
internal_weight=2789.15 1978.49 1598.72 1530.23 810.66 1021.99 396.024 284.84 502.856 414.636 508.245 471.785 379.777 111.184
internal_count=13850 10182 8533 8207 3668 5106 1669 1182 2486 1999 3101 2889 1649 487
is_linear=0
shrinkage=0.03


Tree=34
num_leaves=15
num_cat=0
split_feature=14 30 34 33 0 11 16 3 1 18 21 14 25 14
split_gain=540.866 221.6 94.8084 54.0569 20.2767 19.2225 15.7455 14.9578 14.6973 9.2966 9.10855 6.49478 5.2096 3.08618
threshold=0.62631898134857777 20.571095571095576 41.654179154179168 49.072039072039068 0.87874061623323796 0.037404624154530983 27.9290323930657 -0.028137813170641245 1.1465986495500664 0.16392112194349748 0.00049323098713627029 0.045408425587969696 1.3803207874557761 0.9999954902808228
decision_type=2 2 2 2 10 2 8 10 10 10 2 2 8 2
left_child=1 -1 8 9 13 7 -6 -5 -3 -4 -9 -10 -8 -2
right_child=4 2 3 5 6 -7 12 10 11 -11 -12 -13 -14 -15
leaf_value=0.01050356614738656 0.025682078239116928 0.00085929314966468821 -0.011755836565888002 -0.015451832690842078 0.01050356614738656 -0.011755836565888002 0.023838353627792068 -0.02358685474631441 -0.006048211863537661 -0.006048211863537661 -0.01851002363824221 -0.0025944593569364864 0.017094940136430526 0.03369600779992217
leaf_weight=198.8703784942627 226.45457863807678 301.2624943703413 97.804199531674385 150.20993107557297 68.664605319499969 25.949594110250473 111.00746580958366 634.79578517377377 149.02979561686516 401.42651948332787 63.696595624089241 82.77962900698185 35.962696075439453 212.20479401946068
leaf_count=800 1036 1469 521 731 291 113 506 3626 813 1939 355 377 159 1062
internal_value=0.00235214 -0.00506082 -0.00878498 -0.0129557 0.0260679 -0.0174635 0.0177818 -0.0191478 0.000859293 -0.00604821 -0.0215682 -0.00604821 0.0236863 0.0298949
internal_weight=2760.12 2105.82 1906.95 1373.88 654.294 874.652 215.635 848.702 533.072 499.231 698.492 231.809 146.97 438.659
internal_count=13798 10744 9944 7285 3054 4825 956 4712 2659 2460 3981 1190 665 2098
is_linear=0
shrinkage=0.03


Tree=35
num_leaves=15
num_cat=0
split_feature=14 3 34 14 0 1 32 32 0 8 20 16 18 22
split_gain=507.65 197.893 84.0294 62.7389 34.9101 23.3366 21.6265 19.1152 11.6461 9.7329 9.66617 6.52367 5.86873 3.72065
threshold=0.3173125541899412 -0.00094472539534589349 44.252414252414262 0.90776536812620834 -0.0071934988035259155 0.64859850261324759 54.845154845154845 58.537616229923934 5.3436664146518931 -0.42190144124643497 0.36978038647389705 26.013132967437119 0.1446204229263523 3.2233139857976673e-07
decision_type=2 8 2 2 10 10 2 2 10 10 10 8 10 2
left_child=1 -1 7 5 -4 12 11 -3 -5 13 -9 -6 -2 -8
right_child=3 2 4 8 6 -7 9 10 -10 -11 -12 -13 -14 -15
leaf_value=0.0069373942782576343 0.013057759350205884 -0.0019938102841465816 -0.0089346393743092688 0.030234207289959583 -0.018138434986815163 0.0069373942782576343 -0.023012703744092391 -0.0089346393743092688 0.019928088474761883 -0.027517152891232133 -0.0054642248292279252 -0.0138713528909885 0.019928088474761883 -0.018138434986815163
leaf_weight=199.3317673355341 48.864845514297485 348.0611379891634 217.66273772716522 410.99236892163754 182.83378326892853 209.41346473991871 198.6141921877861 209.64979803562164 72.781017765402794 230.24429827928543 16.777339309453964 107.56327836215496 156.07861869037151 133.67660336196423
leaf_count=806 207 1654 1077 2032 922 885 1201 1203 327 1413 83 510 667 797
internal_value=0.00222463 -0.0067828 -0.010925 0.0206576 -0.0158755 0.0118725 -0.0188081 -0.00199381 0.0279837 -0.0224055 -0.00893464 -0.0138714 0.0191781 -0.0185083
internal_weight=2742.55 1844.41 1645.08 898.13 1070.59 414.357 852.932 574.488 483.773 562.535 226.427 290.397 204.943 332.291
internal_count=13784 9666 8860 4118 5920 1759 4843 2940 2359 3411 1286 1432 874 1998
is_linear=0
shrinkage=0.03


Tree=36
num_leaves=15
num_cat=0
split_feature=32 2 13 32 1 34 20 0 29 11 18 1 33 25
split_gain=384.277 198.017 127.314 64.8079 46.0577 45.756 18.5776 10.1964 9.91713 8.41747 3.32435 2.28784 1.66761 0.534756
threshold=45.483537441579401 1.0000000180025095e-35 101.40687743469452 58.537616229923934 0.34081923303046252 56.33033633033633 0.006454124377664878 -1.0000000180025095e-35 58.852075164262985 1.0000000180025095e-35 0.4016371376327762 0.48991432177669231 47.477918906490345 -1.0000000180025095e-35
decision_type=2 2 8 2 8 2 10 10 2 2 10 10 2 10
left_child=2 3 4 5 -1 -2 10 13 12 -6 11 -5 -4 -7
right_child=1 -3 8 6 9 7 -8 -9 -10 -11 -12 -13 -14 -15
leaf_value=0.018610253007691088 -0.0032953950039327942 0.00532742677412598 0.033631660964275924 -0.021094634396199064 0.00532742677412598 -0.0084408395689522797 -0.013586284133971767 -0.013586284133971767 0.018610253007691088 0.011968839890908535 -0.018148375348101098 -0.026529568023314229 0.02593575357949781 -0.011013561851462022
leaf_weight=145.7048281878233 437.21490985155106 329.71749909222126 232.86562015116215 158.88274386525154 438.02424536645412 92.730241999030113 15.476393029093741 230.20515477657318 20.449405699968338 25.301236540079117 64.749926805496216 266.50856779515743 178.73264448344707 89.335860371589661
leaf_count=645 2172 1446 1161 957 1945 473 80 1276 91 109 393 1741 848 452
internal_value=0.00261015 -0.00624121 0.0168961 -0.0119182 0.00795257 -0.00679102 -0.0203815 -0.0135863 0.0292679 0.00532743 -0.0227105 -0.0240409 0.0306412 -0.00844084
internal_weight=2725.9 1684.82 1041.08 1355.1 609.03 849.486 505.618 412.271 432.048 463.325 490.141 425.391 411.598 182.066
internal_count=13789 8990 4799 7544 2699 4373 3171 2201 2100 2054 3091 2698 2009 925
is_linear=0
shrinkage=0.03


Tree=37
num_leaves=15
num_cat=0
split_feature=14 2 11 14 0 0 17 16 33 22 17 7 14 25
split_gain=475.75 204.681 74.8636 57.0819 48.5069 21.2166 13.7396 13.533 8.58841 7.55377 6.90436 4.14449 3.74592 2.74582
threshold=0.3173125541899412 0.011237373737373739 1.0000000180025095e-35 0.98673567014736907 0.47129662360535335 0.94562740194750472 0.2279938555801371 5.2469797192367782 57.73670773670775 0.00090654390010722432 0.4996503693896443 -0.14478156398886319 1.9252692060134797 -0.14660347419187533
decision_type=2 2 2 2 10 10 2 8 2 2 2 10 2 8
left_child=1 2 4 5 7 8 9 -1 -2 11 12 -6 -5 -7
right_child=3 -3 -4 10 6 13 -8 -9 -10 -11 -12 -13 -14 -15
leaf_value=-0.013796602834134695 0.020888701137085779 0.0069210000872599814 -0.0024094588977891071 0.020888701137085779 -0.020796450218145232 0.012620037383433497 -0.013796602834134695 -0.0082989476366431714 0.012620037383433497 -0.017610439486535755 0.03268692500239994 -0.027674969885691819 0.027649768326929284 0.0069210000872599814
leaf_weight=161.38496889173985 221.08239716291428 364.38884860277176 61.801541745662689 95.630930989980698 213.63630868494511 35.738790541887283 140.13358868658543 478.8580462038517 68.198279574513435 197.30094590783119 227.05992320179939 211.90854161977768 78.689015120267868 159.57596684992313
leaf_count=831 965 1587 269 467 1319 150 726 2554 294 1104 1171 1303 392 678
internal_value=0.00230022 -0.00643962 -0.0117399 0.0202816 -0.0141884 0.0131337 -0.0192943 -0.00829895 0.0183191 -0.0214243 0.0286437 -0.0239825 0.0226126 0.006921
internal_weight=2715.39 1829.41 1465.02 885.975 1403.22 484.595 762.979 640.243 289.281 622.846 401.38 425.545 174.32 195.315
internal_count=13810 9693 8106 4117 7837 2087 4452 3385 1259 3726 2030 2622 859 828
is_linear=0
shrinkage=0.03


Tree=38
num_leaves=15
num_cat=0
split_feature=14 3 32 22 20 1 1 14 16 16 29 11 4 30
split_gain=442.299 193.639 95.0874 68.5293 28.4416 21.9146 20.0276 13.9652 8.50032 6.8101 5.82768 4.67781 4.12387 4.01398
threshold=0.62631898134857777 -0.00094472539534589349 58.537616229923934 1.0000000180025095e-35 0.006454124377664878 0.93882066247405305 -0.0054337069468075021 1.6560353688937453 0.06574172498853513 8.501920490787743 50.374760160474459 0.086205103520406959 -0.98328589779672482 52.693734836591993
decision_type=2 8 2 2 10 10 10 2 8 10 2 2 10 2
left_child=1 -1 3 6 12 10 -3 9 11 -7 -2 -5 -4 -14
right_child=5 2 4 8 -6 7 -8 -9 -10 -11 -12 -13 13 -15
leaf_value=0.009611988263560323 0.030458280426697019 -0.005250488844358186 -0.016227623128470915 -0.005250488844358186 -0.011150135704660691 0.009611988263560323 -0.011150135704660691 0.022061473170088528 0.00064915801594431861 0.015977021305537232 0.022061473170088528 -0.0023006654142069334 -0.019632518335413247 -0.026958344186198288
leaf_weight=206.72000999748707 324.50966180860996 257.82742173969746 137.596385627985 170.33363896608353 20.406007096171379 122.70025578141212 326.1896715760231 69.406424388289452 530.0439093708992 33.400898113846779 75.428944051265717 18.526247844099998 223.25866685807705 188.18305936455727
leaf_count=836 1644 1263 858 832 103 542 1722 341 2531 143 359 80 1340 1266
internal_value=0.00193687 -0.00472722 -0.00831367 -0.00381408 -0.0184862 0.0239512 -0.0111501 0.0158638 0.000649158 0.00989257 0.0282591 -0.00525049 -0.0213051 -0.0230374
internal_weight=2704.53 2079.09 1872.37 1302.92 569.444 625.446 584.017 225.508 718.904 156.101 399.939 188.86 549.038 411.442
internal_count=13860 10831 9995 6428 3567 3029 2985 1026 3443 685 2003 912 3464 2606
is_linear=0
shrinkage=0.03


Tree=39
num_leaves=15
num_cat=0
split_feature=14 3 34 14 0 32 33 32 20 16 1 8 34 29
split_gain=419.495 176.905 98.2053 41.5939 38.5879 22.5479 19.9452 13.0178 9.55461 9.5194 8.42341 6.26976 4.21017 3.48835
threshold=0.43667283326860201 -0.00094472539534589349 42.886280386280397 0.98915783869258622 -0.0071934988035259155 54.845154845154845 58.357198357198364 58.537616229923934 0.36978038647389705 26.013132967437119 0.64859850261324759 -0.22432347341181111 57.409257409257414 50.709947288712016
decision_type=2 8 2 2 10 2 2 2 10 8 10 10 2 2
left_child=1 -1 7 6 -4 9 10 -3 -9 -6 -2 12 -7 -5
right_child=3 2 4 13 5 11 -8 8 -10 -11 -12 -13 -14 -15
leaf_value=0.0080529003788958834 0.02103374120296226 -0.00038875964239655335 -0.0071249967715797634 0.030151966304085072 -0.016307384553040455 -0.016307384553040455 0.0080529003788958834 -0.0071249967715797634 -0.0037568782069881583 -0.011987829808319929 0.013134676354810535 -0.025024980357572824 -0.021271855609052669 0.02103374120296226
leaf_weight=201.51314635574818 150.7605114877224 336.277512550354 227.20790828764439 295.1191690415144 218.46885257959366 162.7345919162035 88.483518317341805 182.99496145546436 15.801730141043661 128.76243211328983 156.73831936717033 220.65721693634987 184.74640288949013 91.922208160161972
leaf_count=814 671 1586 1133 1559 1108 1003 376 1084 79 614 651 1412 1170 451
internal_value=0.00271135 -0.00498117 -0.00883042 0.021087 -0.0138612 -0.0168507 0.0139629 -0.00038876 -0.007125 -0.0119878 0.0182165 -0.0206269 -0.0175187 0.0281046
internal_weight=2662.19 1879.16 1677.65 783.024 1142.58 915.369 395.982 535.074 198.797 347.231 307.499 568.138 347.481 387.041
internal_count=13711 10003 9189 3708 6440 5307 1698 2749 1163 1722 1322 3585 2173 2010
is_linear=0
shrinkage=0.03


Tree=40
num_leaves=15
num_cat=0
split_feature=14 30 32 13 0 14 34 3 34 34 0 19 32 29
split_gain=377.825 194.732 84.9067 41.6639 34.9934 21.3131 19.5783 18.794 10.6055 8.63442 8.06807 4.35548 3.64027 3.0506
threshold=0.62631898134857777 27.793634936492083 53.788169872085966 50.851901260139066 0.5396334072819019 0.99996963805683803 42.886280386280397 0.1941316442679184 46.17465867465868 47.714785214785216 -1.0000000180025095e-35 -0.14918711845523089 57.987816379424778 50.097664983479184
decision_type=2 2 2 8 10 2 2 10 2 2 10 10 2 2
left_child=1 -1 3 6 8 7 -3 13 -4 12 -10 -11 -6 -2
right_child=5 2 4 -5 9 -7 -8 -9 10 11 -12 -13 -14 -15
leaf_value=0.0094366482265320281 0.022718153568942426 -0.0032831333090819902 -0.0072679656890614489 0.00065790488056300138 -0.013458721704670887 0.028591780825993382 -0.0072679656890614489 0.0094366482265320281 -0.01012303276815797 -0.018320749658486749 -0.013458721704670887 -0.027008232285549851 -0.018320749658486749 0.016077400897737227
leaf_weight=306.7410404086113 130.86434377729893 204.99573455750942 158.72808942198753 146.28901508450508 79.725968733429909 302.1618233025074 413.53650270402431 135.66922332346439 136.31107243895531 161.35896728932858 162.56716269254684 144.87997178733349 140.47616672515869 52.118866413831711
leaf_count=1289 646 929 875 641 427 1597 2006 581 709 1059 995 980 878 249
internal_value=0.00233318 -0.00387159 -0.00812084 -0.000610516 -0.0139254 0.0227449 -0.00722417 0.0168445 -0.00773068 -0.0191868 -0.0129781 -0.0226053 -0.0140362 0.0227182
internal_weight=2676.42 2055.61 1748.87 764.821 984.047 620.814 618.532 318.652 457.606 526.441 298.878 306.239 220.202 182.983
internal_count=13861 10788 9499 3576 5923 3073 2935 1476 2579 3344 1704 2039 1305 895
is_linear=0
shrinkage=0.03


Tree=41
num_leaves=15
num_cat=0
split_feature=14 3 21 0 14 34 1 14 1 8 16 3 29 31
split_gain=369.735 193.359 82.2425 37.1285 28.115 26.1101 19.7264 10.7934 8.71956 8.40587 4.35069 3.78979 2.97376 0.744215
threshold=0.51943911227597062 -1.0000000180025095e-35 1.0000000180025095e-35 -1.0000000180025095e-35 0.99994319278045052 48.548118548118559 0.63805354392932023 0.041896861810618254 1.3916984928716041 -0.49240829301211159 7.0016151505613502 0.69561344543914749 51.42227290148935 62.580601216964858
decision_type=2 8 2 10 2 2 10 2 8 10 10 10 2 2
left_child=1 -1 3 -3 6 -5 12 9 -4 -7 -8 -6 -2 -9
right_child=4 2 8 5 11 7 10 13 -10 -11 -12 -13 -14 -15
leaf_value=0.0084123600592237325 0.021794178067242011 -0.0061226560638992138 1.3230640231796652e-05 -0.010537331108601495 0.030875215496400387 -0.017933734708854999 0.0084123600592237325 -0.014550182520381844 -0.0061226560638992138 -0.026326215790342933 0.014964315607794968 0.021794178067242011 0.014964315607794968 -0.017933734708854999
leaf_weight=214.36752615869045 186.75850178301334 241.95221534371376 315.57806748151779 365.57615265250206 212.58300007879734 271.15657640993595 125.38017746806145 141.84214314818382 112.16903188824654 203.14832183718681 52.121250867843628 89.289978682994843 30.704078644514084 72.91748121380806
leaf_count=866 897 1204 1599 1962 1172 1721 535 690 611 1300 215 446 134 371
internal_value=0.00245432 -0.00428987 -0.0083859 -0.0122585 0.0211146 -0.014952 0.0155 -0.018563 1.32306e-05 -0.0213173 0.00841236 0.0280884 0.0215163 -0.0145502
internal_weight=2635.54 1938.71 1724.34 1296.59 696.837 1054.64 394.964 689.065 427.747 474.305 177.501 301.873 217.463 214.76
internal_count=13723 10324 9458 7248 3399 6044 1781 4082 2210 3021 750 1618 1031 1061
is_linear=0
shrinkage=0.03


Tree=42
num_leaves=15
num_cat=0
split_feature=14 2 34 14 3 32 1 33 1 33 4 32 20 4
split_gain=346.46 175.682 68.9454 47.6837 44.4107 22.269 19.0861 13.3754 8.75382 7.37478 6.57648 6.29583 5.30024 2.52727
threshold=0.32595597004906174 1.0000000180025095e-35 46.982184482184486 0.90776536812620834 -0.0076197195044826896 58.537616229923934 0.71603553129275188 44.162979877265606 4.2635732464910321 58.131868131868146 2.4321099851100723 53.788169872085966 0.006454124377664878 -0.24200469093685789
decision_type=2 2 2 2 10 2 10 2 10 2 8 2 10 10
left_child=1 2 5 6 -4 -1 9 -6 10 -2 -5 -9 -7 -13
right_child=3 -3 4 8 7 12 -8 11 -10 -11 -12 13 -14 -15
leaf_value=-0.0016047848228237663 0.017824958402939087 0.0067447315448186723 -0.0083669108957849965 0.032236062911660757 -0.013893794467081187 -0.0083669108957849965 0.0067447315448186723 -0.017787152184606848 0.017824958402939087 0.012030370520753803 0.022542350741806032 -0.020847604133323656 -0.004985847859304381 -0.026702586033095655
leaf_weight=339.68863247334957 157.61916317045689 358.75881423056126 223.67442655563354 173.11203327775002 113.58788903057575 192.3703276515007 196.12293389439583 132.53182213008404 83.795319050550461 47.834898084402084 193.8346007168293 171.85698162019253 14.240435466170309 238.12527345120907
leaf_count=1672 689 1573 1131 922 613 1214 830 685 404 202 1058 1138 74 1628
internal_value=0.0026644 -0.00485249 -0.0099543 0.018342 -0.015129 -0.00160478 0.0106225 -0.0194207 0.0250274 0.017316 0.0272597 -0.0216805 -0.00836691 -0.0239081
internal_weight=2637.15 1784.83 1426.08 852.319 879.776 546.299 401.577 656.102 450.742 205.454 366.947 542.514 206.611 409.982
internal_count=13833 9728 8155 4105 5195 2960 1721 4064 2384 891 1980 3451 1288 2766
is_linear=0
shrinkage=0.03


Tree=43
num_leaves=15
num_cat=0
split_feature=20 32 2 32 13 22 1 18 27 20 21 18 31 27
split_gain=264.159 271.929 152.978 65.6866 64.2177 36.3012 24.4384 14.0625 10.4372 9.46996 6.4697 5.04519 4.20934 3.67741
threshold=0.82743593613556066 42.349957734573131 0.1125730994152047 58.537616229923934 101.40687743469452 1.0000000180025095e-35 0.62994422238140724 0.078245826800036042 -0.28540416418385023 0.93792492401601923 1.0000000180025095e-35 0.97949906115429786 73.283185346122437 1.0662756834968923
decision_type=10 2 2 2 8 2 8 10 10 10 2 10 2 8
left_child=1 4 3 5 6 8 -1 10 -3 -2 -5 -8 -6 -7
right_child=9 2 -4 7 12 13 11 -9 -10 -11 -12 -13 -14 -15
leaf_value=0.016454563586862696 0.028987419053426843 -0.0071674022223879308 0.0051142095060325472 -0.024428162300804378 0.026247937752155073 -0.0023697063929600513 0.0051142095060325472 -0.012204917689086912 -0.012204917689086912 0.06383848976576828 -0.016884709709406216 0.010784386546447621 0.016454563586862696 -0.0071674022223879308
leaf_weight=130.81538210809231 16.705821216106415 186.5140033364296 251.29687257111073 277.80325495451689 332.12910771369934 411.67389933764935 215.48373918235302 86.48061241209507 274.23567120730877 55.918257966637611 121.03981700539589 67.934939414262772 16.01892939209938 155.10533840954304
leaf_count=603 77 1032 1100 1942 1767 2028 966 556 1461 264 747 307 79 778
internal_value=0.00256992 0.000893362 -0.00557767 -0.00985362 0.0158061 -0.00551014 0.00767967 -0.0188997 -0.0119651 0.0570815 -0.0215645 0.00511421 0.0252295 -0.00236971
internal_weight=2599.16 2526.53 1764.15 1512.85 762.382 1027.53 414.234 485.324 460.75 72.6241 398.843 283.419 348.148 566.779
internal_count=13707 13366 9644 8544 3722 5299 1876 3245 2493 341 2689 1273 1846 2806
is_linear=0
shrinkage=0.03


Tree=44
num_leaves=15
num_cat=0
split_feature=14 30 20 14 1 1 22 29 7 13 16 4 2 14
split_gain=300.772 167.042 70.8018 45.3605 31.6437 20.9568 16.2003 14.8614 9.66021 9.24528 3.52675 1.9697 1.79719 1.78178
threshold=0.66990948888711266 19.626801769658915 0.0002577480714804976 0.12740731774864164 0.48991432177669231 3.9972468714957343 0.00090654390010722432 50.292672961404229 -0.087374421052261994 inf 32.676443720284517 2.4321099851100723 0.018874643874643878 1.3446353507639675
decision_type=2 2 10 2 10 10 2 2 10 8 8 8 2 2
left_child=1 -1 3 4 9 7 8 11 -6 -3 -7 -2 -10 -12
right_child=5 2 -4 -5 6 10 -8 -9 12 -11 13 -13 -14 -15
leaf_value=0.0094561799386927783 0.031609008138325331 -0.011825270722954844 0.0015391167539456588 -0.0035156850325485912 -0.015671168970472479 0.0094561799386927783 -0.011825270722954844 0.017026970068691364 -0.02617700268388138 -0.0076106922403656185 0.012805954466070867 0.023434719175754539 -0.019967426053365052 0.017026970068691364
leaf_weight=193.53859379887581 173.0078244805336 191.61151630431414 88.091635227203369 475.20782402157784 241.701640419662 29.028752684593201 235.9926418364048 126.51123115420341 198.08100870996714 379.0976338237524 43.952460631728172 157.14995133876801 25.527139365673065 31.977307662367821
leaf_count=780 913 1004 414 2154 1567 129 1348 615 1322 2112 202 884 132 165
internal_value=0.00248834 -0.00290196 -0.00637795 -0.00857049 -0.0117057 0.0218143 -0.0160398 0.0245978 -0.0195171 -0.00761069 0.00945618 0.0281258 -0.0242637 0.0161557
internal_weight=2590.48 2028.85 1835.31 1747.22 1272.01 561.628 701.302 456.669 465.31 570.709 104.959 330.158 223.608 75.9298
internal_count=13741 10833 10053 9639 7485 2908 4369 2412 3021 3116 496 1797 1454 367
is_linear=0
shrinkage=0.03


Tree=45
num_leaves=15
num_cat=0
split_feature=14 1 34 13 1 2 11 20 11 34 25 25 18 16
split_gain=284.713 158.033 67.8467 52.1432 39.9536 32.9857 14.88 13.8722 14.4279 11.1424 9.89344 8.39249 4.11733 2.75141
threshold=0.32595597004906174 0.13396394566503217 47.385947385947397 150.2151162790698 0.64859850261324759 0.012163561076604556 0.11820397031208085 0.0002577480714804976 0.071778837733983067 43.922743922743933 0.032703563873410564 2.0632725115062081 0.95888173904293705 9.9730837776297445
decision_type=2 10 2 8 8 2 2 10 2 2 10 8 10 8
left_child=1 5 7 4 -2 9 10 8 12 -1 13 -5 -3 -4
right_child=3 2 6 11 -6 -7 -8 -9 -10 -11 -12 -13 -14 -15
leaf_value=0.002204299081996416 0.017980271875509976 -0.010552975547648375 -0.019898087754783911 0.028740210507763334 0.0063496361891784946 0.0063496361891784946 -0.010552975547648375 -0.0023500473306011234 -0.0049360271651554292 -0.0023500473306011234 -0.024207596094589404 0.017980271875509976 -0.0077445013564019036 -0.015018659425764818
leaf_weight=106.05936159193516 166.36303459107876 386.61634393036366 79.36142785102129 257.36778974533081 304.15890762209892 189.87904839217663 17.639312729239464 53.257622957229614 31.973956897854805 339.948151871562 251.02595634758472 96.094474583864212 57.983720913529396 251.05341416597366
leaf_count=548 778 2167 461 1417 1349 766 79 252 138 1842 1563 499 303 1646
internal_value=0.00249784 -0.00430334 -0.0110497 0.0170026 0.0102888 0.00634964 -0.0179252 -0.0031808 -0.00752201 -0.00194104 -0.0194843 0.0256718 -0.010553 -0.0155886
internal_weight=2588.78 1764.8 1128.91 823.984 470.522 635.887 599.08 529.832 476.574 446.008 581.441 353.462 444.6 330.415
internal_count=13808 9765 6609 4043 2127 3156 3749 2860 2608 2390 3670 1916 2470 2107
is_linear=0
shrinkage=0.03


Tree=46
num_leaves=14
num_cat=0
split_feature=14 30 11 14 0 0 34 13 7 7 0 22 18
split_gain=277.363 168.339 77.199 47.8536 34.4449 16.926 12.8689 11.2068 11.118 9.03399 5.16041 4.41718 3.70903
threshold=0.72223085912607476 20.571095571095576 1.0000000180025095e-35 0.12332284229952124 0.47129662360535335 5.0186928742098553 38.807026307026312 59.617761420004825 2.998734241989172 -0.25926044549630495 0.92590382165135199 0.00017508517324454738 0.39706591278895342
decision_type=2 2 2 2 10 10 2 8 8 10 8 2 10
left_child=1 -1 3 4 7 8 -6 -3 10 -8 -2 -7 -11
right_child=5 2 -4 -5 6 11 9 -9 -10 12 -12 -13 -14
leaf_value=0.0096802153899951428 0.03221506310963819 -0.011963129194938875 0.0018369379545691311 -0.0032690355879895607 -0.011963129194938875 0.0096802153899951428 -0.015470491377923865 -0.0074811783696705075 0.016934400461531447 -0.025798897840985477 0.022261394636028164 0.016934400461531447 -0.019194827127045358
leaf_weight=205.55086179077625 148.67399574816227 211.98662032186985 92.07442332804203 504.21064187586308 144.20337052643299 47.29960273206234 238.00333776324987 375.22739177942276 115.69915926456451 204.03775808215141 178.62329931557178 37.553675830364227 74.768855780363083
leaf_count=830 815 1126 398 2290 821 224 1564 2127 613 1397 988 180 453
internal_value=0.00254132 -0.00246496 -0.00600634 -0.00837501 -0.0116933 0.0218254 -0.0164451 -0.00748118 0.0241886 -0.0189779 0.0271995 0.00968022 -0.0229192
internal_weight=2577.91 2050.06 1844.51 1752.44 1248.23 527.85 661.013 587.214 442.996 516.81 327.297 84.8533 278.807
internal_count=13826 11006 10176 9778 7488 2820 4235 3253 2416 3414 1803 404 1850
is_linear=0
shrinkage=0.03


Tree=47
num_leaves=15
num_cat=0
split_feature=14 30 11 14 1 1 34 25 33 2 10 4 25 13
split_gain=238.308 150.614 70.0312 47.8292 27.7807 24.8158 14.7843 11.9134 6.28252 3.39632 2.80599 1.99185 1.50934 1.33652
threshold=0.70179360373183541 19.626801769658915 1.0000000180025095e-35 0.091068108634908648 0.18494343082051493 4.2635732464910321 46.749916749916757 0.79982344211531531 55.427905427905436 0.020942982456140354 0.29166666666666669 2.9912134293676584 2.1090955246456806 150.2151162790698
decision_type=2 2 2 2 10 10 2 8 2 2 2 8 8 8
left_child=1 -1 3 4 13 7 -6 11 -8 -10 12 -2 -7 -3
right_child=5 2 -4 -5 6 10 8 -9 9 -11 -12 -13 -14 -15
leaf_value=0.0093334258075717675 0.029839835072425016 -0.010786503844528892 0.0020234289753878866 -0.0027772877189004268 -0.010786503844528892 0.016498293623729354 -0.01459466021555517 0.016498293623729354 -0.023690025925701349 -0.018000408355637196 0.0093334258075717675 0.021752659267343957 0.012915859715650563 -0.0069514251822636632
leaf_weight=198.79623427987099 191.27927903831005 129.7015815526247 89.392740294337273 553.26966600120068 345.50994755327702 44.630442172288895 156.3318323045969 126.50563821196556 240.42602103948593 36.329163178801537 34.96926574409008 118.06681121885777 16.488802880048752 283.69660677760839
leaf_count=802 1037 691 387 2548 2006 223 1010 669 1744 198 163 691 78 1589
internal_value=0.00278955 -0.00189991 -0.00528657 -0.007578 -0.0111256 0.0205668 -0.0146216 0.0236632 -0.0184028 -0.0214062 0.00933343 0.027007 0.0164983 -0.00695143
internal_weight=2565.39 2033.45 1834.66 1745.26 1192 531.94 778.597 435.852 433.087 276.755 96.0885 309.346 61.1192 413.398
internal_count=13836 10975 10173 9786 7238 2861 4958 2397 2952 1942 464 1728 301 2280
is_linear=0
shrinkage=0.03


Tree=48
num_leaves=15
num_cat=0
split_feature=20 32 2 13 32 1 29 13 18 18 1 22 21 4
split_gain=230.652 224.436 123.558 98.658 40.2937 28.0603 21.0684 8.28614 7.20629 7.04184 6.99041 3.73561 3.53254 4.59988
threshold=0.90780002431892515 45.483537441579401 1.0000000180025095e-35 inf 58.537616229923934 0.2893889609820966 56.145648300504313 inf 0.48324448143429294 0.9620790278684056 4.4961026822061685 0.0012553604094482794 1.0000000180025095e-35 -0.15320638257366512
decision_type=10 2 2 8 2 8 2 8 10 10 10 2 2 10
left_child=1 3 4 5 6 -1 7 -3 12 -7 -5 -8 13 -6
right_child=-2 2 -4 10 8 9 11 -9 -10 -11 -12 -13 -14 -15
leaf_value=0.014437755323652135 0.06003279719294765 -0.0081927147308361956 0.0030913967199802314 0.026388952754425786 -0.019171008302134432 0.0030913967199802314 -0.012475711103932226 -0.0039097183577401643 -0.012475711103932226 0.0087645760218161822 0.014437755323652135 -0.0081927147308361956 -0.016170644342624191 -0.026657923223557489
leaf_weight=127.59533889591694 55.927394226193428 323.60599233210087 303.95268698036671 303.19921082258224 123.96864429116249 352.53808537125587 170.24784636497498 256.27187521755695 49.496870048344135 104.53155140578747 68.454047203063965 42.587500423192978 121.23477309942245 145.76010276377201
leaf_count=601 264 1681 1357 1696 905 1624 1060 1362 340 481 342 228 790 1116
internal_value=0.00236193 0.000950837 -0.0061432 0.012326 -0.0109108 0.0045685 -0.00679806 -0.00390972 -0.0181534 0.0030914 0.024307 -0.0124757 -0.0198656 -0.0221714
internal_weight=2549.37 2493.44 1537.13 956.318 1233.17 584.665 792.713 579.878 440.46 457.07 371.653 212.835 390.964 269.729
internal_count=13847 13583 8839 4744 7482 2706 4331 3043 3151 2105 2038 1288 2811 2021
is_linear=0
shrinkage=0.03


Tree=49
num_leaves=15
num_cat=0
split_feature=14 3 34 14 3 12 32 20 32 33 16 3 8 25
split_gain=250.554 137.091 85.6294 40.7324 24.1572 19.4116 16.8387 10.0863 9.82653 8.39117 7.19575 7.05812 5.04758 2.60494
threshold=0.32595597004906174 -0.00094472539534589349 46.982184482184486 0.99996963805683803 0.17976936292058032 1.0000000180025095e-35 58.537616229923934 0.36978038647389705 54.845154845154845 53.66855366855367 27.9290323930657 14.426111880332774 -0.49240829301211159 -0.10970738758849928
decision_type=2 10 2 2 10 2 2 10 2 2 8 10 10 8
left_child=1 -1 6 4 9 8 -3 -8 10 -2 -4 -5 -10 -6
right_child=3 2 5 11 13 -7 7 -9 12 -11 -12 -13 -14 -15
leaf_value=0.0058085468353926391 0.018197226198112003 -0.0017199030518796536 -0.017423622183777011 0.027867128449672981 0.011664874112856322 -0.009149298051132123 -0.009149298051132123 -0.0054346005515058882 -0.017674799202434883 0.011664874112856322 -0.013733784214156093 0.018197226198112003 -0.025655739786045757 0.0058085468353926391
leaf_weight=409.72427034378052 175.10673461854458 392.10494385659695 148.55325178802013 232.4417964220047 60.798946887254715 23.304673358798027 221.68519921600819 16.548182010650635 259.2216761559248 87.797699078917503 79.541319951415062 36.592123195528984 171.78380116820335 221.99246607720852
leaf_count=1905 859 1927 811 1407 267 122 1418 82 1817 424 400 186 1258 971
internal_value=0.00222407 -0.00426208 -0.00924835 0.0158792 0.0110001 -0.0165787 -0.0017199 -0.0091493 -0.0183183 0.0175212 -0.0137338 0.0253943 -0.0211135 0.00580855
internal_weight=2537.2 1722.47 1312.74 814.73 545.696 682.405 630.338 238.233 659.1 262.904 228.095 269.034 431.005 282.791
internal_count=13854 9740 7835 4114 2521 4408 3427 1500 4286 1283 1211 1593 3075 1238
is_linear=0
shrinkage=0.03


Tree=50
num_leaves=15
num_cat=0
split_feature=20 1 32 21 13 32 16 30 34 2 28 17 32 35
split_gain=219.418 206.736 228.257 55.6111 38.6409 35.3098 32.7344 17.5323 14.2336 10.1228 4.73371 6.38111 4.34115 2.42604
threshold=0.93792492401601923 -0.0054337069468075021 42.349957734573131 2.6527730054526942e-05 101.40687743469452 56.862368400829951 inf 52.693734836591993 55.830835830835845 0.060737812911725968 6.5000000000000009 0.070863579832000742 37.512487512487517 37.537462537462545
decision_type=10 8 2 2 8 2 8 2 2 2 2 2 2 8
left_child=1 -1 4 5 8 6 13 -5 12 10 -7 -12 -3 -4
right_child=-2 2 3 7 -6 9 -8 -9 -10 -11 11 -13 -14 -15
leaf_value=0.03089175287506047 0.060252403888527296 0.01023072171875529 -0.0076366863802896029 0.0032827449487540022 0.01508730509535113 -0.015450054926009238 -0.0036523248103260408 -0.0036523248103260408 0.0032827449487540022 -0.011621047950253167 -0.025805437621012998 -0.015450054926009238 0.0067567333337546463 -0.011621047950253167
leaf_weight=146.90778425335884 53.645655050873756 101.23420618474483 66.657916352152824 273.96437699347734 307.17976124584675 183.33093345910311 408.4166526645422 121.35590067505836 175.73942068219185 54.711097463965416 162.5555921792984 29.521172501146793 117.45220358669758 308.9597293138504
leaf_count=637 254 470 341 1401 1754 1293 2231 714 819 279 1239 197 529 1617
internal_value=0.00290254 0.0015311 -0.000717143 -0.00693952 0.013505 -0.0101113 -0.00625621 0.00280667 0.00537414 -0.0169859 -0.0192791 -0.0229316 0.0102307 -0.011621
internal_weight=2511.63 2457.99 2311.08 1609.47 701.606 1214.15 784.034 395.32 394.426 430.119 375.408 192.077 218.686 375.618
internal_count=13775 13521 12884 9312 3572 7197 4189 2115 1818 3008 2729 1436 999 1958
is_linear=0
shrinkage=0.03


Tree=51
num_leaves=15
num_cat=0
split_feature=20 14 30 11 13 29 32 14 16 30 25 22 28 17
split_gain=209.891 226.223 124.076 50.026 36.2218 28.1327 24.1302 17.3382 12.293 8.84174 7.03352 4.20569 8.34669 0.946093
threshold=0.94204301282539538 0.41154382956290603 27.793634936492083 1.0000000180025095e-35 150.2151162790698 56.802696984493458 58.537616229923934 0.72223085912607476 153.27110391492542 55.974977403548841 1.7263082787812656 0.00042237075585435706 7.5000000000000009 0.49226913671395572
decision_type=10 2 2 2 8 2 2 2 8 2 8 2 2 2
left_child=1 2 -1 5 7 6 8 -3 -4 -9 13 12 -7 -6
right_child=-2 4 3 -5 10 11 -8 9 -10 -11 -12 -13 -14 -15
leaf_value=0.0055402138275186625 0.059003638477164402 0.0055402138275186625 -0.0092086878195470605 -0.0014096256879545346 0.020924742523391902 -0.01583375611239914 -0.01245662784130086 0.016024252798683393 -0.0059607477977932609 0.010611567732689781 0.016024252798683393 -0.01245662784130086 -0.026397444508145653 0.028662265954017371
leaf_weight=270.83102516829967 53.446157068014145 196.47673651576042 372.24141080677509 69.554727256298065 92.918229401111603 190.54802791774273 267.40970379114151 98.632400169968605 352.95163308084011 102.40006145834923 93.033828049898148 108.30376808345318 104.18392990529537 142.04221022129059
leaf_count=1149 255 820 1932 304 528 1328 1849 522 1854 485 511 697 756 865
internal_value=0.00281387 0.00147671 -0.0044056 -0.00835947 0.015486 -0.0105119 -0.00773081 0.00921571 -0.00596075 0.0156829 0.0228328 -0.0171824 -0.0192109 0.0258252
internal_weight=2514.97 2461.53 1736.02 1465.19 725.503 1395.64 992.603 397.509 725.193 201.032 327.994 403.036 294.732 234.96
internal_count=13855 13600 9869 8720 3731 8416 5635 1827 3786 1007 1904 2781 2084 1393
is_linear=0
shrinkage=0.03


Tree=52
num_leaves=14
num_cat=0
split_feature=0 14 11 12 3 34 25 14 2 8 3 7 2
split_gain=200.487 215.463 93.8901 46.3898 34.891 33.7308 18.7718 17.092 7.4313 6.54194 4.86647 1.01476 0.248848
threshold=-1.0000000180025095e-35 0.62631898134857777 1.0000000180025095e-35 0.041169770642512836 -0.015673484841678683 46.882284382284389 1.7933293292303893 0.096039380846524261 0.43007518796992489 -0.22432347341181111 -1.0000000180025095e-35 -0.008762691428409573 0.1125730994152047
decision_type=8 2 2 2 10 2 8 2 2 10 10 10 2
left_child=8 2 3 4 -2 -6 -3 9 -1 11 -8 -7 -11
right_child=1 6 -4 -5 5 7 10 -9 -10 12 -12 -13 -14
leaf_value=0.023004474069720497 -0.004740931849394359 0.017259412791216563 0.0061092423263357657 -0.00050236544969747452 -0.0081277648831106861 -0.015762831694480017 0.011684327558776166 -0.012099358445787725 0.040456914522742547 -0.025261291072332197 0.0061092423263357657 -0.019999746143704131 -0.019999746143704131
leaf_weight=63.612320020794868 302.03908330202103 401.19900204241276 99.140926837921143 91.425589695572853 596.27603982388973 189.39737249165773 50.950799360871315 213.17807181179523 95.721965327858925 192.75690739601851 69.96983477473259 115.05484689027071 11.560654461383818
leaf_count=287 1487 2219 425 446 3268 1317 294 1037 413 1390 347 815 65
internal_value=0.00237393 0.000117664 -0.00478425 -0.00711397 -0.0089795 -0.0115146 0.0170027 -0.016071 0.0344012 -0.0194263 0.00610924 -0.0160589 -0.0239406
internal_weight=2492.28 2332.95 1810.83 1711.69 1620.26 1318.22 522.12 721.948 159.334 508.77 120.921 304.452 204.318
internal_count=13810 13110 10250 9825 9379 7892 2860 4624 700 3587 641 2132 1455
is_linear=0
shrinkage=0.03


Tree=53
num_leaves=15
num_cat=0
split_feature=14 3 34 32 1 13 4 21 32 1 13 14 18 25
split_gain=188.39 121.049 86.525 34.2804 23.9348 18.4204 13.0162 10.9546 10.2696 9.71656 10.3486 8.91299 5.98555 7.47116
threshold=0.62631898134857777 -0.00094472539534589349 41.545954045954055 54.845154845154845 1.2974258124999649 50.851901260139066 2.0865658321103715 0.00049323098713627029 58.537616229923934 0.17860789153304837 47.195802565020124 0.9944066030091433 0.15128888577333552 -0.054498795476221044
decision_type=2 10 2 2 10 8 8 2 2 8 8 2 10 10
left_child=1 9 8 5 6 -4 -2 12 -3 -1 -11 -6 13 -5
right_child=4 2 3 7 11 -7 -8 -9 -10 10 -12 -13 -14 -15
leaf_value=0.0085675174904903065 0.029172582690790858 0.0014122456945322166 -0.010741280217758319 -0.01759525637562899 0.0085675174904903065 -0.0049084432824668461 0.016765485870437212 -0.010741280217758319 -0.0049084432824668461 0.0014122456945322166 0.0049898815925112621 0.016099609191907116 -0.014586756367071059 -0.025850121868039148
leaf_weight=174.67094276845455 172.05375571548939 348.40176299214363 364.41193418204784 197.49833186715841 86.856905981898308 76.216526418924332 190.89316879212856 53.748115070164204 163.58154129981995 138.90819519758224 148.88923998177052 93.659301564097404 96.348216257989407 165.2366454154253
leaf_count=708 978 1646 1866 1443 376 351 1146 357 1019 685 746 517 661 1259
internal_value=0.00301546 -0.00139443 -0.00574303 -0.0112291 0.0185295 -0.00500909 0.0229635 -0.0164735 0.00141225 0.00856752 0.00141225 0.00923569 -0.0184322 -0.0206038
internal_weight=2471.37 1927.91 1465.44 953.46 543.463 440.628 362.947 512.831 511.983 462.468 287.797 180.516 459.083 362.735
internal_count=13758 10741 8602 5937 3017 2217 2124 3720 2665 2139 1431 893 3363 2702
is_linear=0
shrinkage=0.03


Tree=54
num_leaves=15
num_cat=0
split_feature=0 14 11 21 3 14 27 34 3 18 7 0 1 1
split_gain=197.614 189.373 97.2034 47.1418 37.2356 22.5447 16.6049 11.1541 7.1806 7.15153 9.27912 3.83627 2.09626 1.41651
threshold=-1.0000000180025095e-35 0.62631898134857777 1.0000000180025095e-35 2.6527730054526942e-05 -0.028137813170641245 0.12332284229952124 1.0662756834968923 38.88611388611389 -1.0000000180025095e-35 0.36685588006222297 -0.25926044549630495 1.1116132060990116 -1.4253735324078141 4.8135601652544819
decision_type=8 2 2 2 10 2 8 2 10 10 10 8 10 10
left_child=12 2 3 4 -2 7 13 -6 -8 10 -9 -5 -1 -3
right_child=1 6 -4 11 5 -7 8 9 -10 -11 -12 -13 -14 -15
leaf_value=0.041457424034148399 -0.0048146580174450587 0.017399374788087129 0.0062449397006865961 -0.00016173351187510801 -0.012245420316482665 -0.0087182872840453757 0.011822157244386863 -0.017490094752207461 0.0062449397006865961 -0.014979512467277091 -0.024569533365853224 -0.0048146580174450587 0.027962048804844857 0.011822157244386863
leaf_weight=62.75117139518261 277.42063693702221 312.88329952210188 102.34789074957371 282.65485694259405 62.066227599978447 284.23518858850002 50.419083744287491 236.56149662286043 74.248532876372337 166.00513072311878 254.53829760104418 110.71459001302719 102.07554765045643 79.50695826113224
leaf_count=271 1371 1820 440 1468 348 1344 295 1668 367 1037 1842 653 459 399
internal_value=0.00294303 0.000629564 -0.00402809 -0.00656841 -0.00946758 -0.0126219 0.016518 -0.0157726 0.00624494 -0.0177136 -0.0200007 -0.000161734 0.0341692 0.0173994
internal_weight=2458.43 2293.6 1776.54 1674.2 1280.83 1003.41 517.058 719.171 124.668 657.105 491.1 393.369 164.827 392.39
internal_count=13782 13052 10171 9731 7610 6239 2881 4895 662 4547 3510 2121 730 2219
is_linear=0
shrinkage=0.03


Tree=55
num_leaves=15
num_cat=0
split_feature=20 0 14 11 12 27 4 29 32 14 16 34 14 8
split_gain=196.301 188.211 215.294 75.7201 37.1068 27.6356 25.6309 12.1267 9.65821 7.88369 3.67873 3.60728 3.35813 1.17705
threshold=0.92229919352317524 -1.0000000180025095e-35 0.3173125541899412 1.0000000180025095e-35 1.0000000180025095e-35 0.91629073187415533 -0.98328589779672482 57.196597475118956 36.905402290017676 0.010982106338259265 76.680861338005414 49.571262071262076 0.52930444795368603 -0.6085097815806132
decision_type=10 8 2 2 2 8 10 2 2 2 8 2 2 10
left_child=1 -1 3 4 6 12 10 9 -7 13 -3 -9 -4 -8
right_child=-2 2 5 -5 -6 8 7 11 -10 -11 -12 -13 -14 -15
leaf_value=0.028662352216788364 0.05588377619731956 -0.011460852210181409 0.0081661380199647519 0.0024205018880388554 -0.003718159698373955 0.0081661380199647519 -0.013969109154897113 -0.017272907357851055 0.0024205018880388554 -0.011460852210181409 -0.0077518565372693068 -0.025434308249253954 0.013911774151890649 -0.017272907357851055
leaf_weight=156.35467952489853 56.140838235616684 149.11340805143118 126.73867501318455 79.503194272518158 80.537724420428276 86.000013083219528 125.43353811651468 75.297530971467495 102.71671821177006 260.56931104511023 364.45676742494106 126.57348168641329 430.02670396864414 225.69568064063787
leaf_count=692 266 853 554 344 405 479 816 518 462 1345 2196 1010 2370 1467
internal_value=0.00280243 0.00144093 -0.000838804 -0.00742896 -0.00985682 0.01227 -0.0117856 -0.0151698 0.0024205 -0.0128616 -0.00775186 -0.0216842 0.0139118 -0.0164774
internal_weight=2445.16 2389.02 2232.66 1487.18 1407.68 745.482 1327.14 813.57 188.717 611.699 513.57 201.871 556.765 351.129
internal_count=13777 13511 12819 8954 8610 3865 8205 5156 941 3628 3049 1528 2924 2283
is_linear=0
shrinkage=0.03


Tree=56
num_leaves=15
num_cat=0
split_feature=1 14 11 21 13 17 25 28 1 4 22 0 30 2
split_gain=173.3 183.129 82.4175 43.3726 29.6739 23.5673 19.2899 18.9084 10.1625 5.68273 4.65702 4.394 1.7831 1.64475
threshold=-0.0054337069468075021 0.30625729151840086 1.0000000180025095e-35 1.0000000180025095e-35 150.2151162790698 0.32006936327745061 -0.16498840113109556 8.5000000000000018 11.178729971845524 -0.25054389672361793 6.6210969376664263e-07 -0.8348631728980318 52.693734836591993 0.31509971509971518
decision_type=8 2 2 2 8 2 10 2 8 10 2 10 2 2
left_child=11 2 3 5 7 6 -2 -3 -9 -8 -11 -1 -5 -13
right_child=1 4 -4 12 -6 -7 9 8 -10 10 -12 13 -14 -15
leaf_value=0.040963156870628903 -0.010031727132475639 0.0038796505755729527 0.0038796505755729527 -0.0019906281728658323 0.017291967472813637 -0.0065110539262361322 -0.013806400186922432 0.012399438157532933 0.0038796505755729527 -0.025538434060992779 -0.016912095630487584 0.017291967472813637 -0.0065110539262361322 0.029558058401567625
leaf_weight=68.475406058132648 373.32972521334887 150.91988100111485 91.771235525608063 237.31656188517809 315.70581366866827 203.47114012390375 160.80964981764555 243.94477415084839 51.548814922571182 115.0681020617485 223.44492024928331 27.631223566830158 112.56433343887329 54.220801040530205
leaf_count=303 2426 678 395 1258 1896 1092 951 1161 249 826 1477 129 699 237
internal_value=0.00300678 0.000915844 -0.00510775 -0.00786091 0.012867 -0.0110315 -0.0135524 0.00750691 0.0123994 -0.0175811 -0.0200178 0.0336681 -0.00199063 0.0255583
internal_weight=2430.22 2279.89 1517.78 1426 762.119 1076.12 872.652 446.413 295.494 499.323 338.513 150.327 349.881 81.852
internal_count=13777 13108 9124 8729 3984 6772 5680 2088 1410 3254 2303 669 1957 366
is_linear=0
shrinkage=0.03


Tree=57
num_leaves=15
num_cat=0
split_feature=20 14 0 12 14 11 34 17 25 13 0 0 4 30
split_gain=189.314 167.962 113.11 71.7229 38.5836 31.1498 14.536 11.3921 9.27924 9.05057 8.38002 7.47818 5.4508 5.16035
threshold=0.90780002431892515 0.90776536812620834 -1.0000000180025095e-35 1.0000000180025095e-35 0.24642143288519938 0.14630585737158908 46.982184482184486 1.0132795144579487 -0.014914527859625435 4.4874370633585352 -0.029919496997230181 5.3436664146518931 inf 54.948622805765673
decision_type=10 2 10 2 2 2 2 2 10 8 8 10 8 2
left_child=1 2 9 4 5 6 -4 11 -8 10 -1 12 -3 -10
right_child=-2 7 3 -5 -6 -7 8 -9 13 -11 -12 -13 -14 -15
leaf_value=0.005431035111375989 0.053628507859927552 0.021692155241206781 -0.010642127029211709 0.0017519103982856458 -0.0033091683169527101 -0.0073303481860122494 -0.013910734833075256 0.027589167748979779 -0.017580969284078537 0.0091101598244663316 0.0017519103982856458 0.0091101598244663316 0.013882819254832323 -0.026185854210992243
leaf_weight=35.984591141343117 59.559835180640221 76.403454311192036 466.85531594604254 117.90871995687485 349.22044806182384 61.605273485183716 300.73302413523197 120.34056355804205 153.72520844638348 251.67722058296204 116.19323268532753 48.533869013190269 119.2307606190443 131.37232056260109
leaf_count=150 285 466 2734 565 1558 269 2120 789 996 1194 594 248 748 1016
internal_value=0.00294563 0.00154983 -0.00190222 -0.00560634 -0.00837025 -0.0113515 -0.0139539 0.0201225 -0.0171793 0.00911016 0.00175191 0.0157951 0.0186555 -0.0212512
internal_weight=2409.34 2349.78 1985.28 1581.42 1463.51 1114.29 1052.69 364.509 585.831 403.855 152.178 244.168 195.634 285.098
internal_count=13732 13447 11196 9258 8693 7135 6866 2251 4132 1938 744 1462 1214 2012
is_linear=0
shrinkage=0.03


Tree=58
num_leaves=15
num_cat=0
split_feature=20 0 14 11 0 25 16 7 32 17 32 31 21 19
split_gain=179.047 163.985 184.776 78.3393 42.515 22.7709 17.981 11.0967 6.98962 5.71344 2.63768 2.69701 2.40649 1.89988
threshold=0.9063878823108632 -0.0071934988035259155 0.41154382956290603 1.0000000180025095e-35 0.50793657790400937 0.91629073187415533 105.72216008167294 -0.31060634393815872 37.042328301069574 0.43206949900914604 58.308824043089786 66.129674521282922 1.0000000180025095e-35 -0.13885815490507977
decision_type=10 8 2 2 10 8 8 10 2 2 2 2 2 8
left_child=1 -1 3 4 6 -4 12 13 -7 10 11 -9 -3 -6
right_child=-2 2 5 -5 7 8 -8 9 -10 -11 -12 -13 -14 -15
leaf_value=0.027237118343210947 0.052571511753419724 -0.0084073014911043055 0.013527982007998098 0.0034877680310088938 -0.0084073014911043055 0.0085078750195034959 -0.0024675208688006191 -0.015850912437837147 0.0034877680310088938 -0.012888294930488224 -0.022807767528178122 -0.019329339983007635 -0.0054374111799524623 -0.011631799520114301
leaf_weight=144.33824265003204 59.500680916011333 193.99183118343353 490.67885532975197 87.140788793563843 105.47546476125717 93.596682086586952 459.43456624448299 140.80412090569735 88.436794370412827 69.188684657216072 133.76239586621523 71.988065451383591 75.544328957796097 203.97304163128138
leaf_count=646 282 1059 2661 376 692 534 2649 836 399 382 1135 442 366 1387
internal_value=0.00325554 0.00190272 -0.000181154 -0.00590542 -0.00842281 0.012881 -0.00327164 -0.013543 0.00348777 -0.0167793 -0.0188135 -0.0158509 -0.0084073 -0.00899733
internal_weight=2417.85 2358.35 2214.02 1541.3 1454.16 672.712 728.971 725.192 182.033 415.743 346.555 212.792 269.536 309.449
internal_count=13846 13564 12918 9324 8948 3594 4074 4874 933 2795 2413 1278 1425 2079
is_linear=0
shrinkage=0.03


Tree=59
num_leaves=15
num_cat=0
split_feature=20 0 11 33 12 13 3 21 9 12 29 28 3 18
split_gain=189.594 157.599 93.563 75.7928 28.9883 28.1143 22.4643 10.9814 14.0126 6.0804 4.00853 2.03068 1.49183 0.293368
threshold=0.94204301282539538 -1.0000000180025095e-35 1.0000000180025095e-35 47.165532879818606 1.0000000180025095e-35 68.440081406701424 -0.015673484841678683 1.0000000180025095e-35 0.53150375609846601 0.051679710785916204 59.888373672252847 7.5000000000000009 -0.107476787000178 0.023848974559388437
decision_type=10 8 2 2 2 8 10 2 8 2 2 2 10 10
left_child=1 12 3 5 6 9 -5 8 11 -3 -10 -8 -1 -13
right_child=-2 2 -4 4 -6 -7 7 -9 10 -11 -12 13 -14 -15
leaf_value=0.028378855920096584 0.054917795458598144 -0.0004484024598823885 0.014059251963849606 -0.0042616982550910155 -0.0004484024598823885 0.0060507625659153201 -0.022135007188049383 -0.0073782802446318132 -0.0099515167451334173 0.0028011800530164657 -0.014167986283086716 -0.018651324783298236 0.014059251963849606 -0.014167986283086716
leaf_weight=130.79999417066574 57.1960114762187 480.25022185593843 107.02226822078228 250.21451304852962 72.908645048737526 263.88536728918552 109.88782169669867 240.37177606672049 363.40622136741877 28.402217343449593 127.6125163435936 60.469761796295643 22.065403752028942 78.280170686542988
leaf_count=590 274 2462 484 1334 369 1631 738 1436 2320 141 965 466 99 455
internal_value=0.00322054 0.00183992 -0.000260352 -0.00195773 -0.00636267 0.00546587 -0.00807499 -0.0104949 -0.0125248 -0.000448402 -0.00995152 -0.0183845 0.0283789 -0.0147475
internal_weight=2392.77 2335.58 2182.71 2075.69 1303.15 772.538 1230.24 980.028 739.656 508.652 491.019 248.638 152.865 138.75
internal_count=13764 13490 12801 12317 8083 4234 7714 6380 4944 2603 3285 1659 689 921
is_linear=0
shrinkage=0.03


Tree=60
num_leaves=15
num_cat=0
split_feature=20 0 32 13 12 12 25 34 33 32 11 2 1 30
split_gain=157.132 153.608 142.356 103.189 28.1735 22.2885 16.2307 10.1469 9.0084 6.8852 3.62974 3.44749 1.32012 0.3674
threshold=0.94204301282539538 -1.0000000180025095e-35 50.061476984553913 101.40687743469452 1.0000000180025095e-35 0.038896986440282132 -0.040534836923252097 47.112887112887115 57.548007548007554 56.862368400829951 1.0000000180025095e-35 0.028778467908902695 0.16511964441540369 52.943485086342235
decision_type=10 8 2 8 2 2 10 2 2 2 2 2 8 2
left_child=1 -1 3 5 6 10 9 13 -9 -4 -3 -11 -10 -8
right_child=-2 2 4 -5 -6 -7 7 8 12 11 -12 -13 -14 -15
leaf_value=0.027013535600445268 0.051922164064732004 -3.1294253669799375e-05 -0.0046489870749997775 0.013522632484092625 -3.1294253669799375e-05 0.0068362913811112255 -0.0092689335923418249 -0.013092940123333724 -0.01756667747813169 -0.0092689335923418249 0.0034024985637207132 -0.0069589603336708012 -0.02447006723191757 -0.012798010080624785
leaf_weight=152.03578504174948 53.424124382436275 636.74683474004269 258.67252809554338 367.34455163776875 49.141083300113678 63.110299304127693 137.87321551144123 125.40643371641636 38.415008440613747 229.93760108947754 37.300895109772682 36.416609674692154 121.61330299824476 88.868805311620235
leaf_count=692 257 3145 1512 2149 260 299 778 832 258 1749 163 189 965 589
internal_value=0.00332135 0.00210491 3.17294e-05 0.00759877 -0.00766136 0.00014995 -0.00926668 -0.0130583 -0.0169169 -0.00547955 -3.12943e-05 -0.00926893 -0.0220404 -0.00926893
internal_weight=2396.31 2342.88 2190.85 1104.5 1086.34 737.158 1037.2 512.177 285.435 525.027 674.048 266.354 160.028 226.742
internal_count=13837 13580 12888 5756 7132 3607 6872 3422 2055 3450 3308 1938 1223 1367
is_linear=0
shrinkage=0.03


Tree=61
num_leaves=15
num_cat=0
split_feature=20 14 3 11 14 12 0 20 4 29 25 25 34 34
split_gain=146.924 139.437 89.0469 55.3829 33.1388 20.8449 20.3323 16.4156 12.6889 8.59094 7.28024 5.93992 4.7719 4.2497
threshold=0.36978038647389705 0.70179360373183541 -0.028137813170641245 1.0000000180025095e-35 0.17166264844124393 1.0000000180025095e-35 4.5251541396880768 0.91773755555792469 -0.0013215700666271636 52.670081733118707 1.5845084539838972 -0.045519941286538572 47.818847818847829 57.409257409257414
decision_type=10 2 10 2 2 2 10 10 10 2 8 10 2 2
left_child=1 2 9 4 5 8 10 -2 13 -1 -3 -10 -13 -4
right_child=7 6 3 -5 -6 -7 -8 -9 11 -11 -12 12 -14 -15
leaf_value=0.0071479389138204737 0.021076451300608211 0.019351545104039372 -0.010812225104851381 0.00064661761773450943 -0.0039076549338377857 -0.0077670075244812981 0.0071479389138204737 0.048328556549488574 -0.01464949087524141 0.00064661761773450943 0.013249742008929923 -0.018065132137315983 -0.0261479230459894 -0.01464949087524141
leaf_weight=293.34867785871029 49.421690620481968 275.10095673054457 368.8361761122942 83.718854784965515 353.1870225071907 59.751111730933189 82.15444241464138 55.938503965735435 103.14001116156578 122.35028511285782 95.46918772906065 110.92332854866982 129.54894042760134 181.34090385586023
leaf_count=1322 255 1726 2392 361 1632 312 420 268 730 651 553 701 1037 1342
internal_value=0.0032787 0.00162372 -0.00211883 -0.0058547 -0.00846193 -0.0116264 0.0164147 0.0370794 -0.0138574 0.00714794 0.0193515 -0.0184504 -0.0214808 -0.0108486
internal_weight=2364.23 2258.87 1806.15 1390.45 1306.73 953.54 452.725 105.36 893.789 415.699 370.57 343.612 240.472 550.177
internal_count=13702 13179 10480 8507 8146 6514 2699 523 6202 1973 2279 2468 1738 3734
is_linear=0
shrinkage=0.03


Tree=62
num_leaves=15
num_cat=0
split_feature=11 0 32 20 13 16 12 0 2 17 34 34 32 4
split_gain=137.273 112.95 84.7464 38.8563 34.9683 25.7565 15.6253 12.2987 10.8016 9.9588 9.91419 9.45118 5.31417 4.55269
threshold=1.0000000180025095e-35 -1.0000000180025095e-35 50.061476984553913 0.36978038647389705 20.192713000707197 68.8970342498599 1.0000000180025095e-35 -0.029919496997230181 0.018874643874643878 0.089539902257438644 47.248584748584754 37.853812853812862 53.319407864862413 -0.25054389672361793
decision_type=2 10 2 10 8 8 2 8 2 2 2 2 2 10
left_child=1 4 5 6 7 11 8 -1 9 10 -4 -3 -2 -12
right_child=12 2 3 -5 -6 -7 -8 -9 -10 -11 13 -13 -14 -15
leaf_value=0.011764103858155834 0.03646200213710131 0.0022322452475778895 -0.014344251339640901 -0.0015098554880382381 0.017763744753374916 0.0057644629629367544 -0.0061729090985202257 0.0057644629629367544 -0.0093248409785643364 -0.011862942113652431 -0.017523604373130709 -0.0015098554880382381 0.017763744753374916 -0.024439190898653197
leaf_weight=46.405804298818111 106.57581858336926 75.881789863109589 245.92648310959339 44.992077469825745 355.48286852240562 308.13171265274286 40.586875423789024 136.89277030527592 122.69326300919056 138.00288310647011 146.02881889045238 391.94341532886028 15.219767585396765 183.47992779314518
leaf_count=220 489 360 1661 207 1969 1671 219 707 629 860 1155 1963 67 1583
internal_value=0.00344265 0.00171711 -0.00208856 -0.00821842 0.0136175 0.00519871 -0.010836 0.00576446 -0.0124768 -0.014401 -0.0168256 -0.00129997 0.0338104 -0.020703
internal_weight=2358.24 2236.45 1697.67 921.71 538.781 775.957 876.718 183.299 836.131 713.438 575.435 467.825 121.796 329.509
internal_count=13760 13204 10308 6314 2896 3994 6107 927 5888 5259 4399 2323 556 2738
is_linear=0
shrinkage=0.03


Tree=63
num_leaves=15
num_cat=0
split_feature=20 14 3 32 13 20 0 22 8 18 33 3 1 21
split_gain=145.669 129.519 82.3121 45.7793 41.2978 19.6731 19.453 19.3684 10.1505 5.15326 4.66359 4.649 2.82492 2.24007
threshold=0.40311766009587019 0.73344318662410002 -0.028137813170641245 58.537616229923934 59.617761420004825 0.94204301282539538 4.2808292260219174 0.00031538164062704593 -0.70419530494520444 0.48324448143429294 57.548007548007554 0.18976503811497772 23.984732185223439 1.0000000180025095e-35
decision_type=10 2 8 2 8 10 10 2 10 10 2 8 10 2
left_child=1 2 -1 4 7 11 10 -4 12 13 -3 -2 -5 -10
right_child=5 6 3 8 -6 -7 -8 -9 9 -11 -12 -13 -14 -15
leaf_value=0.0071006196536513039 0.032496773499390536 0.019212849956066733 -0.0072406536765827487 -0.0072406536765827487 0.0012630373675702417 0.050423475497132414 0.0071006196536513039 -0.0026112895843775439 -0.024055342107928476 -0.013110924715898082 0.013156734804859019 0.019212849956066733 -0.013110924715898082 -0.016886466752765266
leaf_weight=168.36082637310028 30.746967978775501 261.64224239438772 435.15836235880852 201.03026462346315 436.38801714032888 50.09046883136034 79.728505596518517 342.06327246129513 111.29096159338951 26.758990779519081 90.064528085291386 24.110478810966015 30.712163314223289 61.52291651070118
leaf_count=705 151 1678 2339 1540 2445 244 411 1682 1000 202 540 126 256 428
internal_value=0.00318186 0.00152698 -0.00199923 -0.00457454 -0.00157133 0.0368987 0.0162005 -0.00648562 -0.01291 -0.0178741 0.0192128 0.0213688 -0.00834774 -0.020662
internal_weight=2349.67 2244.72 1813.29 1644.92 1213.61 104.948 431.435 777.222 431.315 199.573 351.707 54.8574 231.742 172.814
internal_count=13747 13226 10597 9892 6466 521 2629 4021 3426 1630 2218 277 1796 1428
is_linear=0
shrinkage=0.03


Tree=64
num_leaves=15
num_cat=0
split_feature=20 1 14 12 16 14 22 27 9 3 7 20 35 17
split_gain=142.032 120.699 139.707 60.2552 25.0014 25.1838 13.2853 10.6465 9.99789 7.65627 4.9729 2.84579 2.57704 1.85979
threshold=0.82743593613556066 -1.0000000180025095e-35 0.41154382956290603 0.04866439329354931 178.43174699288781 0.00031525933840323466 3.3146444981200439e-06 1.0522356448728358 inf 0.1046387076017762 1.0000000180025095e-35 0.93792492401601923 45.113220113220116 0.4238923163295692
decision_type=10 8 2 2 8 2 2 8 8 10 10 10 8 2
left_child=1 -1 3 4 6 8 10 -4 -6 -9 -3 -2 -8 -14
right_child=11 2 7 -5 5 -7 12 9 -10 -11 -12 -13 13 -15
leaf_value=0.023069686762467994 0.023069686762467994 -0.013731751916800681 0.011643223320512682 0.0033862399881959926 -0.007942042895999939 -0.0018986107365533788 -0.007942042895999939 0.007667910675623571 -0.0049203268162766592 0.0033862399881959926 -0.024922681625880953 0.048744949499701561 -0.013318400800108337 -0.0095766641246109833
leaf_weight=139.34978794306517 16.853467129170895 129.04217478632927 488.35156983137131 91.899802453815937 501.05817257612944 142.13369169831276 110.40607390552759 73.02414533495903 182.71933346241713 84.543128944933414 71.465316511690617 53.022709600627422 189.93127941340208 58.950826473534107
leaf_count=645 81 743 2705 449 3605 707 617 415 1196 401 443 259 1135 306
internal_value=0.00341724 0.00206745 0.00021676 -0.00487074 -0.00718346 -0.00382851 -0.0120556 0.0116432 -0.00794204 0.0036926 -0.0182298 0.0440719 -0.00840703 -0.0112113
internal_weight=2332.75 2262.88 2123.53 1477.61 1385.71 825.911 559.796 645.919 683.778 157.567 200.507 69.8762 359.288 248.882
internal_count=13707 13367 12722 9201 8752 5508 3244 3521 4801 816 1186 340 2058 1441
is_linear=0
shrinkage=0.03


Tree=65
num_leaves=15
num_cat=0
split_feature=20 14 2 11 17 20 1 21 3 14 4 16 3 25
split_gain=135.705 126.208 77.7785 43.4337 29.7439 17.0916 16.8988 13.952 12.2777 10.4771 7.02836 6.88445 5.43619 4.98377
threshold=0.38512812459454754 0.72223085912607476 0.27713773681515624 1.0000000180025095e-35 0.070863579832000742 0.94204301282539538 4.4961026822061685 1.0000000180025095e-35 -0.1340582487975783 0.0028948218350163383 -0.023189036774661796 251.92631901505823 0.22589600951399955 1.5845084539838972
decision_type=10 2 2 2 2 10 10 2 10 2 10 8 8 8
left_child=1 2 3 4 7 12 13 8 -1 10 -10 -6 -2 -3
right_child=5 6 -4 -5 11 -7 -8 -9 9 -11 -12 -13 -14 -15
leaf_value=-0.0091549805143865369 0.031993778156950405 0.018416759388342589 0.0070010198288443211 0.0012339613811482796 -0.0062572678384886019 0.047661888359063403 0.0070010198288443211 -0.0062572678384886019 -0.014835580792671358 -0.011886769577930417 -0.023033104917364364 -0.0026516310473802466 0.018416759388342589 0.012708889608593454
leaf_weight=157.00051371753216 32.255854494869709 252.9069951698184 171.40342999994755 86.318057507276535 429.92107317596674 52.142235949635506 85.948869436979294 211.50134133547544 254.53076095879078 176.74055480957031 159.76267955452204 152.36142610758543 22.217755794525146 88.178040027618408
leaf_count=811 159 1652 769 370 2250 256 454 1308 1959 997 1361 770 117 530
internal_value=0.00308677 0.00146524 -0.00202518 -0.0045331 -0.00653722 0.0353683 0.0160272 -0.0098629 -0.0120527 -0.0146186 -0.0177844 -0.00265163 0.0205831 0.0184168
internal_weight=2333.19 2226.57 1799.54 1628.14 1541.82 106.616 427.034 959.536 748.035 591.034 414.293 582.282 54.4736 341.085
internal_count=13763 13231 10595 9826 9456 532 2636 6436 5128 4317 3320 3020 276 2182
is_linear=0
shrinkage=0.03


Tree=66
num_leaves=15
num_cat=0
split_feature=11 14 1 13 34 1 7 9 2 34 22 1 16 22
split_gain=122.713 113.122 90.6214 31.6917 25.6201 18.1788 17.6906 11.7759 6.46944 4.83353 3.4207 2.76088 2.53611 1.74162
threshold=1.0000000180025095e-35 0.32595597004906174 0.17134780854856183 inf 38.807026307026312 0.62994422238140724 -0.25926044549630495 0.011007817807598849 0.15284632034632037 46.982184482184486 0.00058393323365743966 2.841727048270378 22.299043383640203 0.00044531535784642198
decision_type=2 2 10 8 2 8 10 8 2 2 2 10 8 2
left_child=1 2 7 5 13 -3 12 -1 9 -8 -2 -5 -6 -4
right_child=10 3 4 11 6 -7 8 -9 -10 -11 -12 -13 -14 -15
leaf_value=-0.0027701835630408239 0.020113179555838488 0.011183425387653736 -0.0075636349565192757 0.016654345466614387 -0.012097122568176641 0.0038896955471023368 -0.015298085994120244 0.0038896955471023368 -0.012097122568176641 -0.021337807606459085 0.036484894216481566 0.011183425387653736 -0.0075636349565192757 -0.0027701835630408239
leaf_weight=150.10714996606112 41.046513274312019 140.66917842626572 48.769696824252605 225.59416054934263 87.558704413473606 289.03856326639652 103.82847086340189 440.38651695847511 33.847881302237511 245.99720447510481 79.178576663136482 62.699374325573444 209.02622078359127 165.20952016115189
leaf_count=792 184 725 289 1539 559 1340 677 2359 183 1910 374 344 1573 942
internal_value=0.00303256 0.00138707 -0.00334177 0.0111212 -0.00943006 0.00571251 -0.0123571 0.0038897 -0.0166306 -0.018499 0.0319216 0.0166543 -0.00756363 -0.00277018
internal_weight=2322.96 2202.73 1484.73 718.001 894.238 429.708 680.258 590.494 383.674 349.826 120.225 288.294 296.585 213.979
internal_count=13790 13232 9284 3948 6133 2065 4902 3151 2770 2587 558 1883 2132 1231
is_linear=0
shrinkage=0.03


Tree=67
num_leaves=15
num_cat=0
split_feature=12 14 3 34 11 14 1 14 29 20 8 3 21 25
split_gain=139.434 127.114 87.2054 42.4981 22.644 23.3778 11.2244 10.4896 9.83025 9.0504 7.82095 6.3007 5.91011 3.40022
threshold=1.0000000180025095e-35 0.90776536812620834 -0.015673484841678683 57.463369963369971 1.0000000180025095e-35 0.091068108634908648 2.558058274320997 0.035686925489330286 52.670081733118707 0.00078329944037832451 -0.77692966887072579 14.426111880332774 0.00018131052716969644 0.26570316573300562
decision_type=2 2 10 2 2 2 10 2 2 10 10 10 2 8
left_child=1 2 8 4 5 9 12 10 -1 -4 -5 -3 -2 -9
right_child=6 11 3 7 -6 -7 -8 13 -10 -11 -12 -13 -14 -15
leaf_value=0.0067499420805924382 0.024600100364857394 0.015660873852991725 -0.008475153275118644 -0.013507600596430866 0.00040028522605809803 -0.0024245835916761288 0.015660873852991725 -0.008475153275118644 0.00040028522605809803 -0.0054498684333973866 -0.026109104036142763 0.0067499420805924382 0.038796428639098476 -0.013507600596430866
leaf_weight=329.19674247503281 43.43686430901289 293.21210017055273 530.34227938205004 142.08375578373671 76.060590729117393 355.07818139344454 15.110755875706671 85.421394757926464 125.06298342347145 45.269694402813911 81.530868522822857 46.21828169375658 92.149922892451286 81.265650428831577
leaf_count=1514 226 2006 3783 1155 328 1679 79 432 665 220 694 250 456 425
internal_value=0.00292058 0.000968728 -0.00216099 -0.00594937 -0.00266177 -0.00524945 0.030353 -0.0142885 0.00674994 -0.00847515 -0.01854 0.0156609 0.0335393 -0.00847515
internal_weight=2341.44 2190.74 1851.31 1397.05 1006.75 930.69 150.698 390.302 454.26 575.612 223.615 339.43 135.587 166.687
internal_count=13912 13151 10895 8716 6010 5682 761 2706 2179 4003 1849 2256 682 857
is_linear=0
shrinkage=0.03


Tree=68
num_leaves=15
num_cat=0
split_feature=12 3 32 29 13 20 34 4 21 34 18 30 8 1
split_gain=119.738 87.1653 87.1013 36.8698 32.544 25.5135 12.5478 12.5038 10.5628 5.09135 4.83331 2.58579 1.66743 1.41072
threshold=1.0000000180025095e-35 -0.015673484841678683 54.845154845154845 50.957854791499408 59.617761420004825 0.36978038647389705 41.545954045954055 -0.0022579752355406041 5.4645182231276038e-05 57.409257409257414 0.083909100018877109 33.020550877693744 -1.0000000180025095e-35 0.068542403344031888
decision_type=2 10 2 2 8 10 2 10 2 2 10 2 10 10
left_child=1 3 4 13 6 7 -3 9 11 -4 12 -2 -9 -1
right_child=8 2 5 -5 -6 -7 -8 10 -10 -11 -12 -13 -14 -15
leaf_value=0.015410446138813563 0.025312202589266346 0.0016652768616652947 -0.0074889361054213833 0.0050120096393831276 0.0050120096393831276 -0.0027936483768036609 -0.0027936483768036609 -0.016885290981465895 0.034815599578440388 -0.013239849335153462 -0.013239849335153462 0.015410446138813563 -0.024417427025608215 0.010211227889098347
leaf_weight=337.67662093788385 15.751660034060476 208.68174669146538 275.99807371199131 208.50294324755669 243.61311879754066 29.328399464488029 452.9165350869298 92.301790237426758 100.2115638628602 130.53465301543474 54.274745479226112 37.603088483214378 90.591856554150581 34.707982808351517
leaf_count=1873 74 1002 1956 1101 1380 136 2400 771 495 1090 405 205 786 158
internal_value=0.00375469 0.00190225 -0.0017609 0.0117849 0.00430882 -0.00989611 -0.00168146 -0.0121842 0.0289186 -0.00880571 -0.017674 0.0158088 -0.0205307 0.0154104
internal_weight=2312.69 2159.13 1578.24 580.888 905.211 673.03 661.598 643.701 153.566 406.533 237.168 53.3547 182.894 372.385
internal_count=13832 13058 9926 3132 4782 5144 3402 5008 774 3046 1962 279 1557 2031
is_linear=0
shrinkage=0.03


Tree=69
num_leaves=15
num_cat=0
split_feature=20 3 14 11 0 13 28 13 7 1 22 1 21 20
split_gain=125.887 109.927 114.422 49.0792 26.3808 21.1534 13.7507 12.4896 9.64194 8.99761 7.77837 4.84296 3.20438 2.70328
threshold=0.82743593613556066 -0.107476787000178 0.2884519114314355 1.0000000180025095e-35 0.47129662360535335 101.40687743469452 8.5000000000000018 45.649528647285059 -0.32592870190084694 11.178729971845524 0.00087163061612162689 0.17134780854856183 4.0150497522565199e-05 0.90780002431892515
decision_type=10 8 2 2 10 8 2 8 10 8 2 10 2 10
left_child=1 11 3 4 7 6 -4 12 -6 -8 -10 -1 -3 -2
right_child=13 2 5 -5 8 -7 9 -9 10 -11 -12 -13 -14 -15
leaf_value=0.022012306829944175 0.022012306829944175 -0.0071568233839358723 0.0025010073983832959 0.0025010073983832959 -0.0071568233839358723 0.011144100885940839 0.0076986080926549679 -0.002317963449740897 -0.018430824413931818 0.0025010073983832959 -0.011001300008713267 0.011144100885940839 -0.0047373934168383845 0.045691365269106984
leaf_weight=137.80045828223228 13.652623943984507 200.69195720553398 151.33307014405727 84.598434761166573 278.4240008443594 288.09244165569544 228.04730894416571 373.0321429297328 227.00076585263014 54.077278360724449 119.84398990124464 24.857159286737442 65.610637977719307 55.886683963239193
leaf_count=643 68 1148 693 361 2030 1871 1105 2267 1833 265 778 113 333 276
internal_value=0.00347669 0.00219166 0.000275895 -0.00487774 -0.00713693 0.00987976 0.00425312 -0.0028176 -0.011496 0.00769861 -0.0148458 0.0220123 -0.00715682 0.041833
internal_weight=2302.95 2233.41 2070.75 1349.2 1264.6 721.55 433.458 639.335 625.269 282.125 346.845 162.658 266.303 69.5393
internal_count=13784 13440 12684 8750 8389 3934 2063 3748 4641 1370 2611 756 1481 344
is_linear=0
shrinkage=0.03


Tree=70
num_leaves=15
num_cat=0
split_feature=20 0 14 11 12 13 25 17 1 30 13 4 22 26
split_gain=111.217 105.47 96.8452 48.3739 27.0902 24.9023 20.1937 12.7742 11.5537 6.32066 2.83106 2.53272 3.13542 0.743785
threshold=0.94204301282539538 -0.029919496997230181 0.31058894309963575 1.0000000180025095e-35 0.041169770642512836 68.440081406701424 -0.065405282292653397 0.094002133646857403 0.74651730177273312 52.943485086342235 12.699771655012404 -0.98328589779672482 0.00044531535784642198 -0.00027643843217628467
decision_type=10 8 2 2 2 8 10 2 8 2 8 10 2 8
left_child=1 -1 3 4 6 8 10 9 -4 -8 13 -11 -13 -3
right_child=-2 2 5 -5 -6 -7 7 -9 -10 11 -12 12 -14 -15
leaf_value=0.023824381322247921 0.045375003624657816 -0.0065277928066026624 0.008168136438869952 0.0028507102660985319 -0.0016579188181058678 0.012226482028009467 -0.011435212171829962 -0.0081930165344535639 0.0028507102660985319 -0.01487612850565726 -0.0048625690787517609 -0.025850459623923829 -0.017948635777673239 -0.0081930165344535639
leaf_weight=127.57358232885599 50.227118082344532 28.516199596226215 143.23136488348246 85.891784593462944 80.309191681444645 291.41719697415829 229.23386512696743 235.86445895582438 277.73524308204651 73.378945656120777 375.53571362048388 90.808740876615047 68.332137197256088 147.58016028255224
leaf_count=604 247 176 716 365 402 1903 1528 1341 1286 421 2611 846 505 906
internal_value=0.00330885 0.00227376 0.000628583 -0.00391064 -0.00616655 0.00961206 -0.00806722 -0.0115235 0.00410979 -0.0146774 -0.00486257 -0.018317 -0.0210211 -0.00819302
internal_weight=2305.64 2255.41 2127.84 1415.45 1329.56 712.384 1249.25 697.618 420.967 461.754 551.632 232.52 159.141 176.096
internal_count=13857 13610 13006 9101 8736 3905 8334 4641 2002 3300 3693 1772 1351 1082
is_linear=0
shrinkage=0.03


Tree=71
num_leaves=15
num_cat=0
split_feature=11 14 1 14 34 0 21 16 9 14 28 0 25 12
split_gain=120.444 102.344 66.6211 27.0751 20.2738 19.0235 11.233 10.1879 7.39217 6.99009 5.88102 4.9808 4.21519 3.74812
threshold=1.0000000180025095e-35 0.98915783869258622 0.10339900256836758 0.24642143288519938 38.807026307026312 -1.0000000180025095e-35 1.0000000180025095e-35 23.749881699630894 0.48105985374461074 0.0033598817218247179 7.5000000000000009 16.183169022002378 -0.36772478012531734 1.0000000180025095e-35
decision_type=2 2 10 2 2 8 2 8 10 2 2 10 10 2
left_child=1 2 5 4 -4 -1 -7 10 -5 13 -6 -3 -12 -9
right_child=-2 11 3 8 7 6 -8 9 -10 -11 12 -13 -14 -15
leaf_value=0.0078111272098357071 0.032326624891306631 0.016819260471775538 -0.003780620435786097 -0.003780620435786097 -0.012086813429088393 0.00061044070925896749 0.0048396255478669855 -0.012086813429088393 0.00061044070925896749 -0.0074391067535978742 -0.012086813429088393 0.0078111272098357071 -0.022318782858989285 -0.0096578109802348076
leaf_weight=133.93463289737701 113.93020465970039 234.11999164521694 218.22458928078413 137.01073091477156 93.526326306164265 409.20824632793665 110.4904717206955 322.46367452293634 225.43728357553482 77.571883335709572 11.089410327374933 38.651186510920525 132.55520722270012 15.347050242125986
leaf_count=587 531 1719 1267 636 631 2294 581 2778 1028 447 73 218 909 89
internal_value=0.0029336 0.0013119 -0.00119701 -0.00529455 -0.00817168 0.00651543 0.00186812 -0.0110976 0.000610441 -0.00809774 -0.0160759 0.0168193 -0.0202383 -0.0118765
internal_weight=2273.56 2159.63 1886.86 1233.23 870.778 653.633 519.699 652.554 362.448 415.383 237.171 272.771 143.645 337.811
internal_count=13788 13257 11320 7858 6194 3462 2875 4927 1664 3314 1613 1937 982 2867
is_linear=0
shrinkage=0.03


Tree=72
num_leaves=15
num_cat=0
split_feature=11 14 3 34 32 9 33 16 1 24 14 2 16 32
split_gain=106.057 97.3632 82.0102 37.6475 19.0205 13.1582 8.03595 7.75522 6.86647 5.3372 5.19006 4.3217 5.52204 3.98936
threshold=1.0000000180025095e-35 0.98915783869258622 -0.00094472539534589349 55.830835830835845 58.537616229923934 0.55392770677373637 54.628704628704639 121.1019197395846 0.55183915058264721 -0.6670438394154744 0.19604650715746821 0.1107638888888889 91.461766288468596 53.319407864862413
decision_type=2 2 10 2 2 8 2 8 10 10 2 2 8 2
left_child=1 2 11 4 7 10 -7 9 -6 -4 -5 12 -1 -2
right_child=13 -3 3 5 8 6 -8 -9 -10 -11 -12 -13 -14 -15
leaf_value=0.0011640053872633213 0.032716114686309306 0.015760812115374622 -0.0028718394983793241 -0.024626965699257455 -0.0028718394983793241 -0.0069076843840219686 -0.014079200955243417 0.0011640053872633213 -0.0069076843840219686 -0.00085391705555800128 -0.014188279200745158 0.0072839046415328875 0.0050334765710332392 0.015760812115374622
leaf_weight=105.86154846847057 99.457511022686958 270.82568068802357 380.4427137747407 89.211128175258636 140.26464850455523 146.20972531288862 154.85190485417843 236.98407810926437 168.56297422200441 32.751686476171017 46.277058899402618 169.07956133037806 213.59808802604675 15.388310760259627
leaf_count=542 468 1942 1977 732 968 920 1241 1268 1463 150 228 739 1103 67
internal_value=0.00279153 0.00126091 -0.001193 -0.00495589 -0.00160938 -0.012206 -0.00847345 0.00116401 -0.00690768 -0.00287184 -0.0199031 0.0072839 0.00278305 0.0302607
internal_weight=2269.77 2154.92 1884.1 1395.56 959.006 436.55 301.062 650.178 308.828 413.194 135.488 488.539 319.46 114.846
internal_count=13808 13273 11331 8947 5826 3121 2161 3395 2431 2127 960 2384 1645 535
is_linear=0
shrinkage=0.03


Tree=73
num_leaves=15
num_cat=0
split_feature=0 14 11 21 33 3 34 25 3 14 8 13 13 30
split_gain=106.984 89.5611 56.9257 36.6647 32.6593 8.91526 9.72241 5.53463 3.53683 3.12672 3.11943 1.73722 1.38063 1.21781
threshold=-1.0000000180025095e-35 0.98673567014736907 1.0000000180025095e-35 1.0000000180025095e-35 53.809523809523817 0.001771306138511432 41.445221445221456 0.036294453802596445 -0.107476787000178 0.40253165164205995 -0.2468015932791516 6.5592465686664125 3.2594868000034523 54.270729270729277
decision_type=8 2 2 2 2 10 2 10 10 2 10 8 8 2
left_child=8 2 3 4 7 11 -7 -2 -1 -9 12 -6 -8 -5
right_child=1 -3 -4 13 5 6 10 9 -10 -11 -12 -13 -14 -15
leaf_value=0.030106069126870597 -0.0015840192215176591 0.014682306773714203 0.0069573703414091224 0.0021398748955027522 -0.0091678868201601621 -0.0091678868201601621 -0.016016548018881298 -0.005861487926255844 0.014682306773714203 -0.003722753573886752 -0.019371735242534997 -0.005861487926255844 -0.012249623953395492 -0.0015840192215176591
leaf_weight=121.43280737102032 436.79929599910975 267.22942403703928 105.43164895474911 295.88240913301706 69.270443670451641 86.586585313081741 64.142846509814262 158.27911481261253 25.507025450468063 76.429211273789406 134.34802035987377 122.91796243190765 170.43575864285231 122.05330315977335
leaf_count=585 2486 1917 455 1580 361 519 436 1004 130 342 1054 707 1415 755
internal_value=0.00340225 0.00164727 -0.000767566 -0.00267762 -0.00530791 -0.010139 -0.0124743 -0.00158402 0.0277173 -0.00586149 -0.0153314 -0.00586149 -0.0126614 0.00213987
internal_weight=2256.75 2109.81 1842.58 1737.14 1319.21 647.702 455.513 671.508 146.94 234.708 368.927 192.188 234.579 417.936
internal_count=13746 13031 11114 10659 8324 4492 3424 3832 715 1346 2905 1068 1851 2335
is_linear=0
shrinkage=0.03


Tree=74
num_leaves=15
num_cat=0
split_feature=20 3 14 11 12 3 33 2 7 22 1 14 16 31
split_gain=104.87 88.8163 92.2994 43.9379 23.1426 21.2391 19.7391 11.7456 10.1021 8.57943 6.73249 5.20699 2.66718 2.32474
threshold=0.94204301282539538 -0.107476787000178 0.2884519114314355 1.0000000180025095e-35 0.038896986440282132 -0.015673484841678683 58.357198357198364 0.43007518796992489 -0.82240941724844141 6.6210969376664263e-07 0.71603553129275188 1.8326806622280249 68.8970342498599 51.883281553611226
decision_type=10 8 2 2 2 10 2 2 10 2 10 2 8 2
left_child=1 7 3 4 5 -3 10 -1 -7 13 -4 -8 -12 -10
right_child=-2 2 6 -5 -6 8 11 -9 9 -11 12 -13 -14 -15
leaf_value=0.012451255625324989 0.044655855286938773 -0.004396697238447037 0.012451255625324989 0.0031700963899160112 -0.0012819744069215346 -0.0072464196839355718 0.0031700963899160112 0.023753179120912054 -0.014117252547968251 -0.010037310060150682 0.0078106760076205005 0.0078106760076205005 0.010130965816472744 -0.021879879616040276
leaf_weight=65.604951471090317 50.408005885779858 233.27084930241108 270.45719748735428 84.046133413910866 75.064450345933437 328.48545687645674 140.47699342668056 91.280186638236046 78.937189064919949 434.24747216701508 155.38220622390509 34.360233440995216 108.61377549916506 95.951308690011501
leaf_count=315 258 1207 1658 354 376 2375 717 438 642 3035 725 242 608 802
internal_value=0.0038856 0.0028505 0.00114933 -0.00351075 -0.00573405 -0.00751142 0.00985094 0.0237532 -0.0100961 -0.0125092 0.0124513 0.0031701 0.00781068 -0.0181972
internal_weight=2246.59 2196.18 2039.29 1330 1245.96 1170.89 709.29 156.885 937.621 609.136 534.453 174.837 263.996 174.888
internal_count=13752 13494 12741 8791 8437 8061 3950 753 6854 4479 2991 959 1333 1444
is_linear=0
shrinkage=0.03


Tree=75
num_leaves=15
num_cat=0
split_feature=20 2 14 11 12 4 25 20 25 34 1 1 13 1
split_gain=108.551 83.5384 102.724 39.7124 24.4278 26.9438 13.0152 11.3787 11.2334 7.87463 6.09032 4.88861 4.74348 4.01213
threshold=0.37596957359776823 0.27713773681515624 0.3173125541899412 1.0000000180025095e-35 1.0000000180025095e-35 -0.98328589779672482 0.89006746907030199 0.90780002431892515 -0.065405282292653397 46.982184482184486 0.50202688844205656 0.19152815061121037 10.601957560187742 0.17860789153304837
decision_type=10 2 2 2 2 10 8 10 10 2 8 10 8 10
left_child=1 2 3 4 5 -1 -4 10 -7 -10 -2 -3 -8 -11
right_child=7 11 6 -5 -6 8 12 -9 9 13 -12 -13 -14 -15
leaf_value=-0.0057684089624610918 0.030626993559731232 0.017258038004194207 0.0086146448413849906 0.0018248586976490791 -0.0026040779792221008 -0.0093924503896427886 0.0018248586976490791 0.042292230213524212 -0.012592154421082621 -0.016196282032060205 0.017258038004194207 0.0086146448413849906 0.0052197517695170351 -0.022796822530465007
leaf_weight=463.23408506810665 26.424389250576496 132.28822033852339 473.49308230727911 79.677162542939186 71.970982298254967 206.50196505337954 92.600301511585712 54.426509149372578 231.17280050367117 59.388368651270866 22.191814228892326 50.776868887245655 97.56511402130127 181.21437625586987
leaf_count=2931 141 625 2702 335 364 1497 429 279 1479 435 116 280 593 1569
internal_value=0.00333016 0.0018444 -2.87483e-05 -0.00496493 -0.00703301 -0.00893274 0.00861464 0.0326717 -0.0130165 -0.0157919 0.0189618 0.017258 0.00182486 -0.0198004
internal_weight=2242.93 2139.88 1956.82 1293.16 1213.48 1141.51 663.658 103.043 678.278 471.776 48.6162 183.065 190.165 240.603
internal_count=13775 13239 12334 8610 8275 7911 3724 536 4980 3483 257 905 1022 2004
is_linear=0
shrinkage=0.03


Tree=76
num_leaves=15
num_cat=0
split_feature=12 14 3 34 32 21 35 14 13 3 21 28 2 16
split_gain=90.8096 80.3842 54.4318 40.7581 23.8287 10.9149 10.6655 9.9306 9.02154 6.05663 5.59788 3.68518 3.31113 2.83336
threshold=1.0000000180025095e-35 0.90776536812620834 -0.028137813170641245 57.463369963369971 56.2937062937063 0.00010447638966239272 39.152514152514165 0.23992555712201299 0.07905370978110314 13.731134969939875 1.0000000180025095e-35 8.5000000000000018 0.11464285714285716 0.06574172498853513
decision_type=2 2 10 2 2 2 10 2 8 10 2 2 2 8
left_child=1 2 8 4 13 -2 11 -8 12 -3 -6 -5 -1 -4
right_child=5 9 3 6 10 -7 7 -9 -10 -11 -12 -13 -14 -15
leaf_value=0.0016909777093025464 0.014193149643078733 0.014193149643078733 -0.0021803844423470514 -0.011349480410967035 -0.006051746593996649 0.03233202618818018 -0.022313543768075185 -0.011642462536063707 0.0068689060941127039 0.0068689060941127039 -0.0021803844423470514 -0.006051746593996649 0.004279941901707625 0.0016909777093025464
leaf_weight=113.77682896703482 49.263323895633221 273.04061083495617 149.96360287815332 120.77082389593124 202.07093632221222 94.473769672214985 125.19878403097391 63.153604306280613 280.34569218754768 43.898817002773285 158.34530889987946 62.882728233933449 37.470264583826065 462.95247350633144
leaf_count=590 263 2007 776 935 1771 476 1069 291 1348 246 1071 434 166 2369
internal_value=0.00367352 0.00205943 -0.000455337 -0.00348695 -0.000241922 0.0263269 -0.0118616 -0.0168337 0.00686891 0.0141931 -0.00605175 -0.00645119 0.00169098 0.00169098
internal_weight=2237.61 2093.87 1776.93 1345.34 973.332 143.737 372.006 188.352 431.593 316.939 360.416 183.654 151.247 612.916
internal_count=13812 13073 10820 8716 5987 739 2729 1360 2104 2253 2842 1369 756 3145
is_linear=0
shrinkage=0.03


Tree=77
num_leaves=15
num_cat=0
split_feature=0 11 14 21 16 32 27 20 2 25 16 0 1 8
split_gain=95.2169 72.6054 74.8045 31.8145 26.8146 17.5307 7.15848 6.46143 6.09024 5.3972 4.19138 4.05414 2.23482 0.668125
threshold=-0.029919496997230181 1.0000000180025095e-35 0.41154382956290603 2.6527730054526942e-05 29.832365423075114 55.840313532621238 1.0662756834968923 0.006454124377664878 0.28660714285714289 0.066166368176457727 -0.10989752492742302 0.75820505489360246 0.03008944896150938 0.87751485117960037
decision_type=8 2 2 2 8 2 8 10 2 8 10 8 10 10
left_child=8 2 3 4 7 -6 -4 9 -1 13 -11 -5 -8 -2
right_child=1 -3 6 11 5 -7 12 -9 -10 10 -12 -13 -14 -15
leaf_value=0.014533474064043145 -0.011183915607925851 0.014533474064043145 0.0072500581116649353 0.0016607100133901062 -0.0024914651067267993 -0.0079349742607737906 0.0044553840625275211 -0.0079349742607737906 0.03090760273276651 -0.026603913005320452 -0.014761732624783296 -0.0024914651067267993 0.0016607100133901062 -0.014513458333274894
leaf_weight=24.980439804494381 124.31649979948997 109.62805292755365 458.95412567257881 229.11742682009935 385.56684818863869 273.23899728059769 53.284912899136543 12.626817688345907 104.43209680914879 44.053410090506077 163.42661485821009 115.22740345448256 96.652748063206673 36.38921307772398
leaf_count=127 752 513 2693 1244 2313 2401 337 56 515 292 1097 751 479 238
internal_value=0.00307727 0.0015086 -3.33578e-05 -0.00392864 -0.00664364 -0.0029398 0.00725006 -0.0129302 0.0275584 -0.0144329 -0.017843 0.00166071 0.00166071 -0.0111839
internal_weight=2231.9 2102.48 1992.86 1383.96 1039.62 658.806 608.892 380.813 129.413 368.186 207.48 344.345 149.938 160.706
internal_count=13808 13166 12653 9144 7149 4714 3509 2435 642 2379 1389 1995 816 990
is_linear=0
shrinkage=0.03


Tree=78
num_leaves=15
num_cat=0
split_feature=12 3 32 16 29 34 8 3 21 34 22 16 18 1
split_gain=97.6947 63.9213 46.2329 39.7135 30.6584 18.0965 9.94803 7.58618 6.7414 4.83765 3.94129 3.52582 2.3623 1.64931
threshold=1.0000000180025095e-35 -0.028137813170641245 54.845154845154845 68.8970342498599 50.957854791499408 46.982184482184486 -0.076250273246120756 0.76189499315982123 7.8666592621797374e-05 38.561438561438571 3.2233139857976673e-07 21.840261909355394 0.5468255687846223 0.068542403344031888
decision_type=2 10 2 8 2 2 10 10 2 2 2 8 10 10
left_child=1 4 3 9 13 7 10 -4 11 -3 12 -2 -7 -1
right_child=8 2 5 -5 -6 6 -8 -9 -10 -11 -12 -13 -14 -15
leaf_value=0.014188531538797755 0.014188531538797755 0.0010032627628840777 -0.0023790274070814902 0.0043855529328496456 0.0043855529328496456 -0.014247591788111198 -0.019924415970344379 -0.0074177960224384668 0.031673273287992437 -0.0023790274070814902 -0.0074177960224384668 0.023456590531051966 -0.010103746508416701 0.0092870422358237014
leaf_weight=314.71750784292817 21.037365816533566 109.16205982118845 188.46538737416267 337.66119948774576 203.06083090603352 125.96493445336819 106.89217302203178 116.51533465087414 95.089108265936375 428.29065549373627 87.967602640390396 28.453350849449635 12.13381280004978 33.215837366878986
leaf_count=1841 107 532 1202 1892 1093 1138 1063 876 482 2320 764 156 106 153
internal_value=0.00333228 0.00163159 -0.00156004 0.00291314 0.0103311 -0.00767119 -0.0124566 -0.00237903 0.0267455 -0.00237903 -0.00857077 0.0152399 -0.0127897 0.0141885
internal_weight=2208.63 2064.05 1513.05 875.114 550.994 637.939 332.959 304.981 144.58 537.453 226.066 49.4907 138.099 347.933
internal_count=13725 12980 9893 4744 3087 5149 3071 2078 745 2852 2008 263 1244 1994
is_linear=0
shrinkage=0.03


Tree=79
num_leaves=15
num_cat=0
split_feature=20 3 17 12 20 11 29 16 8 18 25 3 18 34
split_gain=99.851 78.0082 50.3975 29.643 14.6925 14.5464 13.8244 13.1335 10.2239 5.83028 6.26574 4.89384 2.44845 1.6695
threshold=0.38512812459454754 -0.107476787000178 0.49226913671395572 1.0000000180025095e-35 0.93792492401601923 0.071778837733983067 56.802696984493458 0.06574172498853513 -0.28537863885607967 0.27544589069716569 0.025863991252837785 0.21741907036892283 0.97680694029945103 49.13752913752915
decision_type=10 8 2 2 10 2 2 8 10 10 10 8 10 2
left_child=1 -1 3 5 11 6 8 -4 -3 10 -8 -2 -10 -12
right_child=4 2 7 -5 -6 -7 9 -9 12 -11 13 -13 -14 -15
leaf_value=0.016478690136635266 0.029557949280433052 -0.0033848139541991611 0.0026335984274098488 0.0026335984274098488 0.042886111105489212 -0.00095777727468874358 -0.010635282226749209 0.0082445159946063235 -0.0075171750751936439 -0.0075171750751936439 -0.014900918192749519 0.016478690136635266 -0.0054509945146964025 -0.023138832392922051
leaf_weight=150.85481836646795 29.223542332649231 509.22369806468487 106.05438409745693 99.825263224542141 49.654876839369535 61.401013612747192 132.46596821397543 402.66720645129681 397.94380690902472 84.637984022498131 48.459818005561829 24.379129201173782 59.260089099407196 65.357625994831324
leaf_count=734 149 3185 582 488 256 263 1149 2369 2510 570 382 131 349 664
internal_value=0.00314654 0.00170609 1.03419e-05 -0.00282725 0.0312513 -0.00454915 -0.00581185 0.00809445 -0.00396329 -0.0110711 -0.0137534 0.0177339 -0.00751718 -0.0191666
internal_weight=2221.41 2118.15 1967.3 1458.58 103.258 1358.75 1297.35 508.722 966.428 330.921 246.283 53.6027 457.204 113.817
internal_count=13781 13245 12511 9560 536 9072 8809 2951 6044 2765 2195 280 2859 1046
is_linear=0
shrinkage=0.03


Tree=80
num_leaves=15
num_cat=0
split_feature=20 14 2 32 13 20 22 4 0 18 0 30 16 8
split_gain=97.3746 74.8199 57.7761 33.2517 42.2015 14.4663 12.6452 8.44731 7.36212 5.3389 4.46052 3.97391 1.72113 1.6049
threshold=0.38512812459454754 0.98673567014736907 0.25677655677655681 58.537616229923934 59.617761420004825 0.94204301282539538 0.00013562866278849642 -0.98328589779672482 0.58731708632005419 0.14030088806396623 16.183169022002378 42.518196089624666 1.0000000180025095e-35 -1.0000000180025095e-35
decision_type=10 2 2 2 8 10 2 10 10 10 10 2 8 10
left_child=1 2 3 4 6 11 -1 -5 13 -10 -3 -2 -8 -9
right_child=5 10 -4 7 -6 -7 12 8 9 -11 -12 -13 -14 -15
leaf_value=-0.0055122600724535308 0.02815712657384721 0.015964682875147601 0.0075915964303587494 -0.0055122600724535308 0.0023858100851233627 0.042366468779367061 -0.003479667045754406 -0.0094371251600130993 -0.022454776263148235 -0.013882860520250255 0.0075915964303587494 0.015964682875147601 -0.0014470740190552817 -0.013882860520250255
leaf_weight=413.85170114040375 28.503805667161942 224.31268334388733 173.55432222038507 104.80168090760708 467.62603268772364 48.367658775299788 138.85057413578033 73.629206046462059 112.44171314314008 27.295742817223072 36.863141268491745 26.046221263706684 274.31216099858284 65.411894261837006
leaf_count=2287 146 1741 828 854 2712 256 736 578 1200 251 214 140 1377 523
internal_value=0.00277746 0.00135452 -0.00078149 -0.00281998 -0.000507905 0.0305748 -0.00527996 -0.0105166 -0.013362 -0.0183286 0.0159647 0.0174402 -0.00144707 -0.00943713
internal_weight=2215.87 2112.95 1851.78 1678.22 1294.64 102.918 827.014 383.58 278.779 139.737 261.176 54.55 413.163 139.041
internal_count=13843 13301 11346 10518 7112 542 4400 3406 2552 1451 1955 286 2113 1101
is_linear=0
shrinkage=0.03


Tree=81
num_leaves=15
num_cat=0
split_feature=12 0 14 34 13 27 11 30 35 32 20 0 29 24
split_gain=87.9401 71.4499 52.7865 33.233 26.8717 13.716 7.05824 6.24119 6.07412 4.33394 6.42994 3.58377 3.45731 1.84895
threshold=1.0000000180025095e-35 -1.0000000180025095e-35 0.24642143288519938 46.882284382284389 13.61536444223092 1.0662756834968923 0.27644997726499848 34.28357356928786 37.537462537462545 57.096749404441717 0.36978038647389705 -0.029919496997230181 60.725210487148566 -1.0112068471998674
decision_type=2 10 2 2 8 8 2 2 10 2 10 8 2 10
left_child=1 4 3 9 11 -4 8 -2 -5 -3 -11 -1 -10 -9
right_child=7 2 5 6 -6 -7 -8 13 12 10 -12 -13 -14 -15
leaf_value=0.0095372058635934502 0.033503405773845973 -6.0367361971826739e-05 0.0052176115452350633 -0.0085651669805743794 0.013856800181951838 -6.0367361971826739e-05 -0.0053355046304007208 0.014137604463801433 -0.012516172990909402 -0.0053355046304007208 -0.0021377130867058485 0.0052176115452350633 -0.021700269242037867 0.025874264573380355
leaf_weight=39.189248092472553 62.752235375344753 268.80671402812004 413.88809712603688 232.82686038315296 325.3718363083899 127.31201168894768 18.473922342061996 67.838390775024891 206.20079585909843 203.06947387009859 20.762985244393349 136.86821353435516 60.356783386319876 13.444466341286896
leaf_count=207 319 1417 2263 1908 1944 641 79 353 1610 1509 91 733 655 73
internal_value=0.00353993 0.00191986 -0.00126956 -0.00533835 0.0117048 0.00521761 -0.0106106 0.0257937 -0.0117948 -6.03674e-05 -0.00421506 0.00521761 -0.014957 0.0182451
internal_weight=2197.16 2053.13 1551.7 1010.5 501.429 541.2 517.858 144.035 499.384 492.639 223.832 176.057 266.558 81.2829
internal_count=13802 13057 10173 7269 2884 2904 4252 745 4173 3017 1600 940 2265 426
is_linear=0
shrinkage=0.03


Tree=82
num_leaves=15
num_cat=0
split_feature=20 3 14 11 16 32 7 21 1 33 33 32 31 18
split_gain=81.2451 73.6322 73.6982 37.0402 21.9091 17.8757 16.9517 10.5283 7.40291 5.81211 5.27648 4.16624 3.23801 1.26865
threshold=0.94204301282539538 -0.107476787000178 0.3173125541899412 1.0000000180025095e-35 178.43174699288781 58.537616229923934 2.998734241989172 1.0000000180025095e-35 0.17134780854856183 51.853701853701857 58.131868131868146 37.042328301069574 65.636286790132957 0.93993125279798828
decision_type=10 8 2 2 8 2 8 2 10 2 2 2 2 8
left_child=1 8 3 4 7 -6 10 9 -1 12 -4 -8 -3 -11
right_child=-2 2 6 -5 5 -7 11 -9 -10 13 -12 -13 -14 -15
leaf_value=0.021342209885981973 0.040394724884152321 -0.0097912076529506845 0.011038961831896099 0.0027452599036745504 -0.001331584458307734 -0.0063077678101526591 0.0068921108677853244 -0.0063077678101526591 0.011038961831896099 -0.019636347706837518 0.0068921108677853244 0.0027452599036745504 -0.01373746848936918 -0.01373746848936918
leaf_weight=127.22257916629314 46.603750627487898 163.74137515574694 407.9369018226862 85.894820913672447 422.44308778643608 339.28154715523124 79.51604326069355 118.50929412990808 23.278755530714989 127.89215672016144 89.515616357326508 89.268124990165234 39.557523064315319 30.136831291019917
leaf_count=633 249 1017 2372 361 2561 2984 511 644 107 910 516 417 273 214
internal_value=0.00319042 0.00228969 0.000735714 -0.00334983 -0.00540843 -0.00221883 0.00884035 -0.0103967 0.0213422 -0.0132746 0.011039 0.00274526 -0.00979121 -0.0176837
internal_weight=2190.8 2144.19 1993.69 1327.46 1241.56 761.725 666.237 479.837 150.501 361.328 497.453 168.784 203.299 158.029
internal_count=13769 13520 12780 8964 8603 5545 3816 3058 740 2414 2888 928 1290 1124
is_linear=0
shrinkage=0.03


Tree=83
num_leaves=15
num_cat=0
split_feature=20 14 3 11 16 18 25 20 14 22 3 18 3 3
split_gain=85.3244 75.7854 40.6299 26.7893 16.8985 16.8904 15.1686 11.2337 11.1894 9.68207 5.5224 3.43576 1.84833 1.47337
threshold=0.465938138561999 0.62631898134857777 -0.028137813170641245 1.0000000180025095e-35 251.92631901505823 0.025386012988682097 1.5845084539838972 0.94204301282539538 0.20975928438880356 0.00033274160380107718 2.5574663683837735 0.95888173904293705 0.18976503811497772 -1.0000000180025095e-35
decision_type=10 2 8 2 8 10 8 10 2 2 10 8 10 10
left_child=1 2 -1 4 8 -6 10 12 9 11 -3 -4 -2 -8
right_child=7 6 3 -5 5 -7 13 -9 -10 -11 -12 -13 -14 -15
leaf_value=0.0057517793525495367 0.025879704108591688 0.016043529288565582 -0.018598332726198052 0.0013490959013276276 -0.005209007078867259 -0.0017177344509552062 0.010884461923132482 0.040322627326431229 -0.005209007078867259 -0.0084854762131252003 0.010884461923132482 -0.012272884573853777 0.016043529288565582 0.0057517793525495367
leaf_weight=159.22264131903648 25.747036270797253 257.16651942580938 174.30547638982534 85.942572087049484 611.96324758604169 186.85765127837658 45.973612681031227 48.415252417325974 219.85161805152893 163.06558991223574 74.979795679450035 52.766369089484215 19.990572266280651 69.642073877155781
leaf_count=701 129 1823 1214 360 4707 995 333 263 1034 1018 414 366 108 382
internal_value=0.0030881 0.00180069 -0.00117292 -0.00305359 -0.00478456 -0.00189322 0.0126765 0.0302864 -0.00852479 -0.0117619 0.0160171 -0.0160603 0.0167358 0.00575178
internal_weight=2195.89 2101.74 1653.98 1494.75 1408.81 798.821 447.762 94.1529 609.989 390.137 332.146 227.072 45.7376 115.616
internal_count=13847 13347 10395 9694 9334 5702 2952 500 3632 2598 2237 1580 237 715
is_linear=0
shrinkage=0.03


Tree=84
num_leaves=15
num_cat=0
split_feature=20 3 12 17 11 3 34 1 16 16 27 25 8 3
split_gain=80.9306 70.109 45.3839 35.549 14.2678 12.8966 12.8067 11.2412 5.49335 5.45524 3.80536 3.38388 1.97198 1.8203
threshold=0.9063878823108632 -0.028137813170641245 1.0000000180025095e-35 0.56166712490379977 0.21119347731063953 -1.0000000180025095e-35 56.639194139194139 0.071837550197002442 68.8970342498599 28.739490354757248 1.5615653839549084 0.048864796604827017 0.5705088857184154 0.69561344543914749
decision_type=10 8 2 2 2 10 2 10 8 8 8 10 8 10
left_child=1 7 3 4 5 -3 10 -1 -5 12 -7 -11 -8 -14
right_child=-2 2 -4 8 -6 6 9 -9 -10 11 -12 -13 13 -15
leaf_value=0.020706249948484277 0.038912889908123242 -0.0016811896420992117 0.010268936285774603 0.00086994772972984766 0.00086994772972984766 -0.0038632165380914733 -0.011602105616925101 0.010268936285774603 0.0048233207696553801 -0.0073121101057879992 -0.0073121101057879992 -0.011602105616925101 -0.015314854836744503 -0.024005154769694288
leaf_weight=140.5244794562459 51.432084117084742 259.63942031562328 121.14952086657286 183.84195084869862 57.781580962240696 545.83136492222548 49.730082415044308 47.269916795194149 261.68300902098417 140.51268265396357 165.85879914835095 75.508712437003851 31.703712150454521 47.610636990517378
leaf_count=709 278 1476 618 986 246 3745 300 215 1664 1214 1116 680 208 340
internal_value=0.00344574 0.00249961 0.0007836 -0.000622295 -0.00308343 -0.00423233 -0.00604524 0.0197543 0.00482332 -0.010761 -0.00386322 -0.00754987 -0.0156543 -0.0190276
internal_weight=2180.08 2128.65 1940.85 1819.7 1374.18 1316.4 1056.76 187.794 445.525 345.066 711.69 216.021 129.044 79.3143
internal_count=13795 13517 12593 11975 9325 9079 7603 924 2650 2742 4861 1894 848 548
is_linear=0
shrinkage=0.03


Tree=85
num_leaves=15
num_cat=0
split_feature=11 0 32 13 21 9 17 1 32 32 0 7 18 16
split_gain=79.2176 56.3561 44.3343 32.3848 28.4928 16.5872 11.5473 7.01978 6.92049 4.04219 3.25726 1.72631 1.19105 0.204022
threshold=1.0000000180025095e-35 -0.029919496997230181 45.483537441579401 52.084231798424774 2.6527730054526942e-05 0.89451550102599975 0.091487328643201374 0.44222951560492907 56.2937062937063 53.43048559831778 0.82995784783245485 -0.32592870190084694 0.9620790278684056 0.6672604709064881
decision_type=2 8 2 8 2 8 2 8 2 2 8 10 10 8
left_child=1 -1 3 12 5 6 7 -4 -7 -2 -6 -9 -3 -8
right_child=9 2 4 -5 10 8 13 11 -10 -11 -12 -13 -14 -15
leaf_value=0.014352189492341436 0.029088682098471246 0.0015960786750192385 -0.010020149121159255 0.0074307813898602127 0.0015960786750192385 -0.0022341055267645379 -0.010020149121159255 -0.013941187122832273 -0.0061562236874652286 0.014352189492341436 -0.0022341055267645379 -0.020009931900179828 0.0045134300324397251 -0.0061562236874652286
leaf_weight=118.00829383730888 103.44611755013466 342.01523223146796 111.66299632936716 300.37384869903326 225.28697337210178 252.30802180618048 53.167067624628544 37.596693247556686 175.76924223452806 12.840206831693648 100.76680182665586 139.65066527202725 101.67072574794292 106.0313168913126
leaf_count=611 499 1723 787 2050 1246 1624 334 292 1589 56 687 1170 510 626
internal_value=0.00326385 0.00187473 0.000509373 0.00624156 -0.00304941 -0.00606429 -0.0100783 -0.0138841 -0.00223411 0.0268297 0.00159608 -0.0178622 0.00159608 -0.00615622
internal_weight=2180.59 2064.31 1946.3 744.06 1202.24 876.186 448.109 288.91 428.077 116.286 326.054 177.247 443.686 159.198
internal_count=13804 13249 12638 4283 8355 6422 3209 2249 3213 555 1933 1462 2233 960
is_linear=0
shrinkage=0.03


Tree=86
num_leaves=15
num_cat=0
split_feature=20 11 14 3 12 14 4 1 9 34 8 18 13 18
split_gain=79.6127 68.6328 60.8113 47.3984 23.3266 17.7128 14.2421 11.3997 5.12372 4.05413 3.53346 3.0324 0.861894 0.631475
threshold=0.90780002431892515 1.0000000180025095e-35 0.72223085912607476 -0.028137813170641245 1.0000000180025095e-35 0.051188835835382654 -0.00066799962681626096 3.9972468714957343 0.58664625996438236 57.409257409257414 -0.51208131205379626 0.30171617614430063 0.019180190012223864 0.4355420970213883
decision_type=10 2 2 10 2 2 10 10 10 2 10 10 8 10
left_child=1 2 3 12 5 6 9 -4 -7 -5 -8 -12 -1 -11
right_child=-2 -3 7 4 -6 8 10 -9 -10 13 11 -13 -14 -15
leaf_value=-0.00039030267182710976 0.038267861626981731 0.020121326809980019 0.01038307729562332 -0.0068034700108712482 -0.00039030267182710976 -0.0068034700108712482 -0.011280561594631111 0.0042296841142218178 -0.0036109338518075375 -0.011280561594631111 -0.022228354206885528 -0.015024883459376366 0.0042296841142218178 -0.0090420158027511802
leaf_weight=137.58184820413589 50.858664475381374 112.41689033061266 305.15391506254673 295.80876565724611 87.332400545477867 222.37784034013748 92.182628512382507 83.158518388867378 230.99618295580149 109.84496866166592 111.81587209552526 40.365871615707874 266.84033432602882 26.284873008728027
leaf_count=699 278 516 2220 2190 424 1160 816 470 1177 1021 1058 304 1293 221
internal_value=0.00291012 0.00197479 0.000644828 -0.00192371 -0.00501029 -0.00683157 -0.00999601 0.0103831 -0.00361093 -0.00680347 -0.0157577 -0.0187692 0.00422968 -0.0112806
internal_weight=2173.02 2122.16 2009.74 1621.43 1217.01 1129.68 676.303 388.312 453.374 431.939 244.364 152.182 404.422 136.13
internal_count=13847 13569 13053 10363 8371 7947 5610 2690 2337 3432 2178 1362 1992 1242
is_linear=0
shrinkage=0.03


Tree=87
num_leaves=15
num_cat=0
split_feature=12 14 2 11 14 35 1 34 4 1 9 33 1 25
split_gain=73.9964 57.1237 37.5456 24.1901 17.6444 19.3595 9.89331 9.56833 10.5512 6.53417 4.52666 2.11384 0.640965 0.473797
threshold=0.044375418204102117 0.90776536812620834 0.2140394088669951 0.071778837733983067 0.17464201873082855 31.285381285381288 0.2893889609820966 46.982184482184486 -0.98328589779672482 4.2635732464910321 0.53689005370546017 43.294800437657585 0.17134780854856183 -0.27436344581906819
decision_type=2 2 2 2 2 10 10 2 10 10 10 2 10 8
left_child=1 2 3 4 5 -1 -2 -7 -9 -3 12 -8 -10 -11
right_child=6 9 -4 -5 -6 7 11 8 10 13 -12 -13 -14 -15
leaf_value=-0.0040312704990179415 0.030797149042188235 0.012212745275322828 0.0056720786930671546 0.0014916823863122381 -0.0013950415888384694 -0.0071993238875218517 0.022151423276763706 -0.010463117869766459 -0.01860135461473825 0.0089424119841949919 -0.014292620130972319 0.012212745275322828 -0.026116322686821541 0.0056720786930671546
leaf_weight=398.53310735151172 74.373805865645409 232.58176566287875 181.74292604625225 78.396497264504433 450.78924166411161 258.69764813780785 16.016380298882723 116.90132858604193 36.381128035485744 14.695726871490477 120.09196233004332 53.618272215127945 73.669963911175728 49.986292935907841
leaf_count=2858 386 1858 887 336 2140 1719 92 684 290 91 1155 274 724 295
internal_value=0.00276941 0.0012558 -0.000868588 -0.00268871 -0.00428177 -0.0066675 0.0231697 -0.0103674 -0.0137269 0.0122127 -0.0181221 0.0135057 -0.0229101 0.00567208
internal_weight=2156.48 2012.47 1715.2 1533.46 1455.06 1004.28 144.008 605.742 347.044 297.264 230.143 69.6347 110.051 64.682
internal_count=13789 13037 10793 9906 9570 7430 752 4572 2853 2244 2169 366 1014 386
is_linear=0
shrinkage=0.03


Tree=88
num_leaves=14
num_cat=0
split_feature=20 2 32 16 17 0 1 28 11 9 30 22 9
split_gain=65.9435 65.2962 53.1219 75.8138 16.7185 15.6546 7.41805 5.80511 5.46023 4.90476 4.25924 3.28252 0.354189
threshold=0.94204301282539538 0.25677655677655681 53.546453546453556 121.1019197395846 0.082654433847933181 0.51837920129088466 0.19152815061121037 1.5000000000000002 1.0000000180025095e-35 0.14202230822717374 52.943485086342235 0.0095160660122635687 0.53689005370546017
decision_type=10 2 2 8 2 10 10 2 2 8 2 2 10
left_child=1 2 3 8 5 9 -3 -7 -1 -4 -9 12 -12
right_child=-2 6 4 -5 -6 7 -8 10 -10 -11 11 -13 -14
leaf_value=0.00040471617859645675 0.038231326618073505 0.020628929385913881 -0.0075771598669802653 0.01040873835351872 0.00040471617859645675 -0.0075771598669802653 0.01040873835351872 -0.0075771598669802653 0.0054067272660575883 -0.0032798725197586312 -0.02135579049338425 -0.011746141408460167 -0.014959331707113244
leaf_weight=604.19125464558601 44.057440359145403 136.7348402813077 75.289806053042412 486.71384820342064 138.50672610476613 45.254515267908573 55.097986310720444 44.44482047483325 44.509673982858658 263.21483461558819 75.886175960302353 39.814032882452011 100.40472037345171
leaf_count=3284 253 685 504 2935 908 386 305 382 203 1801 786 309 1051
internal_value=0.00383343 0.00302653 0.00133442 0.00547 -0.00466057 -0.00696446 0.0194831 -0.0118744 0.000404716 -0.00327987 -0.0140863 -0.0159151 -0.0181725
internal_weight=2154.12 2110.06 1918.23 1135.41 782.816 644.309 191.833 305.804 648.701 338.505 260.55 216.105 176.291
internal_count=13792 13539 12549 6422 6127 5219 990 2914 3487 2305 2528 2146 1837
is_linear=0
shrinkage=0.03


Tree=89
num_leaves=15
num_cat=0
split_feature=12 0 14 20 32 16 1 25 8 17 1 13 1 21
split_gain=72.4139 51.4522 50.0106 20.1349 17.4221 15.4902 12.0963 10.7368 5.99247 8.49811 2.72196 2.14433 1.7346 0.758274
threshold=1.0000000180025095e-35 -1.0000000180025095e-35 0.23992555712201299 0.465938138561999 55.586720971336362 178.43174699288781 2.1723573866964432 0.89006746907030199 -0.40112734883219042 0.0001492052259046428 0.51274497035374533 10.601957560187742 21.181768279213717 5.4645182231276038e-05
decision_type=2 8 2 10 2 8 10 8 10 2 8 8 8 2
left_child=1 -1 3 4 5 -3 13 -4 12 10 -10 -9 -6 -2
right_child=6 2 7 -5 8 -7 -8 11 9 -11 -12 -13 -14 -15
leaf_value=0.012609773317852301 0.020133620858853177 -0.0055843588032657484 0.0064724059954051468 0.0015199124059514118 -0.0055843588032657484 -0.0017084994069889085 0.012609773317852301 0.0015199124059514118 -0.01406829847604104 -0.0097711788139788897 -0.023004169456280008 0.0039961592006782795 -0.0097711788139788897 0.030596633621760794
leaf_weight=125.45820536091924 37.510991483926773 303.42529421299696 497.78826731443405 52.871158704161644 207.98928203433752 360.54259605705738 19.662053897976875 104.79342829436064 68.089071735739708 58.678636942058802 71.511587269604206 98.265532463788986 56.807535737752914 86.413388531655073
leaf_count=664 201 1825 2946 240 1793 2191 103 507 562 492 786 620 458 441
internal_value=0.00325508 0.00175386 0.000335039 -0.00343258 -0.00493691 -0.00179694 0.0234657 0.00647241 -0.00937178 -0.0133162 -0.0183654 0.00151991 -0.00622615 0.0276575
internal_weight=2149.81 2006.22 1880.76 1179.92 1127.04 663.968 143.586 700.847 463.076 198.279 139.601 203.059 264.797 123.924
internal_count=13829 13084 12420 8347 8107 4016 745 4073 4091 1840 1348 1127 2251 642
is_linear=0
shrinkage=0.03


Tree=90
num_leaves=15
num_cat=0
split_feature=0 12 14 11 16 13 0 24 8 3 8 3 32 2
split_gain=62.6823 48.1846 43.1962 22.6556 18.2796 12.9787 7.45571 7.08947 4.48018 4.15039 5.14188 3.95638 3.21253 1.72545
threshold=-1.0000000180025095e-35 1.0000000180025095e-35 0.23992555712201299 0.071778837733983067 178.43174699288781 101.40687743469452 0.51837920129088466 -0.94018737918755713 1.6229518706968984 0.0034769310084317843 0.11352837695731478 -0.107476787000178 53.638669023284415 0.43007518796992489
decision_type=8 2 2 2 8 8 10 10 8 10 10 10 2 2
left_child=11 2 3 4 7 8 -6 9 -4 -2 -11 13 -8 -1
right_child=1 -3 5 -5 6 -7 12 -9 -10 10 -12 -13 -14 -15
leaf_value=0.019062026126216509 -0.0084406505776621933 0.012588332378894279 0.0043178245770669095 0.0019547874919919089 -0.0012864356189621489 0.0066808616621419088 -0.0034059563395152327 -0.0055254770600683166 0.0019547874919919089 -0.010949978933724631 -0.018186104406376549 0.012588332378894279 -0.0055254770600683166 0.02908607595644189
leaf_weight=34.097644135355949 93.462286621332169 132.9454290419817 228.13115438818932 74.789264857769012 379.41452915221453 261.5758378021419 37.218314193189144 27.0172508507967 209.58255872875452 157.72818709537387 130.03526173904538 23.231977023184299 274.3045600168407 76.927041441202164
leaf_count=187 505 688 1148 317 2436 1887 209 141 1019 1141 960 126 2616 409
internal_value=0.00353306 0.00217636 0.000773391 -0.00274046 -0.00452766 0.00665004 -0.00153035 -0.0095206 0.00195479 -0.0113558 -0.0134593 0.0230003 -0.00552548 0.0255357
internal_weight=2140.46 2006.2 1873.26 1173.97 1099.18 699.29 690.937 408.243 437.714 381.226 287.763 134.257 311.523 111.025
internal_count=13789 13067 12379 8325 8008 4054 5261 2747 2167 2606 2101 722 2825 596
is_linear=0
shrinkage=0.03


Tree=91
num_leaves=14
num_cat=0
split_feature=20 2 32 13 32 16 20 4 3 17 1 34 13
split_gain=73.224 52.5316 48.9432 26.5496 18.166 25.4455 13.3353 9.20025 8.21849 4.89886 6.54933 2.66272 0.290583
threshold=0.00078329944037832451 0.30024132730015091 46.145462928679727 59.617761420004825 58.537616229923934 133.3645267970042 0.93792492401601923 -0.98328589779672482 0.18976503811497772 0.070863579832000742 0.51274497035374533 42.886280386280397 -0.14625692224843054
decision_type=10 2 2 8 2 8 10 10 8 2 10 2 10
left_child=1 2 3 11 5 -4 8 -6 -2 10 -9 -1 -12
right_child=6 -3 4 -5 7 -7 -8 9 -10 -11 12 -13 -14
leaf_value=0.0040648791565655457 0.027241924381242875 0.013608923139262267 -0.0051275655436592077 0.0069860140820924488 -0.0051275655436592077 0.0011437442310386424 0.038292434905543585 -0.011792716075355024 0.013608923139262267 -0.0088335976678036252 -0.021400318335062191 0.0011437442310386424 -0.015880160708092183
leaf_weight=138.35085216164589 41.758875049650669 161.62414460629225 318.95050405710936 294.24411191046238 97.415947422385216 397.15855598449707 44.076982039958239 110.90555125102401 36.624271467328072 24.328994493931532 116.34537434577942 345.839280590415 8.8517968580126745
leaf_count=667 222 851 2000 2041 829 2419 248 921 202 213 1321 1777 94
internal_value=0.00328196 0.00188155 0.000363105 0.0060695 -0.00378201 -0.00100366 0.0253363 -0.00925147 0.0161914 -0.0125396 -0.0147518 0.00114374 -0.0199676
internal_weight=2136.48 2014.02 1852.39 778.434 1073.96 716.109 122.46 357.848 78.3831 260.432 236.103 484.19 125.197
internal_count=13805 13133 12282 4485 7797 4419 672 3378 424 2549 2336 2444 1415
is_linear=0
shrinkage=0.03


Tree=92
num_leaves=15
num_cat=0
split_feature=20 3 14 16 32 27 22 20 18 3 13 2 2 13
split_gain=62.0154 42.6495 44.508 21.621 26.1452 17.3837 16.141 9.17257 7.52954 4.31237 1.97607 0.934356 0.907932 0.663504
threshold=0.39154416666372654 -0.107476787000178 0.23992555712201299 inf 58.537616229923934 1.015085246336527 0.00033274160380107718 0.94204301282539538 0.9941641854863642 0.1941316442679184 50.851901260139066 0.11464285714285716 0.43007518796992489 -1.2048576794435852
decision_type=10 8 2 8 2 8 2 10 8 10 8 2 2 8
left_child=1 12 3 6 -5 -4 8 9 10 -2 11 -3 -1 -8
right_child=7 2 5 4 -6 -7 13 -9 -10 -11 -12 -13 -14 -15
leaf_value=0.0074981444743035652 0.025131042115629804 -0.019633909302070825 0.0074981444743035652 0.0020982268911889797 -0.0036998012843898862 0.0020982268911889797 -0.0085105600230502045 0.035390836535270767 -0.0085105600230502045 0.014058220673990604 -0.012493229792516117 -0.015235528143232811 0.014058220673990604 -0.0036998012843898862
leaf_weight=59.467781625688076 28.682968035340309 172.62062717229128 534.46806512773037 431.53351499885321 319.89094116538763 182.63214471191168 34.186274852603674 47.476427853107452 40.659558426588774 22.901932798326015 9.696975998580454 13.156005889177321 83.112976215779781 167.66990914940834
leaf_count=297 154 1263 3156 2594 2994 1002 261 274 294 123 58 70 437 962
internal_value=0.00333588 0.00218296 0.000938068 -0.0026193 0.00047672 0.00681575 -0.00787632 0.0259335 -0.0133213 0.0148712 -0.0164759 -0.0179778 0.0140582 -0.0036998
internal_weight=2148.16 2049.09 1906.51 1189.41 751.424 717.1 437.989 99.0613 236.133 51.5849 195.474 185.777 142.581 201.856
internal_count=13939 13388 12654 8496 5588 4158 2908 551 1685 277 1391 1333 734 1223
is_linear=0
shrinkage=0.03


Tree=93
num_leaves=15
num_cat=0
split_feature=20 3 17 34 13 13 32 18 22 32 3 27 9 33
split_gain=56.1286 49.2223 34.4802 23.2236 22.5938 20.8801 13.6893 10.4985 9.24787 7.17526 5.08414 4.3668 3.59429 1.62716
threshold=0.93792492401601923 -0.1340582487975783 0.51042095057743053 41.654179154179168 50.851901260139066 68.440081406701424 54.845154845154845 0.96753779967785825 6.6210969376664263e-07 58.478933653758837 5.3641655208898706 0.86549371544298037 inf 60.277817420674559
decision_type=10 8 2 2 8 8 2 8 2 2 8 8 8 2
left_child=1 -1 3 9 7 -4 -6 8 10 -3 -5 -10 -8 -9
right_child=-2 2 5 4 6 -7 12 13 11 -11 -12 -13 -14 -15
leaf_value=0.018519020372233849 0.034812095557396019 0.0032833171774466091 0.0032833171774466091 -0.012691841759643446 -0.00027769384655148974 0.0097568166332400244 -0.0044246207186927474 -0.0044246207186927474 -0.0081166547873852239 -0.00027769384655148974 -0.023130179684418738 -0.012691841759643446 -0.0023511572826221188 -0.0081166547873852239
leaf_weight=132.97331281006336 43.727033041417599 304.26878955215216 291.58065951615572 77.217317041009665 164.52796389907598 194.06858035176992 257.04048224166036 90.365958496928215 114.36889768391848 139.33985022455454 74.492850720882416 56.755977299064398 117.64956418424845 66.095685094594955
leaf_count=694 254 1583 1559 498 982 1382 2402 552 742 1042 450 373 896 405
internal_value=0.00297681 0.00222595 0.000994613 -0.00131049 -0.0038387 0.00787713 -0.000277694 -0.00857155 -0.0118087 0.00328332 -0.017267 -0.00811665 -0.00442462 -0.00442462
internal_weight=2124.47 2080.75 1947.77 1462.12 1018.51 485.649 539.218 479.297 322.835 443.609 151.71 171.125 374.69 156.462
internal_count=13814 13560 12866 9925 7300 2941 4280 3020 2063 2625 948 1115 3298 957
is_linear=0
shrinkage=0.03


Tree=94
num_leaves=15
num_cat=0
split_feature=20 11 3 14 13 25 2 22 9 16 17 2 32 3
split_gain=59.9091 54.0689 44.4826 37.7547 20.6002 17.2469 12.2558 9.56958 4.11505 2.9361 2.72163 2.60708 1.18788 0.950067
threshold=0.94204301282539538 1.0000000180025095e-35 -0.028137813170641245 0.047008467688552706 12.699771655012404 2.1090955246456806 0.021980676328502421 3.2233139857976673e-07 2.4628544642468362 251.92631901505823 0.31448733883322133 0.13995726495726499 51.682932452163229 8.9621725660151892
decision_type=10 2 10 2 8 8 2 2 8 8 2 2 2 10
left_child=1 2 4 6 11 -5 7 8 10 12 -4 -1 -9 -10
right_child=-2 -3 3 5 -6 -7 -8 9 13 -11 -12 -13 -14 -15
leaf_value=0.0038467422676395683 0.036290332798885785 0.019514950509952497 -0.021153927664198484 0.0038467422676395683 0.010520667031909025 -0.0013479414613955434 -0.0013479414613955434 -0.0070848477607016137 -0.0094297309604544667 -0.0047399645609487607 -0.013672143133712119 0.0071837046497742968 -0.0094297309604544667 -0.013672143133712119
leaf_weight=139.84900858998299 44.089756038039923 113.98968221247196 88.940187681466341 589.59847759455442 333.87961561232805 141.69804853945971 100.43387237936258 33.127576917409897 62.108624536544085 282.63890276476741 10.204009488224981 53.954656794667244 83.055138576775789 35.067701954394579
leaf_count=756 256 534 952 3332 2029 769 573 205 566 2326 88 282 716 342
internal_value=0.00352379 0.00273957 0.00152638 -0.00123128 0.00892477 0.00351703 -0.00621291 -0.00813199 -0.0135086 -0.00535084 -0.0179146 0.00384674 -0.00942973 -0.00942973
internal_weight=2112.64 2068.55 1954.56 1426.87 527.683 731.297 695.576 595.142 196.321 398.822 99.1442 193.804 116.183 97.1763
internal_count=13726 13470 12936 9869 3067 4101 5768 5195 1948 3247 1040 1038 921 908
is_linear=0
shrinkage=0.03


Tree=95
num_leaves=15
num_cat=0
split_feature=11 12 3 34 17 29 32 35 8 22 27 16 9 21
split_gain=67.3017 48.4124 38.1071 20.4402 11.8727 11.3702 8.76016 7.13113 6.51759 5.7003 4.11066 2.81163 2.64588 1.78881
threshold=1.0000000180025095e-35 1.0000000180025095e-35 -0.107476787000178 57.042957042957049 0.082654433847933181 50.906376540542375 45.243218320141409 39.152514152514165 -0.25618126632285149 0.00060037144381842043 1.5064870399942487 28.739490354757248 1.0970431273710624 1.0000000180025095e-35
decision_type=2 2 10 2 2 2 2 10 10 2 8 8 10 2
left_child=1 2 5 4 8 -1 11 -8 13 -2 -6 -5 -9 -4
right_child=9 -3 3 6 10 -7 7 12 -10 -11 -12 -13 -14 -15
leaf_value=0.0067350420020716164 0.013259388421801889 0.013210396085949599 -0.0020977600792972183 -0.0076014238579946609 0.0022217483357154541 0.0022217483357154541 -0.0076014238579946609 -0.020719960236006352 -0.003828616258049092 0.030039918536161107 -0.00036690390054534372 -0.003828616258049092 -0.012213780139855704 -0.00036690390054534372
leaf_weight=297.1591060012579 40.563249483704567 120.96311585232615 197.70658051222563 89.002729699015617 352.67367546260357 195.9333848208189 134.34730729460716 73.983017191290855 252.5787545889616 72.846518788486719 60.984242044389248 80.835863806307316 42.652330610901117 105.93662201613188
leaf_count=1842 183 639 1473 472 2037 1085 1198 697 1911 368 353 468 409 701
internal_value=0.00287157 0.00156943 0.000259688 -0.00229155 0.000113467 0.00673504 -0.0077707 -0.0113742 -0.00295556 0.0248514 0.00222175 -0.00382862 -0.0168261 -0.000366904
internal_weight=2118.17 2004.76 1883.79 1390.7 969.88 493.092 420.821 250.983 556.222 113.41 413.658 169.839 116.635 303.643
internal_count=13836 13285 12646 9719 6475 2927 3244 2304 4085 551 2390 940 1106 2174
is_linear=0
shrinkage=0.03


Tree=96
num_leaves=15
num_cat=0
split_feature=11 0 13 32 22 27 33 22 32 1 7 13 1 20
split_gain=61.2671 41.7007 27.4499 41.6627 21.4614 10.3776 5.45998 4.65621 3.09937 1.73038 1.49273 1.46941 1.38508 0.750289
threshold=1.0000000180025095e-35 -1.0000000180025095e-35 50.851901260139066 53.638669023284415 3.3146444981200439e-06 1.4484645792211626 55.044955044955046 0.00060037144381842043 44.789825559056339 14.126635084229502 -0.12648437056035441 0.019180190012223864 0.64859850261324759 0.53273444203789311
decision_type=2 8 8 2 2 8 2 2 2 10 8 8 8 10
left_child=1 -1 4 -4 6 -6 8 -2 9 -3 -10 -9 -8 -5
right_child=7 2 3 13 5 -7 12 11 10 -11 -12 -13 -14 -15
leaf_value=0.012413511735437897 0.013103415210370128 -0.0045023526259033121 0.0062743107829960664 0.00013215739841214249 0.00013215739841214249 -0.0045023526259033121 -0.010455311480433676 0.020729252285028598 -0.0074520854892081399 -0.0074520854892081399 -0.010455311480433676 0.03255281048238462 -0.016716722223008382 0.0032032340907041045
leaf_weight=120.35309228673577 42.530529279261827 124.42214541882277 331.11153948307037 573.10195554792881 460.50660313665867 106.57791843265295 24.366335697472095 20.124123796820641 21.165304906666279 19.247861534357071 83.482402049005032 51.848180819302797 90.809753078967333 27.700854733586311
leaf_count=662 191 650 2250 4641 2652 639 157 100 151 102 566 265 567 126
internal_value=0.00261247 0.00135169 0.00013511 0.00376447 -0.00350015 0.000132157 -0.00913686 0.0234753 -0.00641362 -0.00450235 -0.0104018 0.0283551 -0.014497 0.000132157
internal_weight=2097.35 1982.85 1862.49 931.914 930.578 567.085 363.494 114.503 248.318 143.67 104.648 71.9723 115.176 600.803
internal_count=13719 13163 12501 7017 5484 3291 2193 556 1469 752 717 365 724 4767
is_linear=0
shrinkage=0.03


Tree=97
num_leaves=15
num_cat=0
split_feature=20 14 11 1 18 9 16 27 14 34 13 16 9 1
split_gain=57.8225 50.6746 37.5975 35.8176 13.6267 12.1103 7.64173 11.655 7.18474 6.77698 4.51804 4.29854 4.15338 2.69792
threshold=0.90780002431892515 0.99994319278045052 1.0000000180025095e-35 0.10339900256836758 0.86703753581614784 0.048707069540808647 68.8970342498599 1.5615653839549084 0.00043963256390351928 57.042957042957049 18.473829205693423 15.606697334151969 0.011007817807598849 0.66027262736868708
decision_type=10 2 2 10 10 8 8 8 2 2 8 8 10 10
left_child=1 2 3 10 5 -5 7 9 -8 -7 12 13 -1 -3
right_child=-2 11 -4 4 -6 6 8 -9 -10 -11 -12 -13 -14 -15
leaf_value=-0.00018313679489904061 0.034295108420428551 0.013280880718917268 0.0084891896428803612 -0.025139439784050956 -0.00018313679489904061 -0.0057421031880056841 -0.0057421031880056841 -0.015216381522454156 -0.0030700915146716456 -0.01047924235522992 0.0037756875158180834 0.018072571794954174 0.0017962753604595213 0.0084891896428803612
leaf_weight=134.99922198802233 45.677080553025007 27.00226966291666 99.75585825741291 24.043950866907835 241.31874294579029 234.55378734320402 361.76879881322384 73.552213691174984 126.99301829189062 82.41335080191493 408.88897670060396 137.17515394836664 96.220649175345898 20.793280817568302
leaf_count=735 267 232 435 161 1439 1372 3263 472 665 532 2439 1192 511 128
internal_value=0.00262992 0.00185004 0.000360371 -0.000937815 -0.00414196 -0.00595705 -0.00529332 -0.00841411 -0.00307009 -0.0057421 0.00377569 0.016618 -0.000183137 0.00848919
internal_weight=2115.16 2069.48 1884.51 1784.75 1144.64 903.325 879.281 390.519 488.762 316.967 640.109 184.971 231.22 47.7956
internal_count=13843 13576 12024 11589 7904 6465 6304 2376 3928 1904 3685 1552 1246 360
is_linear=0
shrinkage=0.03


Tree=98
num_leaves=15
num_cat=0
split_feature=11 14 1 9 14 13 16 27 0 32 14 3 29 21
split_gain=64.5816 49.6802 34.8489 14.5009 13.2553 12.0499 9.28909 11.836 5.94535 4.2589 4.14694 3.43496 2.82066 2.68663
threshold=1.0000000180025095e-35 0.99994319278045052 0.18494343082051493 0.57576136299877045 0.0087834835212854661 18.473829205693423 133.3645267970042 1.9115958958607655 0.12179794732601874 53.43048559831778 0.19096490195938362 0.46631709524414744 54.879339070298116 1.0000000180025095e-35
decision_type=2 2 10 10 2 8 8 8 8 2 2 10 2 2
left_child=1 2 5 6 -5 8 7 10 -1 -2 13 -9 -8 -4
right_child=9 -3 3 4 -6 -7 12 11 -10 -11 -12 -13 -14 -15
leaf_value=0.0038076375634568276 0.026551579577156564 0.012986325474544346 -0.014628057046423533 -0.0033021602589233569 0.0010339790488582495 0.0065812960780554054 -0.0033021602589233569 -0.014628057046423533 0.0010339790488582495 0.012986325474544346 -0.0070407608849237776 -0.028277032733762898 -0.0070407608849237776 -0.010200316809406081
leaf_weight=121.24652057886124 104.25687479227781 180.099025785923 63.746013604104519 215.00706280395389 350.01674082875252 451.29002755135298 118.43653358146548 21.437454167753458 150.02457395941019 12.664558514952658 105.78772737830877 36.913771212100983 150.26655041798949 30.940824411809444
leaf_count=651 513 1535 511 1968 1891 2717 770 128 812 55 508 257 1400 186
internal_value=0.00303677 0.00173702 0.000176267 -0.00319937 0.000147019 0.00526733 -0.00675134 -0.0107794 0.00103398 0.0242356 -0.00704076 -0.0222154 -0.00330216 -0.0133599
internal_weight=2112.13 1995.21 1815.11 1092.55 565.024 722.561 527.529 258.826 271.271 116.921 200.475 58.3512 268.703 94.6868
internal_count=13902 13334 11799 7619 3859 4180 3760 1590 1463 568 1205 385 2170 697
is_linear=0
shrinkage=0.03


Tree=99
num_leaves=15
num_cat=0
split_feature=12 14 3 11 33 34 1 29 1 14 8 28 13 25
split_gain=59.2155 47.827 28.5357 18.9893 18.762 14.2695 9.65114 6.12415 5.91611 4.68081 3.26618 3.09837 2.06301 1.90418
threshold=0.044375418204102117 0.90776536812620834 -0.028137813170641245 0.071778837733983067 49.072039072039068 44.252414252414262 0.44222951560492907 59.888373672252847 4.2635732464910321 0.096039380846524261 -0.27581244503674268 1.5000000000000002 2.6284026528732536 0.036294453802596445
decision_type=2 2 8 2 2 2 10 2 10 2 10 2 10 10
left_child=1 2 -1 4 13 -6 -2 9 -3 10 -7 -9 -8 -4
right_child=6 8 3 -5 5 7 12 11 -10 -11 -12 -13 -14 -15
leaf_value=0.0052155768799590912 0.028063695972759026 0.011204875231002069 -0.0011162669637615758 0.0014617306041417976 -0.0038991991735326595 -0.0088899660595061283 0.011204875231002069 -0.011806726562195103 0.0052155768799590912 -0.0068754935238464748 -0.011806726562195103 -0.018742883816361102 0.019634285601880547 -0.0038991991735326595
leaf_weight=155.93875039368868 78.049474988132715 217.67050578445196 403.40559401363134 77.022345378994942 305.55352028459311 199.35424263775349 46.514835733920336 18.057606786489487 64.76254565268755 121.84419998526573 99.586507953703403 108.18785152211785 12.247158970683811 194.74366025626659
leaf_count=736 418 1847 2291 331 1961 1553 253 172 401 614 897 1166 60 1134
internal_value=0.00251983 0.00116638 -0.000773721 -0.00229212 -0.00369426 -0.00668213 0.0212434 -0.00985179 0.0112049 -0.00794232 -0.0109044 -0.0156711 0.0112049 -0.00111627
internal_weight=2102.94 1966.13 1683.69 1527.76 1450.73 852.584 136.811 547.03 282.433 420.785 298.941 126.245 58.762 598.149
internal_count=13834 13103 10855 10119 9788 6363 731 4402 2248 3064 2450 1338 313 3425
is_linear=0
shrinkage=0.03


Tree=100
num_leaves=15
num_cat=0
split_feature=12 2 32 13 18 34 25 27 17 24 30 13 9 28
split_gain=52.5732 35.1204 42.8138 43.1001 19.1774 14.206 11.8194 4.70821 1.72003 1.65805 1.84613 1.66472 1.02055 0.672646
threshold=0.042544464893621646 0.22295321637426904 53.788169872085966 68.440081406701424 0.078245826800036042 44.252414252414262 -0.0618754037180873 -0.22276026267911184 0.11189055156598966 -1.0112068471998674 34.28357356928786 2.5784687478069475 0.51231602394299369 13.500000000000002
decision_type=2 2 2 8 10 2 10 8 2 10 2 10 8 2
left_child=1 2 3 7 5 13 12 -1 -8 10 -2 -12 -7 -4
right_child=9 -3 4 -5 -6 6 8 -9 -10 -11 11 -13 -14 -15
leaf_value=0.0024989524536076536 0.022622592799073124 0.010981418967670156 -0.0046624482160215891 0.0056097914853211689 -0.00061188657810586121 -0.01422795718562278 -0.021396706692326684 -0.00061188657810586121 -0.01422795718562278 0.029220447868878136 0.010981418967670156 0.017533358396904595 -0.0087512640405413029 -0.0087512640405413029
leaf_weight=63.011594071984291 44.791509795933962 186.88906329870224 164.13746583461761 327.22000896185637 217.72530639544129 32.1883589848876 124.32431231066585 653.68301051110029 6.8988358005881301 25.557914953678846 55.979393258690834 13.151663564145563 149.99526942893863 29.364142082631588
leaf_count=346 233 1026 1176 2236 1555 291 1331 3534 47 152 295 62 1330 223
internal_value=0.00289599 0.00160144 0.000238164 0.00411957 -0.00534335 -0.00871301 -0.0128401 -0.000611887 -0.0197047 0.0203614 0.0172289 0.0124441 -0.00875126 -0.00466245
internal_weight=2094.92 1955.44 1768.55 1043.91 724.634 506.908 313.407 716.695 131.223 139.48 113.923 69.1311 182.184 193.502
internal_count=13837 13095 12069 6116 5953 4398 2999 3880 1378 742 590 357 1621 1399
is_linear=0
shrinkage=0.03


Tree=101
num_leaves=15
num_cat=0
split_feature=0 11 17 21 16 32 18 7 16 2 9 17 1 1
split_gain=47.1534 37.0797 26.4468 21.6342 19.9283 16.786 7.90893 5.41393 3.86721 3.70758 3.35214 3.09362 2.19523 2.05184
threshold=-0.10538820265864453 1.0000000180025095e-35 0.86883235182938245 1.0000000180025095e-35 8.3522665048185516 54.845154845154845 0.96447003099579731 1.3743632787065654 0.3026160486642438 0.43007518796992489 inf 0.094002133646857403 0.046826974925008098 0.53013468949480469
decision_type=8 2 2 2 8 2 8 8 8 2 8 2 10 8
left_child=9 2 3 4 6 -6 7 11 -4 -1 -7 -2 -9 -5
right_child=1 -3 8 13 5 10 -8 12 -10 -11 -12 -13 -14 -15
leaf_value=0.012020428036910048 -0.013181363483450084 0.012020428036910048 0.0024941410012333425 0.0024941410012333425 -0.00047015984979799992 -0.0050668332535725811 -0.0050668332535725811 -0.013181363483450084 0.006239126347758279 0.026338389998048873 -0.0027684965516852904 -0.0085839635815023498 -0.021099428922721063 -0.00047015984979799992
leaf_weight=27.805052738636732 84.994658175855875 108.75597853213549 53.783863082528114 209.34378973394632 384.57699206098914 296.53004731610417 83.307177726179361 22.627676032483578 282.50958063825965 69.238268155604601 133.07967981696129 89.822289139032364 74.950391963124275 169.6779669970274
leaf_count=159 630 524 316 1190 2225 2740 549 132 1848 391 999 536 509 1105
internal_value=0.00258469 0.0015627 0.000457825 -0.00125084 -0.00343446 -0.000828543 -0.00930512 -0.0121011 0.00623913 0.0224782 -0.00506683 -0.00858396 -0.0177788 0.00249414
internal_weight=2091 1993.96 1885.2 1548.91 1169.89 814.187 355.702 272.395 336.293 97.0433 429.61 174.817 97.5781 379.022
internal_count=13853 13303 12779 10615 8320 5964 2356 1807 2164 550 3739 1166 641 2295
is_linear=0
shrinkage=0.03


Tree=102
num_leaves=15
num_cat=0
split_feature=11 14 1 33 16 8 30 34 34 1 9 13 11 32
split_gain=53.9311 44.0107 34.5891 16.7315 15.3084 11.8155 7.69978 5.76982 4.77958 2.48099 2.44345 2.30367 2.52983 0.883746
threshold=0.071778837733983067 0.99994319278045052 0.098728788321270008 54.628704628704639 133.3645267970042 -0.27581244503674268 76.346867418296014 56.031468531468541 44.252414252414262 0.21644916366800965 0.49825895682827209 0.019180190012223864 0.85451200546220096 57.987816379424778
decision_type=2 2 8 2 8 10 2 2 2 10 10 8 2 2
left_child=1 2 -1 4 10 8 7 13 -5 -10 -4 -2 -13 -7
right_child=11 -3 3 5 -6 6 -8 -9 9 -11 -12 12 -14 -15
leaf_value=0.0062146781539246139 0.012275328805830417 0.012275328805830417 -0.0021879004001165736 -0.0021879004001165736 0.0021442112933744944 -0.0067637419213623573 -0.026865378803089635 -0.016132126477525099 -0.0040433110897948946 -0.0067637419213623573 -2.1844553371039366e-05 0.018938420288526249 0.031361255225267816 -0.011447934199443727
leaf_weight=332.87094110995531 25.017009388655424 178.64075444638729 225.04723787307739 137.18699465319514 322.05703417956829 77.322884999215603 20.725525174289942 65.90038138628006 121.48962479829788 191.90152885392308 249.34944307804108 36.453488487750292 46.747287318110466 58.130355354398489
leaf_count=1946 122 1561 1289 877 2067 443 173 506 736 1736 1424 184 222 564
internal_value=0.00278273 0.00162733 0.000154028 -0.00192626 0.00101601 -0.00539181 -0.0109805 -0.00873407 -0.00254702 -0.00589872 -0.0021879 0.0229233 0.0256015 -0.00676374
internal_weight=2088.84 1980.62 1801.98 1469.11 796.454 672.657 222.079 201.354 450.578 313.391 474.397 108.218 83.2008 135.453
internal_count=13850 13322 11761 9815 4780 5035 1686 1513 3349 2472 2713 528 406 1007
is_linear=0
shrinkage=0.03


Tree=103
num_leaves=15
num_cat=0
split_feature=20 2 14 32 13 18 8 22 20 25 17 3 1 3
split_gain=50.9924 40.3753 35.9104 20.8929 32.6559 9.22297 10.3893 8.2703 6.37315 5.1834 4.34842 2.06697 1.22242 0.697029
threshold=0.38512812459454754 0.27713773681515624 0.62631898134857777 58.537616229923934 50.851901260139066 0.083909100018877109 -1.0000000180025095e-35 0.00060037144381842043 0.94204301282539538 1.5845084539838972 0.098450856294920203 -0.028137813170641245 9.7725857898974606 0.052228680512927304
decision_type=10 2 2 2 8 10 10 2 10 8 2 10 10 10
left_child=1 2 3 4 7 6 12 -1 10 -4 -2 -3 -5 -8
right_child=8 11 9 5 -6 -7 13 -9 -10 -11 -12 -13 -14 -15
leaf_value=-0.0039031538136208004 0.01302699462506313 0.01302699462506313 0.0067531039599136615 -0.0074498699994408994 0.0024909498436043453 -0.0039031538136208004 -0.013145284632290904 -0.00070610198500822765 0.033170854168869494 0.0024909498436043453 0.023921489607121347 0.0067531039599136615 -0.013145284632290904 -0.021189682490994437
leaf_weight=401.2491518817842 30.189151488244534 115.85412801802158 291.47137977555394 159.52910144627094 420.09474703669548 64.067681048065424 28.000961910933256 265.41499087959528 40.512810723856091 100.95433849096298 19.905692767351866 48.935528084635735 28.459616888314486 69.34973057359457
leaf_count=2398 153 631 2081 1499 2474 592 233 1373 252 648 123 274 310 841
internal_value=0.00283968 0.00180847 0.000479213 -0.0017712 0.000290243 -0.00809655 -0.0109966 -0.00390315 0.0242455 0.0067531 0.0146721 0.013027 -0.00744987 -0.0188407
internal_weight=2083.99 1993.38 1828.59 1436.17 1086.76 349.407 285.339 666.664 90.6077 392.426 50.0948 164.79 187.989 97.3507
internal_count=13882 13354 12449 9720 6245 3475 2883 3771 528 2729 276 905 1809 1074
is_linear=0
shrinkage=0.03


Tree=104
num_leaves=15
num_cat=0
split_feature=11 14 2 12 16 14 1 14 20 22 25 8 34 19
split_gain=41.2418 46.0468 29.7866 17.9884 10.9498 13.1002 8.71924 8.3936 5.42427 4.76463 3.70591 3.62633 5.18413 1.67768
threshold=0.071778837733983067 0.72223085912607476 0.20871212121212124 1.0000000180025095e-35 251.92631901505823 0.00031525933840323466 4.2635732464910321 0.29991557458833518 0.006454124377664878 0.00047335821606362994 0.017897659043337292 0.4302243578992116 49.571262071262076 0.70055274034948856
decision_type=2 2 2 2 8 2 10 2 10 2 10 10 2 8
left_child=1 2 3 4 7 -6 -3 8 11 -2 -11 13 -13 -1
right_child=9 6 -4 -5 5 -7 -8 -9 -10 10 -12 12 -14 -15
leaf_value=-0.0083881394231180694 0.01171080330597757 0.01171080330597757 0.0059336029714581436 0.0021744825727348822 -0.0033572376024239808 -0.00044362948046115151 0.0059336029714581436 -0.0033572376024239808 -0.0060886600327045466 0.034462806285383722 0.018734467134615504 -0.011710044800725282 -0.022302702646288034 -0.011710044800725282
leaf_weight=150.96483862400055 37.441068440675735 280.94469711370766 175.64141795411706 96.314884915947914 546.85555310547352 186.13594528287649 78.217495054006577 185.41510599851608 22.072671890258789 30.535707894712687 39.479295320808887 67.439701627939939 55.250916976481676 103.51965376734734
leaf_count=1043 167 2237 896 462 4603 917 462 826 102 157 203 435 477 749
internal_value=0.00338784 0.00236202 0.000156403 -0.00158464 -0.00306174 -0.000609114 0.0117108 -0.00610536 -0.00882008 0.0210596 0.0257581 -0.0106876 -0.015032 -0.00838814
internal_weight=2056.23 1948.77 1589.61 1413.97 1317.65 732.991 359.162 584.663 399.248 107.456 70.015 377.175 122.691 254.484
internal_count=13736 13209 10510 9614 9152 5520 2699 3632 2806 527 360 2704 912 1792
is_linear=0
shrinkage=0.03


Tree=105
num_leaves=15
num_cat=0
split_feature=20 3 14 12 16 32 14 1 4 25 34 13 7 1
split_gain=47.5365 43.7348 34.9488 23.4892 13.0245 20.1342 10.9976 5.28695 4.14738 4.01643 2.12217 2.02851 1.68818 1.76339
threshold=0.94204301282539538 -0.107476787000178 0.98915783869258622 1.0000000180025095e-35 251.92631901505823 53.788169872085966 0.27280545561529407 0.17134780854856183 0.29205127301783257 0.89006746907030199 42.757242757242771 50.851901260139066 -0.76758874986964887 0.13396394566503217
decision_type=10 8 2 2 8 2 2 10 10 8 2 8 8 10
left_child=1 7 3 4 6 -6 8 -1 11 -8 -10 12 -3 -14
right_child=-2 2 -4 -5 5 -7 9 -9 10 -11 -12 -13 13 -15
leaf_value=0.017735481442305658 0.033091587973354361 -0.006568435666085475 0.0094407508726984755 0.0045189032574457361 0.0013709217881350618 -0.0020917653622711139 -0.0020917653622711139 0.0094407508726984755 -0.011110719048788071 -0.0051012430024477548 -0.020280589812442542 -0.0051012430024477548 -0.0079984322001872728 -0.011110719048788071
leaf_weight=116.98421919345856 41.442711312323809 37.815613500773907 219.88893058523536 115.02430556714535 289.74204061180353 577.99851881712675 207.42912319302559 25.843276180326939 17.853001214563847 64.711672827601433 39.186663508415222 22.70446814596653 93.631760977208614 202.76458709686995
leaf_count=656 257 258 1869 552 1437 4828 960 120 113 307 359 138 566 1443
internal_value=0.0030715 0.00237937 0.00114602 -0.000402944 -0.00177706 0.000666568 -0.0048501 0.0177355 -0.00811072 -0.00209177 -0.0154873 -0.00673418 -0.00803563 -0.00942843
internal_weight=2073.02 2031.58 1888.75 1668.86 1553.84 867.741 686.097 142.827 413.956 272.141 57.0397 356.916 334.212 296.396
internal_count=13863 13606 12830 10961 10409 6265 4144 776 2877 1267 472 2405 2267 2009
is_linear=0
shrinkage=0.03


Tree=106
num_leaves=15
num_cat=0
split_feature=20 1 14 11 25 16 18 13 14 21 16 33 18 25
split_gain=48.7179 43.5257 37.0007 19.9171 18.1953 15.6051 9.68031 5.74946 4.71128 4.58834 4.72308 3.73238 1.34534 1.23882
threshold=0.92229919352317524 -0.056730122974535842 0.27280545561529407 1.0000000180025095e-35 0.84881921421325324 inf 0.025386012988682097 59.617761420004825 0.00043963256390351928 1.0000000180025095e-35 -0.049097558809597146 58.131868131868146 0.39706591278895342 0.066166368176457727
decision_type=10 8 2 2 8 8 10 8 2 2 10 2 8 8
left_child=1 -1 3 5 11 7 8 9 -7 10 13 -4 -12 -3
right_child=-2 2 4 -5 -6 6 -8 -9 -10 -11 12 -13 -14 -15
leaf_value=0.017161668546779238 0.032343963404184911 -0.014884220302535426 0.0090379100022266248 0.0021798368478211177 0.0021798368478211177 -0.0047072312932211662 -0.00082277348570808004 -0.0047072312932211662 -0.0027595336960480636 -0.0072894546114793141 -0.013804518289610442 0.0056088734250238715 -0.0097256032487615645 -0.024471699126162458
leaf_weight=100.4765621162951 43.751186762005091 21.920973472297192 397.73498975485563 84.402097418904305 195.38046696782112 541.29204912111163 135.86804575100541 23.24518471211195 38.163535878062248 109.76518383622169 96.645349655300379 79.619165726006031 140.51359777152538 36.25181619822979
leaf_count=576 277 168 2452 352 1117 4535 771 140 208 623 733 494 1022 279
internal_value=0.00270629 0.00197937 0.000914151 -0.00218339 0.00654307 -0.00382538 -0.00109556 -0.00831891 -0.00469629 -0.00987168 -0.0121618 0.00903791 -0.00990023 -0.0198682
internal_weight=2045.03 2001.28 1900.8 1228.07 672.735 1143.67 715.324 428.342 579.456 405.097 295.332 477.354 237.159 58.1728
internal_count=13747 13470 12894 8831 4063 8479 5514 2965 4743 2825 2202 2946 1755 447
is_linear=0
shrinkage=0.03


Tree=107
num_leaves=15
num_cat=0
split_feature=20 2 14 11 16 13 32 3 12 28 13 21 35 18
split_gain=52.2487 39.4283 30.0827 19.1042 14.0691 13.1097 10.486 8.1402 7.61102 5.99918 3.59516 3.42001 2.97993 4.18364
threshold=0.94204301282539538 0.22295321637426904 0.32595597004906174 1.0000000180025095e-35 251.92631901505823 101.40687743469452 58.478933653758837 -0.08527470554920269 0.085653874709840636 8.5000000000000018 59.617761420004825 0.0099992119154716057 46.195471195471207 0.82042131446190936
decision_type=10 2 2 2 8 8 2 10 2 2 8 2 8 8
left_child=1 2 3 4 8 9 -6 -3 10 -4 12 -9 -1 -14
right_child=-2 7 5 -5 6 -7 -8 11 -10 -11 -12 -13 13 -15
leaf_value=-0.0094116483614706849 0.034379148398500814 0.018183007841361978 0.0018883916918985527 0.0018883916918985527 -0.00098966600056051512 0.0075337210643539902 -0.004603673050084126 0.0075337210643539902 -0.004603673050084126 0.0047110563781262715 -0.0073438730873495416 0.012858364452857984 -0.017356355862931151 -0.011628094687195572
leaf_weight=140.66051635146141 40.871346428990364 113.9739196524024 130.35853317379951 82.67777206748724 393.63728683441877 234.44903842359781 288.28799818083644 65.019670009613037 34.856058210134506 247.83898036926985 22.564461775124073 20.05665035918355 166.63833805173635 70.722323372960091
leaf_count=949 261 637 615 344 2451 1860 2882 367 163 1287 138 103 1257 522
internal_value=0.00271383 0.00198687 0.000577875 -0.00218305 -0.00386772 0.00595983 -0.00115913 0.0144896 -0.00804822 0.00188839 -0.0100841 0.00753372 -0.0114794 -0.0138445
internal_weight=2052.61 2011.74 1812.69 1200.04 1117.37 612.647 681.925 199.05 435.442 378.198 400.586 85.0763 378.021 237.361
internal_count=13836 13575 12468 8706 8362 3762 5333 1107 3029 1902 2866 470 2728 1779
is_linear=0
shrinkage=0.03


Tree=108
num_leaves=15
num_cat=0
split_feature=12 14 2 17 34 13 14 8 21 30 25 18 18 7
split_gain=52.3582 33.5358 21.1794 16.7375 10.3921 8.38174 6.72963 10.4028 5.35206 3.26704 3.04711 2.95762 2.9355 2.67124
threshold=0.044375418204102117 0.99996963805683803 0.23100961538461542 0.070863579832000742 47.112887112887115 68.440081406701424 0.0025711040402093166 -0.3823322326194542 2.6527730054526942e-05 52.943485086342235 0.090971778205726897 0.94519274960236543 0.86703753581614784 0.15953944935353362
decision_type=2 2 2 2 2 8 2 10 2 2 8 8 8 10
left_child=1 2 3 4 9 10 7 13 12 -1 -5 -8 -2 -6
right_child=8 -3 -4 5 6 -7 11 -9 -10 -11 -12 -13 -14 -15
leaf_value=-0.00050119216740196839 0.011122823943799928 0.011122823943799928 0.0057772814467272234 0.0009835461123626247 -0.0061213302265000378 0.0024682843921272177 -0.0061213302265000378 -0.016889896664763242 0.024868833616826468 -0.0033265179709478015 -0.00050119216740196839 -0.0033265179709478015 0.017995828780313201 -0.011505613445631641
leaf_weight=200.02738891914487 21.208144128322601 165.74769982509315 168.89322026073933 262.31503229215741 189.14671261608601 149.96937058866024 86.422659009695053 99.93673250824213 90.851935397833586 171.84581977128983 249.37444330751896 124.90989504009485 26.464833546429873 41.190420851111412
leaf_count=1216 112 1508 890 1423 1568 896 608 1072 486 1263 1428 726 152 484
internal_value=0.00304299 0.00172498 0.000431739 -0.000840713 -0.00347067 0.00246828 -0.00615184 -0.00891614 0.0205207 -0.000501192 -0.000501192 -0.00332652 0.0111228 -0.00612133
internal_weight=2048.3 1909.78 1744.03 1575.14 913.48 661.659 541.606 330.274 138.525 371.873 511.689 211.333 47.673 230.337
internal_count=13832 13082 11574 10684 6937 3747 4458 3124 750 2479 2851 1334 264 2052
is_linear=0
shrinkage=0.03


Tree=109
num_leaves=15
num_cat=0
split_feature=11 14 3 2 22 14 25 5 32 22 20 14 28 25
split_gain=42.0167 36.9684 29.9763 11.6978 11.4835 10.0361 9.24115 5.82127 3.73019 3.48464 3.44687 2.03877 1.50865 1.41899
threshold=1.0000000180025095e-35 0.99996963805683803 0.49912723792209712 0.11819852941176472 0.0012553604094482794 0.12332284229952124 0.054661110096640993 -0.32087358945303007 58.228135500862777 0.00060037144381842043 0.08149034301286312 0.043436037013922985 6.5000000000000009 0.017897659043337292
decision_type=2 2 10 2 2 2 8 2 2 2 10 2 2 10
left_child=1 2 3 5 6 10 11 -8 -6 -2 -1 -4 -9 -11
right_child=9 -3 4 -5 8 -7 7 12 -10 13 -12 -13 -14 -15
leaf_value=-0.00082395785870947825 0.011083000919718474 0.010816795598521702 -0.0076804578205785946 0.0054908903159201841 -0.00082395785870947825 0.0033551550109917326 -0.0076804578205785946 -0.010995649794370281 -0.0042585694475682362 0.03061123541958332 0.0012655985761411272 -0.0042585694475682362 -0.017652313776655802 0.017740879359812715
leaf_weight=519.16737316921353 41.482592154294252 163.90511310659349 67.803170453757048 203.22166471928358 171.8474059253931 348.13768427446485 82.02161418274045 117.24137139320374 51.517141833901405 32.149654515087605 35.363441631197929 88.217835769057274 88.202962141484022 37.362151561304927
leaf_count=3661 189 1505 752 1030 944 1927 666 1016 482 167 165 473 697 202
internal_value=0.00257367 0.00151915 0.000164985 0.00318982 -0.00483774 0.00121942 -0.00769318 -0.0111023 -0.000823958 0.0201144 -0.000823958 -0.00425857 -0.014205 0.0243988
internal_weight=2047.64 1936.65 1772.74 1105.89 666.852 902.668 443.487 287.466 223.365 110.994 554.531 156.021 205.444 69.5118
internal_count=13876 13318 11813 6783 5030 5753 3604 2379 1426 558 3826 1225 1713 369
is_linear=0
shrinkage=0.03


Tree=110
num_leaves=15
num_cat=0
split_feature=20 14 3 11 25 34 13 28 18 14 3 13 16 17
split_gain=43.6439 32.5797 24.9573 18.8964 12.2914 12.5269 9.05113 6.7375 7.33137 6.09376 5.22118 3.40301 2.69858 2.4226
threshold=0.38512812459454754 0.99994319278045052 -0.107476787000178 1.0000000180025095e-35 0.054661110096640993 50.88245088245089 18.473829205693423 9.5000000000000018 0.69328055255980858 0.010982106338259265 0.24580046750869647 19.019955993226748 -3.2472402898281376 0.39456290746600592
decision_type=10 2 10 2 8 2 8 2 10 2 10 8 8 2
left_child=1 2 6 4 9 11 -1 12 -9 -4 -2 -6 -7 -3
right_child=10 13 3 -5 5 7 -8 8 -10 -11 -12 -13 -14 -15
leaf_value=0.0022810204198365032 0.028010093891745372 0.0061926433650336503 -0.0029630283161409601 0.0022810204198365032 -0.0063734892466286693 -0.020259354096457512 0.0061926433650336503 -0.021467218783521175 -0.0063734892466286693 -0.0004478462004053715 0.012029426733378862 -0.0029630283161409601 -0.0063734892466286693 0.012029426733378862
leaf_weight=167.86683991551399 56.569824418053031 72.434757873415947 194.59954321756959 92.807173125445843 219.32556775584817 8.9859680496156198 255.7158530652523 70.134268715977669 30.997584961354733 267.161600664258 32.699823781847954 239.05593795701861 238.57166201993823 94.921574883162975
leaf_count=909 355 591 1760 402 1292 70 1454 553 209 1460 180 1673 2000 930
internal_value=0.00254275 0.00157601 0.00035586 -0.0016306 -0.00317671 -0.00547821 0.00619264 -0.00978395 -0.0162324 -0.000447846 0.0224828 -0.00296303 -0.00688044 0.0120294
internal_weight=2041.85 1952.58 1785.22 1361.64 1268.83 807.071 423.583 348.689 101.132 461.761 89.2696 458.382 247.558 167.356
internal_count=13838 13303 11782 9419 9017 5797 2363 2832 762 3220 535 2965 2070 1521
is_linear=0
shrinkage=0.03


Tree=111
num_leaves=14
num_cat=0
split_feature=0 20 16 32 1 14 34 34 26 2 11 18 35
split_gain=40.2042 26.0784 23.3705 38.1996 11.248 12.5482 5.855 5.39778 4.00026 3.32132 1.03057 0.955861 0.60232
threshold=-0.029919496997230181 0.36978038647389705 68.8970342498599 53.788169872085966 11.178729971845524 0.39341081601057676 31.522644022644027 63.217615717615729 -0.00027643843217628467 0.36405502392344502 0.086205103520406959 0.081687308919095106 75.999000999001012
decision_type=8 10 8 2 10 2 2 2 8 2 2 10 8
left_child=9 2 4 -4 5 6 -2 12 -8 -1 -10 -5 -6
right_child=1 -3 3 11 7 -7 8 -9 10 -11 -12 -13 -14
leaf_value=0.011272206013222525 -0.0023870382396788794 0.011272206013222525 0.0061989366803546454 0.00049161051915699232 -0.008365317865592704 0.00049161051915699232 -0.0047651234084400695 -0.024653002825659385 -0.008365317865592704 0.024037037920994452 -0.0065652206370163868 0.003345273599755819 -0.016509160345626044
leaf_weight=30.297531204298139 52.030826590955257 83.99305316619575 495.0396978110075 516.20989633351564 21.590319529175758 246.34763408452272 67.798058345913887 25.096079543232918 311.60123378783464 76.02615774050355 15.275132581591604 83.549782563000917 12.79666432738304
leaf_count=184 261 494 3090 4452 129 1278 452 183 2197 453 63 516 79
internal_value=0.00301251 0.00199658 0.00112567 0.00391595 -0.00293273 -0.00180376 -0.00526569 -0.0149269 -0.00714321 0.0205478 -0.00836532 0.000491611 -0.00836532
internal_weight=2037.65 1931.33 1847.34 1094.8 752.536 693.053 446.705 59.4831 394.674 106.324 326.876 599.76 34.387
internal_count=13831 13194 12700 8058 4642 4251 2973 391 2712 637 2260 4968 208
is_linear=0
shrinkage=0.03


Tree=112
num_leaves=15
num_cat=0
split_feature=20 12 14 2 32 13 17 28 4 34 21 1 25 7
split_gain=36.0763 33.109 31.6834 19.6382 13.8493 17.7279 13.2219 15.0867 5.33565 6.03794 4.38809 2.4415 0.961712 0.855075
threshold=0.94204301282539538 1.0000000180025095e-35 0.90776536812620834 0.20871212121212124 53.788169872085966 101.40687743469452 1.0000000180025095e-35 6.5000000000000009 -0.01030424798211098 51.015651015651024 0.00010447638966239272 9.0915505007591531 -0.051293294387550363 -0.1158530141624645
decision_type=10 2 2 2 2 8 2 2 8 2 2 10 10 10
left_child=1 2 3 4 5 -1 7 13 9 -9 -3 -4 -10 -6
right_child=-2 10 11 -5 6 -7 -8 8 12 -11 -12 -13 -14 -15
leaf_value=-0.0017910540428430375 0.030695889980854981 0.0090037356118432017 0.0090037356118432017 0.0043845893000217986 -0.0047414168969893249 0.0013717517985702139 -0.0017910540428430375 -0.0047414168969893249 -0.01265840302347117 -0.01265840302347117 0.016586737600565542 0.0043845893000217986 -0.020316878456625789 -0.0091221410753283324
leaf_weight=608.48086903989315 36.687423530966043 47.662199482321739 215.81469580903649 167.92850561439991 211.46085105836391 139.80548198521137 165.47658596560359 53.623081747442484 42.805946160107851 32.815591368824244 85.307960938662291 53.165961191058159 82.90009930729866 83.838318839669228
leaf_count=3270 248 260 1926 870 1681 659 1246 454 433 380 438 343 808 801
internal_value=0.00306237 0.00247759 0.00142073 -0.000234557 -0.00164109 0.00116574 -0.00474784 -0.00769178 -0.0138842 -0.00749196 0.0165867 0.00900374 -0.0178248 -0.00474142
internal_weight=2027.77 1991.09 1858.12 1589.14 1421.21 748.286 672.92 507.444 212.145 86.4387 132.97 268.981 125.706 295.299
internal_count=13817 13569 12871 10602 9732 3929 5803 4557 2075 834 698 2269 1241 2482
is_linear=0
shrinkage=0.03


Tree=113
num_leaves=15
num_cat=0
split_feature=1 21 13 34 27 32 32 24 33 9 16 8 2 32
split_gain=36.2057 24.5913 17.4297 13.3403 10.2495 10.2109 8.79144 7.46181 7.01402 4.86166 4.38304 2.89129 2.32233 1.89422
threshold=0.55183915058264721 1.0000000180025095e-35 37.435701979972727 58.358308358308363 -0.180953566884517 58.545999455090374 53.788169872085966 -0.56079350675238326 54.628704628704639 0.681876856688579 34.031388373940423 -1.0000000180025095e-35 0.21103238866396765 54.407131330208259
decision_type=10 2 8 2 10 2 2 10 2 10 8 10 2 2
left_child=1 2 -1 5 -3 9 -4 12 10 -2 -5 13 -6 -10
right_child=3 4 6 8 7 -7 -8 -9 11 -11 -12 -13 -14 -15
leaf_value=0.0025639492148902955 -0.00020266224116860512 0.024681080021625629 0.008708340502149638 -0.0075165477010532122 0.008708340502149638 -0.0029692736972275059 0.0055996900501632911 0.017648973828944918 -0.0075165477010532122 0.0025639492148902955 -0.0029692736972275059 -0.019898667684936745 0.013178657165547277 -0.012969465706827419
leaf_weight=321.04123459383845 253.35121721960604 59.717831598594785 184.46359475888312 85.11025357618928 162.95532982796431 140.69339319691062 262.71381703391671 54.356075808405876 27.43786783516407 277.12382501736283 76.701417483389378 30.383241850882769 25.923789504915476 65.964247278869152
leaf_count=1928 1494 332 1396 552 966 1492 1745 345 169 1645 574 297 152 753
internal_value=0.00279578 0.00657132 0.00367177 -0.00144342 0.0137449 0.0008753 0.00863543 0.0106169 -0.00681385 0.00256395 -0.00296927 -0.0120638 0.00870834 -0.0086336
internal_weight=2027.94 1071.17 768.219 956.765 302.953 671.168 447.177 243.235 285.597 530.475 161.812 123.785 188.879 93.4021
internal_count=13840 6864 5069 6976 1795 4631 3141 1463 2345 3139 1126 1219 1118 922
is_linear=0
shrinkage=0.03


Tree=114
num_leaves=15
num_cat=0
split_feature=20 14 12 3 9 1 14 22 20 9 17 13 14 28
split_gain=33.2505 27.2887 18.7655 13.4755 12.4241 11.1993 8.75718 7.21634 5.33514 4.7408 4.48117 3.84304 3.10924 2.0871
threshold=0.38512812459454754 0.99994319278045052 1.0000000180025095e-35 -0.028137813170641245 0.49250463623128798 0.75949578474025004 0.010348878304916233 0.0024201769518186122 0.94204301282539538 0.10947358442617741 0.087064437591938312 12.699771655012404 0.52930444795368603 1.5000000000000002
decision_type=10 2 2 10 8 10 2 2 10 10 2 8 2 2
left_child=1 2 3 11 5 9 13 12 10 -5 -2 -1 -7 -6
right_child=8 -3 -4 4 6 7 -8 -9 -10 -11 -12 -13 -14 -15
leaf_value=0.00040912862395788615 0.01115048453907733 0.01115048453907733 0.0059547580833133329 -0.007935007414093892 -0.0012856590402073405 -0.02087715437467946 0.00040912862395788615 -0.007935007414093892 0.029332128767588193 -0.0029804467043725671 0.020811343686936198 0.0028249706624463387 -0.012689242654166452 -0.0029804467043725671
leaf_weight=170.96003180742264 30.396358534693718 161.52136452123523 118.27905069291592 69.380383934825659 62.182498715817928 87.568985942751169 422.4854745939374 31.543669201433659 34.907396400347352 206.92078681662679 20.84434388205409 272.69292105734348 22.576264686882496 311.0989175029099
leaf_count=918 156 1494 579 467 539 844 2349 202 234 1353 132 1539 101 2918
internal_value=0.00271314 0.00187489 0.000759032 -0.000304817 -0.00200671 -0.00616128 0.00020039 -0.0128896 0.0204261 -0.00298045 0.0122906 0.00282497 -0.0174435 -0.00298045
internal_weight=2023.36 1937.21 1775.69 1657.41 1213.76 417.99 795.767 141.689 86.1481 276.301 51.2407 443.653 110.145 373.281
internal_count=13825 13303 11809 11230 8773 2967 5806 1147 522 1820 288 2457 945 3457
is_linear=0
shrinkage=0.03


Tree=115
num_leaves=15
num_cat=0
split_feature=12 2 14 16 32 1 33 20 9 11 9 1 3 7
split_gain=41.3846 25.3678 17.7505 18.6792 14.2479 12.0586 9.77479 6.75396 5.2894 4.40445 4.05465 7.43711 1.94322 1.90825
threshold=1.0000000180025095e-35 0.20871212121212124 0.29343000138817665 inf 53.788169872085966 0.25911057755973227 57.73670773670775 0.002439068902327745 inf 0.71865348661853268 0.76643325210145419 0.17134780854856183 -0.08527470554920269 -0.45163542696783304
decision_type=2 2 2 8 2 10 2 10 8 2 10 10 10 8
left_child=1 2 3 7 -5 -2 -4 9 -6 10 11 -1 -3 -13
right_child=5 12 6 4 8 -7 -8 -9 -10 -11 -12 13 -14 -15
leaf_value=-0.010293141237556876 0.026857412029631451 0.0098316177321588569 0.0050862369821888164 0.0012629163352655189 -0.0028682068767698636 0.0098316177321588569 0.0012629163352655189 -0.0028682068767698636 -0.00080264527075217236 -0.0057286363052528643 -0.0079364088495352935 -0.01396105954579239 0.0050862369821888164 -0.019602385269256208
leaf_weight=100.08137731999159 68.747305680066347 100.37659094855189 449.74428739026189 136.30092256516218 379.7731062322855 71.676985519006848 151.7080231718719 27.135083496570587 160.37885269522667 17.635137870907784 116.31677931174636 8.4589615464210492 79.661852475255728 147.72962694242597
leaf_count=621 380 583 2825 670 3453 384 914 128 1194 72 887 62 447 1194
internal_value=0.00272174 0.00152194 0.000340856 -0.00193407 0.00114878 0.0181413 0.0044599 -0.00688519 -0.00286821 -0.00858907 -0.0101442 -0.0126499 0.00983162 -0.017629
internal_weight=2015.72 1875.3 1695.26 1093.81 676.453 140.424 601.452 417.357 540.152 390.222 372.587 256.27 180.038 156.189
internal_count=13814 13050 12020 8281 5317 764 3739 2964 4647 2836 2764 1877 1030 1256
is_linear=0
shrinkage=0.03


Tree=116
num_leaves=15
num_cat=0
split_feature=11 14 2 17 8 22 16 29 11 28 1 28 12 20
split_gain=37.445 29.2676 21.0122 15.4632 13.0742 7.60054 6.91156 5.75757 5.47598 4.39327 4.33031 3.53804 3.27582 3.12085
threshold=1.0000000180025095e-35 0.98915783869258622 0.10939145437028076 0.070863579832000742 -0.22432347341181111 0.00032300772464064555 0.049126704086323268 56.802696984493458 2.8778467908902696 14.500000000000002 4.9849610352170908 7.5000000000000009 0.077775761425158046 0.00078329944037832451
decision_type=2 2 2 2 10 2 8 2 2 2 10 2 2 10
left_child=1 2 3 4 7 9 -5 -1 13 11 -3 -6 -13 -2
right_child=8 10 -4 6 5 -7 -8 -9 -10 -11 -12 12 -14 -15
leaf_value=-0.0011544537354299443 0.010151116329414926 0.010151116329414926 0.0050792139852468788 -0.0011544537354299443 -0.0089126958904550014 -0.0049557340366603569 0.0017934449194867311 -0.0049557340366603569 0.031835762987422224 -0.0089126958904550014 0.0050792139852468788 -0.020025295843954318 -0.0089126958904550014 0.022982434320880592
leaf_weight=358.8926566876471 71.968814853578806 163.39622569270432 244.48399201408029 159.10870252177119 28.693691480904818 143.99182828143239 440.13247418403625 160.78456963598728 22.462018212303519 36.447169709950686 48.515932656824589 110.12703386321664 7.4414919912815085 16.143548453226686
leaf_count=2445 337 1623 1300 947 251 1053 2455 1563 116 306 330 979 37 102
internal_value=0.00236569 0.00135453 7.31164e-06 -0.00149232 -0.00410235 -0.00875701 0.00179344 -0.00115445 0.0189477 -0.0128697 0.0101511 -0.015855 -0.0183307 0.0141291
internal_weight=2012.59 1902.02 1690.1 1445.62 846.378 326.701 599.241 519.677 110.574 182.709 211.912 146.262 117.569 88.1124
internal_count=13844 13289 11336 10036 6634 2626 3402 4008 555 1573 1953 1267 1016 439
is_linear=0
shrinkage=0.03


Tree=117
num_leaves=15
num_cat=0
split_feature=11 14 3 9 21 16 14 22 11 32 22 28 14 17
split_gain=39.8983 30.8503 22.5839 17.712 13.0189 11.7654 9.80159 6.41487 4.28139 3.24402 3.00745 2.92326 1.12671 0.695449
threshold=1.0000000180025095e-35 0.99994319278045052 0.67798725757287148 0.50213339140813096 1.0000000180025095e-35 inf 0.0025711040402093166 0.00073707129469142063 4.5848660010509734 54.845154845154845 0.00047335821606362994 1.5000000000000002 0.72223085912607476 0.013173836994451021
decision_type=2 2 10 8 2 8 2 2 2 2 2 2 2 2
left_child=1 2 4 7 5 -1 11 12 10 -7 -2 -5 -4 -13
right_child=8 -3 3 6 -6 9 -8 -9 -10 -11 -12 13 -14 -15
leaf_value=-0.00056706843244910279 0.011034870046304752 0.011034870046304752 -0.021203949461435098 -0.0039631179456564936 0.0058172059326107037 0.0033351152206398372 -0.00056706843244910279 -0.0077260989091861932 0.033227313160886188 0.0013840233940953673 0.020474801876138513 -0.0077260989091861932 -0.013453618924748856 -0.0039631179456564936
leaf_weight=334.58228050544858 32.298723749816418 158.90059556998312 73.499916918575764 40.114708207547665 308.24478715285659 182.9580833800137 266.48052150383592 43.147740550339222 19.090627674013376 317.20221001282334 55.98555913567543 138.54481858387589 6.7404736503958693 14.846158087253569
leaf_count=2049 146 1521 710 375 1767 1082 1523 288 99 2248 295 1465 34 132
internal_value=0.00287012 0.00182991 0.000599542 -0.00418146 0.00304732 0.000853025 -0.00141529 -0.0140369 0.0202398 0.00333512 0.015801 -0.00735917 -0.0191811 -0.0077261
internal_weight=1992.64 1885.26 1726.36 583.374 1142.99 834.743 459.986 123.388 107.375 500.16 88.2843 193.506 80.2404 153.391
internal_count=13734 13194 11673 4527 7146 5379 3495 1032 540 3330 441 1972 744 1597
is_linear=0
shrinkage=0.03


Tree=118
num_leaves=15
num_cat=0
split_feature=0 12 14 11 18 8 7 34 9 3 3 2 34 35
split_gain=41.0226 29.8139 16.9696 11.5926 10.5549 9.83359 6.96711 5.58815 3.81095 3.14606 2.80049 2.67757 1.66882 2.59407
threshold=-0.10538820265864453 1.0000000180025095e-35 0.99994319278045052 1.0000000180025095e-35 0.1446204229263523 -0.2468015932791516 0.43393087509828204 44.252414252414262 0.48105985374461074 0.8302081330441885 -0.94951187661970138 0.10446428571428573 44.355644355644365 45.612720612720622
decision_type=8 2 2 2 10 10 10 2 8 8 10 2 2 8
left_child=10 2 3 4 5 12 7 -7 -6 -8 -1 -9 -2 -14
right_child=1 -3 -4 -5 8 6 9 11 -10 -11 -12 -13 13 -15
leaf_value=0.026920023783852914 -0.0014119326051483675 0.012102676576409024 0.0064390325872460841 0.0031030099662473871 -0.0014119326051483675 -0.0048202050402800668 -0.010476781750617323 -0.010476781750617323 0.00095251951995503896 -0.023434564058442346 0.012389096356176804 -0.0076484933954486939 -0.0025202441405273225 -0.0048202050402800668
leaf_weight=53.902770517393947 152.32157330960035 131.84436529316008 152.28853527829051 85.58382822573185 358.96617695316672 83.115307100117207 45.417546715587378 101.32371494174004 446.72876463830471 28.736388903111219 33.176644500344992 16.831485465168953 66.376109052449465 246.73359370976686
leaf_count=330 1018 713 1445 379 2130 567 342 960 2718 286 211 92 528 2086
internal_value=0.00279306 0.00184815 0.000775389 -0.000233013 -0.00119797 -0.00377638 -0.00822848 -0.00510484 0.00095252 -0.0158487 0.0223572 -0.0104768 -0.00141193 -0.00362856
internal_weight=2003.35 1916.27 1784.42 1632.13 1546.55 740.856 275.424 201.271 805.695 74.1539 87.0794 118.155 465.431 313.11
internal_count=13805 13264 12551 11106 10727 5879 2247 1619 4848 628 541 1052 3632 2614
is_linear=0
shrinkage=0.03


Tree=119
num_leaves=15
num_cat=0
split_feature=11 14 21 33 9 3 34 30 11 14 16 8 28 17
split_gain=29.3414 26.7473 17.3479 20.1752 12.2497 10.5647 5.41705 5.35947 4.61373 3.88151 2.47481 2.46561 1.80029 1.72301
threshold=1.0000000180025095e-35 0.99996963805683803 1.0000000180025095e-35 53.809523809523817 0.89451550102599975 0.47549817312979409 41.779054279054286 52.943485086342235 3.0189109136477561 0.0025711040402093166 7.639378167602028 -0.018827776236455481 11.500000000000002 0.094002133646857403
decision_type=2 2 2 2 8 10 2 2 2 2 8 10 2 2
left_child=1 2 3 9 5 11 -7 -4 -2 13 -6 -5 -13 -1
right_child=8 -3 7 4 10 6 -8 -9 -10 -11 -12 12 -14 -15
leaf_value=-0.0013699176598071998 0.013260582670834915 0.0096954866378956422 0.0051833899920140291 -0.0051586245956540431 -0.0051586245956540431 -0.01130437617941967 -0.021813612621781182 0.0020758917627161761 0.030171401582747236 0.0020758917627161761 -0.0013699176598071998 -0.01130437617941967 -0.0075658078367643617 0.00035298705145448816
leaf_weight=102.33302569016814 88.799248658120632 157.26815461367369 290.74173038080335 133.07837284356356 61.604411546140909 15.444233492016791 76.610546711832285 119.86816980689764 19.899883300065994 495.31397156789899 262.66621519997716 62.792802102863789 33.889047708362341 70.963224209845066
leaf_count=887 448 1527 1645 913 442 113 827 824 107 2875 2067 433 225 435
internal_value=0.00274282 0.00184381 0.000671293 -0.00103161 -0.00481573 -0.00894733 -0.0173088 0.00518339 0.0175472 0.00207589 -0.00136992 -0.00529997 -0.00997299 -0.00136992
internal_weight=1991.27 1882.57 1725.31 1314.7 646.086 321.815 92.0548 410.61 108.699 668.61 324.271 229.76 96.6818 173.296
internal_count=13768 13213 11686 9217 5020 2511 940 2469 555 4197 2509 1571 658 1322
is_linear=0
shrinkage=0.03


Tree=120
num_leaves=15
num_cat=0
split_feature=20 3 14 25 11 9 1 3 31 32 2 21 33 18
split_gain=32.464 24.2859 20.5885 12.5118 11.5043 11.0934 10.8901 6.69435 5.19581 3.79869 2.91466 2.67637 2.86207 1.99266
threshold=0.38512812459454754 -0.028137813170641245 0.3173125541899412 0.89006746907030199 1.0000000180025095e-35 0.89451550102599975 0.55183915058264721 0.24580046750869647 65.438757047148655 58.308824043089786 0.43007518796992489 1.0000000180025095e-35 51.853701853701857 0.23082792317126702
decision_type=10 8 2 8 2 8 10 10 2 2 2 2 2 8
left_child=1 10 4 -4 5 6 11 13 -8 -7 -1 12 -3 -2
right_child=7 2 3 -5 -6 9 8 -9 -10 -11 -12 -13 -14 -15
leaf_value=0.0063294600525776986 0.019536499718572294 -0.0043334652262081857 0.0063294600525776986 0.0022157866186880001 0.0022157866186880001 -0.00013781977385064162 -0.006764127695031417 0.011517950973514796 -0.016505802606019467 -0.0027657956025712626 0.011517950973514796 -0.0027657956025712626 -0.006764127695031417 0.032206638308542396
leaf_weight=79.337729815393686 10.366170112043617 119.6704218685627 424.33206899836659 173.19167990982533 78.061850816011429 334.1060701943934 128.15493463352323 32.085351996123791 83.118799138814211 167.28624361753464 76.534144312143326 103.60553601384163 138.27421076223254 40.391706265509129
leaf_count=414 64 702 2693 1009 323 2231 1153 178 852 1718 450 615 1053 275
internal_value=0.00301267 0.00218466 0.00114097 0.00563563 -0.00120405 -0.00249143 -0.00539377 0.0208512 -0.0107625 -0.00013782 0.011518 -0.0027658 -0.00590113 0.027555
internal_weight=1988.52 1905.67 1749.8 597.524 1152.28 1074.22 572.824 82.8432 211.274 501.392 155.872 361.55 257.945 50.7579
internal_count=13730 13213 12349 3702 8647 8324 4375 517 2005 3949 864 2370 1755 339
is_linear=0
shrinkage=0.03


Tree=121
num_leaves=15
num_cat=0
split_feature=20 11 14 2 16 14 8 16 26 3 25 18 22 27
split_gain=31.9116 29.656 25.891 17.6115 15.1751 12.8232 9.25775 5.67656 4.94168 2.39438 2.14328 1.76243 1.58326 1.52483
threshold=0.94204301282539538 1.0000000180025095e-35 0.99996963805683803 0.20647653000594179 -0.049097558809597146 0.0093279185775006247 -1.2581740978376394 251.92631901505823 0.019032325829296152 8.9621725660151892 -0.067750847459714145 0.99901309760488255 0.00060037144381842043 1.1806752011101491
decision_type=10 2 2 2 8 2 10 8 8 10 8 10 2 10
left_child=1 2 3 4 8 6 9 10 13 -6 -7 -8 -3 -1
right_child=-2 12 -4 -5 5 7 11 -9 -10 -11 -12 -13 -14 -15
leaf_value=-0.0066558077963617887 0.029437814359837361 0.0082760979154546509 0.0082760979154546509 0.0040050051553405658 -0.0012839426887623167 -2.9871474995219263e-05 -0.0066558077963617887 0.0012241997387718781 -0.019661966524682443 -0.0039698752425620524 -0.0012839426887623167 -0.0039698752425620524 0.015634347104635835 -0.013158887160522116
leaf_weight=46.442377436906099 33.465112421661615 38.31326200067997 151.544712331146 179.04115658998489 333.51940239220858 106.97808928787708 249.61525068432093 276.59236996620893 44.300006993114948 56.424257181584835 355.13847197219729 29.865289639681578 67.122189566493034 8.9514353834092599
leaf_count=321 243 168 1466 957 2606 586 2284 1565 294 559 2058 219 339 60
internal_value=0.00237119 0.00183088 0.000917849 -0.000266088 -0.00155661 -0.000734639 -0.00379209 0.0012242 -0.012577 -0.00128394 -0.00128394 -0.00665581 0.0156343 -0.00665581
internal_weight=1977.31 1943.85 1838.41 1686.87 1507.83 1408.13 669.424 738.709 99.6938 389.944 462.117 279.481 105.435 55.3938
internal_count=13725 13482 12975 11509 10552 9877 5668 4209 675 3165 2644 2503 507 381
is_linear=0
shrinkage=0.03


Tree=122
num_leaves=14
num_cat=0
split_feature=1 13 32 34 28 18 25 1 9 14 8 2 28
split_gain=29.8277 24.4428 48.5107 24.6831 11.9913 5.65852 5.1517 7.44474 7.69652 5.2825 3.65772 2.2829 0.982027
threshold=-0.25797866040431766 150.2151162790698 53.788169872085966 57.042957042957049 5.5000000000000009 0.081687308919095106 -0.4700036292457353 10.319366698766155 3.1838417996611303 0.23415845756918605 -0.8561400698239251 0.4154761904761905 10.500000000000002
decision_type=8 8 2 2 2 10 8 10 10 2 10 2 2
left_child=11 3 -3 4 -2 -4 -5 9 12 10 -8 -1 -9
right_child=1 2 5 6 -6 -7 7 8 -10 -11 -12 -13 -14
leaf_value=0.011149347217856697 -0.0030142571477271437 0.011149347217856697 0.0019281505969539229 -0.0030142571477271437 0.0019281505969539229 0.0065387489074053102 -0.0091767773010998869 -0.024541943948261709 -0.014291061117391361 -0.0061641164182650804 -0.014291061117391361 0.023918822260537844 -0.045877419726610406
leaf_weight=20.584667958319187 131.45775966718793 315.70976620540023 522.36388077586889 14.722985215485094 519.22658485174179 72.654870055615902 68.949293911457062 9.7285852953791636 19.342477433383465 143.70799097418785 74.626818500459194 54.347750524058938 9.0455214940011484
leaf_count=126 782 2315 4457 101 3098 440 487 71 140 748 567 346 54
internal_value=0.00255013 0.00179054 0.00532475 -0.00146845 0.00192815 0.00192815 -0.00795666 -0.00931398 -0.0211775 -0.00740458 -0.0121894 0.0205082 -0.0347928
internal_weight=1976.47 1901.54 910.729 990.808 650.684 595.019 340.124 325.401 38.1166 287.284 143.576 74.9324 18.7741
internal_count=13732 13260 7212 6048 3880 4897 2168 2067 265 1802 1054 472 125
is_linear=0
shrinkage=0.03


Tree=123
num_leaves=15
num_cat=0
split_feature=20 0 14 16 32 25 22 20 18 3 9 28 2 13
split_gain=37.7479 24.3295 18.508 16.1268 15.4584 13.3006 9.75378 5.42927 4.06782 4.0422 4.01653 3.15153 3.4489 1.24087
threshold=0.38512812459454754 -0.10538820265864453 0.33279431260683118 178.43174699288781 53.788169872085966 0.89006746907030199 0.00033274160380107718 0.94204301282539538 0.96991349781219804 0.2532661734244635 inf 15.500000000000002 0.14884920634920637 -0.60890946085340347
decision_type=10 8 2 8 2 8 2 10 8 8 8 2 2 8
left_child=1 -1 3 6 -5 -4 8 9 11 -2 -6 12 -3 -8
right_child=7 2 5 4 10 -7 13 -9 -10 -11 -12 -13 -14 -15
leaf_value=0.011029172669679083 0.021332375595211991 -0.016970409651109918 0.0056961525645205114 0.0014714725642347611 -0.0025900719703894131 0.0014714725642347611 -0.0064249420019048802 0.029947905635989064 -0.0064249420019048802 0.011029172669679083 -0.00055929970307732615 -0.0095087809375055919 -0.0095087809375055919 -0.0025900719703894131
leaf_weight=78.517866846174002 29.113207839429379 151.77891195192933 416.9568486623466 167.56024311482906 425.9341036900878 174.20863036811352 40.268319092690945 34.794840203598142 51.393627636134624 22.822204183787107 161.01676489412785 28.165053464472294 13.189082324504851 177.34207013249397
leaf_count=497 172 1201 2698 813 3739 1025 307 250 382 126 1192 205 67 1041
internal_value=0.00209017 0.00117308 0.000363132 -0.00175255 0.000953695 0.0046955 -0.00613384 0.0208853 -0.0102598 0.0127168 -0.00259007 -0.0125926 -0.0150254 -0.00259007
internal_weight=1973.06 1886.33 1807.81 1216.65 754.511 591.165 462.137 86.7303 244.527 51.9354 586.951 193.133 164.968 217.61
internal_count=13715 13167 12670 8947 5744 3723 3203 548 1855 298 4931 1473 1268 1348
is_linear=0
shrinkage=0.03


Tree=124
num_leaves=15
num_cat=0
split_feature=20 14 3 12 33 11 9 34 29 27 14 28 30 28
split_gain=32.4478 24.998 23.7066 14.1815 9.20226 7.35808 6.03578 5.31206 6.73324 3.49347 3.17248 2.23125 3.78092 1.85369
threshold=0.82743593613556066 1.8326806622280249 -0.107476787000178 1.0000000180025095e-35 46.978418406989839 0.21119347731063953 0.036311275405079634 41.654179154179168 61.423327089161269 1.5064870399942487 1.0000000180025095e-35 1.5000000000000002 68.188953903239636 6.5000000000000009
decision_type=10 2 10 2 2 2 8 2 2 8 2 2 2 2
left_child=1 2 6 4 9 7 -1 -6 10 -4 13 -10 -13 -9
right_child=-2 -3 3 -5 5 -7 -8 8 11 -11 -12 12 -14 -15
leaf_value=0.0029186312032248602 0.024823977980168759 0.013224520933768087 0.00030486990208202029 0.0029186312032248602 -0.0038503167782718761 -0.0019711078857770265 0.0070276202850325037 -0.007680051483450882 -0.010177657443635456 -0.0019711078857770265 -0.0057736419677290561 -0.010177657443635456 -0.022337226542891424 -0.010177657443635456
leaf_weight=218.70910333096981 50.878787288442254 87.839947450906038 412.12675272673368 121.70622590184212 260.14752563089132 52.176951766014099 216.68547228351235 106.6494430936873 17.288809478282928 52.376351810991764 203.22387433424592 31.886716675013304 52.121337775141001 96.34794706851244
leaf_count=1377 338 873 2533 621 1740 218 1244 1001 171 306 1330 388 615 1042
internal_value=0.00228216 0.00162506 0.00083072 -0.00106816 -0.00230889 -0.00424709 0.00690542 -0.00572953 -0.00769697 0.00030487 -0.00584122 -0.0145141 -0.0173077 -0.00958646
internal_weight=1980.17 1929.29 1841.45 1406.05 1284.35 819.843 435.395 767.666 507.518 464.503 406.221 101.297 84.0081 202.997
internal_count=13797 13459 12586 9965 9344 6505 2621 6287 4547 2839 3373 1174 1003 2043
is_linear=0
shrinkage=0.03


Tree=125
num_leaves=15
num_cat=0
split_feature=12 2 32 13 18 28 20 1 8 0 28 9 14 16
split_gain=30.3711 21.7623 20.7674 33.1844 11.9992 8.27672 7.47529 7.0525 3.35315 2.43121 1.62339 1.47586 0.567684 0.332454
threshold=0.042544464893621646 0.22295321637426904 53.788169872085966 59.617761420004825 0.078245826800036042 4.5000000000000009 0.53273444203789311 0.25911057755973227 0.0099145265263187472 0.56281886734491604 7.5000000000000009 0.077565820493786033 0.0025711040402093166 0.093126791726135416
decision_type=2 2 2 8 10 2 10 10 10 8 2 10 2 8
left_child=1 2 3 -1 5 -4 8 11 9 -7 -9 -2 -10 -6
right_child=7 -3 4 -5 13 6 -8 10 12 -11 -12 -13 -14 -15
leaf_value=-9.7826767168064719e-05 0.015884669055674819 0.0089156923722572955 -0.0032358636399831163 0.0047368766139862968 -0.0032358636399831163 -0.0075977812060426843 -0.0032358636399831163 0.015884669055674819 -0.017392979948040749 -0.012167840467000125 0.0089156923722572955 0.025661276406648323 -0.012167840467000125 -9.7826767168064719e-05
leaf_weight=683.23549355752766 8.6228155344724637 168.29310623556376 209.34189904108644 312.79284620657563 76.623160816729069 59.094921808689833 14.9399551525712 19.899520896375179 101.90192347764969 77.460880685597658 47.390905076637864 58.993250926956534 5.4190746173262587 128.18825833499432
leaf_count=3861 50 993 1746 2275 656 506 72 105 1119 828 257 333 78 899
internal_value=0.00269239 0.00166158 0.000558061 0.00330232 -0.00349797 -0.0063739 -0.0100252 0.0161698 -0.0119597 -0.00831487 0.00891569 0.0228536 -0.0160208 -9.78268e-05
internal_weight=1972.2 1837.29 1669 996.028 672.97 468.159 258.817 134.906 243.877 136.556 67.2904 67.6161 107.321 204.811
internal_count=13778 13033 12040 6136 5904 4349 2603 745 2531 1334 362 383 1197 1555
is_linear=0
shrinkage=0.03


Tree=126
num_leaves=15
num_cat=0
split_feature=20 12 2 32 13 17 26 34 21 3 13 4 17 35
split_gain=35.2722 26.3316 16.4049 20.1065 29.4039 9.61869 13.9174 5.52757 4.37569 1.83978 1.16161 0.838842 0.472901 0.470515
threshold=0.90780002431892515 0.042544464893621646 0.22559523809523815 54.845154845154845 59.617761420004825 1.0000000180025095e-35 -0.0019277221188609415 46.982184482184486 0.00018131052716969644 -0.08527470554920269 -1.0000000180025095e-35 -0.023189036774661796 0.15869576313746001 46.678321678321687
decision_type=10 2 2 2 8 2 10 2 2 10 10 10 2 8
left_child=1 2 3 4 -1 6 -5 11 12 -4 -9 -8 -3 -11
right_child=-2 8 9 5 -6 -7 7 10 -10 13 -12 -13 -14 -15
leaf_value=-0.00074941276806974135 0.029022932268622129 0.0078070667769074148 0.0078070667769074148 -0.0036028422532419736 0.0038941840907061511 -0.00074941276806974135 -0.0076079094446259701 -0.017275879911989575 0.015465060360186876 0.005850625433806783 -0.011679379101603125 -0.011679379101603125 0.011636063568547147 0.0038941840907061511
leaf_weight=679.90285131707788 39.206012731418014 33.488014817237854 95.84972570836544 235.6038559563458 309.9314943999052 148.52096049115062 53.36901530623436 125.33322127535939 80.873454540967941 21.913720782846212 11.71126753464341 63.579321373254061 15.969467297196386 52.613680154085159
leaf_count=3845 277 175 572 1999 2244 1158 431 1484 421 127 121 554 93 292
internal_value=0.0025196 0.00190719 0.000944113 -1.86986e-05 0.0026538 -0.00415263 -0.00645627 -0.011613 0.01467 0.00780707 -0.0157508 -0.00760791 0.00780707 0.00389418
internal_weight=1967.87 1928.66 1798.33 1627.95 989.834 638.118 489.597 253.993 130.331 170.377 137.044 116.948 49.4575 74.5274
internal_count=13793 13516 12827 11836 6089 5747 4589 2590 689 991 1605 985 268 419
is_linear=0
shrinkage=0.03


Tree=127
num_leaves=15
num_cat=0
split_feature=1 11 12 17 16 8 22 2 0 32 2 32 32 28
split_gain=28.2983 24.0611 15.7742 12.176 10.1762 8.40436 8.42649 6.53553 5.31677 4.1448 1.87933 0.868985 0.769796 0.42799
threshold=-0.25797866040431766 1.0000000180025095e-35 1.0000000180025095e-35 0.074188011264120141 251.92631901505823 -0.28537863885607967 0.00032300772464064555 0.082875457875457886 0.62591620707229401 48.985629754860533 0.41702898550724643 58.537616229923934 47.956588865679784 7.5000000000000009
decision_type=8 2 2 2 8 10 2 2 10 2 2 2 2 2
left_child=10 2 3 5 -5 8 7 9 -2 -7 -1 -8 -10 -11
right_child=1 -3 -4 4 -6 6 11 -9 12 13 -12 -13 -14 -15
leaf_value=0.011264659575621805 0.00042038097024846716 0.011264659575621805 0.0061401046689631587 0.00042038097024846716 0.0031161427659952756 -0.0096810994451371393 -0.0027789867338660372 -0.0062939861264961032 -0.001179302881808785 -0.013445569951119424 0.023686837983273663 -0.0062939861264961032 -0.0027789867338660372 -0.018920206055689417
leaf_weight=17.873239669948816 328.15506639331579 108.70767721906304 113.03054747544229 477.07812670990825 253.66573354229331 78.212422333657742 94.429925255477428 26.124378189444542 58.465187981724739 16.411364901810884 53.038115220144391 60.608328577131033 192.69613428786397 91.306239819154143
leaf_count=114 2218 548 607 2870 1766 523 601 149 346 185 346 594 1938 1025
internal_value=0.00264246 0.00191912 0.00101555 9.21809e-05 0.00299003 -0.00214927 -0.0056675 -0.00980899 0.000109528 -0.0130682 0.0206102 -0.00277899 -0.00277899 -0.01721
internal_weight=1969.8 1898.89 1790.18 1677.15 730.744 946.409 367.093 212.054 579.316 185.93 70.9114 155.038 251.161 107.718
internal_count=13830 13370 12822 12215 4636 7579 3077 1882 4502 1733 460 1195 2284 1210
is_linear=0
shrinkage=0.03


Tree=128
num_leaves=15
num_cat=0
split_feature=12 13 32 34 1 27 2 33 18 12 25 9 18 1
split_gain=26.0889 18.2975 43.1375 11.1445 8.98004 7.77477 4.37575 5.12033 3.91418 2.22477 1.41596 1.40871 0.743422 0.239423
threshold=0.044375418204102117 52.084231798424774 53.788169872085966 57.042957042957049 0.25911057755973227 1.1653779849803712 0.14274267399267401 55.044955044955046 0.99555591964590018 1.5454864769933265 0.84881921421325324 0.085920223718661509 0.99999855756485645 1.4139397550422639
decision_type=2 8 2 2 10 8 2 2 8 2 8 10 10 8
left_child=1 3 -3 5 11 -1 7 10 13 -6 -5 -2 -12 -9
right_child=4 2 -4 6 9 -7 -8 8 -10 -11 12 -13 -14 -15
leaf_value=0.001439225412312713 0.015297040192829108 0.0081151781535648108 0.001439225412312713 -0.005000387649130896 0.0081151781535648108 -0.00248463073508348 -0.00248463073508348 -0.014172084622972847 -0.0090692089008947603 0.015297040192829108 -0.0090692089008947603 0.025239672146946127 -0.0070347982750128286 -0.022479318264297381
leaf_weight=445.73982497304678 9.5184592455625516 327.66772126965225 584.0968049056828 163.19664564356208 51.489212391898036 136.99031321331859 23.079032998532057 15.8747103177011 47.472797695547342 19.210387982428074 32.874303095042706 56.94987864792347 15.159670874476431 33.004597436636686
leaf_count=2696 54 2410 4903 1026 275 854 137 114 299 104 213 326 97 248
internal_value=0.00240884 0.00144049 0.00443574 -0.00155729 0.0147899 0.000943335 -0.0059126 -0.00751614 -0.013138 0.00811518 -0.00500039 0.0224789 -0.00906921 -0.019275
internal_weight=1962.32 1825.16 911.765 913.392 137.168 582.73 330.662 307.583 96.3521 70.6996 211.231 66.4683 48.034 48.8793
internal_count=13756 12997 7313 5684 759 3550 2134 1997 661 379 1336 380 310 362
is_linear=0
shrinkage=0.03


Tree=129
num_leaves=15
num_cat=0
split_feature=20 11 3 14 13 9 21 4 18 30 22 16 2 2
split_gain=27.7822 25.611 22.0512 20.1207 10.8296 9.77108 9.00517 8.92352 8.07835 5.79724 2.603 1.48996 1.35726 1.23051
threshold=0.94204301282539538 1.0000000180025095e-35 -0.107476787000178 0.17166264844124393 23.09372303478013 3.1838417996611303 1.0000000180025095e-35 2.9912134293676584 0.28366433485667158 63.078588078588083 0.00060037144381842043 251.92631901505823 0.083670715249662631 0.13995726495726499
decision_type=10 2 10 2 8 8 2 8 10 2 2 8 2 2
left_child=1 2 4 5 13 6 8 -5 9 12 -3 -7 -4 -1
right_child=-2 10 3 7 -6 11 -8 -9 -10 -11 -12 -13 -14 -15
leaf_value=0.0028921397511615337 0.027519286940526817 0.0078627140736500407 -0.013210752991870306 0.0028921397511615337 0.0078627140736500407 -0.0034108114266055045 -0.0034108114266055045 -0.00054121375375353043 -0.00641996214697767 -0.020891765017081225 0.014698325583315351 -0.00054121375375353043 -0.0097507999274825102 0.0053774269124057875
leaf_weight=133.52252893894911 33.831836612895131 41.434085946530104 136.74984696507454 452.57398828491569 284.34768908470869 55.849460851401091 202.59833112359047 124.22131326422095 111.14075629040599 62.331753797829151 63.812806762754917 191.8341113999486 36.073301836848259 43.036553457379341
leaf_count=764 253 183 1416 2627 1926 439 1355 693 925 820 330 1666 215 259
internal_value=0.00238542 0.00187736 0.0010271 -0.000883108 0.00666739 -0.00397457 -0.00628041 0.00289214 -0.00942911 -0.0130816 0.0146983 -0.000541214 -0.00975655 0.00289214
internal_weight=1973.36 1939.53 1834.28 1373.37 460.907 796.578 548.894 576.795 346.296 235.155 105.247 247.684 172.823 176.559
internal_count=13871 13618 13105 10156 2949 6836 4731 3320 3376 2451 513 2105 1631 1023
is_linear=0
shrinkage=0.03


Tree=130
num_leaves=15
num_cat=0
split_feature=3 11 18 1 9 14 32 22 14 21 29 13 21 21
split_gain=22.0808 19.4275 15.4346 16.5354 12.2878 7.92175 5.56163 3.88598 3.25466 2.96495 2.66174 2.60821 2.42789 1.10626
threshold=-0.63111392298424607 1.0000000180025095e-35 0.97680694029945103 0.85825824961268149 0.53689005370546017 0.093428299330293604 59.198493813878436 0.0083957683073413083 0.75878290079484489 1.0000000180025095e-35 58.542408108042487 13.308177283219196 0.0020633078577058732 0.12655281216523084
decision_type=8 2 10 10 8 2 2 2 2 2 2 8 2 2
left_child=-1 2 3 5 7 9 10 8 12 -2 -6 -4 -5 -8
right_child=1 -3 11 4 6 -7 13 -9 -10 -11 -12 -13 -14 -15
leaf_value=0.019343907415294886 -0.0010023149321842682 0.010495856357103929 0.0026054287110017543 -0.021620769823195465 -0.0010023149321842682 0.0026054287110017543 -0.0068673830776076706 -0.0068673830776076706 -0.010668986564577697 0.00080155688940874309 -0.0039348490048959697 0.0056751452753045816 -0.014182371262504986 -0.0039348490048959697
leaf_weight=60.743539014831185 336.4908775947988 105.22164281643927 154.09109071455896 76.792855458334088 293.66564040072262 356.72736762464046 88.08668022416532 17.031444549560547 19.238627023994923 167.21715255826712 79.02113363519311 159.88950294628739 26.340526081621647 11.472823753952978
leaf_count=389 2500 545 986 746 1900 2358 1083 115 127 1035 646 1083 193 97
internal_value=0.00224649 0.00164781 0.000854434 -0.000464288 -0.00421682 0.00221219 -0.00185359 -0.0118812 -0.0144706 -0.00100231 -0.00100231 0.00567515 -0.0176958 -0.00686738
internal_weight=1952.03 1891.29 1786.07 1472.09 611.65 860.435 472.246 139.403 122.372 503.708 372.687 313.981 103.133 99.5595
internal_count=13803 13414 12869 10800 4907 5893 3726 1181 1066 3535 2546 2069 939 1180
is_linear=0
shrinkage=0.03


Tree=131
num_leaves=15
num_cat=0
split_feature=12 14 1 1 34 35 16 18 29 13 24 32 14 12
split_gain=24.0092 16.3064 13.1721 9.21813 9.0803 8.9372 6.54865 4.94457 3.24434 2.84393 2.81863 2.20873 1.91423 1.24952
threshold=0.042544464893621646 0.99996963805683803 -1.0000000180025095e-35 0.25911057755973227 57.463369963369971 40.442890442890452 178.43174699288781 0.49282082593349646 62.235647039115321 23.09372303478013 -1.0512471108195622 58.308824043089786 0.80049716655767511 1.2739370334307045
decision_type=2 2 10 10 2 8 8 8 2 8 10 2 2 2
left_child=1 2 9 -2 6 -6 10 12 -9 -1 -4 -8 -7 -5
right_child=3 -3 4 13 5 7 11 8 -10 -11 -12 -13 -14 -15
leaf_value=0.0021490622964767448 0.022927881067657901 0.0084895141299865928 -0.0017798179881710952 0.0084895141299865928 -0.0017798179881710952 -0.019345858801881621 0.0021490622964767448 -0.0049832996880072632 -0.010781341231642608 0.0047670710198037666 0.00021198593444578809 0.00021198593444578809 -0.010781341231642608 0.015708697598822246
leaf_weight=155.14686305448413 64.427849531173706 143.96796791255474 425.26029980182648 45.005391836166382 82.079628545790911 47.478688551113009 243.37901637144387 160.89129916206002 42.40131313726306 237.15713287144899 38.370273277163506 230.076027456671 8.6481412872672063 21.536650449037552
leaf_count=881 378 1468 2626 239 673 349 1373 1320 508 1418 193 2157 43 115
internal_value=0.00286566 0.00194893 0.00104463 0.0150301 -0.000468946 -0.0046199 0.00106026 -0.00818678 -0.00575328 0.00476707 -0.00172509 0.00214906 -0.0158094 0.00848951
internal_weight=1945.83 1814.86 1670.89 130.97 1278.58 341.499 937.086 259.419 203.293 392.304 463.631 473.455 56.1268 66.542
internal_count=13741 13009 11541 732 9242 2893 6349 2220 1828 2299 2819 3530 392 354
is_linear=0
shrinkage=0.03


Tree=132
num_leaves=15
num_cat=0
split_feature=20 11 14 3 13 28 18 18 14 22 28 4 13 1
split_gain=27.1793 24.6126 20.1306 12.981 12.6391 12.863 8.93974 8.75549 7.43911 6.42378 3.44489 5.30434 2.75894 2.2585
threshold=0.94204301282539538 1.0000000180025095e-35 0.99996963805683803 -0.107476787000178 150.2151162790698 4.5000000000000009 0.99999855756485645 0.017276104153641791 0.047008467688552706 0.00032300772464064555 6.5000000000000009 -0.86082325419610806 1.5396726026959879 23.984732185223439
decision_type=10 2 2 8 8 2 8 10 2 2 2 10 10 8
left_child=1 2 3 -1 5 6 12 -6 9 10 -7 -12 -5 -10
right_child=-2 -3 -4 4 7 8 -8 -9 13 -11 11 -13 -14 -15
leaf_value=0.0039865412415802867 0.027024628419953581 0.014515929354196478 0.007841961053051346 -0.019437346231868671 -0.0009307872004592966 -0.0085763715756860641 -0.0020431166391040377 0.0015594763292440378 -0.0009307872004592966 -0.0040274886913378993 -0.0085763715756860641 -0.022463671905406685 -0.0092577013920578759 -0.0040274886913378993
leaf_weight=115.75012026354671 34.952090399339795 102.71111334115267 144.15169627964497 73.90727161616087 541.84877474233508 17.667985256761312 65.099594868719578 181.04886372759938 402.69946211576462 89.142285138368607 19.631958559155464 49.492358472198248 22.249022640287876 82.268971867859364
leaf_count=633 259 502 1449 504 4683 162 406 1118 2152 656 143 511 128 428
internal_value=0.00252557 0.00200723 0.00116799 0.000131121 -0.000867589 -0.00342105 -0.0108838 0.00155948 -0.00153214 -0.00712419 -0.0131253 -0.017086 -0.0164723 -0.000930787
internal_weight=1942.62 1907.67 1804.96 1660.81 1545.06 822.159 161.256 722.898 660.903 175.935 86.7923 69.1243 96.1563 484.968
internal_count=13734 13475 12973 11524 10891 5090 1038 5801 4052 1472 816 654 632 2580
is_linear=0
shrinkage=0.03


Tree=133
num_leaves=15
num_cat=0
split_feature=20 2 18 14 27 22 1 32 4 9 13 0 7 1
split_gain=32.7165 21.9491 17.3275 16.4077 10.0301 9.95605 6.7441 5.98275 4.96922 4.46247 4.43752 3.61076 2.31044 1.83986
threshold=0.82743593613556066 0.28660714285714289 0.98215419233086287 0.19096490195938362 -0.28540416418385023 1.0000000180025095e-35 0.84457850714912264 58.537616229923934 -0.070608920545356016 0.68887257317019934 13.308177283219196 0.19736780207521043 0.52557034009680159 0.54147951069809297
decision_type=10 2 10 2 10 2 10 2 10 10 8 10 10 8
left_child=1 2 3 4 -1 8 -5 -7 -6 -10 -4 -3 -2 -9
right_child=12 11 10 6 5 7 -8 13 9 -11 -12 -13 -14 -15
leaf_value=-3.6632089988661716e-05 0.029659286174892004 0.013650478451148943 0.0030354381537300579 0.0030354381537300579 -0.0070135521804044502 -0.0026892769753132 -3.6632089988661716e-05 -0.0048514145778588242 -0.024102212167223341 -0.012069476054674389 0.0066841661586999404 0.0066841661586999404 0.013650478451148943 -0.0070135521804044502
leaf_weight=282.40840447694063 36.295244323089719 100.19872532784939 153.90891715884209 297.86694400385022 107.81855375319719 270.8226355984807 255.03879607468843 88.989693686366081 41.485244946554303 31.201711930334568 159.98708476126194 48.622263733297586 11.926625501364468 79.65886540338397
leaf_count=2160 267 605 969 2006 865 1602 1405 768 457 367 1084 279 77 995
internal_value=0.00237102 0.00172256 0.000775236 -0.00061329 -0.0031087 -0.00534192 0.00303544 -0.0028439 -0.0111832 -0.0171254 0.00668417 0.0125931 0.0255784 -0.00701355
internal_weight=1966.23 1918.01 1769.19 1455.29 902.385 619.977 552.906 439.471 180.506 72.687 313.896 148.821 48.2219 168.649
internal_count=13906 13562 12678 10625 7214 5054 3411 3365 1689 824 2053 884 344 1763
is_linear=0
shrinkage=0.03


Tree=134
num_leaves=15
num_cat=0
split_feature=20 2 14 12 18 32 13 8 34 3 2 34 9 28
split_gain=29.2252 22.9061 18.7532 12.3192 10.6798 12.719 10.0952 7.65688 2.58426 2.33033 2.32183 1.01669 0.74786 0.522266
threshold=0.93792492401601923 0.50892857142857151 0.99930160317117578 1.0000000180025095e-35 0.14877947576515865 53.788169872085966 inf 1.0000000180025095e-35 44.122544122544134 -0.94951187661970138 0.049652777777777789 45.754245754245758 0.54224138436965885 1.5000000000000002
decision_type=10 2 2 2 10 2 8 10 2 10 2 2 10 2
left_child=1 2 3 4 5 -1 12 8 -7 -10 11 -9 -6 -11
right_child=-2 -3 -4 -5 6 7 -8 10 9 13 -12 -13 -14 -15
leaf_value=-0.0012491942161786855 0.027666337336419922 0.014522834349722123 0.0076405523321748641 0.0037018394723894576 -0.0012491942161786855 -0.0040571333688938019 0.0012623727940712975 -0.012201894741299199 -0.0056351462869299786 -0.0072282124317038067 -0.0088212785764776348 -0.019307369432931962 6.5892889463060526e-06 -0.0088212785764776348
leaf_weight=255.17153394594789 33.8619817905128 54.879414688795805 164.51677049696445 123.25520931184292 344.43958374112844 128.7926160171628 163.2230823636055 49.86400281265378 64.903869956731796 39.610680483281612 27.735669381916523 52.075482284650207 302.25268498063087 143.17321752011776
leaf_count=1377 256 345 1653 614 2067 953 990 463 375 380 158 771 1854 1574
internal_value=0.001906 0.00137933 0.00075827 -0.000236873 -0.00117709 -0.00371674 0.00121835 -0.00686507 -0.00459109 -0.00721316 -0.0130515 -0.0155825 -0.00124919 -0.00882128
internal_weight=1947.76 1913.89 1859.01 1694.5 1571.24 761.327 809.915 506.156 376.48 247.688 129.675 101.939 646.692 182.784
internal_count=13830 13574 13229 11576 10962 6051 4911 4674 3282 2329 1392 1234 3921 1954
is_linear=0
shrinkage=0.03


Tree=135
num_leaves=15
num_cat=0
split_feature=20 2 11 33 21 9 16 33 16 14 13 13 19 14
split_gain=26.2084 20.2062 14.824 15.062 11.2556 9.90173 8.1328 5.82409 2.71544 4.5256 2.70838 1.25323 1.15141 0.861262
threshold=0.94204301282539538 0.50892857142857151 1.0000000180025095e-35 47.165532879818606 1.0000000180025095e-35 0.70393695053644401 251.92631901505823 57.73670773670775 3.6085040889304358 0.0016279874840512353 10.137840605137804 -0.10532598191162452 1.4552705173520446 0.44482537614455092
decision_type=10 2 2 2 2 8 8 2 8 2 8 10 8 2
left_child=1 2 3 6 5 7 13 -5 11 -10 12 -9 -7 -1
right_child=-2 -3 -4 4 -6 10 -8 8 9 -11 -12 -13 -14 -15
leaf_value=0.0015306287917203456 0.027958919199813068 0.015060340116913033 0.008326440740022225 -0.0038503713242196112 0.0015306287917203456 -0.0023552978250907224 0.0045965180728286181 -0.021597243130953476 -0.011306679917039113 -0.0068898348018908073 -0.00086022432596183384 -0.011306679917039113 -0.0038503713242196112 0.0030635734322744818
leaf_weight=238.46255332604051 31.158410266973078 53.816971272230148 102.83701349794865 145.82324271276593 271.74551454558969 56.668605979532003 290.41306774318218 21.461016112938523 102.86038966104388 62.725922644138336 302.42074287310243 44.262846272438765 89.984854966402054 149.18932285532355
leaf_count=1487 244 340 502 1079 1792 422 2099 200 1011 433 2575 301 625 835
internal_value=0.00264103 0.00216176 0.00159254 0.000866595 -0.00130419 -0.00325108 0.00436545 -0.00684052 -0.0099293 -0.00748119 -0.000860224 -0.0151322 -0.00385037 0.00153063
internal_weight=1963.83 1932.67 1878.86 1776.02 1097.95 826.208 678.065 377.133 231.31 165.586 449.074 65.7239 146.653 387.652
internal_count=13945 13701 13361 12859 8438 6646 4421 3024 1945 1444 3622 501 1047 2322
is_linear=0
shrinkage=0.03


Tree=136
num_leaves=15
num_cat=0
split_feature=11 14 0 21 16 18 7 13 28 17 6 22 14 8
split_gain=28.3184 20.1956 11.5454 10.6531 20.4792 12.0175 8.79349 6.31784 4.91902 7.02268 3.10745 3.0519 2.54034 0.93941
threshold=1.0000000180025095e-35 0.99996963805683803 -0.10538820265864453 1.0000000180025095e-35 8.3522665048185516 0.29810903272246764 0.44387919307138196 3.3661430915414745 5.5000000000000009 0.63631968336624467 -0.40474959110128267 0.0072884259652145579 0.27280545561529407 -2.9983170795021699
decision_type=2 2 8 2 8 10 8 8 2 2 2 2 2 10
left_child=1 2 -1 4 6 10 12 11 -2 -10 -6 -8 13 -4
right_child=8 -3 3 -5 5 -7 7 -9 9 -11 -12 -13 -14 -15
leaf_value=0.0046430963843127268 0.027508516564254258 0.0090683833378929716 -0.0062971818226349634 0.0020475182336920873 -0.002028270144262663 -7.9446876897058813e-07 -0.020214582251031933 -0.0085432864215733914 0.0090683833378929716 0.027906938890476646 -0.004055745819756356 -0.012874817856385713 -0.004055745819756356 -0.0085432864215733914
leaf_weight=75.493164651095867 27.431912736967206 148.05712018534541 26.335742920637131 400.85017343983054 115.42129455506802 316.92528661713004 105.56470403075218 45.532899416983128 60.898668946698308 15.553231421858071 434.62286630272865 16.331289209425449 69.6976133659482 89.942818706855178
leaf_count=461 131 1540 191 2454 933 1839 809 279 300 118 3633 101 350 725
internal_value=0.0020743 0.00119345 0.000217809 -0.00054806 -0.00204911 -7.94469e-07 -0.0081107 -0.0130308 0.0169433 0.0116965 -0.00405575 -0.0172063 -0.00405575 -0.00853862
internal_weight=1948.66 1844.77 1696.72 1621.22 1220.37 866.969 353.405 167.429 103.884 76.4519 550.044 121.896 185.976 116.279
internal_count=13864 13315 11775 11314 8860 6405 2455 1189 549 418 4566 910 1266 916
is_linear=0
shrinkage=0.03


Tree=137
num_leaves=15
num_cat=0
split_feature=20 1 12 13 32 28 9 35 17 4 32 1 22 16
split_gain=25.8332 23.0885 17.5806 15.4793 22.2343 19.3939 15.3007 4.72937 3.52104 3.65512 2.81334 2.20898 1.79972 2.39983
threshold=0.94204301282539538 -0.16508803239369066 0.042544464893621646 150.2151162790698 53.788169872085966 5.5000000000000009 0.048707069540808647 73.384948384948402 0.034440571082389015 -0.057862360144972737 42.4453169208414 0.68758864048337121 3.3146444981200439e-06 37.04639163889707
decision_type=10 8 2 8 2 2 10 8 2 10 2 10 2 8
left_child=1 -1 3 5 -5 7 8 10 -7 -10 -3 -9 13 -8
right_child=-2 2 -4 4 -6 6 12 11 9 -11 -12 -13 -14 -15
leaf_value=0.01433327798221801 0.026863841691957262 0.00032654674053489213 0.007715761394479461 0.0039644427099943501 0.00032654674053489213 -0.020098863546302526 -0.0057153215686910706 -0.0081337834142201689 -0.0057153215686910706 -0.013483493736959827 -0.007051971424010749 -0.015853659492331768 0.00032654674053489213 -0.0018844587870684947
leaf_weight=73.512038428336382 32.793417937122285 19.60616172850132 121.56288796290755 289.35384691134095 531.56948640570045 27.371065083891153 115.297672720626 86.013242572546005 46.410206072032452 15.844933040440081 30.682410977780819 87.281394544988871 416.63839372061193 44.68995232321322
leaf_count=487 262 96 645 2175 4678 173 791 515 270 90 209 605 2554 290
internal_value=0.00229466 0.00180271 0.00109824 0.000213124 0.00317421 -0.00252112 6.53237e-05 -0.0100613 -0.0117572 -0.00686812 -0.00174642 -0.0123575 0.000326547 -0.00409546
internal_weight=1938.63 1905.83 1832.32 1710.76 820.923 889.835 666.252 223.583 89.6262 62.2551 50.2886 173.295 576.626 159.988
internal_count=13840 13578 13091 12446 6853 5593 4168 1425 533 360 305 1120 3635 1081
is_linear=0
shrinkage=0.03


Tree=138
num_leaves=15
num_cat=0
split_feature=12 0 13 32 9 1 22 1 14 25 17 28 14 4
split_gain=28.2556 15.1411 15.7421 19.6538 14.8151 11.4879 6.38256 6.18592 3.51524 3.10485 2.99376 2.57892 2.01692 2.48384
threshold=0.042544464893621646 -1.0000000180025095e-35 150.2151162790698 53.788169872085966 0.50213339140813096 0.75949578474025004 0.0042451274648809207 2.558058274320997 0.19096490195938362 0.066166368176457727 0.0082815384011485568 7.5000000000000009 0.75878290079484489 0.1744138068331415
decision_type=2 8 8 2 10 10 2 10 2 8 2 2 2 10
left_child=1 -1 4 -4 5 8 12 10 11 -6 -2 -3 13 -7
right_child=7 2 3 -5 9 6 -8 -9 -10 -11 -12 -13 -14 -15
leaf_value=0.0090067686645433388 0.014138210131362705 -0.0041551599566858194 0.0051100515636655222 0.001341911416758788 0.001341911416758788 -0.015501852932805841 -0.0073504075228277089 0.0090067686645433388 -0.002001671660370641 -0.002001671660370641 0.025301784544664536 -0.0073504075228277089 -0.011979498374447327 -0.027581764254460978
leaf_weight=96.22022994980216 66.421788889914751 83.78357182815671 284.50057539157569 527.44741829298437 203.24810380861163 68.116569068282843 27.007345423102379 16.090777207165956 156.34742184728384 227.76802852004766 50.373137160204351 83.510752893984318 13.649145469069479 27.071600683033466
leaf_count=632 334 553 2145 4672 1233 510 155 88 848 1464 330 542 71 235
internal_value=0.00296485 0.00195571 0.00121333 0.00422205 -0.00153823 -0.00534525 -0.0125055 0.0160578 -0.00219528 0.00134191 0.0192697 -0.00630865 -0.0166086 -0.0190242
internal_weight=1931.56 1798.67 1702.45 811.948 890.503 459.486 135.845 132.886 323.642 431.016 116.795 167.294 108.837 95.1882
internal_count=13812 13060 12428 6817 5611 2914 971 752 1943 2697 664 1095 816 745
is_linear=0
shrinkage=0.03


Tree=139
num_leaves=15
num_cat=0
split_feature=3 27 13 32 34 1 28 27 18 33 0 28 16 29
split_gain=21.4336 13.6148 16.1431 25.3787 15.981 8.78838 7.33159 7.00807 4.25516 4.58783 1.13623 0.949599 0.822633 0.459405
threshold=-0.94951187661970138 -0.43305049367514975 68.440081406701424 53.788169872085966 57.042957042957049 11.178729971845524 9.5000000000000018 1.1030966236594901 0.88509952605958631 53.131313131313142 4.4013043357484856 1.5000000000000002 -1.0000000180025095e-35 48.956754157153767
decision_type=8 8 8 2 2 10 2 8 8 2 10 2 10 2
left_child=13 -2 4 -4 7 8 -7 -3 9 10 -6 -5 -10 -1
right_child=1 2 3 11 5 6 -8 -9 12 -11 -12 -13 -14 -15
leaf_value=0.023528941067355855 0.011836725408589415 0.0019486067413202316 0.0068687121211486023 0.0044086594312344168 -0.0048422549969330203 -0.011665895757255778 -0.032293890329517752 -0.0021132339091110524 -0.0048422549969330203 -0.011665895757255778 -0.0082540753770943987 0.0019486067413202316 -0.0021132339091110524 0.011836725408589415
leaf_weight=39.562525945715606 54.718810452148318 450.15167686436325 319.2506396509707 90.571389868855476 98.231851160526276 19.277769163250923 17.540817242115736 147.66671093925834 70.272662285715342 56.400073992088437 13.832367427647112 479.28774116560817 49.997883137315512 11.420799665153025
leaf_count=283 391 2744 2370 676 607 151 120 929 431 422 100 4157 325 60
internal_value=0.00296223 0.00240698 0.0019007 0.00477432 -0.000877109 -0.00617507 -0.0191023 0.00194861 -0.00422954 -0.00757128 -0.00484225 0.00194861 -0.00211323 0.0212665
internal_weight=1918.18 1867.2 1812.48 889.11 923.372 325.553 36.8186 597.818 288.735 168.464 112.064 569.859 120.271 50.9833
internal_count=13766 13423 13032 7203 5829 2156 271 3673 1885 1129 707 4833 756 343
is_linear=0
shrinkage=0.03


Tree=140
num_leaves=15
num_cat=0
split_feature=20 27 16 32 1 14 34 18 26 14 4 0 28 1
split_gain=24.7107 16.1286 16.196 23.983 13.0408 7.644 5.83606 5.65391 4.79706 4.14084 3.95873 3.34234 2.35393 2.24716
threshold=0.92229919352317524 -0.43305049367514975 251.92631901505823 53.788169872085966 11.178729971845524 0.39341081601057676 63.217615717615729 0.081687308919095106 -0.16565534688823022 0.00080900300649598288 -0.98328589779672482 16.183169022002378 10.500000000000002 0.12915601288678003
decision_type=10 8 8 2 10 2 2 10 8 2 10 10 2 10
left_child=1 9 4 11 5 8 -6 -5 -3 -1 -10 -4 -8 -12
right_child=-2 2 3 7 6 -7 12 -9 10 -11 13 -13 -14 -15
leaf_value=0.0079124171721426644 0.026507475040459416 -0.0011130560033802681 0.0079124171721426644 0.0010757111288711514 -0.0076448761522239358 0.0010757111288711514 -0.016578634380551942 0.004494064150506908 -0.0031024170935731949 0.014283283119508364 -0.0052334917729009844 0.004494064150506908 -0.034327161950558023 -0.0076448761522239358
leaf_weight=13.749533906579016 33.003791871480644 50.229937169700861 398.32253220304847 538.63655142113566 36.992802515625954 254.12779253348708 9.3673669733107108 80.907201029360294 124.59222466871142 42.329902149736881 61.756220187991858 55.887064248323441 13.02914949506521 222.09217894636095
leaf_count=117 264 328 2732 4672 223 1412 84 490 859 277 357 323 91 1594
internal_value=0.00254333 0.00205909 0.00154155 0.0039171 -0.00176567 -0.000593446 -0.0146963 0.00107571 -0.00330182 0.0142833 -0.00509178 0.00791242 -0.0255124 -0.00736457
internal_weight=1935.02 1902.02 1845.94 1073.75 772.188 712.798 59.3893 619.544 458.671 56.0794 408.441 454.21 22.3965 283.848
internal_count=13823 13559 13165 8217 4948 4550 398 5162 3138 394 2810 3055 175 1951
is_linear=0
shrinkage=0.03


Tree=141
num_leaves=15
num_cat=0
split_feature=20 14 11 0 9 25 16 27 34 3 17 32 0 20
split_gain=18.9938 14.4695 10.7844 11.2755 8.77336 6.03043 7.59284 4.26131 5.34832 3.94922 1.99378 1.59978 1.55846 1.19912
threshold=0.38512812459454754 0.99994319278045052 1.0000000180025095e-35 -0.10538820265864453 0.0062653524680269706 -0.054498795476221044 inf 1.9115958958607655 57.342657342657354 0.24580046750869647 0.4996503693896443 58.537616229923934 0.94562740194750472 0.92229919352317524
decision_type=10 2 2 10 8 8 8 8 2 10 2 2 10 10
left_child=1 2 3 -1 -5 -6 7 8 -7 -2 -3 -8 -9 -11
right_child=9 10 -4 4 5 6 11 12 -10 13 -12 -13 -14 -15
leaf_value=0.0028655811823482518 0.022272200557840998 0.0052995526468610585 0.0052995526468610585 -0.020317361262190949 0.00087674620250445068 -0.0029185266453944114 -0.00065170594362391331 -0.0070825283441914317 -0.0070825283441914317 0.0093775188534291655 0.0093775188534291655 -0.0029185266453944114 -0.010548498207340856 0.015824859705635082
leaf_weight=366.95892962813377 45.924419431015849 65.682574663311243 94.667452301830053 16.054866727441549 289.79928744211793 264.44439051486552 280.06246756762266 43.347005426883698 85.196438791230321 19.90741935372353 79.417165622115135 223.38603408820927 41.7931834384799 11.909775586798785
leaf_count=2198 346 607 427 130 2086 1625 1796 274 613 111 909 2291 330 73
internal_value=0.00265921 0.00202468 0.00122159 0.00043161 -0.00111209 -0.000779635 -0.00218016 -0.00518535 -0.00361656 0.0167304 0.00937752 -0.000651706 -0.0105485 0.00937752
internal_weight=1928.55 1850.81 1705.71 1611.04 1244.08 1228.03 938.23 434.781 349.641 77.7416 145.1 503.449 85.1402 31.8172
internal_count=13816 13286 11770 11343 9145 9015 6929 2842 2238 530 1516 4087 604 184
is_linear=0
shrinkage=0.03


Tree=142
num_leaves=15
num_cat=0
split_feature=1 20 13 32 28 34 8 1 28 11 3 17 14 3
split_gain=17.4009 16.3807 15.8057 22.6194 15.7138 10.5668 4.39744 6.32186 9.03286 4.28044 3.57956 3.04872 2.82426 1.82767
threshold=-1.4253735324078141 0.00078329944037832451 150.2151162790698 53.788169872085966 4.5000000000000009 57.042957042957049 -0.30462660984997741 10.319366698766155 13.500000000000002 0.17346105964698497 -0.28815329186999933 0.0052006801981258058 0.23415845756918605 1.668440815257308
decision_type=8 10 8 2 2 2 10 8 2 2 10 2 2 10
left_child=-1 2 4 -4 9 -6 -7 12 -9 10 -2 -5 -8 -3
right_child=1 13 3 11 5 6 7 8 -10 -11 -12 -13 -14 -15
leaf_value=0.021148551597581028 -0.0044289037394075461 0.011671633786345708 0.0065888778178403535 0.0016281903443372751 0.0016281903443372751 -0.0015450036277401729 -0.0093290162687579576 -0.0093290162687579576 -0.02903949029676399 0.0016281903443372751 -0.013558441197190128 0.004108534081088815 -0.0044865119043247933 0.0065888778178403535
leaf_weight=39.714919649064541 54.656589023768902 87.303557286970317 302.32788691669703 500.00758620351553 519.76565778814256 65.387914016842842 42.975360097363591 52.30534291267395 21.821519926190376 8.3765785992145521 109.12209984660149 57.150498010218143 66.483662642538548 12.852829225361345
leaf_count=273 319 586 2281 4447 3162 443 386 331 129 35 745 323 356 78
internal_value=0.00263604 0.00219472 0.00150612 0.00443527 -0.00117889 0.000673093 -0.0047182 -0.00742802 -0.0141715 -0.00923431 -0.010486 0.00162819 -0.00448651 0.0116716
internal_weight=1940.25 1900.54 1800.38 859.486 940.895 768.739 248.974 183.586 74.1269 172.155 163.779 557.158 109.459 100.156
internal_count=13894 13621 12957 7051 5906 4807 1645 1202 460 1099 1064 4770 742 664
is_linear=0
shrinkage=0.03


Tree=143
num_leaves=15
num_cat=0
split_feature=0 12 13 32 27 22 18 21 27 3 14 9 27 28
split_gain=17.2059 14.6828 15.2701 27.027 10.488 8.08807 5.84248 3.39501 2.71747 1.54683 1.30845 0.87399 0.726563 0.482033
threshold=-0.8348631728980318 1.0000000180025095e-35 101.40687743469452 53.788169872085966 2.017460570875651 3.3146444981200439e-06 0.87402661303296336 5.4645182231276038e-05 -0.2299181054074628 0.09787836797143798 0.047008467688552706 0.61164525891577781 1.0522356448728358 7.5000000000000009
decision_type=8 2 8 2 8 2 8 2 10 8 2 10 8 2
left_child=12 2 4 -4 5 8 9 -3 -2 -6 13 -11 -1 -7
right_child=1 7 3 -5 6 10 -8 -9 -10 11 -12 -13 -14 -15
leaf_value=0.02425755510527975 -0.0013484026196149228 0.0063062946977173609 0.0063062946977173609 0.0014249571205846542 -0.0090834380330739352 3.8277250484865766e-05 -0.0042152908533486973 0.011281722936226712 -0.0042152908533486973 -0.019591970440229853 0.0014249571205846542 -0.012818784509073878 0.011281722936226712 -0.0013484026196149228
leaf_weight=26.278030802495778 19.769951846450567 45.729761816561222 293.71156350430101 548.17391574755311 17.364619463682175 38.379877474159002 67.607437267899513 85.43714720569551 256.78602370433509 51.045389259234071 346.37643057852983 12.968940395861862 15.635373979806898 92.922178812325001
leaf_count=190 132 253 2258 4741 102 289 420 475 1688 367 1907 88 105 722
internal_value=0.00253011 0.00207558 0.00133087 0.00422584 -0.00137593 8.02092e-05 -0.00851079 0.0112817 -0.00412176 -0.0139516 0.00142496 -0.0165541 0.0204879 -0.0013484
internal_weight=1918.19 1876.27 1745.11 841.885 903.221 754.234 148.986 131.167 276.556 81.3789 477.678 64.0143 41.9134 131.302
internal_count=13737 13442 12714 6999 5715 4738 977 728 1820 557 2918 455 295 1011
is_linear=0
shrinkage=0.03


Tree=144
num_leaves=15
num_cat=0
split_feature=20 12 3 14 28 22 8 13 25 13 32 21 7 17
split_gain=22.3182 19.0418 16.3017 10.8728 10.1408 11.7102 11.8565 8.60841 8.18789 4.65761 3.29029 2.96198 2.57747 2.5111
threshold=0.94204301282539538 0.044375418204102117 -0.107476787000178 0.24642143288519938 8.5000000000000018 0.00061228708319181855 0.11352837695731478 23.09372303478013 0.89006746907030199 -0.14625692224843054 55.190613582221978 2.6527730054526942e-05 -0.87904477368920897 0.44732552677114407
decision_type=10 2 10 2 2 2 10 8 8 8 2 2 10 2
left_child=1 2 7 4 9 6 -6 -1 -5 13 -7 -3 -8 -4
right_child=-2 11 3 8 5 10 12 -9 -10 -11 -12 -13 -14 -15
leaf_value=0.0025224923912603031 0.025658768164438357 0.0068520611503416077 -0.014827700802182257 0.0025224923912603031 -0.0055044423742340804 -0.00015226753037234469 -0.011324329525571036 0.0068520611503416077 -0.00015226753037234469 -0.00015226753037234469 -0.0055044423742340804 0.01370010634593026 -0.019388440567397521 -0.0050850343110617775
leaf_weight=171.25577894225717 30.81829306576401 45.958991676568985 31.318646784871817 339.36386814340949 96.98663042485714 93.439435884356499 15.463832035660742 279.60411629453301 140.22038450092077 427.19848449900746 59.907509181648493 79.965449756011367 106.83673007041216 7.1659377589821807
leaf_count=1022 250 256 291 2030 914 534 143 1934 773 3656 539 421 1011 50
internal_value=0.00218971 0.00174144 0.000921572 -0.000767157 -0.00282703 -0.0064883 -0.0108566 0.00581214 0.00252249 -0.000152268 -0.000152268 0.0127826 -0.0171442 -0.0100178
internal_weight=1925.5 1894.69 1768.76 1317.9 838.317 372.634 219.287 450.86 479.584 465.683 153.347 125.924 122.301 38.4846
internal_count=13824 13574 12897 9941 7138 3141 2068 2956 2803 3997 1073 677 1154 341
is_linear=0
shrinkage=0.03


Tree=145
num_leaves=15
num_cat=0
split_feature=20 14 2 17 13 27 22 9 33 32 1 25 32 3
split_gain=22.3651 18.1875 13.6208 15.5889 14.3463 11.3588 11.4262 6.60779 5.20361 3.75081 2.48701 1.98511 1.77789 1.05326
threshold=0.94204301282539538 1.9252692060134797 0.30024132730015091 0.0052006801981258058 52.084231798424774 -0.11778303565638358 1.0000000180025095e-35 1.2342703793834811 67.201687201687221 58.478933653758837 0.3972528917886739 0.048864796604827017 47.802197802197817 14.426111880332774
decision_type=10 2 2 2 8 10 2 10 2 2 8 8 2 10
left_child=1 2 3 5 11 -1 7 8 12 -8 -11 -5 -7 -3
right_child=-2 13 -4 4 -6 6 9 -9 -10 10 -12 -13 -14 -15
leaf_value=0.00092353145604743853 0.026221490236514416 0.014325137486203288 0.0080571620527747113 0.0027241769041793759 0.0045248223523113133 -0.010843242885523343 -0.0019624476805721815 -0.0065154177681017679 -0.025592242740605533 -0.0042389327243369749 -0.0065154177681017679 0.00092353145604743853 -0.017100749988944525 0.0080571620527747113
leaf_weight=310.59193922951818 31.314221653155982 61.063725626096129 134.08091109804809 307.5134179443121 197.1204047575593 44.435914188623428 189.07649163529277 44.927610419690609 30.497433764860034 71.33847027271986 76.719131212681532 352.41111460328102 50.911713233217597 16.394335493445396
leaf_count=2332 262 715 810 1794 1362 272 1068 467 358 607 931 2227 469 122
internal_value=0.00288431 0.00242878 0.00178919 0.000992483 0.00380988 -0.00196282 -0.00484843 -0.0110684 -0.0151711 -0.00196245 -0.00651542 0.000923531 -0.0108432 0.0143251
internal_weight=1918.4 1887.08 1809.62 1675.54 857.045 818.499 507.907 170.773 125.845 337.134 148.058 659.925 95.3476 77.4581
internal_count=13796 13534 12697 11887 5383 6504 4172 1566 1099 2606 1538 4021 741 837
is_linear=0
shrinkage=0.03


Tree=146
num_leaves=15
num_cat=0
split_feature=11 12 0 14 9 4 11 21 29 9 17 4 30 2
split_gain=20.4318 13.8625 12.5976 12.428 9.85774 8.42478 4.52028 3.87679 3.3326 2.64976 2.20366 1.90211 1.46241 1.36783
threshold=0.071778837733983067 0.042544464893621646 -1.0000000180025095e-35 0.0093279185775006247 0.55917947293063575 -0.028043639203924092 4.5848660010509734 0.040788584470465496 51.142938446834556 2.6612368894357559 4.626451478866025e-05 -0.48746683937335894 50.517339803054107 0.21478174603174607
decision_type=2 2 10 2 10 10 2 2 2 8 2 10 2 2
left_child=1 2 8 5 -5 9 11 10 -1 13 12 -2 -7 -4
right_child=6 -3 3 4 -6 7 -8 -9 -10 -11 -12 -13 -14 -15
leaf_value=0.0050205374845912953 0.019979817117484353 0.0088270505936829669 -0.0046543840823044585 -0.00084443393698461523 0.0023529391546394988 -0.010410549839389405 0.028554433324379881 -0.0046543840823044585 0.0023529391546394988 -0.00084443393698461523 -0.0077645757933111079 0.0088270505936829669 -0.016795886084086841 -0.0027494090096445369
leaf_weight=268.64152958523482 14.70280024409294 115.87818917538971 129.95880860090256 341.27321056649089 400.42742205224931 71.416758388280869 17.501289799809456 39.838134765625 160.01719782501459 164.57441280037165 31.46961816214025 66.100794451311231 64.824500661343336 15.991873160004614
leaf_count=1923 78 636 1293 2206 2454 654 96 303 943 1466 318 346 912 84
internal_value=0.00271026 0.00196153 0.00121402 -0.000314659 0.00217072 -0.00385959 0.0156926 -0.00846433 0.00502054 -0.000844434 -0.0108748 0.0114052 -0.0130565 -0.00465438
internal_weight=1902.62 1804.31 1688.43 1259.77 741.701 518.074 98.3049 207.549 428.659 310.525 167.711 80.8036 136.241 145.951
internal_count=13712 13192 12556 9690 4660 5030 520 2187 2866 2843 1884 424 1566 1377
is_linear=0
shrinkage=0.03


Tree=147
num_leaves=15
num_cat=0
split_feature=20 12 14 16 18 25 1 30 2 18 34 12 17 27
split_gain=19.8624 15.2344 12.8404 10.2842 10.3301 9.55071 5.12295 4.08554 3.79367 3.54617 3.02032 1.88403 1.7504 1.50122
threshold=0.94204301282539538 0.044375418204102117 0.99994319278045052 251.92631901505823 0.017276104153641791 0.040821994520255263 0.12434398531296943 34.28357356928786 0.014087301587301588 0.88046046845258241 55.830835830835845 0.57971501545906723 0.074188011264120141 1.3922115899433924
decision_type=10 2 2 8 10 8 10 2 2 8 2 2 2 8
left_child=1 2 3 5 8 12 -7 -3 -5 10 13 -9 -1 -8
right_child=-2 7 -4 4 -6 6 9 11 -10 -11 -12 -13 -14 -15
leaf_value=-0.0029865014554603547 0.024700769851957918 0.013241481233985521 0.0062670151400373757 -0.00015486162784152032 0.003224450412145937 -0.0029865014554603547 -0.007921987488770545 0.0062670151400373757 0.0015347943921522084 -0.0055083988188477364 -0.015680017316501451 0.0097542481870114481 -0.00015486162784152032 -0.011801002402635999
leaf_weight=87.774428430944681 29.707204476930201 50.187576279044151 137.11182332783937 516.94204381853342 260.06856926158071 87.280094299465418 114.67524477280676 39.782759316265583 141.29684100672603 80.005831878632307 67.384751932695508 39.764213096350431 215.07687124982476 40.314100975170732
leaf_count=621 255 286 1453 4588 1530 512 725 206 799 534 516 210 1215 301
internal_value=0.0022028 0.00178219 0.00102985 0.000181886 0.00225836 -0.00256809 -0.00581814 0.0115042 -0.000154862 -0.0080303 -0.0103356 0.00626702 -0.000154862 -0.00792199
internal_weight=1907.37 1877.67 1747.93 1610.82 918.307 692.511 389.66 129.735 658.239 302.38 222.374 79.547 302.851 154.989
internal_count=13751 13496 12794 11341 6917 4424 2588 702 5387 2076 1542 416 1836 1026
is_linear=0
shrinkage=0.03


Tree=148
num_leaves=15
num_cat=0
split_feature=11 14 20 2 17 8 32 22 13 0 0 13 28 25
split_gain=17.9583 15.4421 11.6964 9.24604 8.85174 9.58357 10.2397 6.6767 6.35441 3.07489 2.98702 1.86231 1.54372 1.24192
threshold=4.5848660010509734 1.8326806622280249 0.0002577480714804976 0.27713773681515624 0.070863579832000742 -0.27581244503674268 58.537616229923934 1.0000000180025095e-35 68.440081406701424 14.451173693533176 0.5396334072819019 -6.9946767324816088 1.5000000000000002 0.048864796604827017
decision_type=2 2 10 2 2 10 2 2 8 10 10 10 2 10
left_child=1 2 3 4 5 10 7 -7 -6 -3 -1 13 -12 -8
right_child=-2 9 -4 -5 8 6 11 -9 -10 -11 12 -13 -14 -15
leaf_value=0.00018504716932109366 0.029408463977377963 0.015741850231450735 0.0081337637019981129 0.0044956842958829559 0.00018504716932109366 -0.0080630061646108329 -0.011666802860916837 -0.0027691653659399976 0.0022747360971832851 0.0081337637019981129 -0.0012920590983094521 -0.0080630061646108329 -0.0027691653659399976 -0.020084884255760153
leaf_weight=306.25899112224579 16.922490539960563 59.993747900240123 98.418146027252078 138.86409335210919 506.92544209957123 89.88074566796422 54.809499114751816 159.65027136355639 169.17366721108556 17.497358340770006 48.360907893627882 12.409531122073529 188.94938002154231 38.370187306776643
leaf_count=2051 96 744 618 832 2981 635 687 927 1190 135 439 156 1779 498
internal_value=0.00239414 0.00207524 0.00149301 0.000857605 5.37879e-05 -0.00190464 -0.00572338 -0.00276917 0.00227474 0.0147745 0.000185047 -0.0133568 -0.00276917 -0.0152706
internal_weight=1906.48 1889.56 1812.07 1713.65 1574.79 898.69 355.12 249.531 676.099 77.4911 543.569 105.589 237.31 93.1797
internal_count=13768 13672 12793 12175 11343 7172 2903 1562 4171 879 4269 1341 2218 1185
is_linear=0
shrinkage=0.03


Tree=149
num_leaves=15
num_cat=0
split_feature=3 11 20 18 13 32 28 13 3 27 25 4 30 9
split_gain=18.6198 14.1847 11.2715 9.72696 13.2475 4.44089 6.82945 4.2832 3.59286 1.84987 0.947973 0.819304 0.594592 0.575855
threshold=-0.94951187661970138 0.59438644834225374 0.0002577480714804976 0.1446204229263523 50.851901260139066 58.810420348881898 6.5000000000000009 12.437104558723329 0.041814936867645008 1.0522356448728358 0.036294453802596445 -0.26315589197207373 78.788473431330587 0.025011196061939214
decision_type=8 2 10 10 8 2 2 8 10 8 10 10 2 8
left_child=9 2 3 5 -5 7 12 -2 10 -1 -8 -10 -7 -9
right_child=1 -3 -4 4 -6 6 8 13 11 -11 -12 -13 -14 -15
leaf_value=0.023887150868959497 -0.0027405957286458118 0.010670590722074984 0.0059396714095183989 0.00033539165284543438 0.0032143030185547146 -0.0027405957286458118 -0.0027405957286458118 -0.0012026020379001887 -0.0086155646138514549 0.010670590722074984 -0.0086155646138514549 -0.016096025879171111 -0.013378945456860714 0.00033539165284543438
leaf_weight=32.519441473297775 145.32779251784086 65.896758421324193 93.383264599367976 656.39537943154573 244.56537715345621 131.64157090336084 20.945837516337633 62.473258465528488 15.467543162405489 17.059629257768393 20.055328693240881 61.893296154215932 7.9612439759075633 321.6711342856288
leaf_count=231 888 338 613 4148 1828 1279 179 480 191 113 161 859 99 2346
internal_value=0.00228946 0.00177429 0.00120875 0.000488935 0.00261097 -0.00194019 -0.00512718 -0.000354011 -0.0106318 0.0195669 -0.00295967 -0.0142715 -0.0027406 0.000335392
internal_weight=1897.26 1847.68 1781.78 1688.4 900.961 787.437 257.965 529.472 118.362 49.5791 41.0012 77.3608 139.603 384.144
internal_count=13753 13409 13071 12458 5976 6482 2768 3714 1390 344 340 1050 1378 2826
is_linear=0
shrinkage=0.03


Tree=150
num_leaves=15
num_cat=0
split_feature=14 2 17 8 9 32 16 30 8 0 21 9 25 7
split_gain=16.8867 10.3661 9.29818 9.5494 10.1191 10.4124 7.70621 5.14365 4.8249 3.28333 2.5975 1.5115 1.50678 1.26677
threshold=0.99996963805683803 0.30024132730015091 0.070863579832000742 -0.28537863885607967 0.011007817807598849 58.478933653758837 251.92631901505823 50.752818609961473 -0.30462660984997741 0.5396334072819019 0.00049323098713627029 1.0689342212360813 0.090971778205726897 1.9843377735761101
decision_type=2 2 2 10 10 2 8 2 10 10 2 8 8 10
left_child=1 2 3 9 -5 -6 12 13 -9 -1 -7 -11 -4 -2
right_child=7 -3 6 4 5 10 -8 8 -10 11 -12 -13 -14 -15
leaf_value=0.00068585610462576811 0.023607551549620805 0.0063484361465650464 0.0020089722899534293 -0.018233244701125605 -0.0023137339291559021 -0.010808374960726792 0.0033320884752810901 0.013539897840457673 0.0063484361465650464 -0.0023137339291559021 -0.006561054444941347 -0.00081393891226506693 0.00068585610462576811 0.013539897840457673
leaf_weight=325.05862725898623 34.51623759791255 133.22254398372024 252.45989118888974 42.936838757246733 214.61704650335014 65.860654324293137 212.45366355031729 29.655342986807227 67.526594495400786 84.9792107231915 49.220456432551146 166.13999202102423 217.71503387764096 8.9368545711040479
leaf_count=2146 477 786 1425 273 1322 980 1249 288 708 827 433 1486 1334 106
internal_value=0.00184505 0.00103168 0.000315741 -0.00160241 -0.00531332 -0.00338351 0.00297413 0.0116652 0.00719838 0.000685856 -0.0108084 -0.00231373 0.000685856 0.0198814
internal_weight=1905.3 1764.66 1631.44 948.813 372.635 329.698 682.629 140.635 97.1819 576.178 115.081 251.119 470.175 43.4531
internal_count=13840 12261 11475 7467 3008 2735 4008 1579 996 4459 1413 2313 2759 583
is_linear=0
shrinkage=0.03


Tree=151
num_leaves=15
num_cat=0
split_feature=20 14 12 13 18 9 1 18 7 7 34 21 34 14
split_gain=18.0139 13.762 10.4746 9.12466 14.6217 8.31466 12.2138 3.06922 2.62407 2.48602 2.01956 1.14396 0.609263 1.44802
threshold=0.94204301282539538 1.8326806622280249 0.042544464893621646 59.617761420004825 0.041703105236375111 0.54224138436965885 0.85825824961268149 0.99999855756485645 inf 0.61572181530976888 52.047952047952052 5.4645182231276038e-05 42.757242757242771 0.52930444795368603
decision_type=10 2 2 8 10 10 8 8 8 8 2 2 2 2
left_child=1 2 3 5 -5 6 -1 8 12 -7 -3 -4 -8 -14
right_child=-2 10 11 4 -6 9 7 -9 -10 -11 -12 -13 13 -15
leaf_value=-0.0013902001232033968 0.02457718263393496 0.013443989282440958 0.0043349474858871253 0.0011140593410598207 0.0043349474858871253 0.0011140593410598207 -0.0081551473064987636 -0.0051529027957201148 -0.017662852638982793 -0.0013902001232033968 0.0075982044025920542 0.0075982044025920542 -0.013059162269584012 -0.0095686383547194422
leaf_weight=219.94014934636652 28.357962609268725 32.940978571772575 44.407808046787977 583.1856394354254 231.17788634449244 254.2831899151206 22.799969084560871 69.012939784675837 42.303039606660604 133.68099554628134 44.40233451500535 82.401326511055231 77.906779104843736 28.832779683172703
leaf_count=1359 256 381 244 4948 1607 1570 138 421 289 898 491 423 596 146
internal_value=0.00270767 0.0023108 0.00175242 0.00107169 0.00333077 -0.00110265 -0.00389446 -0.00891561 -0.0111574 0.00111406 0.013444 0.0075982 -0.00845547 -0.0109821
internal_weight=1895.63 1867.28 1789.93 1663.12 814.364 848.76 460.796 240.856 171.843 387.964 77.3433 126.809 129.54 106.74
internal_count=13767 13511 12639 11972 6555 5417 2949 1590 1169 2468 872 667 880 742
is_linear=0
shrinkage=0.03


Tree=152
num_leaves=15
num_cat=0
split_feature=0 14 1 21 9 14 11 33 28 17 22 26 25 27
split_gain=13.6668 12.0068 9.98148 9.68581 6.28826 4.89421 3.84646 3.11463 2.89254 5.79616 4.26582 1.03944 1.01309 0.978327
threshold=-0.8348631728980318 1.9252692060134797 0.59747770091600338 1.0000000180025095e-35 0.53689005370546017 0.0025711040402093166 1.0000000180025095e-35 49.216497787926365 1.5000000000000002 0.087064437591938312 0.00092886856717634334 -0.94922891931642706 0.0086323698463273164 1.9115958958607655
decision_type=8 2 10 2 10 2 2 2 2 2 2 10 10 8
left_child=-1 2 3 7 6 -6 8 12 -4 10 11 -10 -2 -11
right_child=1 -3 4 -5 5 -7 -8 -9 9 13 -12 -13 -14 -15
leaf_value=0.018214603852038866 0.0034185133049259983 0.010035051152453459 -0.003793417014500514 0.005675135185446544 -0.0016406141805735588 0.001157845346487596 -0.0016406141805735588 0.001157845346487596 -0.012111694593372826 -0.003793417014500514 -0.0078879815244673919 -0.020382181960539814 0.002288179325706797 -0.0078879815244673919
leaf_weight=42.222864452749491 223.81917346827686 75.246402291581035 63.461790714412928 279.72846590727568 156.29389629140496 348.14702431485057 18.004378631711006 389.72749305330217 42.979933604598045 89.68931806832552 49.270709246397018 43.173494091257453 60.756487091071904 20.019036151468754
leaf_count=310 1450 861 541 1707 1655 2036 87 2726 436 558 383 562 406 135
internal_value=0.00226535 0.0018555 0.00131522 0.00340125 -0.00108556 0.00101482 -0.00429605 0.00116189 -0.00594622 -0.00785613 -0.0119825 -0.0163354 0.00341851 -0.00379342
internal_weight=1902.54 1860.32 1785.07 954.032 831.04 504.441 326.599 674.303 308.594 245.132 135.424 86.1534 284.576 109.708
internal_count=13853 13543 12682 6289 6393 3691 2702 4582 2615 2074 1381 998 1856 693
is_linear=0
shrinkage=0.03


Tree=153
num_leaves=15
num_cat=0
split_feature=12 0 13 21 14 28 2 28 20 28 34 16 32 1
split_gain=17.8461 10.4049 8.13469 7.0814 7.05943 7.47959 7.1795 6.98421 5.5357 3.90935 2.95059 2.71049 2.64816 1.80699
threshold=0.041169770642512836 -0.0071934988035259155 18.473829205693423 5.4645182231276038e-05 0.010982106338259265 6.5000000000000009 0.11602564102564104 5.5000000000000009 0.52623161005586294 13.500000000000002 47.112887112887115 1.0000000180025095e-35 53.43048559831778 0.25911057755973227
decision_type=2 10 8 2 2 2 2 2 8 2 2 8 2 10
left_child=1 2 -1 -2 5 -3 8 -6 -7 10 -10 -9 -12 -5
right_child=3 4 -4 13 7 6 -8 11 9 -11 12 -13 -14 -15
leaf_value=0.0026113233768187321 0.0069058991468308522 -0.0004091591022396398 0.0069058991468308522 0.022483287660919886 -0.0004091591022396398 -0.024638351943617881 -0.0004091591022396398 -0.0004091591022396398 -0.0043760746108368435 -0.012509038358547286 -0.0073673618178962353 0.0026113233768187321 -0.014520567826517476 0.012464421113298726
leaf_weight=149.73547326773405 44.061214925721288 282.79452846571803 265.35877050552517 46.173240773379803 156.19618633016944 13.26873479411006 42.459296088665724 143.08440412394702 89.867722719907761 73.377593126147985 11.823701735585926 470.20586682949215 60.383457625284791 37.299277368932962
leaf_count=917 251 2536 1880 279 956 114 237 908 738 748 84 2988 879 195
internal_value=0.00199865 0.00119501 0.00531586 0.0126168 -9.32102e-05 -0.00259875 -0.00607511 0.00178044 -0.00834299 -0.00693144 -0.00437607 0.00261132 -0.0103586 0.0180229
internal_weight=1886.09 1758.56 415.094 127.534 1343.46 573.975 291.181 769.486 248.721 235.452 162.075 613.29 72.2072 83.4725
internal_count=13710 12985 2797 725 10188 5336 2800 4852 2563 2449 1701 3896 963 474
is_linear=0
shrinkage=0.03


Tree=154
num_leaves=15
num_cat=0
split_feature=20 0 13 32 28 22 18 28 4 28 0 32 33 35
split_gain=18.2314 15.0012 10.8264 25.0437 13.2554 10.1132 7.8937 4.41268 4.91837 4.81146 4.51251 4.30346 3.06084 2.33071
threshold=0.79585071933331064 -0.0071934988035259155 52.084231798424774 53.788169872085966 4.5000000000000009 3.3146444981200439e-06 0.99999855756485645 12.500000000000002 -0.099679597389168859 15.500000000000002 0.41959338404282026 48.580440538482506 54.784104784104791 73.201798201798212
decision_type=10 8 8 2 2 2 8 2 8 2 10 2 2 10
left_child=1 -1 4 -4 6 7 11 12 -9 10 -10 -3 -6 -8
right_child=-2 2 3 -5 5 -7 13 8 9 -11 -12 -13 -14 -15
leaf_value=0.011567043193362133 0.021151979403535824 -0.0068957009331267376 0.0064471187895444298 0.0013611630841457712 -0.0017345381574370635 0.0013611630841457712 0.0013611630841457712 -0.0017345381574370635 -0.0077293282448904063 -0.0077293282448904063 -0.028070209347795652 -0.02001550255781976 -0.0091991334351677299 -0.0068957009331267376
leaf_weight=94.368622528389096 40.838011469691992 54.813947506248951 329.74037464335561 533.17751337774098 108.17043194174767 486.27754700183868 54.294493813067675 16.435985825955868 18.279450163245201 28.401148695498705 23.23236433416605 46.179424822330475 44.727707047015429 10.411215517669914
leaf_count=646 323 299 2466 4681 692 2964 336 109 119 193 164 367 328 69
internal_value=0.0024512 0.00198211 0.00132719 0.00371268 -0.000990351 0.000774233 -0.00851307 -0.00483024 -0.010057 -0.0137241 -0.0202755 -0.0135537 -0.00173454 -0.000237679
internal_weight=1889.35 1848.51 1754.14 862.918 891.224 725.525 165.699 239.247 86.3489 69.913 41.5118 100.993 152.898 64.7057
internal_count=13756 13433 12787 7147 5640 4569 1071 1605 585 476 283 666 1020 405
is_linear=0
shrinkage=0.03


Tree=155
num_leaves=15
num_cat=0
split_feature=20 2 18 13 34 22 25 28 13 0 22 29 27 30
split_gain=17.6461 13.0026 7.98687 17.4172 7.22842 6.01125 5.40867 4.0681 3.23914 3.70553 1.38044 1.78216 1.04203 0.712675
threshold=0.41061164666912803 0.45049019607843138 0.1446204229263523 68.440081406701424 44.252414252414262 0.00054350444757711046 -0.067750847459714145 5.5000000000000009 150.2151162790698 0.82995784783245485 1.0000000180025095e-35 54.76532110575242 -0.28540416418385023 78.788473431330587
decision_type=10 2 10 8 2 2 10 2 8 10 2 2 8 2
left_child=1 2 4 12 -1 -2 13 -8 9 -9 11 -10 -4 -6
right_child=5 -3 3 -5 6 -7 7 8 10 -11 -12 -13 -14 -15
leaf_value=0.00054870944257408879 0.0087558071942523026 0.0087558071942523026 0.0026373017517299351 0.0047258940608857821 -0.0016642715468530285 0.023520550420371603 -0.0043653127826526203 -0.010704382045019344 -0.0069439530974476464 -0.023524217580669662 -0.0043653127826526203 -0.010704382045019344 0.00054870944257408879 -0.0043653127826526203
leaf_weight=301.11654260382056 29.658920718356967 92.195693708956242 47.880562275648117 226.94148008152843 229.94996276497841 40.563767877407372 68.699684415012598 38.904614616185427 36.815289303660393 27.063572164624929 49.925486508756876 25.371118517592549 648.04171744547784 21.79684354364872
leaf_count=2041 206 592 303 1748 1926 304 638 246 350 258 496 324 4094 227
internal_value=0.00193177 0.00133772 0.000695981 0.00259113 -0.00149372 0.0161739 -0.00387725 -0.00706635 -0.0098927 -0.0150847 -0.00632404 -0.00952259 0.000548709 -0.00166427
internal_weight=1884.93 1814.7 1722.51 922.864 799.643 70.2227 498.527 246.78 178.08 65.9682 112.112 62.1864 695.922 251.747
internal_count=13753 13243 12651 6145 6506 510 4465 2312 1674 504 1170 674 4397 2153
is_linear=0
shrinkage=0.03


Tree=156
num_leaves=15
num_cat=0
split_feature=20 0 12 17 25 0 18 8 14 34 29 14 1 34
split_gain=19.0243 15.4533 10.8153 8.50112 7.32327 5.93738 8.71577 6.93125 2.2598 1.86537 1.37565 1.2169 1.0177 1.00121
threshold=0.94204301282539538 -0.10538820265864453 0.042544464893621646 0.51042095057743053 -0.14660347419187533 0.7999218174899968 0.26258054732553254 0.19772525555343815 0.73344318662410002 42.257742257742265 56.145648300504313 0.057018377346949999 2.1723573866964432 46.982184482184486
decision_type=10 8 2 2 10 8 10 10 2 2 2 2 10 2
left_child=1 -1 3 4 10 11 7 -7 -5 -9 -3 13 -4 -6
right_child=-2 2 12 8 5 6 -8 9 -10 -11 -12 -13 -14 -15
leaf_value=0.012896279962889588 0.024597932099151676 0.0010186981056774069 0.0067600810453929596 0.0010186981056774069 -0.0022492268642589908 -0.0067647252519747831 -0.0034141554745600166 -0.012348149046005952 0.0033515304914838672 -0.021913234512568738 -0.0010842982539579647 -0.0010842982539579647 0.0033515304914838672 -0.0034141554745600166
leaf_weight=70.977969586849213 26.819358659908175 353.08470964059234 107.52111169882119 278.95451866835356 131.08302540332079 152.28894672356546 175.76228422299027 20.82230544090271 142.24173329398036 46.235675727948546 133.57394013181329 128.79340989887714 17.354660034179688 94.780396435409784
leaf_count=518 249 2434 568 1454 848 1387 1201 171 1338 538 1263 761 93 929
internal_value=0.00159279 0.00119463 0.000623882 -5.70201e-05 -0.00131413 -0.00318729 -0.00574401 -0.0101153 0.00335153 -0.0179316 0.0010187 -0.0010843 0.00676008 -0.00341416
internal_weight=1880.29 1853.47 1782.5 1657.62 1236.42 749.766 395.109 219.347 421.196 67.058 486.659 354.657 124.876 225.863
internal_count=13752 13503 12985 12324 9532 5835 3297 2096 2792 709 3697 2538 661 1777
is_linear=0
shrinkage=0.03


Tree=157
num_leaves=15
num_cat=0
split_feature=11 12 27 13 18 28 1 1 14 18 22 0 17 16
split_gain=14.134 11.915 9.04986 13.0287 10.7434 8.3795 7.68823 6.71383 5.36167 5.05479 2.61257 8.67059 2.79275 2.51461
threshold=3.0189109136477561 0.042544464893621646 -0.22276026267911184 50.851901260139066 0.041703105236375111 4.5000000000000009 11.178729971845524 0.2893889609820966 0.26906543168013652 0.99999855756485645 0.00033274160380107718 9.9397300121153709 0.034440571082389015 -1.0000000180025095e-35
decision_type=2 2 8 8 10 2 8 10 2 8 2 10 2 10
left_child=1 2 -1 5 -5 9 8 -3 -7 -4 11 12 -8 -11
right_child=-2 7 3 4 -6 6 10 -9 -10 13 -12 -13 -14 -15
leaf_value=0.0056939759785261303 0.024528748294229668 0.013081728473715061 -0.012486189579480115 0.00026834523713841721 0.0030162263074183055 -0.0035411057058281833 -0.016049398228011668 0.0056939759785261303 0.00026834523713841721 -0.006435085650859036 -0.0035411057058281833 -0.027493239972563119 -0.0068188478318287121 0.00026834523713841721
leaf_weight=101.37318908050656 19.625806787982583 59.885521020740271 98.240988038480282 590.36175891757011 249.2118452899158 268.25661601871252 30.14546187967062 64.74315373133868 238.08022341318429 51.290594976395369 31.289425879716873 16.333557061851025 49.288202308118343 14.027350373566149
leaf_count=744 113 365 670 5123 1895 2031 193 352 1269 308 182 117 294 99
internal_value=0.00193779 0.00163471 0.000977306 0.000338477 0.00293793 -0.00240124 -0.000812516 0.0104106 0.000268345 -0.00834707 -0.00735056 -0.0100966 -0.00681885 -0.00167648
internal_weight=1882.15 1862.53 1737.9 1636.53 839.574 796.952 633.393 124.629 506.337 163.559 127.057 95.7672 79.4337 65.3179
internal_count=13755 13642 12925 12181 7018 5163 4086 717 3300 1077 786 604 487 407
is_linear=0
shrinkage=0.03


Tree=158
num_leaves=15
num_cat=0
split_feature=14 12 3 22 34 17 13 32 29 25 16 20 32 25
split_gain=14.875 9.72095 8.42665 13.8795 7.24331 5.06023 4.52501 3.99619 2.57926 2.59898 2.39593 2.35126 1.65201 1.52757
threshold=1.8326806622280249 0.042544464893621646 -0.107476787000178 1.0000000180025095e-35 52.047952047952052 0.52206250578589342 11.293553810089492 58.308824043089786 62.235647039115321 -0.55908005446511833 0.049126704086323268 0.006454124377664878 50.061476984553913 -0.2478361639045816
decision_type=2 2 10 2 2 2 8 2 2 10 8 10 2 10
left_child=1 2 6 5 -2 8 -1 10 12 -10 -5 -9 -4 -6
right_child=4 -3 3 7 13 -7 -8 11 9 -11 -12 -13 -14 -15
leaf_value=0.0022915706300279536 0.02498898329760648 0.00825347436996407 -0.0043087211608769434 0.00040754568818610022 0.016621228833785275 -0.0015616615836387463 0.0046855209908940086 -0.0015616615836387463 -0.009618407430153679 -0.021321350776062436 0.0022915706300279536 0.00040754568818610022 -0.0081464989586699614 0.00825347436996407
leaf_weight=153.73239212110639 32.013582821004093 125.11797520983964 114.41523716598749 160.74828286096454 11.072640508413313 71.413219434209168 259.1117701344192 238.87125051394105 22.746975872665644 21.043836547061801 481.07272643782198 21.507942996919155 133.51254452206194 34.683898188173771
leaf_count=914 400 695 703 982 114 454 1694 2464 263 325 2820 126 1448 397
internal_value=0.0023201 0.00174415 0.00111757 -0.00010238 0.0147628 -0.00501499 0.00468552 0.00189167 -0.00705578 -0.0135788 0.00229157 -0.00147648 -0.00565797 0.00825347
internal_weight=1881.06 1803.29 1678.18 1265.33 77.7701 363.132 412.844 902.2 291.719 43.7908 641.821 260.379 247.928 45.7565
internal_count=13799 12888 12193 9585 911 3193 2608 6392 2739 588 3802 2590 2151 511
is_linear=0
shrinkage=0.03


Tree=159
num_leaves=15
num_cat=0
split_feature=20 3 17 16 3 9 22 18 8 14 14 22 7 13
split_gain=15.0826 12.5388 10.1147 8.95042 7.85188 7.96759 3.62911 3.62101 3.5746 2.86905 1.75837 1.65001 1.48663 1.39995
threshold=0.90780002431892515 -0.94951187661970138 0.51042095057743053 251.92631901505823 0.55920731241708233 0.53689005370546017 0.00071654475289817529 0.96447003099579731 -0.28537863885607967 0.0093279185775006247 0.21387268797874484 0.00017036387770531848 0.52557034009680159 52.084231798424774
decision_type=10 8 2 8 10 8 2 8 10 2 2 2 10 8
left_child=1 -1 4 -4 8 6 10 11 13 -10 -6 -7 -2 -3
right_child=12 2 3 -5 5 7 -8 -9 9 -11 -12 -13 -14 -15
leaf_value=0.011725619545706233 0.026022964977535205 0.001052679284193208 0.0025948545577640959 0.0065217342779221631 -0.017751747375081877 -0.0051506925577632983 -0.0051506925577632983 -0.00056523688985564337 -0.00056523688985564337 0.001052679284193208 -0.0094736866749555362 -0.0028579647238094709 0.011725619545706233 0.0025948545577640959
leaf_weight=46.044854272156954 21.852455592714254 162.72546615451574 224.76232080534101 226.00671750307083 45.711924085393548 47.895741552114487 47.510615043342113 266.75553628802299 191.83738903328776 202.3821281529963 26.545531395822763 72.911843776702881 8.0839473241940123 281.10149977356195
leaf_count=332 203 1025 1342 1709 644 372 351 2417 1435 1251 159 467 61 1944
internal_value=0.00214404 0.0017687 0.00131785 0.0051804 9.3121e-06 -0.00291978 -0.00951492 -0.000786466 0.00178931 -0.000489496 -0.0137967 -0.00515069 0.0216825 0.00259485
internal_weight=1872.13 1842.19 1796.15 450.769 1345.38 507.331 119.768 387.563 838.046 394.22 72.2575 120.808 29.9364 443.827
internal_count=13712 13448 13116 3051 10065 4410 1154 3256 5655 2686 803 839 264 2969
is_linear=0
shrinkage=0.03


Tree=160
num_leaves=14
num_cat=0
split_feature=20 27 2 16 32 1 14 8 34 14 4 34 7
split_gain=13.7256 13.1928 10.9171 6.71079 14.7388 10.2932 5.61121 4.61936 4.46037 3.78154 2.86149 0.675116 0.152031
threshold=0.94204301282539538 -0.3776394808334757 0.25677655677655681 133.3645267970042 53.788169872085966 11.178729971845524 0.29991557458833518 -0.43726089999342838 38.807026307026312 0.0020053482711307759 -0.98328589779672482 51.515151515151523 -0.76758874986964887
decision_type=10 8 2 8 2 10 2 10 2 2 10 2 10
left_child=1 9 3 5 -5 6 8 -7 -3 -1 -10 -9 -12
right_child=-2 2 -4 4 -6 7 -8 11 10 -11 12 -13 -14
leaf_value=0.0065561668717004926 0.021942625702013097 -0.0017126780595854403 0.0065561668717004926 0.0035306259360918376 0.00020611828094593788 -0.007022325310271145 0.00020611828094593788 -0.014453873969782831 -0.0039039051740763328 0.01185898369118323 -0.0054631152421737387 -0.027679662140604404 -0.007022325310271145
leaf_weight=16.69773967564106 25.929932186380029 90.192335989326239 144.08389123342931 417.79210723936558 537.36094126850367 30.050739251077175 275.96000428497791 12.063853956758976 90.937045365571976 51.091391205787659 18.510018855333328 14.369782667607069 166.47460746951401
leaf_count=147 248 506 909 2859 4765 218 1490 74 689 340 143 104 1369
internal_value=0.00210893 0.00177534 0.00125335 0.000505085 0.00213472 -0.00172248 -0.000594855 -0.0134498 -0.00363147 0.011859 -0.00609513 -0.0218854 -0.00702233
internal_weight=1891.51 1865.58 1797.8 1653.71 955.153 698.558 642.074 56.4844 366.114 67.7891 275.922 26.4336 184.985
internal_count=13861 13613 13126 12217 7624 4593 4197 396 2707 487 2201 178 1512
is_linear=0
shrinkage=0.03


Tree=161
num_leaves=15
num_cat=0
split_feature=11 14 0 33 27 25 9 22 13 34 30 1 28 21
split_gain=15.3157 12.515 10.4367 7.05543 6.52312 6.1939 5.32968 4.66883 3.42462 3.41802 4.15139 2.72127 1.85106 0.57362
threshold=0.0388048351697994 1.9252692060134797 0.50793657790400937 56.224331224331237 -0.035246623431093298 -0.36772478012531734 0.47630611188266841 0.00047335821606362994 0.019180190012223864 42.357642357642369 54.948622805765673 0.10339900256836758 7.5000000000000009 0.0062494245703024033
decision_type=2 2 10 2 10 10 10 2 8 2 2 8 2 2
left_child=1 2 4 6 -1 -5 -4 -2 -9 -7 -11 -6 -10 -12
right_child=7 -3 3 5 11 9 -8 8 12 10 13 -13 -14 -15
leaf_value=0.0039099027233650092 0.0071941711844576532 0.0071941711844576532 -0.0024986840055694908 -0.0024986840055694908 0.0022185337560785595 -0.0057994663755913233 0.00039060810456685563 0.01252864631433419 0.031533651091442398 -0.0091969481843763908 -0.019238339480245305 0.00039060810456685563 0.017812445971776458 -0.013246864018711219
leaf_weight=308.79306353908032 33.507322384044528 74.420005284249783 135.56380816549063 128.60976542159915 213.70299036148936 74.57545392587781 316.70795888826251 18.496640059165657 20.103573448956013 31.374760368838906 72.033029546961188 412.29027346242219 27.689916311763227 6.5954846926033488
leaf_count=1937 160 870 939 1175 1506 548 2171 107 111 286 907 2797 173 70
internal_value=0.00195127 0.00128934 0.000625634 -0.00196476 0.00274597 -0.00538798 0.000390608 0.013099 0.0178631 -0.00910025 -0.0125944 0.000527165 0.0230962 -0.0172968
internal_weight=1874.46 1774.67 1700.25 765.46 934.786 313.188 452.272 99.7975 66.2901 184.579 110.003 625.993 47.7935 78.6285
internal_count=13757 13206 12336 6096 6240 2986 3110 551 391 1811 1263 4303 284 977
is_linear=0
shrinkage=0.03


Tree=162
num_leaves=15
num_cat=0
split_feature=3 11 21 18 13 34 25 30 30 8 7 8 2 29
split_gain=16.453 15.5888 11.3507 11.5766 9.66822 7.20048 8.47548 4.65842 4.46463 2.6029 1.6198 1.46396 1.21091 0.860786
threshold=-0.94951187661970138 1.0000000180025095e-35 1.0000000180025095e-35 0.21793284219199979 29.825679033756064 41.445221445221456 0.048864796604827017 52.693734836591993 55.412444698158986 -1.0000000180025095e-35 0.24399995791528631 -0.17641297634471884 0.095695970695970703 48.956754157153767
decision_type=8 2 2 10 8 2 10 2 2 10 10 10 2 2
left_child=13 2 3 5 -5 -2 9 -4 -8 -7 -10 -12 -11 -1
right_child=1 -3 7 4 -6 6 8 -9 10 12 11 -13 -14 -15
leaf_value=0.020960432442061853 -0.00056936044519975866 0.0099613557200504549 0.0054080376547538667 -0.00056936044519975866 0.0023277481813643733 -0.0028702721005776075 -0.0067867056051750885 0.0023277481813643733 -0.01169092070192611 -0.0067867056051750885 -0.015995995678691307 -0.026755741514427115 -0.0048284888528763482 0.0099613557200504549
leaf_weight=37.051840187050402 102.18584941327572 100.10602905508131 288.76903277076781 433.38341087847948 239.79675689991564 269.74140121228993 100.57176030799747 123.76221918687224 19.496732698753476 92.639394899830222 21.341417610645294 25.77438467182219 12.267437089234589 12.091993048787115
leaf_count=296 714 553 1837 2880 1749 2208 859 888 227 907 270 284 69 68
internal_value=0.00205229 0.00156556 0.00085472 -0.000509699 0.00223333 -0.00337205 -0.00517118 0.00516519 -0.0107031 -0.00287027 -0.0165951 -0.0203011 -0.00678671 0.0183572
internal_weight=1878.98 1829.84 1729.73 1317.2 673.18 644.018 541.833 412.531 167.184 374.648 66.6125 47.1158 104.907 49.1438
internal_count=13809 13445 12892 10167 4629 5538 4824 2725 1640 3184 781 554 976 364
is_linear=0
shrinkage=0.03


Tree=163
num_leaves=15
num_cat=0
split_feature=20 27 13 32 22 7 22 0 1 33 18 8 14 14
split_gain=12.6007 9.88739 13.0844 12.9293 8.40767 5.86469 4.85335 3.8908 8.69359 2.75757 2.48262 2.10157 2.03421 1.84686
threshold=0.38512812459454754 -0.28540416418385023 59.617761420004825 53.788169872085966 3.3146444981200439e-06 0.73167147543996613 0.00054350444757711046 6.8730142670217704 10.319366698766155 55.044955044955046 0.081687308919095106 -0.49240829301211159 0.52930444795368603 0.0020053482711307759
decision_type=10 8 8 2 2 8 2 8 10 2 10 10 2 2
left_child=1 13 4 -4 7 -6 -2 12 9 -9 -5 -10 -3 -1
right_child=6 2 3 10 5 -7 -8 8 11 -11 -12 -13 -14 -15
leaf_value=0.0050245509520381636 0.0083822570985601919 -0.0047807619004164251 0.0050245509520381636 0.0016635848652989285 0.0016635848652989285 -0.0017049839631350222 0.021186297787768305 -0.0047807619004164251 -0.01402035131415599 -0.011485451783399716 0.0033440679086685463 -0.031603724667851246 -0.0017049839631350222 0.0083822570985601919
leaf_weight=23.117605559527874 31.621101855300367 105.84344068169594 303.51578179001808 485.12877766601741 331.47748419642448 209.90769563242793 41.886237137019634 92.021979410201311 10.997596055269243 52.767526548355818 73.156075369566679 12.037724580615757 47.774949699640274 66.184495059773326
leaf_count=211 223 822 2313 4363 2032 1334 317 559 91 338 429 86 271 439
internal_value=0.0027503 0.00223431 0.00166684 0.00427064 -0.000943475 0.00133847 0.0145302 -0.00474844 -0.00785654 -0.00478076 0.00166358 -0.0232599 -0.00170498 0.00838226
internal_weight=1887.44 1813.93 1724.63 861.801 862.828 541.385 73.5073 321.443 167.825 144.79 558.285 23.0353 153.618 89.3021
internal_count=13828 13288 12638 7105 5533 3366 540 2167 1074 897 4792 177 1093 650
is_linear=0
shrinkage=0.03


Tree=164
num_leaves=15
num_cat=0
split_feature=12 14 25 30 28 14 22 28 3 13 17 9 14 13
split_gain=14.3946 8.68631 7.43742 4.7762 4.46436 5.47593 5.69411 5.60632 3.71653 2.99859 2.91267 2.7963 2.65465 2.64932
threshold=1.0000000180025095e-35 0.99994319278045052 -0.0094261139807172416 34.28357356928786 7.5000000000000009 0.25230324029160983 0.00047335821606362994 12.500000000000002 -0.04223466361481084 -0.36675478410468049 0.05150620155619505 0.20476204611698887 0.069950240967944013 6.1647828334521284
decision_type=2 2 10 2 2 2 2 2 8 8 2 10 2 10
left_child=1 2 10 -2 9 6 7 8 -6 12 -1 -7 -4 -5
right_child=3 -3 4 13 5 11 -8 -9 -10 -11 -12 -13 -14 -15
leaf_value=0.00050778078079486864 0.017959790166778431 0.0058217496251477038 -0.017399895327133274 0.0058217496251477038 -0.0062032403491247175 -0.0029092017072973831 -0.0029092017072973831 -0.0062032403491247175 -0.016608903704345639 0.00024815427532138981 0.002980605265602761 0.00024815427532138981 -0.0041545936934189107 0.01195111587860332
leaf_weight=491.0423099566251 49.071118135005236 131.16228569671512 13.120889538899066 72.358792949467897 8.774167273193596 51.386823076754808 122.09887599572539 81.995732676237822 95.180351747199893 321.67853277549148 268.06042725220323 133.10166335478425 18.177072130143642 12.075596420094369
leaf_count=3863 313 1512 122 386 48 277 873 721 859 2395 1577 655 113 66
internal_value=0.00154013 0.000795089 0.000139461 0.0108484 -0.00179088 -0.00364845 -0.00606656 -0.00949728 -0.0143942 0.000248154 0.00228719 0.000248154 -0.00855734 0.00594244
internal_weight=1869.28 1735.78 1604.62 133.506 845.514 492.538 308.049 185.95 103.955 352.976 759.103 184.488 31.298 84.4344
internal_count=13780 13015 11503 765 6063 3433 2501 1628 907 2630 5440 932 235 452
is_linear=0
shrinkage=0.03


Tree=165
num_leaves=15
num_cat=0
split_feature=20 16 18 13 32 1 9 1 14 13 3 7 8 4
split_gain=13.7965 11.6525 28.3878 12.0881 9.03745 6.01351 3.72449 3.53522 3.56206 1.45371 1.25733 1.24268 1.10224 0.905686
threshold=0.93792492401601923 251.92631901505823 0.014972930661648049 13.308177283219196 53.788169872085966 0.12434398531296943 0.036311275405079634 11.178729971845524 0.19096490195938362 1.0000000180025095e-35 14.426111880332774 -0.76758874986964887 -0.43726089999342838 -0.032219926283098881
decision_type=10 8 10 8 2 10 10 10 2 8 8 8 8 10
left_child=1 5 4 -4 10 -1 13 8 11 -2 -3 -8 -9 -7
right_child=9 2 3 -5 -6 6 7 12 -10 -11 -12 -13 -14 -15
leaf_value=0.0013954953638395215 0.011678754617950959 0.0062805589650277577 0.0062805589650277577 0.011678754617950959 0.0013954953638395215 -0.0067868397527263242 -0.0023285489034429157 -0.0039695739752607824 -0.00068752383162504866 0.026159550289686879 0.0038380271644336394 -0.0039695739752607824 -0.0067868397527263242 -0.018894764254099403
leaf_weight=211.84291796013713 7.6035620206966996 114.94593501091003 110.80566005036235 216.74588466435671 533.35051153413951 27.802265252918005 27.00586685910821 13.90129393711686 264.30493915081024 19.579659677110616 86.169240452349186 187.55713326111436 41.357924375683069 8.3534778356552106
leaf_count=1358 66 663 650 1717 4767 217 198 90 1405 192 594 1526 293 46
internal_value=0.00210852 0.00176369 0.00380311 0.0111656 0.0013955 -0.00101212 -0.00277054 -0.00207886 -0.00115231 0.0215938 0.00628056 -0.00396957 -0.00678684 -0.0114948
internal_weight=1871.33 1844.14 1062.02 327.552 734.466 782.126 570.283 534.127 478.868 27.1832 201.115 214.563 55.2592 36.1557
internal_count=13782 13524 8391 2367 6024 5133 3775 3512 3129 258 1257 1724 383 263
is_linear=0
shrinkage=0.03


Tree=166
num_leaves=15
num_cat=0
split_feature=11 20 2 14 16 28 17 4 22 27 3 28 13 3
split_gain=16.3 14.1082 9.32594 10.4137 13.8057 7.19916 7.84738 5.78764 5.71072 4.70658 3.54537 1.95409 1.20236 1.06836
threshold=0.92918348406034845 0.0002577480714804976 0.22295321637426904 0.24642143288519938 -0.21616870326985196 8.5000000000000018 0.25932517082374756 2.9912134293676584 0.18991166789725913 0.04688645024271932 10.013968946122317 14.500000000000002 -1.0000000180025095e-35 1.7014099601441932
decision_type=2 10 2 2 8 2 2 8 2 10 10 2 10 10
left_child=1 2 3 4 -1 10 8 -5 11 -2 -6 -7 -12 -3
right_child=9 13 -4 7 5 6 -8 -9 -10 -11 12 -13 -14 -15
leaf_value=-0.015340494802097527 0.024796030400413595 0.0097956490723931904 0.0053428218975215573 0.0027289336400045452 0.00045955620304547037 -0.0081032458568030367 0.00045955620304547037 0.00045955620304547037 -0.0032107992059560411 0.0097956490723931904 -0.0081032458568030367 -0.0056570225313795387 -0.0032731854691677212 0.0053428218975215573
leaf_weight=58.482088912278414 32.775738406926394 80.16162293870002 164.26960049942136 357.24894677475095 485.6643696166575 181.62978010065854 91.720207840204239 236.60848194360733 15.912623502314089 17.835536016151309 46.079299226403236 78.790940158069134 14.870251629501579 13.543761931359766
leaf_count=499 173 576 1029 2152 3773 1690 577 1745 114 96 492 706 139 82
internal_value=0.00203847 0.00154648 0.000889995 0.000115045 -0.00180982 -0.000865997 -0.00419905 0.00272893 -0.00688115 0.0180448 0.000459556 -0.00810325 -0.00700593 0.00979565
internal_weight=1875.59 1824.98 1731.28 1567.01 973.15 914.667 368.054 593.857 276.333 50.6113 546.614 260.421 60.9496 93.7054
internal_count=13843 13574 12916 11887 7990 7491 3087 3897 2510 269 4404 2396 631 658
is_linear=0
shrinkage=0.03


Tree=167
num_leaves=15
num_cat=0
split_feature=11 3 13 18 28 18 9 34 4 33 0 33 2 27
split_gain=14.6398 10.9015 9.682 21.0776 11.0287 13.9868 8.54273 6.10659 4.91925 3.88795 3.31122 4.69067 0.881119 0.795322
threshold=0.9115050812254285 -0.46872368621525035 52.084231798424774 0.041703105236375111 4.5000000000000009 0.99999855756485645 0.048707069540808647 28.747918747918749 -0.11083232005306291 61.979449122306264 0.11220636514400222 53.131313131313142 0.19935163996948899 0.04688645024271932
decision_type=2 8 8 10 2 8 10 2 10 2 10 2 2 10
left_child=1 -1 4 -4 5 7 10 -3 -2 -8 11 -6 -9 -10
right_child=8 2 3 -5 6 -7 9 12 13 -11 -12 -13 -14 -15
leaf_value=0.0090634535415463607 0.0275548880702167 -0.0070873325911233742 0.00091305157804942117 0.0049736234654027501 -0.003525222115562005 0.00091305157804942117 0.00091305157804942117 -0.020234564805671436 0.015935386817242624 -0.003525222115562005 -0.021088415479983014 -0.013193396351738811 -0.012803214081306658 0.0090634535415463607
leaf_weight=62.286094153299928 19.098737422376871 9.1651931963860971 606.03391152247787 262.58415814861655 57.367945294827223 65.708712726831436 567.10922243818641 80.396135617047548 20.131370095536113 65.856456354260445 10.397719241678713 28.401489321142435 9.5918448343873006 13.390359004959462
leaf_count=449 106 50 5291 2022 348 414 3610 565 105 514 58 184 54 68
internal_value=0.00185354 0.00137949 0.000883793 0.00313093 -0.00130483 -0.00818929 0.000296966 -0.0150877 0.0167474 0.000913052 -0.0079635 -0.00529838 -0.0185191 0.00906345
internal_weight=1877.52 1824.9 1762.61 868.618 893.995 164.862 729.133 99.1532 52.6205 632.966 96.1672 85.7694 89.988 33.5217
internal_count=13838 13559 13110 7313 5797 1083 4714 669 279 4124 590 532 619 173
is_linear=0
shrinkage=0.03


Tree=168
num_leaves=15
num_cat=0
split_feature=2 14 11 16 21 18 13 14 1 1 4 9 9 13
split_gain=15.1648 12.0677 7.30784 8.3415 8.57193 8.35771 5.69496 5.15479 3.56303 3.38276 2.45059 2.34909 1.08251 0.26824
threshold=0.50892857142857151 0.99994319278045052 1.0000000180025095e-35 -0.049097558809597146 1.0000000180025095e-35 0.10282371249179829 inf 0.00043963256390351928 0.51274497035374533 7.0802349126744879 0.54282118857312955 0.65594426517103377 0.49250463623128798 5.8664837098600247
decision_type=2 2 2 8 2 10 8 2 10 10 8 10 10 10
left_child=1 2 3 4 11 7 12 8 -5 -3 -2 13 -7 -1
right_child=10 9 -4 5 -6 6 -8 -9 -10 -11 -12 -13 -14 -15
leaf_value=-0.021690092589039443 0.022794156941810695 0.0096364448685313884 0.0052029003964899597 -0.0013646276715073285 -0.0034332601532447377 0.00056203027463610871 0.0026993682538410742 0.00056203027463610871 -0.0034332601532447377 0.0052029003964899597 0.0096364448685313884 -0.0088896452874560796 0.0016306992642385915 -0.013839470629573372
leaf_weight=34.56566277705133 30.731015028432012 102.22818730864674 95.547354223206639 287.60407029092312 30.732636507600546 295.69578168913722 175.24651844799519 176.87788524851203 237.45399082638323 30.405663806945086 17.033005848526955 31.652774274349213 300.75966443680227 11.022584754973648
leaf_count=275 216 1316 475 2073 182 1815 1095 1106 2674 244 118 240 1855 76
internal_value=0.00193967 0.00147321 0.000769356 0.000195836 -0.00766207 0.000795548 0.00269937 -0.00157531 -0.00329129 0.00963644 0.0177997 -0.014346 0.00056203 -0.0187893
internal_weight=1857.56 1809.79 1677.16 1581.61 107.974 1473.64 771.702 701.936 525.058 132.634 47.764 77.241 596.455 45.5882
internal_count=13760 13426 11866 11391 773 10618 4765 5853 4747 1560 334 591 3670 351
is_linear=0
shrinkage=0.03


Tree=169
num_leaves=15
num_cat=0
split_feature=20 14 12 16 18 14 7 13 1 9 16 8 22 13
split_gain=11.6606 11.0245 7.36883 5.91334 11.205 4.15838 4.01208 4.14815 2.77428 2.28055 1.89969 1.32846 1.58906 1.05913
threshold=0.94204301282539538 1.9252692060134797 1.0000000180025095e-35 251.92631901505823 0.014972930661648049 0.52930444795368603 -0.38569309693965165 50.851901260139066 0.17860789153304837 0.85831878610907075 -7.9481569079030976 -0.27581244503674268 5.3216488354555369e-05 0.40241939896606277
decision_type=10 2 2 8 10 2 8 8 10 10 10 10 2 8
left_child=1 2 3 5 -5 6 -1 8 -8 10 -10 -12 -13 -2
right_child=13 -3 -4 4 -6 -7 7 -9 9 -11 11 12 -14 -15
leaf_value=-0.001406809250844697 0.010854692262930765 0.010854692262930765 0.0059977895147400725 0.00029758758610818074 0.0032788002333136832 0.00029758758610818074 -0.0049178820486739036 -0.0031281659180697236 -0.020852836947888816 -0.0068237555063162718 -0.0088379140136662874 -0.015179558674387444 -0.010727552497350454 0.024184314751622412
leaf_weight=88.891057040542364 7.7132122088223696 71.136796340346336 128.6719173360616 655.92758124135435 283.1586537361145 184.58116214722395 128.11429069563746 38.069796707481146 14.612696364521979 66.677827671170235 69.191090397536755 37.020842870697379 74.851214952766895 18.725164388306442
leaf_count=572 66 848 691 5476 1865 1014 805 215 129 520 535 307 542 188
internal_value=0.00194769 0.00163366 0.00114089 0.000559811 0.00211201 -0.00151684 -0.00311121 -0.00484952 -0.0067076 -0.00872963 -0.0108521 -0.00950628 -0.0126172 0.0200757
internal_weight=1867.34 1840.9 1769.77 1641.1 939.086 702.01 517.429 428.538 390.468 262.354 195.676 181.063 111.872 26.4384
internal_count=13773 13519 12671 11980 7341 4639 3625 3053 2838 2033 1513 1384 849 254
is_linear=0
shrinkage=0.03


Tree=170
num_leaves=15
num_cat=0
split_feature=11 2 12 3 28 34 32 17 16 34 28 13 13 1
split_gain=13.5787 10.4709 6.98543 5.09148 7.45586 10.6022 5.71038 4.8755 4.14407 4.00287 3.80055 3.59724 2.43337 3.44892
threshold=3.0189109136477561 0.50892857142857151 1.0000000180025095e-35 -0.63111392298424607 4.5000000000000009 33.699633699633708 60.969799431337897 4.626451478866025e-05 0.049126704086323268 46.17465867465868 1.5000000000000002 23.09372303478013 5.4392007271717775 1.5939125224936002
decision_type=2 2 2 10 2 2 2 2 8 2 2 8 8 10
left_child=1 2 3 11 5 -5 8 9 -6 -8 -7 -1 -12 -14
right_child=-2 -3 -4 4 6 10 7 -9 -10 -11 12 -13 13 -15
leaf_value=0.001375892569611436 0.023332970769946948 0.012246998069409244 0.0065061757984224318 0.001375892569611436 -0.0016460954103287592 -0.0029277727960934836 -0.0049334489307639746 -0.0016460954103287592 0.001375892569611436 -0.014137320344663419 -0.013855701402901287 0.0033727387430346734 -0.0029277727960934836 -0.010216159993387822
leaf_weight=128.59617028012872 20.22182546928525 47.661170097999275 123.28942180983722 39.776475394144654 192.16006826795638 71.777255158871412 73.435000754892826 20.416203564032912 654.49016652069986 56.131096016615629 70.990202929824591 223.28664560709149 79.299708735197783 56.69181490316987
leaf_count=779 122 346 715 244 1316 604 653 240 4634 819 526 1606 613 563
internal_value=0.00146428 0.00116103 0.000765354 0.000239302 -0.000620954 -0.00457856 0.000660486 -0.00466808 0.00137589 -0.0082208 -0.00723144 0.00337274 -0.00934111 -0.00657662
internal_weight=1858.22 1838 1790.34 1667.05 1315.17 318.535 996.633 149.982 846.65 129.566 278.759 351.883 206.982 135.992
internal_count=13780 13658 13312 12597 10212 2550 7662 1712 5950 1472 2306 2385 1702 1176
is_linear=0
shrinkage=0.03


Tree=171
num_leaves=15
num_cat=0
split_feature=20 27 13 32 1 28 25 22 14 32 32 4 22 28
split_gain=14.8477 11.6043 10.9277 17.8432 7.59733 5.16736 4.33491 3.01554 2.73025 2.61355 1.94828 3.0055 1.43509 1.12641
threshold=0.94204301282539538 -0.43305049367514975 inf 53.788169872085966 0.87124251164587296 2.5000000000000004 0.020368654879613594 0.0012553604094482794 0.15519373307526602 52.935526012449095 48.701298701298711 -0.55761160595332893 2.006807615027842e-05 10.500000000000002
decision_type=10 8 8 2 8 2 8 2 2 2 2 10 2 2
left_child=1 9 4 -4 8 -5 12 10 -3 -1 13 -12 -6 -8
right_child=-2 2 3 5 6 -7 7 -9 -10 -11 11 -13 -14 -15
leaf_value=0.011660797836985936 0.02225563980614163 -0.0016667486170557832 0.0061391940833191647 0.0034096253971213964 -0.0040130474700193564 0.0006800567109236283 -0.0063432278680480717 -0.0040130474700193564 0.0006800567109236283 0.0061391940833191647 -0.009502159505044936 -0.019894599986739529 -0.0016667486170557832 -0.009502159505044936
leaf_weight=36.825621934607625 25.274535465054214 175.56015055812895 287.98068930208683 168.80690739303827 132.09961628168821 407.04062018729746 80.394512500613928 104.89696523174644 202.1047415882349 18.051879052072763 40.896083276718855 31.363581134006381 95.053552959114313 50.315130151808262
leaf_count=245 251 1212 2302 1244 823 3653 457 610 1204 150 370 364 572 297
internal_value=0.00141341 0.00106596 0.00061759 0.00302746 -0.00166734 0.000680057 -0.00401355 -0.00635935 0.000680057 0.0116608 -0.00867341 -0.0126611 -0.00166675 -0.00634323
internal_weight=1856.66 1831.39 1776.51 863.828 912.684 575.848 535.019 307.866 377.665 54.8775 202.969 72.2597 227.153 130.71
internal_count=13754 13503 13108 7199 5909 4897 3493 2098 2416 395 1488 734 1395 754
is_linear=0
shrinkage=0.03


Tree=172
num_leaves=15
num_cat=0
split_feature=20 3 11 14 25 25 22 2 4 21 18 17 16 33
split_gain=13.3848 12.0579 7.29452 10.4614 10.7363 6.49565 5.81356 5.76766 7.26546 2.92721 2.19903 1.28749 0.522015 0.439912
threshold=0.94204301282539538 -0.94951187661970138 0.59438644834225374 0.17464201873082855 -0.16498840113109556 1.1594137313376656 6.6210969376664263e-07 0.060737812911725968 -0.019833503848946141 1.6947497738121656e-05 0.28366433485667158 0.0052006801981258058 2.5121956429314225 35.720628577771443
decision_type=10 8 2 2 10 8 2 2 10 2 10 2 8 2
left_child=1 -1 3 4 12 -5 7 8 11 10 -8 -6 -3 -10
right_child=-2 2 -4 5 6 -7 9 -9 13 -11 -12 -13 -14 -15
leaf_value=0.01226319383600751 0.022485232611683083 -0.00097962353306244097 0.0069317422812293734 0.0040430793803284135 -0.012597846693567867 0.0015546887996442881 -0.0044673650725457047 -0.0044673650725457047 -0.013926954099314524 -0.00097962353306244097 -0.0027129643250762957 -0.0076139095257174083 0.0015546887996442881 -0.022467313263865245
leaf_weight=45.859430523589253 24.352930312044919 57.554144222289324 60.365634232759476 521.28094496577978 59.429139224812388 189.5731337890029 140.89745570719242 22.048492670059204 5.9002829790115348 172.07904388383031 78.111675430089235 70.709089066833258 354.39145243540406 43.389330638572574
leaf_count=351 249 454 304 3489 568 1194 1413 127 50 1109 596 465 2740 619
internal_value=0.00237088 0.00204116 0.00160029 0.00115442 -0.000816751 0.00392613 -0.00351394 -0.00758991 -0.0107605 -0.00134482 -0.00444631 -0.00761391 0.00155469 -0.02024
internal_weight=1845.94 1821.59 1775.73 1715.36 1004.51 710.854 592.565 201.476 179.428 391.088 219.009 130.138 411.946 49.2896
internal_count=13728 13479 13128 12824 8141 4683 4947 1829 1702 3118 2009 1033 3194 669
is_linear=0
shrinkage=0.03


Tree=173
num_leaves=15
num_cat=0
split_feature=11 14 12 2 17 9 22 31 13 32 3 30 1 3
split_gain=15.9581 14.1832 9.32068 6.92485 7.18325 9.51647 7.89647 8.6412 7.07679 4.9147 3.40835 2.848 2.68341 1.7804
threshold=4.5848660010509734 1.9252692060134797 1.0000000180025095e-35 0.30024132730015091 0.0052006801981258058 4.7054449044366597 1.0000000180025095e-35 59.586567278874981 50.851901260139066 53.788169872085966 15.637382819513411 52.943485086342235 2.1723573866964432 0.067852391218977529
decision_type=2 2 2 2 2 8 2 2 8 2 10 2 10 8
left_child=1 2 3 4 5 6 7 9 -6 -1 -3 -8 -4 -9
right_child=-2 10 12 -5 8 -7 11 13 -10 -11 -12 -13 -14 -15
leaf_value=-0.0068182237977702466 0.026727747318106329 0.013996736656827095 0.0073615317625794303 0.0037317745321576888 -0.00057646361212287695 -0.00057646361212287695 -0.0030928353704011971 -0.014777856889205994 0.0015892047051601259 -0.01458332770439532 0.0073615317625794303 -0.0068182237977702466 0.0037317745321576888 -0.028201211313874749
leaf_weight=68.029049221426249 17.440844057127833 53.334556980989873 112.63309713825583 124.17045503668487 584.68362116068602 293.98624075576663 184.61791966482997 11.996766973286865 187.26552619133145 72.250796133652329 16.216219644993544 97.875073809176683 16.655815459787846 24.567112971097231
leaf_count=433 105 733 631 785 3711 2285 1426 104 1327 769 131 993 87 342
internal_value=0.00157455 0.00126573 0.000726327 0.000102017 -0.000553365 -0.00262891 -0.00560921 -0.0105436 0.00147599 -0.00681822 0.0139967 -0.00309284 0.00736153 -0.0227375
internal_weight=1865.72 1848.28 1778.73 1649.44 1525.27 753.323 459.337 176.844 771.949 140.28 69.5508 282.493 129.289 36.5639
internal_count=13862 13757 12893 12175 11390 6352 4067 1648 5038 1202 864 2419 718 446
is_linear=0
shrinkage=0.03


Tree=174
num_leaves=15
num_cat=0
split_feature=1 20 18 21 13 28 32 9 18 18 27 1 34 0
split_gain=11.56 8.827 7.72637 7.37798 6.70819 11.7731 6.80581 4.0049 3.86125 3.20815 3.78199 2.90346 2.2088 2.11275
threshold=-1.4253735324078141 0.38512812459454754 0.98215419233086287 1.0000000180025095e-35 52.084231798424774 4.5000000000000009 53.788169872085966 0.31480237582026904 0.95456743499800867 0.1446204229263523 1.1422832937456842 1.3916984928716041 55.341325341325351 0.029050745346726112
decision_type=8 10 10 2 8 2 2 8 8 8 10 8 2 10
left_child=-1 2 3 4 5 8 -6 -4 -2 10 12 -5 -7 -10
right_child=1 -3 7 11 6 9 -8 -9 13 -11 -12 -13 -14 -15
leaf_value=0.018138726609723835 -0.016527407316098575 0.0098627057069065136 0.0028153166463265621 0.0028153166463265621 0.00086096370779849794 -0.0043188401247878068 -0.0013502337997794839 0.0055070474232479412 -0.0013502337997794839 -0.0013502337997794839 -0.019379873032941832 0.00086096370779849794 -0.011849356578864819 -0.01003887363980485
leaf_weight=33.852404478937387 66.365614462643862 66.903488513547927 103.13864674046636 293.61518723331392 197.40548125654459 38.767691353335977 358.94857625849545 206.91157515905797 17.781305596232414 336.56922948546708 13.612123863771556 80.93334824219346 24.86818915233016 15.908927977085112
leaf_count=270 479 505 742 1845 1521 291 3474 1367 103 2213 114 588 176 115
internal_value=0.00193659 0.00158668 0.00115139 0.000222355 -0.00109339 -0.00356143 0.000860964 0.00540828 -0.0125348 -0.00135023 -0.00728745 0.00281532 -0.00431884 -0.00355034
internal_weight=1855.58 1821.73 1754.83 1444.78 1070.23 513.873 556.354 310.05 100.056 413.817 77.248 374.549 63.6359 33.6902
internal_count=13803 13533 13028 10919 8486 3491 4995 2109 697 2794 581 2433 467 218
is_linear=0
shrinkage=0.03


Tree=175
num_leaves=15
num_cat=0
split_feature=20 27 2 17 13 28 14 22 30 28 32 18 13 1
split_gain=12.405 9.38379 6.7438 5.16494 8.16482 5.84786 7.8738 4.73595 5.1873 3.85138 2.78319 2.55225 5.59277 6.54273
threshold=0.94204301282539538 -0.43305049367514975 0.27713773681515624 0.070863579832000742 68.440081406701424 6.5000000000000009 0.010982106338259265 0.16021219073730969 62.606441177869762 12.500000000000002 52.935526012449095 0.94519274960236543 8.6870581097891684 0.68758864048337121
decision_type=10 8 2 2 8 2 2 2 2 2 2 8 8 8
left_child=1 10 3 5 -5 11 7 8 -7 -8 -1 12 13 -3
right_child=-2 2 -4 4 -6 6 9 -9 -10 -11 -12 -13 -14 -15
leaf_value=0.011329510635439752 0.021230869045451253 -0.0074995348041382252 0.0061781408466772573 0.00068148301158864647 0.0033262347804084926 -0.0062349353493329389 -0.0029934116578781604 -0.0029934116578781604 -0.017163754246674726 0.00068148301158864647 0.0061781408466772573 0.00068148301158864647 -0.0023513059500801276 -0.021636837641252078
leaf_weight=36.848860073834658 23.958380925003439 15.673793602734806 135.84474701620638 529.69699281081557 188.59029916673899 208.09580939076841 101.19551161676645 17.236645974218845 47.455112875439227 72.065972728654742 17.773726057261229 412.47381749004126 14.578981988131998 32.985283125191927
leaf_count=245 254 111 872 3203 1535 1761 730 127 700 497 147 3291 92 275
internal_value=0.00174039 0.00142815 0.00102677 0.000474329 0.00237303 -0.00101007 -0.00350812 -0.00666831 -0.00855482 0.000681483 0.0113295 0.000681483 -0.00538409 -0.0126478
internal_weight=1854.47 1830.52 1775.89 1640.05 718.287 921.761 446.049 272.788 255.551 173.261 54.6226 475.712 63.2381 48.6591
internal_count=13840 13586 13194 12322 4738 7584 3815 2588 2461 1227 392 3769 478 386
is_linear=0
shrinkage=0.03


Tree=176
num_leaves=15
num_cat=0
split_feature=11 1 12 13 32 4 14 7 18 7 21 33 2 1
split_gain=15.1936 12.5742 9.01796 7.01496 15.4753 5.70612 5.83684 3.09551 2.63552 3.04601 2.50605 2.32939 2.01753 1.99962
threshold=4.5848660010509734 -0.25797866040431766 0.042544464893621646 52.084231798424774 53.788169872085966 inf 0.51943911227597062 -0.38569309693965165 0.87402661303296336 inf 2.6527730054526942e-05 53.131313131313142 0.41702898550724643 1.0337652894142157
decision_type=2 8 2 8 2 8 2 10 8 8 2 2 2 8
left_child=1 12 3 5 -5 6 7 -3 9 11 -4 -7 -1 -11
right_child=-2 2 10 4 -6 8 -8 -9 -10 13 -12 -13 -14 -15
leaf_value=0.0082807835979841378 0.027824393998976928 -0.0004669731314608333 0.0046478672683941255 0.0046478672683941255 0.001016709362836086 -0.0047239208413201303 0.001016709362836086 -0.0019506556257577526 -0.0019506556257577526 -0.0088963251518778385 0.0082807835979841378 -0.0088963251518778385 0.014951990632366128 -0.017950521063918923
leaf_weight=17.122955678030849 15.907756771892307 103.30972838774323 43.08307165838778 297.96598090045154 531.17748184874654 41.940166220068932 165.18207090627402 310.36714340467006 121.36263551563025 17.498499013483524 77.338094532489777 39.88885285332799 40.775537963025272 33.718128446489573
leaf_count=121 92 681 241 2361 4722 250 914 2216 750 116 445 297 338 257
internal_value=0.00237431 0.00207959 0.00160958 0.00101495 0.00296046 -0.000927041 0.000724069 -0.00195066 -0.00462538 -0.00749719 0.00828078 -0.00472392 0.014952 -0.0130687
internal_weight=1856.64 1840.73 1782.83 1662.41 829.143 833.267 578.859 413.677 254.408 133.046 120.421 81.829 57.8985 51.2166
internal_count=13801 13709 13250 12564 7083 5481 3811 2897 1670 920 686 547 459 373
is_linear=0
shrinkage=0.03


Tree=177
num_leaves=15
num_cat=0
split_feature=11 20 13 18 28 18 9 3 2 16 14 16 35 0
split_gain=11.509 12.245 8.94663 21.217 11.2581 12.6538 7.03266 3.87303 3.84119 3.7344 2.03924 1.86014 1.9601 1.64641
threshold=3.0189109136477561 0.00078329944037832451 52.084231798424774 0.041703105236375111 5.5000000000000009 0.99999855756485645 0.053753538965322235 0.22589600951399955 0.20647653000594179 -0.78491760314624981 0.8132484409092916 -1.0000000180025095e-35 72.685647685647709 0.10496884866288089
decision_type=2 10 8 10 2 8 10 10 2 10 2 10 10 10
left_child=1 2 4 -4 5 8 9 -3 10 -6 -1 12 -7 -11
right_child=-2 7 3 -5 6 11 -8 -9 -10 13 -12 -13 -14 -15
leaf_value=-0.016360914062631293 0.022874130227461147 0.012418317194171247 0.001377018487605489 0.0067536858420876233 -0.015026514798057132 -0.0012161557231576293 0.001377018487605489 0.0067536858420876233 -0.0054075325714912532 -0.002914754437163089 -0.0098700294588350661 0.001377018487605489 -0.0054075325714912532 -0.0089706346176101105
leaf_weight=109.43328762426972 19.054772575385869 52.293834490235895 612.61563074029982 250.32262287288904 29.047114800661802 50.639129415154457 577.22363330610096 43.376464168541133 13.385312441736458 42.751012064516544 11.049490913748739 17.39644405990839 12.58111237734556 9.5837002173066121
leaf_count=785 115 407 5305 1939 182 307 3772 275 85 272 57 130 81 55
internal_value=0.00223885 0.0019625 0.00136844 0.00352576 -0.000771724 -0.00665807 0.00118098 0.0121389 -0.0121921 -0.00720653 -0.0143325 0.00137702 -0.00380933 -0.00291475
internal_weight=1850.75 1831.7 1736.03 862.938 873.09 214.485 658.605 95.6703 133.868 81.3818 120.483 80.6167 63.2202 52.3347
internal_count=13767 13652 12970 7244 5726 1445 4281 682 927 509 842 518 388 327
is_linear=0
shrinkage=0.03


Tree=178
num_leaves=15
num_cat=0
split_feature=20 17 13 2 8 22 1 32 33 18 32 1 13 13
split_gain=10.4466 9.14597 25.0679 7.09426 7.36192 9.64491 3.3904 2.22877 1.44714 1.27119 0.541135 0.379598 0.30331 0.223601
threshold=0.94204301282539538 0.070863579832000742 68.440081406701424 0.012163561076604556 -0.30462660984997741 1.4518193443827046e-06 0.098728788321270008 59.198493813878436 56.224331224331237 0.24356040417717104 50.061476984553913 1.9173995724486307e-11 0.40241939896606277 -29.531310175812852
decision_type=10 2 8 2 10 2 8 2 2 8 2 8 8 10
left_child=1 3 6 4 7 8 -3 -1 10 -7 -6 -10 -2 -9
right_child=12 2 -4 -5 5 9 -8 13 11 -11 -12 -13 -14 -15
leaf_value=-3.6466715778444362e-05 0.010491653830392956 0.0061418884728759822 0.010491653830392956 0.0017921231153590089 -0.0075255618310349857 -0.0075255618310349857 0.0017921231153590089 -0.0026897424011592752 -0.011583204825641397 -0.0026897424011592752 -0.011583204825641397 -0.017504144056506948 0.022604531639497209 -0.0013631045584688599
leaf_weight=363.86186877265573 7.7229010872542858 77.552872568368912 195.14033097214997 203.94888277351856 31.035375535488129 18.017646607011557 514.02332167327404 123.64771571755409 6.176641833037138 198.04634628817439 21.216548757627606 54.92488054279238 16.919711201451722 12.854283867403863
leaf_count=2605 70 514 1641 1198 214 182 3099 1380 62 1625 257 587 180 170
internal_value=0.00179921 0.00150723 0.00393377 -0.00034952 -0.00186506 -0.00534302 0.00179212 -3.64667e-05 -0.0123614 -0.00268974 -0.00752556 -0.0156408 0.0194761 -0.00268974
internal_weight=1845.09 1820.45 786.717 1033.73 829.781 329.417 591.576 500.364 113.353 216.064 52.2519 61.1015 24.6426 136.502
internal_count=13784 13534 5254 8280 7082 2927 3613 4155 1120 1807 471 649 250 1550
is_linear=0
shrinkage=0.03


Tree=179
num_leaves=15
num_cat=0
split_feature=20 14 17 13 7 30 33 0 0 22 32 1 28 9
split_gain=8.79212 8.6304 6.84595 15.3077 9.83611 11.7798 4.84988 3.15709 2.39284 1.64305 2.43237 1.34333 1.33176 0.913598
threshold=0.94204301282539538 1.9252692060134797 0.0052006801981258058 inf -0.008762691428409573 54.948622805765673 66.160506160506174 0.10053983853343212 6.8730142670217704 8.4492436236871757e-05 47.387228156458939 3.9972468714957343 14.500000000000002 0.025011196061939214
decision_type=10 2 2 8 10 2 2 8 8 2 2 8 2 10
left_child=1 2 4 7 12 13 9 -4 -8 10 -7 -3 -1 -6
right_child=-2 11 3 -5 5 6 8 -9 -10 -11 -12 -13 -14 -15
leaf_value=0.0010811522725789823 0.018684007775500746 0.010085960852470805 0.0033266819682975257 0.0055722116640160683 -0.0059294627679331406 -0.0080961431153393649 -0.011703061428050061 0.0010811522725789823 -0.025959262361805863 -0.0059294627679331406 -0.011703061428050061 0.0055722116640160683 -0.0016348624811173421 -0.0016348624811173421
leaf_weight=457.02524564228952 22.20680454839021 31.555662401020527 109.90164059773088 173.90201941505075 7.8340064398944369 43.481285475194454 40.854344831779599 587.30879958625883 18.00804878026247 36.407607370987535 40.74907006137073 37.899551969021559 37.391790140420198 213.837401997298
leaf_count=3535 252 444 691 1293 66 267 468 3671 200 278 407 424 304 1574
internal_value=0.00174299 0.00148791 0.00105846 0.00294439 -0.000782088 -0.00435088 -0.0102241 0.00108115 -0.0170675 -0.00633863 -0.0102628 0.010086 0.00108115 -0.00163486
internal_weight=1858.36 1836.16 1766.7 871.112 895.589 401.172 179.5 697.21 58.8624 120.638 84.2304 69.4552 494.417 221.671
internal_count=13874 13622 12754 5655 7099 3260 1620 4362 668 952 674 868 3839 1640
is_linear=0
shrinkage=0.03


Tree=180
num_leaves=15
num_cat=0
split_feature=12 14 28 27 3 28 18 1 16 1 9 18 18 34
split_gain=8.89955 6.03838 5.98429 5.79945 4.75517 4.7242 5.78788 4.70919 4.58875 6.77222 3.44819 3.35501 3.19861 4.2954
threshold=0.042544464893621646 1.139358870883294 9.5000000000000018 -0.180953566884517 0.12688429477978849 13.500000000000002 0.22755466774270763 0.44222951560492907 28.739490354757248 3.6902470411810451 0.96491840800243722 0.086549713587645447 0.93993125279798828 38.561438561438571
decision_type=2 2 2 10 10 2 8 10 8 10 10 10 8 2
left_child=1 2 8 -4 -5 6 -6 -2 9 12 -11 -10 13 -1
right_child=7 -3 3 4 5 -7 -8 -9 11 10 -12 -13 -14 -15
leaf_value=-0.00066192333905224854 0.015048756851711484 0.0055550913402108472 0.0032442128645142811 0.00034838059109039871 -0.015097010858346471 -0.008549631875394979 -0.0022696195749733893 0.0055550913402108472 0.0012475803113044344 -0.016143483592263225 -0.0042586033790799425 0.0032442128645142811 0.0012475803113044344 -0.0042586033790799425
leaf_weight=35.215138951316476 67.655222646426409 101.79714160319418 69.755172822624445 229.0917553845793 28.208539984188974 160.09396039508283 132.57430139742792 55.127511545084417 485.9739166777581 30.612282421439886 24.952140476554632 210.12391864880919 57.670825984328985 158.09910610411316
leaf_count=207 422 1236 469 1505 210 1209 1042 301 3995 227 179 1319 392 1139
internal_value=0.00201838 0.00144766 0.000933334 -0.00137735 -0.00254745 -0.00488762 -0.00226962 0.00966253 0.00236129 -0.000749052 -0.00976479 0.00324421 0.00124758 -0.00257143
internal_weight=1846.95 1724.17 1622.37 619.724 549.969 320.877 160.783 122.783 1002.65 306.549 55.5644 696.098 250.985 193.314
internal_count=13852 13129 11893 4435 3966 2461 1252 723 7458 2144 406 5314 1738 1346
is_linear=0
shrinkage=0.03


Tree=181
num_leaves=15
num_cat=0
split_feature=14 2 34 11 21 33 28 1 34 28 8 3 17 2
split_gain=12.3064 8.33272 7.29378 5.40911 6.35853 9.42679 4.64476 4.9286 5.25642 4.48385 1.83294 1.05021 0.781204 0.94399
threshold=1.9252692060134797 0.52232142857142871 52.047952047952052 1.0000000180025095e-35 1.0000000180025095e-35 58.131868131868146 1.5000000000000002 0.013370394873520283 40.925740925740932 13.500000000000002 -0.17641297634471884 0.29777204678068175 0.034440571082389015 0.012163561076604556
decision_type=2 2 2 2 2 2 2 10 2 2 8 8 2 2
left_child=1 3 -2 4 5 9 -7 -8 -9 -1 -10 -6 13 -12
right_child=2 -3 -4 -5 11 6 7 8 10 -11 12 -13 -14 -15
leaf_value=0.00080692411726398703 0.024722027367939148 0.0076548561721143027 0.0076548561721143027 0.0042941730259924305 0.0023571939659570223 -0.00162295821729508 -0.00162295821729508 -0.0048518836834151686 -0.0078127935639899782 -0.00162295821729508 -0.015786392881367253 0.00080692411726398703 -0.010026341837719518 -0.011838448625398462
leaf_weight=566.85090669058263 28.4531718660146 46.944767108187079 39.464023536071181 97.271404324565083 244.95614777412266 81.506079025566578 127.63536201789975 55.615537133067846 22.008627073839307 183.08837670180947 129.39062704332173 151.73664396908134 32.518749213777483 31.369608592242002
leaf_count=4034 387 333 484 506 1524 646 877 385 242 1273 1553 1060 273 205
internal_value=0.00186382 0.00136243 0.0139473 0.00093349 0.000420215 -0.000743346 -0.00405284 -0.00580489 -0.00808081 0.000806924 -0.0107737 0.00235719 -0.0122399 -0.0136506
internal_weight=1838.81 1770.89 67.9172 1723.95 1626.68 1229.98 480.045 398.539 270.903 749.939 215.288 396.693 193.279 160.76
internal_count=13782 12911 871 12578 12072 9488 4181 3535 2658 5307 2273 2584 2031 1758
is_linear=0
shrinkage=0.03


Tree=182
num_leaves=15
num_cat=0
split_feature=20 27 2 16 1 18 14 18 22 14 13 35 13 34
split_gain=13.2084 11.1476 7.69454 6.51096 13.5226 12.1166 5.07328 3.21895 3.68664 2.60773 2.09215 1.08298 0.670217 0.600442
threshold=0.94204301282539538 -0.43305049367514975 0.27713773681515624 251.92631901505823 11.178729971845524 0.014972930661648049 0.29991557458833518 0.95456743499800867 0.00032300772464064555 0.00043963256390351928 59.617761420004825 46.678321678321687 41.922291914820022 57.242757242757243
decision_type=10 8 2 8 10 10 2 8 2 2 8 10 8 2
left_child=1 9 3 4 6 -5 7 8 12 -1 13 -4 -3 -6
right_child=-2 2 11 5 10 -7 -8 -9 -10 -11 -12 -13 -14 -15
leaf_value=0.0061203615662151576 0.022087396412561713 -0.008232704517103881 0.0061203615662151576 -0.00022322940239053496 -0.013380281145508688 0.0030911559815774525 -0.00022322940239053496 -0.0020217496028624511 -0.0038707355116364625 0.011590035911088589 -0.008232704517103881 0.0030911559815774525 -0.0060517200143701717 -0.024261184963841668
leaf_weight=12.654226098209618 22.395926147699356 132.85207075346261 69.675888184458017 636.20041986368597 28.584137413650751 304.06203731894493 272.05680239386857 70.3663369435817 152.892712386325 42.756168784573674 8.553476080298422 64.622732600197196 10.501326642930506 18.863437032327056
leaf_count=110 242 1181 448 5437 183 2191 1488 516 996 288 54 435 69 168
internal_value=0.00140619 0.00109268 0.000650687 6.19504e-05 -0.00213205 0.00168559 -0.00083637 -0.00382027 -0.00571972 0.01159 -0.015629 0.00612036 -0.0082327 -0.0185279
internal_weight=1847.04 1824.64 1769.23 1634.93 694.67 940.262 638.669 366.612 296.246 55.4104 56.0011 134.299 143.353 47.4476
internal_count=13806 13564 13166 12283 4655 7628 4250 2762 2246 398 405 883 1250 351
is_linear=0
shrinkage=0.03


Tree=183
num_leaves=15
num_cat=0
split_feature=11 3 18 13 8 7 3 19 24 32 25 30 14 28
split_gain=17.172 9.66713 7.56237 17.5413 10.5571 5.45799 3.08233 2.3633 2.31976 2.22218 1.90473 0.811842 0.641053 0.249861
threshold=0.94162292523762248 -0.94951187661970138 0.1446204229263523 68.440081406701424 -0.2468015932791516 1.3006889293047419 0.55920731241708233 0.50140831377937112 -0.94018737918755713 35.647569214002786 -0.2478361639045816 78.788473431330587 2.3267118737113726 3.5000000000000004
decision_type=2 8 10 8 10 10 8 10 10 2 10 2 2 2
left_child=1 -1 4 8 11 6 -6 -2 -4 -7 -8 -3 -12 -13
right_child=7 2 3 -5 5 9 10 -9 -10 -11 12 13 -14 -15
leaf_value=0.010199333091322252 0.023636567407553547 0.00088481170560198504 0.00088481170560198504 0.0055979775173491137 -0.0022010108922515515 -0.0093307629314501334 -0.0048080639612068342 0.010199333091322252 0.0032413946114755493 -0.019661989408419726 -0.0093307629314501334 -0.0022010108922515515 -0.0070694134463284838 -0.00065809959332478317
leaf_weight=47.663981763646007 31.698487205430865 456.86901513673365 652.54593457141891 231.45377732347697 166.79219933971763 9.2985405512154085 19.401052232831717 14.7757286503911 35.458724771626294 31.489763367921114 93.414711756631732 28.47291199862957 8.891006473451851 8.1339153014123422
leaf_count=375 182 3656 4237 1840 1273 65 197 72 249 290 918 265 108 84
internal_value=0.00190246 0.00140708 0.000996622 0.0028594 -0.00108977 -0.00528683 -0.00368511 0.0189916 0.000884812 -0.0149764 -0.00741512 0.000884812 -0.00933076 -0.00220101
internal_weight=1836.36 1789.89 1742.22 919.458 822.763 329.287 288.499 46.4742 688.005 40.7883 121.707 493.476 102.306 36.6068
internal_count=13811 13557 13182 6326 6856 2851 2496 254 4486 355 1223 4005 1026 349
is_linear=0
shrinkage=0.03


Tree=184
num_leaves=15
num_cat=0
split_feature=27 14 20 16 14 1 18 9 32 19 25 22 27 14
split_gain=11.7854 8.98325 8.48479 9.00286 6.37741 5.8549 7.36433 5.23389 3.75782 3.66611 2.5963 2.48071 1.57038 0.875277
threshold=-0.43305049367514975 0.0025711040402093166 0.38512812459454754 -0.0069369454999001039 0.15228581553318163 11.178729971845524 0.13691022387028146 0.47630611188266841 53.788169872085966 -2.6249789207059977 -0.043230214021795714 0.0054617387130780461 0.78845736036427061 0.71190313027293373
decision_type=8 2 10 8 2 10 10 8 2 10 10 2 8 2
left_child=1 -1 3 4 10 6 8 13 -5 -3 -2 -7 -6 -8
right_child=2 9 -4 5 12 11 7 -9 -10 -11 -12 -13 -14 -15
leaf_value=0.0082378549265445886 -0.0080427233440986956 0.039153352832798437 0.0082378549265445886 0.0021770531847217739 -0.002658822455815123 -0.002658822455815123 0.0021770531847217739 0.0046010722321220051 -0.00020549177029074745 0.016246258511739609 -0.01799707621910324 -0.00020549177029074745 -0.0080427233440986956 0.0033890627084218888
leaf_weight=15.505531467497347 21.703316446393728 9.1236366778612119 66.943082422949374 229.28537611477077 30.216222051531076 115.01116305403411 268.59078777581453 361.24870491959155 451.47771436348557 29.409245440736413 41.919682330451906 83.370917908847332 23.735374230891466 91.792784124612808
leaf_count=129 177 63 517 1460 180 1057 1576 2379 4053 205 358 583 137 979
internal_value=0.00186113 0.0150549 0.00142085 0.00096429 -0.00687752 0.00155988 0.00224784 0.00434833 5.77817e-06 0.0242547 -0.0134266 -0.00265882 -0.00265882 0.00217705
internal_weight=1839.33 54.0384 1785.3 1718.35 117.575 1600.78 1402.4 721.632 680.763 38.5329 63.623 198.382 53.9516 360.384
internal_count=13853 397 13456 12939 852 12087 10447 4934 5513 268 535 1640 317 2555
is_linear=0
shrinkage=0.03


Tree=185
num_leaves=15
num_cat=0
split_feature=2 12 13 32 27 34 18 4 1 16 27 1 16 3
split_gain=12.7168 11.4402 6.58089 17.163 5.10996 5.92711 3.98776 3.09243 2.43144 1.55825 1.09823 0.779724 0.5278 0.127911
threshold=0.52232142857142871 1.0000000180025095e-35 59.617761420004825 53.788169872085966 1.1545556847476608 56.639194139194139 0.50347000724377045 0.52232017204606762 2.1723573866964432 16.368988832474276 2.314931399289232 1.2606030674041888 1.0000000180025095e-35 0.0083742590933873918
decision_type=2 2 8 2 8 2 8 8 10 10 10 10 8 8
left_child=1 2 4 -4 5 -1 9 -2 -3 10 13 -8 -13 -6
right_child=7 8 3 -5 6 -7 11 -9 -10 -11 -12 12 -14 -15
leaf_value=0.00084937532018379048 0.022280176140082271 0.0090347298935834416 0.0049317645918607045 0.00084937532018379048 -0.0094054095760936294 -0.0024242175537790263 -0.0024242175537790263 0.0090347298935834416 0.0049317645918607045 -0.0062990635623198605 -0.020520319051778174 -0.0062990635623198605 -0.0043616405580494434 -0.012611476806344857
leaf_weight=414.4626400610432 30.000367989297956 106.56781937321648 289.11609127279371 531.37618359550834 7.9938251115381753 225.02620642632246 72.360391121357679 17.003995114937425 16.940100617706776 10.799226693809031 12.419743562117217 15.752618122845886 32.800097920000553 49.341447115875773
leaf_count=2611 230 638 2356 4758 45 1574 467 124 95 64 97 125 226 364
internal_value=0.00193455 0.00150407 0.000828799 0.00273248 -0.00103373 0.000288915 -0.00513735 0.0165654 0.00903473 -0.0101739 -0.0125118 -0.00242422 -0.00629906 -0.00940541
internal_weight=1831.96 1784.96 1661.45 820.492 840.956 639.489 201.467 47.0044 123.508 80.5542 69.755 120.913 48.5527 57.3353
internal_count=13774 13420 12687 7114 5573 4185 1388 354 733 570 506 818 351 409
is_linear=0
shrinkage=0.03


Tree=186
num_leaves=15
num_cat=0
split_feature=11 5 20 1 28 14 28 13 4 0 13 28 30 16
split_gain=10.7578 8.82113 6.38695 7.22542 8.73595 7.55298 8.14548 5.38316 4.28813 4.0729 4.02298 3.43957 3.26254 3.01381
threshold=0.2157499813807999 0.9996510016704615 0.24581848916248042 -0.25797866040431766 4.5000000000000009 0.0025711040402093166 13.500000000000002 5.5770804138872965 -5.315538534474467e-15 9.0298743884754558 0.019180190012223864 5.5000000000000009 23.110817753674901 8.1702700531782106
decision_type=2 2 10 10 2 2 2 8 10 10 8 2 2 8
left_child=1 2 3 -1 7 6 8 -5 -6 -9 -2 -12 -8 -7
right_child=10 -3 -4 4 5 13 12 9 -10 -11 11 -13 -14 -15
leaf_value=0.0038248159768538002 0.0065607011624044019 -0.02314286003172249 0.0065607011624044019 -0.010467579231715407 -0.00043848251001360808 -0.00043848251001360808 -0.00043848251001360808 0.00068060300823128425 -0.0061957430880473828 -0.0061156376683050425 0.026906016497037333 0.011257101749327952 -0.010807149407941526 0.001900872151794665
leaf_weight=382.46189932338893 21.575119510293007 8.1565634943544847 69.353424290660769 88.552479367703199 127.60681649111211 271.28842138871551 10.549724504351614 166.8435918353498 113.20116433594376 43.82567485794425 16.752831655554473 50.689148846548051 69.061375128105283 393.31493394263089
leaf_count=2688 116 82 512 664 1213 1835 49 1339 1234 401 88 286 707 2560
internal_value=0.00188431 0.00134737 0.00152856 0.00108893 -2.30717e-05 0.0013433 -0.00277784 -0.00446925 -0.000438483 -0.0017637 0.011774 0.0159535 -0.0108071 0.00190087
internal_weight=1833.23 1744.22 1736.06 1666.71 1284.24 985.022 320.419 299.222 240.808 210.669 89.0171 67.442 79.6111 664.603
internal_count=13774 13284 13202 12690 10002 7598 3203 2404 2447 1740 490 374 756 4395
is_linear=0
shrinkage=0.03


Tree=187
num_leaves=15
num_cat=0
split_feature=14 17 8 9 1 18 33 34 14 2 8 18 1 22
split_gain=12.1592 7.23938 8.09573 8.39726 5.22217 4.7437 3.49124 3.16472 2.88214 2.32013 1.95678 1.54551 0.616524 1.63076
threshold=1.9252692060134797 0.070863579832000742 -0.27581244503674268 0.011007817807598849 0.098728788321270008 0.98215419233086287 71.928071928071944 52.047952047952052 1.0000000180025095e-35 0.095695970695970703 -0.30462660984997741 0.94519274960236543 0.56374891633094515 0.18991166789725913
decision_type=2 2 10 10 10 8 2 2 2 2 10 8 8 2
left_child=1 2 11 -4 8 -6 12 -2 -3 -8 -9 -1 -5 -14
right_child=7 4 3 6 5 -7 9 10 -10 -11 -12 -13 13 -15
leaf_value=-0.00095816821889345178 0.021340908874141022 0.0045863301023481538 -0.015314240144028385 -0.00095816821889345178 0.0016268900831203361 0.0045863301023481538 -0.0086440621637683679 0.014489270393117676 0.0076376319120943304 -0.0045562602511322204 0.0076376319120943304 0.0016268900831203361 -0.0045562602511322204 -0.0019580871453215303
leaf_weight=83.705687320325524 26.901364041492343 51.528373539447784 43.350834866985679 160.04641125677153 408.10145600978285 112.8224528785795 48.432427438907325 14.264212615787981 176.69870776263997 14.782335076481102 25.544557150453329 527.29661077260971 129.5445198295638 16.143606387078762
leaf_count=631 385 261 298 1146 2551 690 501 162 1299 82 337 4136 1244 116
internal_value=0.00182676 0.00133283 -0.000309338 -0.00354323 0.00356312 0.00187162 -0.00197388 0.0139424 0.00730104 -0.00815435 0.00763763 0.00162689 -0.000958168 -0.00295801
internal_weight=1839.16 1772.45 1023.3 412.3 749.151 520.924 368.949 66.7101 228.227 63.2148 39.8088 611.002 305.735 145.688
internal_count=13839 12955 8154 3387 4801 3241 3089 884 1560 583 499 4767 2506 1360
is_linear=0
shrinkage=0.03


Tree=188
num_leaves=15
num_cat=0
split_feature=0 11 14 28 25 17 22 1 13 33 7 8 33 9
split_gain=10.6395 5.81982 7.11744 11.3569 9.96713 9.16078 4.11858 4.21761 1.71012 1.60213 1.24588 1.07067 1.80704 0.91832
threshold=-0.8348631728980318 0.84566974182936427 0.0093279185775006247 7.5000000000000009 0.036294453802596445 0.0052006801981258058 0.84912812358439982 3.2365316982772447 inf 50.474921903493346 0.62301991131386381 0.11352837695731478 61.945197659483377 0.017426350795307362
decision_type=8 2 2 2 8 2 2 8 8 2 10 10 2 8
left_child=-1 2 3 13 9 6 7 11 -6 -4 -3 -5 -13 -2
right_child=1 10 4 5 8 -7 -8 -9 -10 -11 -12 12 -14 -15
leaf_value=0.017019746368487052 -0.0039803644579621128 0.0092768509392791073 0.0052455774848004537 -0.0067883673825475501 0.00094378710801087647 0.00094378710801087647 -0.0036911909615399423 -0.018157514800474575 0.0030946822964056648 0.0030946822964056648 0.0052455774848004537 -0.0084402427828332311 -0.012877996601706796 0.00094378710801087647
leaf_weight=35.911294553428888 56.186333075165749 38.570668869651854 328.62463026540354 73.267522795125842 433.12747432291508 61.165611984208226 10.666810110211371 42.758534921333194 118.98353939410299 113.17827664222568 14.359383158385752 54.868715709075332 61.21103928796947 390.96505131199956
leaf_count=312 350 220 2307 655 2706 492 80 513 957 803 71 492 576 3304
internal_value=0.00188266 0.00153396 0.0012143 -0.00098636 0.00287393 -0.00555368 -0.00832617 -0.00988554 0.000943787 0.00524558 0.00927685 -0.00759848 -0.0100921 0.000943787
internal_weight=1833.84 1797.93 1745 751.09 993.914 303.938 242.773 232.106 552.111 441.803 52.9301 189.347 116.08 447.151
internal_count=13838 13526 13235 6462 6773 2808 2316 2236 3663 3110 291 1723 1068 3654
is_linear=0
shrinkage=0.03


Tree=189
num_leaves=15
num_cat=0
split_feature=11 27 13 17 1 8 27 0 9 14 32 16 28 9
split_gain=9.59346 8.16576 9.94301 12.7194 11.9378 7.04392 6.02987 5.23107 6.80534 3.55562 3.51399 0.991036 0.305622 0.269376
threshold=4.5848660010509734 -0.43305049367514975 inf 0.0052006801981258058 11.178729971845524 -0.34419374263017749 1.4774913071902174 11.788958004147869 4.7054449044366597 0.0020053482711307759 53.788169872085966 121.1019197395846 11.500000000000002 0.46622830524210668
decision_type=2 8 8 2 8 10 8 10 10 2 2 8 2 10
left_child=1 9 4 10 6 11 13 12 -9 -1 -4 -6 -7 -3
right_child=-2 2 3 -5 5 7 -8 8 -10 -11 -12 -13 -14 -15
leaf_value=0.0063695554885801753 0.021601690374049038 -0.00080918709244744017 0.003810639440668992 0.0063695554885801753 -0.0072676174139189899 -0.011643206654376854 -0.0030825119037507253 -0.03951393669497099 -0.015937785675548405 0.011569664489533085 0.0012517233927578091 -0.0030825119037507253 -0.0080285628635630383 0.0012517233927578091
leaf_weight=13.085148140788077 16.743496733251959 238.46238292148337 141.1151870097965 190.47588909324259 57.024589883163571 40.905688468366861 124.65809319633991 11.681562319397926 13.328833999112248 39.416763770394027 516.2850905507803 62.389065951108932 30.420946389436722 336.4779452374205
leaf_count=115 100 1617 983 1619 399 264 891 71 92 268 4685 359 188 2200
internal_value=0.00177925 0.00153764 0.00116945 0.00350067 -0.000997218 -0.0070809 0.000915875 -0.0129746 -0.023847 0.0115697 0.00125172 -0.00308251 -0.00802856 0.00125172
internal_weight=1832.47 1815.73 1763.23 847.876 915.349 215.751 699.598 96.337 25.0104 52.5019 657.4 119.414 71.3266 574.94
internal_count=13851 13751 13368 7287 6081 1373 4708 615 163 383 5668 758 452 3817
is_linear=0
shrinkage=0.03


Tree=190
num_leaves=15
num_cat=0
split_feature=14 12 1 28 3 17 18 28 13 3 32 8 8 14
split_gain=8.56636 7.38683 7.14744 5.65565 10.1645 5.65549 7.4355 5.40784 5.1841 6.43426 4.15078 4.71734 3.23118 3.05297
threshold=1.139358870883294 0.044375418204102117 11.178729971845524 13.500000000000002 0.12688429477978849 0.070863579832000742 0.95265631953764662 17.500000000000004 128.86465014792446 0.23114946008149198 53.788169872085966 0.014873105448209857 -0.27581244503674268 0.010982106338259265
decision_type=2 2 8 2 10 2 8 2 8 8 2 10 10 2
left_child=1 3 -2 5 13 6 8 12 9 -1 -8 -12 -6 -5
right_child=2 -3 -4 4 7 -7 10 -9 -10 -11 11 -13 -14 -15
leaf_value=-0.0060166238779861938 0.01800831860630709 0.006001668749486524 0.006001668749486524 -0.0018133832752060411 -0.0025673965499331082 0.0035059274468671698 0.0018604636320017263 -0.0018133832752060411 -0.0023012035064293693 -0.016066882374846825 0.00044995889514049165 -0.0023012035064293693 -0.012770834832323028 0.0035059274468671698
leaf_weight=45.781621151603758 55.101510505657643 119.13346296362579 46.311125110834837 52.060644909739494 41.647264253348112 512.8127975743264 190.90792917087674 34.467152561992407 16.873352907598019 70.728913206607103 376.60389766097069 99.967984652146697 103.2605475988239 68.643646290525794
leaf_count=309 782 661 536 376 297 3222 1121 243 102 640 3271 1118 798 391
internal_value=0.00212343 0.00161101 0.0103923 0.00101019 -0.00267576 0.00185911 0.000215 -0.00713269 -0.00611929 -0.00973204 0.00151688 -0.000960546 -0.0100218 0.00350593
internal_weight=1834.3 1732.89 101.413 1613.76 300.079 1313.68 800.864 179.375 133.384 116.511 667.48 476.572 144.908 120.704
internal_count=13867 12549 1318 11888 2105 9783 6561 1338 1051 949 5510 4389 1095 767
is_linear=0
shrinkage=0.03


Tree=191
num_leaves=15
num_cat=0
split_feature=20 0 16 11 16 18 1 8 14 1 26 21 14 35
split_gain=10.9045 8.17683 6.75986 5.68811 5.02731 10.0393 5.18056 5.04182 2.76199 0.868501 0.746211 0.424581 0.404558 0.128279
threshold=0.92229919352317524 -0.10538820265864453 -10.599109990410573 0.071778837733983067 133.3645267970042 0.014972930661648049 11.178729971845524 0.37790524307855483 0.54424403488800499 -1.4253735324078141 1.0000000180025095e-35 0.0015325406804800891 0.00043963256390351928 46.195471195471207
decision_type=10 8 8 2 8 10 10 10 2 10 8 2 2 10
left_child=1 9 8 4 6 12 7 -4 10 -1 -3 -9 -6 -11
right_child=-2 2 3 -5 5 -7 -8 11 -10 13 -12 -13 -14 -15
leaf_value=0.010594380976516786 0.01978379197881569 -0.010537526874156435 0.00051041715394925611 0.0057949496866574329 0.00051041715394925611 0.0033082641402639805 -0.0048357949066549092 -0.0024700668509683023 -0.0048357949066549092 0.0081946653315871087 -0.021389764688567361 -0.00097982484850952308 0.0019093406471066183 0.0057949496866574329
leaf_weight=31.881848217919469 24.57266233349219 12.754194408655168 362.90182047896087 89.103133281692863 503.60155437514186 309.92307925969362 55.942182833328843 175.53401832468808 9.6311544105410558 15.520975970663129 14.251669481396673 65.239530557766557 141.41591796278954 17.799587525427341
leaf_count=271 269 98 2458 463 4608 2241 415 1228 53 117 115 375 976 142
internal_value=0.00170498 0.00140497 0.000995518 0.00128383 0.000821579 0.00220819 -0.00118736 -0.000104339 -0.0109554 0.0105944 -0.0162393 -0.00247007 0.000510417 0.00579495
internal_weight=1830.07 1805.5 1740.3 1703.66 1614.56 954.941 659.618 603.675 36.637 65.2024 27.0059 240.774 645.017 33.3206
internal_count=13829 13560 13030 12764 12301 7825 4476 4061 266 530 213 1603 5584 259
is_linear=0
shrinkage=0.03


Tree=192
num_leaves=15
num_cat=0
split_feature=11 12 27 13 18 27 18 14 28 21 3 12 16 28
split_gain=8.53254 7.71105 5.41147 7.04137 5.54527 4.72494 4.46978 3.14452 3.38096 2.35922 2.18151 1.10084 1.09259 0.860456
threshold=4.5848660010509734 1.0000000180025095e-35 -0.22276026267911184 52.084231798424774 0.014972930661648049 1.9115958958607655 0.45238982658636168 0.23992555712201299 7.5000000000000009 0.00018131052716969644 0.09787836797143798 1.2739370334307045 -0.59308072343709628 1.5000000000000002
decision_type=2 2 8 8 10 8 8 2 2 2 8 2 10 2
left_child=1 2 -1 5 13 7 10 8 -4 11 -7 -3 -11 -5
right_child=-2 9 3 4 -6 6 -8 -9 -10 12 -12 -13 -14 -15
leaf_value=0.0046711182146374651 0.020812385209155876 0.0046711182146374651 -0.0012723086067430796 0.0014296678893078189 0.0025287187954996975 -0.008432075749335563 -0.0034083379793224127 0.00033061698311594016 -0.0034083379793224127 0.0078959830998921714 -0.018225373773501301 0.0078959830998921714 0.011120847985146879 0.00033061698311594016
leaf_weight=97.837405725382268 15.709500627592204 29.209646658971906 104.85422332398593 82.59051076322794 242.91948360623792 15.332732100039719 102.32185482233763 310.07005990389735 206.13932005036622 49.799648605752736 33.287745730951428 15.957453008741139 30.442080817185342 490.19306353852153
leaf_count=732 103 157 806 646 1922 94 688 1693 1645 287 272 103 193 4479
internal_value=0.00165236 0.00142931 0.000882777 0.000386319 0.00232307 -0.00166184 -0.00633116 -0.000485515 -0.00287523 0.00845946 -0.0134558 0.00467112 0.0111208 0.000330617
internal_weight=1826.66 1810.96 1685.55 1587.71 815.703 772.006 150.942 621.064 310.994 125.409 48.6205 45.1671 80.2417 572.784
internal_count=13820 13717 12977 12245 7047 5198 1054 4144 2451 740 366 260 480 5125
is_linear=0
shrinkage=0.03


Tree=193
num_leaves=15
num_cat=0
split_feature=20 14 11 1 9 17 28 28 22 0 2 33 25 21
split_gain=11.1065 9.60972 8.05044 7.75723 8.43212 5.85451 4.57608 2.91418 2.46948 2.92439 2.43501 1.47122 1.17827 1.14147
threshold=0.93792492401601923 1.8326806622280249 1.0000000180025095e-35 0.83279842206838373 0.53689005370546017 0.0052006801981258058 4.5000000000000009 1.5000000000000002 0.0083957683073413083 1.5681709658709384 0.10939145437028076 66.675546675546698 1.5845084539838972 0.0026367382161261482
decision_type=10 2 2 10 8 2 2 2 2 10 2 2 10 2
left_child=1 2 3 5 8 10 7 -6 9 -5 -1 -8 -3 -11
right_child=-2 12 -4 4 6 -7 11 -9 -10 13 -12 -13 -14 -15
leaf_value=0.00021945197297008309 0.020920175012287445 0.011259560503506103 0.0062058128756176606 -0.0072159831694239285 0.00021945197297008309 0.003401084403975066 0.00021945197297008309 -0.0041915871268248016 -0.0041915871268248016 -0.017083630181486457 0.0018102681884725744 -0.0041915871268248016 0.0062058128756176606 -0.010770337425869312
leaf_weight=399.05146802216768 22.226485983002931 58.34707838203758 92.846702208742499 48.535241611301899 58.755927458405495 466.9038618914783 335.5473107341677 99.984364993870258 16.630139391869307 60.877471130341291 108.61601775512099 40.762564978562295 7.6713866218924514 14.734167590737341
leaf_count=3036 254 790 459 428 516 3052 2426 868 120 625 631 447 89 125
internal_value=0.00188974 0.00159895 0.00115207 0.000596356 -0.00186537 0.00230428 -0.000121545 -0.00419159 -0.00826163 -0.0102404 0.000219452 0.000219452 0.0112596 -0.0143247
internal_weight=1831.49 1809.26 1743.25 1650.4 675.827 974.571 535.05 158.74 140.777 124.147 507.667 376.31 66.0185 75.6116
internal_count=13866 13612 12733 12274 5555 6719 4257 1384 1298 1178 3667 2873 879 750
is_linear=0
shrinkage=0.03


Tree=194
num_leaves=15
num_cat=0
split_feature=20 14 11 21 33 22 30 9 30 14 13 7 34 8
split_gain=8.95711 7.63168 4.84067 4.975 7.98355 4.64834 4.6267 5.94363 3.25598 2.53506 2.04446 1.7797 1.11138 0.644272
threshold=0.94204301282539538 1.9252692060134797 1.0000000180025095e-35 1.0000000180025095e-35 58.131868131868146 0.0087014352382410159 60.631630274487428 0.681876856688579 52.693734836591993 0.00080900300649598288 6.1647828334521284 0.37667670751277355 52.047952047952052 -0.34419374263017749
decision_type=10 2 2 2 2 2 2 8 2 2 8 10 2 10
left_child=1 2 3 4 9 6 10 -8 -5 -1 -6 -2 -3 -14
right_child=11 12 -4 8 5 -7 7 -9 -10 -11 -12 -13 13 -15
leaf_value=-0.0010293121190597134 0.02419133338633208 0.0099651057394042532 0.0054479066501872918 0.0029828042003946106 -0.0066923692011258869 -0.0010293121190597134 -0.022185549723256121 -0.0066923692011258869 0.0012877387762842544 0.0012877387762842544 -0.0030469087135807926 0.0099651057394042532 0.0077065061947957734 0.0054479066501872918
leaf_weight=189.34564914368093 15.492507377639415 26.253378933295608 94.473678149282932 267.75124987401068 89.352713765576482 80.731656268239021 24.296217324212193 84.166138421744108 115.74400640651584 571.56197465397418 220.69661148451269 6.9341629645787171 12.916212022304533 23.399030620232224
leaf_count=1583 193 383 480 1644 651 565 362 976 848 3841 1771 71 150 319
internal_value=0.00158439 0.00132142 0.000930708 0.000517702 -0.000407327 -0.00334636 -0.00506451 -0.0102783 0.0029828 0.00128774 -0.00310642 0.0186088 0.00996511 0.00544791
internal_weight=1823.12 1800.69 1738.12 1643.65 1260.15 499.243 418.512 108.462 383.495 760.908 310.049 22.4267 62.5686 36.3152
internal_count=13837 13573 12721 12241 9749 4325 3760 1338 2492 5424 2422 264 852 469
is_linear=0
shrinkage=0.03


Tree=195
num_leaves=15
num_cat=0
split_feature=0 20 14 11 18 8 32 1 9 7 22 34 25 17
split_gain=9.27673 8.7972 5.10127 3.6801 2.60364 4.30642 4.74351 5.80189 2.92879 1.8704 0.724885 0.688278 1.78508 0.550775
threshold=-0.8348631728980318 0.38512812459454754 0.99996963805683803 1.0000000180025095e-35 0.1446204229263523 -0.2468015932791516 59.644201951894267 0.48991432177669231 0.49250463623128798 1.223485098451927 0.00014441866273736686 46.441058941058948 -0.025808958508299448 0.4996503693896443
decision_type=8 10 2 2 10 10 2 10 8 10 2 2 8 2
left_child=-1 2 3 4 5 11 9 -8 -6 -7 -3 -2 -13 -4
right_child=1 10 13 -5 8 6 7 -9 -10 -11 -12 12 -14 -15
leaf_value=0.015972883670083624 -0.00030661070888630021 0.0046624143420937233 0.0024575019499996674 0.0024575019499996674 -0.00030661070888630021 -0.0024147941011651015 -0.0063178672640880115 -0.019172792141193901 0.0011024889537726275 -0.0063178672640880115 0.0085844080936136654 -0.0011391532327882359 -0.0024147941011651015 0.0046624143420937233
leaf_weight=34.128424879163504 161.24209544062614 14.276868367567657 54.810442738234997 85.585315247997642 356.46910701878369 159.28730664215982 49.845359409227967 36.199979626573622 431.51626431569457 30.832339568063617 52.120405928231776 30.944945326074958 252.54672843776643 62.289909053593874
leaf_count=303 1126 117 577 407 2259 1077 468 646 2762 235 406 297 2219 867
internal_value=0.00151742 0.00119593 0.000740421 0.00025259 -0.000252524 -0.00154999 -0.00452298 -0.0102209 0.000936767 -0.00241479 0.00858441 -0.000306611 -0.0019717 0.00466241
internal_weight=1812.1 1777.97 1711.57 1594.47 1508.88 720.899 276.165 86.0453 787.985 190.12 66.3973 444.734 283.492 117.1
internal_count=13766 13463 12940 11496 11089 6068 2426 1114 5021 1312 523 3642 2516 1444
is_linear=0
shrinkage=0.03


Tree=196
num_leaves=15
num_cat=0
split_feature=20 2 18 13 32 28 3 34 2 3 22 13 1 4
split_gain=10.1829 6.41771 4.89316 17.0832 7.92884 6.63389 7.2008 3.56205 3.91956 4.02565 2.913 2.16429 2.05991 1.89479
threshold=0.94204301282539538 0.52232142857142871 0.023848974559388437 61.657559023646144 53.788169872085966 13.500000000000002 0.03445119394357659 46.982184482184486 0.023669467787114849 1.6941470186605069e-16 1.4518193443827046e-06 0.40241939896606277 0.098728788321270008 0.52232017204606762
decision_type=10 2 10 8 2 2 10 2 2 10 2 8 8 8
left_child=1 2 4 12 -1 7 -7 -6 9 -9 -11 -2 -4 -3
right_child=11 13 3 -5 5 6 -8 8 -10 10 -12 -13 -14 -15
leaf_value=0.00044147298930197394 0.010283593344662377 0.010283593344662377 0.0029779139390222445 0.0055143548887425153 -0.00167045681112489 -0.00167045681112489 -0.020306402368415171 -0.0058928766763534464 -0.003552542938886032 -0.015805798992260645 -0.0088634642650890841 0.025520536551779549 0.00044147298930197394 0.0055143548887425153
leaf_weight=210.1205415520817 6.6053128922358155 26.821169786155224 105.82691377401352 240.0511116553098 198.25512883067131 24.776210471987724 36.708488823845983 64.273544609546661 40.930367197841406 83.019542125053704 51.104961521923542 15.695930991321804 691.92909899540246 16.414917215704918
leaf_count=1341 69 212 684 1944 1514 183 451 409 257 1160 671 184 4519 123
internal_value=0.00132922 0.00104891 0.000745116 0.0020536 -0.00117065 -0.00378239 -0.0126335 -0.00241005 -0.00543463 -0.00823321 -0.0118341 0.0195183 0.000441473 0.0102836
internal_weight=1812.53 1790.23 1747 1037.81 709.189 499.068 61.4847 437.584 239.328 198.398 134.125 22.3012 797.756 43.2361
internal_count=13721 13468 13133 7147 5986 4645 634 4011 2497 2240 1831 253 5203 335
is_linear=0
shrinkage=0.03


Tree=197
num_leaves=15
num_cat=0
split_feature=11 20 16 26 25 1 18 3 28 13 9 7 13 1
split_gain=9.92606 10.065 4.93458 6.67232 5.41542 6.10362 10.1373 3.61455 2.11045 1.84698 1.17799 1.08335 0.54372 0.503829
threshold=3.0189109136477561 0.0002577480714804976 -0.10989752492742302 0.019032325829296152 -0.29841617774088286 11.178729971845524 0.12997848110264623 0.29142405738303939 9.5000000000000018 44.227107221542248 0.50213339140813096 0.73167147543996613 -57.840261247714785 0.15104280170113046
decision_type=2 10 8 10 8 10 10 10 2 8 10 8 10 8
left_child=1 2 3 11 12 6 -6 -3 -5 10 -8 -1 -4 -13
right_child=-2 7 4 8 5 -7 9 -9 -10 -11 -12 13 -14 -15
leaf_value=-0.0021681271938475662 0.020671835566686086 0.010938061216747261 0.0031245212143625575 -0.02242720644165077 -0.00038630238600229777 -0.0021681271938475662 0.0013691094141801299 0.0056801560080009554 -0.0089402973305370507 0.0031245212143625575 0.0022468153142713439 -0.0054533807014642702 0.0056801560080009554 -0.0089402973305370507
leaf_weight=44.579552499577403 18.915502194780856 52.799766265321523 54.578635962679982 17.558818191289902 617.26185627747327 170.68159156292677 271.04214802756906 37.50976253580302 16.783347655087709 204.14210761711001 207.26167110167444 6.9234869554638863 63.438515847548842 20.838561125099663
leaf_count=327 118 439 554 123 5080 1417 1748 247 119 1612 1325 50 418 175
internal_value=0.00146494 0.00120429 0.000668882 -0.00543055 0.0010943 0.000568886 0.00139552 0.0106914 -0.0157125 0.00312452 0.00136911 -0.00216813 0.00568016 -0.00873863
internal_weight=1804.32 1785.4 1695.09 106.684 1588.41 1470.39 1299.71 90.3095 34.3422 682.446 478.304 72.3416 118.017 27.762
internal_count=13752 13634 12948 794 12154 11182 9765 686 242 4685 3073 552 972 225
is_linear=0
shrinkage=0.03


Tree=198
num_leaves=15
num_cat=0
split_feature=11 1 13 18 28 1 18 1 19 0 34 35 22 32
split_gain=8.59244 7.72186 5.64123 16.8824 7.45933 6.69491 5.10895 4.47153 4.29396 7.61372 4.39037 2.59118 2.52704 1.73188
threshold=4.5848660010509734 -1.4253735324078141 59.617761420004825 0.041703105236375111 5.5000000000000009 11.178729971845524 0.94519274960236543 1.1641100216770539 -2.6249789207059977 13.694769030684359 51.714951714951717 75.832500832500855 0.0014067332304371881 53.788169872085966
decision_type=2 8 8 10 2 8 8 8 10 10 2 10 2 2
left_child=1 -1 4 13 6 -6 7 -3 -7 -10 -11 -8 -9 -4
right_child=-2 2 3 -5 5 8 11 12 9 10 -12 -13 -14 -15
leaf_value=0.010788525850126601 0.020350497368290404 -0.0050319693704875398 0.0034062547698827609 0.0058562036834895349 0.00095630585627598616 -0.002460358789463843 0.00095630585627598616 -0.019258708377826048 -0.005928722079686425 -0.014092038066384075 -0.03198995008100522 -0.0050319693704875398 -0.0099978548353793634 0.00095630585627598616
leaf_weight=31.708356488030404 16.424908435437828 54.84155261144042 134.75120039749891 244.64309837529436 559.55300868069753 17.084620993584394 82.420782301574945 46.911932872608304 80.906518865376711 9.4616307727992552 16.974297907203436 18.622652377933264 16.134460873901844 486.66207325085998
leaf_count=272 102 372 950 1988 3704 116 521 379 507 58 115 123 100 4493
internal_value=0.00145479 0.00122655 0.000923882 0.00264674 -0.000734133 0.000816202 -0.00548773 -0.00959717 -0.00587702 -0.00939709 -0.0222554 -0.000466767 -0.0149637 0.000956306
internal_weight=1817.1 1800.68 1768.97 866.056 902.911 683.98 218.931 117.888 124.427 107.342 26.4359 101.043 63.0464 621.413
internal_count=13800 13698 13426 7431 5995 4500 1495 851 796 680 173 644 479 5443
is_linear=0
shrinkage=0.03


Tree=199
num_leaves=15
num_cat=0
split_feature=11 14 3 16 18 13 26 34 14 28 3 27 8 25
split_gain=8.69472 8.11664 5.13474 5.06241 6.47633 6.83865 5.29921 4.06821 2.46577 1.90576 1.85805 1.77693 1.33688 0.835445
threshold=4.5848660010509734 1.9252692060134797 -0.46872368621525035 -0.0069369454999001039 0.095389079619974337 150.2151162790698 0.019032325829296152 44.252414252414262 0.54424403488800499 11.500000000000002 14.426111880332774 0.86549371544298037 -1.0000000180025095e-35 -1.0000000180025095e-35
decision_type=2 2 8 8 10 8 10 2 2 2 8 10 8 8
left_child=1 2 -1 6 7 13 11 9 -8 -5 -3 -4 -9 -6
right_child=-2 10 3 4 5 -7 8 12 -10 -11 -12 -13 -14 -15
leaf_value=0.0054142653543990515 0.019786953048289903 0.010337263354200515 -0.0025954077403363457 0.00046605663285094055 0.0016216169890312937 0.0027771773452116466 -0.01931731520830415 -0.0010646755537427025 -0.0085142583571928727 -0.0010646755537427025 0.0054142653543990515 -0.0085142583571928727 -0.0025954077403363457 0.00046605663285094055
leaf_weight=52.142810188233852 17.196318108122796 30.265487584751099 62.449501164257526 223.10580085683614 190.72525532683358 196.7905505890958 30.037125155329704 53.11257541552186 7.9907243503257623 77.853559926152229 30.64849216863513 15.037040151655672 376.0550698293373 446.15597510710359
leaf_count=404 106 463 458 1528 1151 1439 227 540 43 550 374 112 3472 2864
internal_value=0.0011212 0.000887574 0.000491267 0.000140089 0.000594857 0.002395 -0.00578567 -0.00146288 -0.0144331 0.000466057 0.0103373 -0.00259541 -0.00259541 0.000466057
internal_weight=1809.57 1792.37 1731.46 1679.31 1563.8 833.672 115.514 730.127 38.0278 300.959 60.914 77.4865 429.168 636.881
internal_count=13731 13625 12788 12384 11544 5454 840 6090 270 2078 837 570 4012 4015
is_linear=0
shrinkage=0.03


Tree=200
num_leaves=15
num_cat=0
split_feature=20 27 12 8 34 13 1 28 33 14 33 4 32 14
split_gain=9.58068 9.48462 6.52148 6.39225 10.361 5.61926 4.93638 9.9283 5.3773 2.69115 1.85645 1.58482 1.35247 1.09266
threshold=0.96728788207662453 -0.43305049367514975 1.0000000180025095e-35 -0.28537863885607967 55.631035631035637 13.903180650095761 10.319366698766155 10.500000000000002 55.58806273091988 0.0020053482711307759 72.810522810522826 1.6889980000735023 53.919157765311617 0.23415845756918605
decision_type=10 8 2 10 2 8 10 2 2 2 2 8 2 2
left_child=1 9 3 5 10 -3 8 -8 13 -1 -5 -10 -7 -6
right_child=-2 2 -4 4 6 12 7 -9 11 -11 -12 -13 -14 -15
leaf_value=0.0056912861379642974 0.020389015047693332 4.8075954800695582e-05 0.0056912861379642974 4.8075954800695582e-05 -0.0067318477495787914 0.0029139253936520111 -0.010935619010531063 -0.033144983543728364 -0.007010730061694938 0.01072377229039467 -0.0030858411128588132 -0.010935619010531063 0.0014810006742263535 -0.0030858411128588132
leaf_weight=13.181736063212155 18.396690954919904 304.49048804678023 120.08940920047462 444.3865796290338 91.023543491959572 181.07993216067553 12.243954056873919 16.964589465409517 36.581302088685334 37.959672872908413 32.555286986753345 38.528047713451087 371.11430101282895 106.95051676034927
leaf_count=113 226 2089 682 3245 719 1279 126 144 414 268 309 310 3087 835
internal_value=0.00130849 0.00105853 0.0006588 0.000136565 -0.00182359 0.00191974 -0.00621976 -0.017102 -0.00476924 0.0107238 4.8076e-05 -0.0109356 0.00291393 -0.00308584
internal_weight=1825.55 1807.15 1756.01 1635.92 779.234 856.685 302.292 29.2085 273.083 51.1414 476.942 75.1093 552.194 197.974
internal_count=13846 13620 13239 12557 6102 6455 2548 270 2278 381 3554 724 4366 1554
is_linear=0
shrinkage=0.03


Tree=201
num_leaves=15
num_cat=0
split_feature=1 14 18 13 34 25 28 0 33 24 28 3 14 1
split_gain=7.29941 6.62034 5.67389 11.3927 7.69586 2.73213 2.58809 2.45594 1.84883 1.59579 1.4552 0.871439 0.66163 0.511045
threshold=-1.4253735324078141 1.9252692060134797 0.12997848110264623 inf 44.252414252414262 -0.067750847459714145 5.5000000000000009 1.2163336836433862 55.217005217005223 -0.001550638077753559 10.500000000000002 14.426111880332774 0.088138683806132809 6.3165095491187775e-17
decision_type=8 2 10 8 2 8 2 8 2 10 2 10 2 10
left_child=12 2 4 9 -2 -6 -7 10 -9 -4 13 -3 -1 -8
right_child=1 11 3 -5 5 6 7 8 -10 -11 -12 -13 -14 -15
leaf_value=0.008587450677434192 0.00057330574322193644 0.0079178379587691496 0.00057330574322193644 0.0042942678523158343 -0.0016120045241032257 -0.0033200624684030949 -0.0033200624684030949 -0.0083153054843020449 -0.015759116839797072 0.0024337867977688855 -0.0033200624684030949 0.0042942678523158343 0.021715459471361935 -0.0083153054843020449
leaf_weight=22.05054649151862 326.39298979844898 48.065132377669215 683.6638477598317 195.19140952127054 77.289878854528069 240.66552073322237 6.7230836339294902 17.677182363346219 50.677766426466405 27.627149565145373 51.329780545085669 14.996545108035205 8.5213345070369524 40.009989146143198
leaf_count=165 2224 743 4398 1445 775 2024 47 166 572 198 431 131 110 381
internal_value=0.00132297 0.00105104 0.000670698 0.00229576 -0.00114915 -0.00379731 -0.00502812 -0.00789426 -0.0121443 0.000573306 -0.00448634 0.00791784 0.0147846 -0.00831531
internal_weight=1810.88 1780.31 1717.25 906.482 810.766 484.373 407.083 166.418 68.3549 711.291 98.0629 63.0617 30.5719 46.7331
internal_count=13810 13535 12661 6041 6620 4396 3621 1597 738 4596 859 874 275 428
is_linear=0
shrinkage=0.03


Tree=202
num_leaves=15
num_cat=0
split_feature=14 11 34 18 27 8 0 9 7 1 14 9 4 8
split_gain=7.30041 4.90651 4.2547 3.92477 6.25473 4.80395 5.07329 3.82711 3.01378 1.69501 1.411 1.08045 1.01157 0.697874
threshold=2.3267118737113726 1.0000000180025095e-35 55.931568431568436 0.1446204229263523 1.8532895156066687 -0.27581244503674268 1.0531616182600159 0.54224138436965885 0.0071608813046823991 11.178729971845524 0.71190313027293373 0.031898869250004035 -0.052196440768922207 -0.34419374263017749
decision_type=2 2 2 10 10 10 8 8 10 10 2 10 10 10
left_child=1 3 -2 4 5 -1 11 10 -8 -9 -5 -7 -3 -4
right_child=2 12 13 7 -6 6 8 9 -10 -11 -12 -13 -14 -15
leaf_value=0.00094417749492128325 0.021350117166263158 0.0068501535827654031 0.01410013537451428 0.00094417749492128325 -0.018415138803800933 -0.0046258141174001259 -0.0046258141174001259 0.003936296801986385 -0.0092664283906449471 0.0024402371484538339 0.0024402371484538339 -0.001131833482473932 0.003936296801986385 0.0068501535827654031
leaf_weight=472.4369622701779 22.418913883622736 41.364817138761282 12.401363067328932 326.00977262761444 12.191481731832026 8.9068573862314206 71.675495233386755 372.62012956663966 43.586862643249333 83.949711289256811 83.949392159935087 172.52147842571139 57.938759295735508 18.068003512918949
leaf_count=3822 350 234 148 2005 106 61 654 2450 526 577 839 1376 312 245
internal_value=0.00178116 0.00142952 0.0122708 0.00102244 -0.000518507 -0.000117718 -0.00320784 0.00240686 -0.00811979 0.0039363 0.000944177 -0.00113183 0.00685015 0.00685015
internal_weight=1800.04 1747.15 52.8883 1647.85 781.319 769.128 296.691 866.529 115.262 456.57 409.959 181.428 99.3036 30.4694
internal_count=13705 12962 743 12416 6545 6439 2617 5871 1180 3027 2844 1437 546 393
is_linear=0
shrinkage=0.03


Tree=203
num_leaves=15
num_cat=0
split_feature=2 20 11 14 16 28 3 9 1 9 16 13 5 17
split_gain=10.7015 5.10392 4.81509 3.87317 7.33545 4.61522 8.24777 3.38988 3.18697 3.00226 1.83917 1.76972 0.802677 0.641494
threshold=0.52232142857142871 0.00078329944037832451 0.63513001105275479 0.0025711040402093166 251.92631901505823 13.500000000000002 0.017869556912909201 0.017426350795307362 0.52133848757013268 2.5584102766504127 -11.049438211368935 -0.10532598191162452 0.092695103416828586 0.010519114279759411
decision_type=2 10 2 2 8 2 10 8 10 10 10 8 2 2
left_child=1 2 3 5 -5 7 -7 10 -3 -8 13 -9 -2 -1
right_child=12 8 -4 4 -6 6 9 11 -10 -11 -12 -13 -14 -15
leaf_value=-0.012602098853055219 0.018371235195827298 0.0084835650176186966 0.0045491219151844904 0.00023170890302144347 0.0025385189027257349 0.00023170890302144347 -0.018848278905084451 -0.0029976108596614752 0.0045491219151844904 -0.0072143682513325603 -0.0029976108596614752 0.00023170890302144347 0.0084835650176186966 -0.006141509033017049
leaf_weight=28.312794290482998 31.408236091490835 47.529510773718357 55.11324108671397 628.42599550262094 345.62000657431781 30.122758612036705 40.70028655603528 18.139205124229193 40.822997828945518 12.43330531939864 13.32545757293701 477.89354220405221 11.930737134069203 29.870981007814407
leaf_count=212 249 398 278 4115 2637 193 470 207 261 127 98 4302 89 142
internal_value=0.00170948 0.00132487 0.000942481 0.000527916 0.00172163 -0.00125821 -0.0076405 -0.000263403 0.00815576 -0.0146604 -0.00622693 0.000231709 0.0156423 -0.00928541
internal_weight=1811.65 1768.31 1679.96 1624.84 974.046 650.798 83.2564 567.542 88.3525 53.1336 71.5092 496.033 43.339 58.1838
internal_count=13778 13440 12781 12503 6752 5751 790 4961 659 597 452 4509 338 354
is_linear=0
shrinkage=0.03


Tree=204
num_leaves=15
num_cat=0
split_feature=11 2 13 32 22 0 28 28 33 28 14 28 4 28
split_gain=8.02177 7.40971 4.60276 16.5169 4.6029 3.54164 4.48696 5.80987 2.71685 2.80538 1.99084 1.96099 1.10921 0.951342
threshold=4.5848660010509734 0.52232142857142871 59.617761420004825 53.788169872085966 0.00013562866278849642 6.8730142670217704 13.500000000000002 15.500000000000002 49.216497787926365 5.5000000000000009 0.07271911553407899 5.5000000000000009 0.54282118857312955 1.5000000000000002
decision_type=2 2 8 2 2 8 2 2 2 2 2 2 8 2
left_child=1 2 4 -4 5 10 8 -8 -7 -10 -1 -6 -3 -5
right_child=-2 12 3 13 11 6 7 -9 9 -11 -12 -13 -14 -15
leaf_value=-0.004035827660332416 0.019262394538620331 0.010001008312635498 0.0052053947732925597 0.0028207220618951274 -0.0014911587792546073 -0.004035827660332416 -0.026266857596033883 -0.004035827660332416 -0.0068969591035730792 -0.017147554994765547 -0.0014911587792546073 0.0004360493504976952 0.0052053947732925597 0.0004360493504976952
leaf_weight=67.98789285402745 16.306000315118581 27.935272242408246 295.20974498149008 93.20470792427659 92.528290869668126 77.182030234485865 16.48407315462828 12.935461878776549 44.932387057691813 27.310341970995069 169.05313880834728 380.47092291526496 15.458213308826087 469.10177081078291
leaf_count=679 104 220 2479 680 609 474 108 95 309 208 1043 2415 116 4262
internal_value=0.000959568 0.000739622 0.000409781 0.00197219 -0.00110009 -0.00341837 -0.0065805 -0.0164536 -0.00416683 -0.00975809 -0.00149116 0.000436049 0.010001 0.000436049
internal_weight=1806.1 1789.79 1746.4 857.516 888.885 415.885 178.844 29.4195 149.425 72.2427 237.041 472.999 43.3935 562.306
internal_count=13801 13697 13361 7421 5940 2916 1194 203 991 517 1722 3024 336 4942
is_linear=0
shrinkage=0.03


Tree=205
num_leaves=15
num_cat=0
split_feature=20 2 14 3 9 22 29 4 13 14 2 28 33 31
split_gain=5.48704 5.23123 3.85992 2.97167 8.39976 2.77483 3.47401 2.17253 1.80726 1.56809 1.6451 1.45291 1.13859 1.11862
threshold=0.96728788207662453 0.52232142857142871 1.8326806622280249 -0.94951187661970138 0.011007817807598849 1.0000000180025095e-35 62.235647039115321 -0.0035714429825736034 0.40241939896606277 0.0028948218350163383 0.047010281385281398 1.5000000000000002 51.853701853701857 69.240375009605799
decision_type=10 2 2 10 8 2 2 10 8 2 2 2 2 2
left_child=1 2 3 12 7 6 9 -5 -2 10 -6 -8 -1 -3
right_child=8 13 -4 4 5 -7 11 -9 -10 -11 -12 -13 -14 -15
leaf_value=0.0030819227583757567 0.0089768993764236405 0.0089768993764236405 0.0051588967264366101 -0.0079700844056253637 -0.0041691158599073165 0.0015122246283808627 -0.0041691158599073165 -0.024578503190101037 0.022923549035274996 -2.7076963281968575e-05 -0.0017288001632783797 -0.0079700844056253637 0.0017270558337902184 0.0051588967264366101
leaf_weight=171.15976100601256 6.326877367682755 33.856216000393033 63.724077172577381 10.429819239303471 98.399311250075698 985.64973668940365 10.948526836931704 10.22282059676945 11.884163568727674 189.66611974313855 21.597312618046999 33.83469423931092 156.77160540595651 9.898892614990471
leaf_count=1141 63 274 875 83 1189 6925 118 95 160 1247 119 496 1014 67
internal_value=0.00181678 0.00162473 0.00134089 0.00100495 0.000372189 0.00069516 -0.00156638 -0.0166353 0.0163291 -0.000368147 -0.00343052 -0.00797008 0.00308192 0.0089769
internal_weight=1814.37 1796.16 1752.4 1688.68 1360.75 1340.1 354.446 20.6526 18.211 309.663 119.997 44.7832 327.931 43.7551
internal_count=13866 13643 13302 12427 10272 10094 3169 178 223 2555 1308 614 2155 341
is_linear=0
shrinkage=0.03


Tree=206
num_leaves=15
num_cat=0
split_feature=16 18 13 4 1 34 25 14 4 32 25 28 8 29
split_gain=6.59673 12.0989 13.9557 11.2624 10.4797 5.57753 4.86269 4.72055 4.19415 4.13469 3.91479 2.95363 3.58719 1.15507
threshold=251.92631901505823 0.014972930661648049 13.308177283219196 2.9912134293676584 11.178729971845524 55.731768231768235 -0.4451354615795175 0.19096490195938362 -0.98328589779672482 53.788169872085966 0.022738789519828998 8.5000000000000018 -0.30462660984997741 58.852075164262985
decision_type=8 10 8 8 10 2 10 2 10 2 10 2 10 2
left_child=4 9 -3 5 7 -4 -6 8 -1 13 -10 -8 -13 -2
right_child=1 2 3 -5 6 -7 11 -9 10 -11 -12 12 -14 -15
leaf_value=-0.00048879584660940225 0.004695556941632437 0.004695556941632437 0.02921574238082306 0.0090854676810539544 -0.0057590117524080114 0.015943434285128451 -0.01183311135934029 0.0013331147004682048 -0.0026648402992631853 0.0013331147004682048 -0.0057590117524080114 -0.01183311135934029 -0.032444838538594201 0.003014335821050321
leaf_weight=92.653521554544568 174.28181531000882 106.90015991404653 51.453361799009144 133.30679442640394 16.390466537326574 21.233725110068917 15.420529711991547 366.92587800463662 112.52486717887223 531.62877820059657 143.87968829553574 11.4317640401423 16.337030617520213 21.052486643195152
leaf_count=735 1156 649 545 1008 135 187 117 2166 808 4880 1170 71 115 120
internal_value=0.00160168 0.00315773 0.008058 0.0134754 -0.000491503 0.0228014 -0.0120667 0.00054872 -0.00231071 0.00133311 -0.00484088 -0.0179072 -0.0243529 0.00469556
internal_weight=1815.42 1039.86 312.894 205.994 775.564 72.6871 59.5798 715.984 349.058 726.963 256.405 43.1893 27.7688 195.334
internal_count=13862 8545 2389 1740 5317 732 438 4879 2713 6156 1978 303 186 1276
is_linear=0
shrinkage=0.03


Tree=207
num_leaves=15
num_cat=0
split_feature=27 14 16 32 1 28 25 9 14 28 9 1 22 28
split_gain=6.50674 5.38291 4.29335 9.93378 7.35181 5.18624 3.69638 3.2224 2.7274 2.98025 4.07713 3.03159 1.45259 1.32976
threshold=-0.43305049367514975 0.0042857624039339568 121.1019197395846 53.788169872085966 11.178729971845524 9.5000000000000018 2.6467858893430272 4.9989795723965189 0.60723293354891539 14.500000000000002 0.68887257317019934 0.098728788321270008 1.4714329352769897e-05 1.5000000000000002
decision_type=8 2 8 2 10 2 8 10 2 2 10 10 2 2
left_child=1 -1 4 6 8 -6 -4 -3 9 10 11 -2 -7 -5
right_child=2 7 3 13 5 12 -8 -9 -10 -11 -12 -13 -14 -15
leaf_value=0.0062437266872865417 -0.0026451759020894141 0.012371644880819122 0.0062437266872865417 0.0034457193184491883 -0.0052785707364858122 -0.025880422769920083 0.0034457193184491883 0.029818638705936554 0.00088483306360845229 -0.00023968247049700091 -0.00023968247049700091 -0.0052785707364858122 -0.0077069305933693457 0.00088483306360845229
leaf_weight=15.010336700826882 105.02108042314649 26.217899883165956 306.50469054188579 103.45196632668376 27.033051058650017 13.729234520345928 119.42464691121131 12.425640066154299 130.95055231126025 107.82246182672679 123.69382817111909 193.66530564241111 12.608317624777554 500.9343310110271
leaf_count=125 673 182 2347 751 212 105 786 88 927 713 852 1387 75 4491
internal_value=0.00149373 0.0113276 0.00115984 0.00239465 -0.000624988 -0.0108311 0.00600661 0.0184996 0.000274001 -0.0013642 -0.00304329 -0.00505067 -0.0197982 0.000884833
internal_weight=1798.49 53.6539 1744.84 1030.32 714.524 53.3706 425.929 38.6435 661.153 530.203 422.38 298.686 26.3376 604.386
internal_count=13714 395 13319 8375 4944 392 3133 270 4552 3625 2912 2060 180 5242
is_linear=0
shrinkage=0.03


Tree=208
num_leaves=15
num_cat=0
split_feature=3 14 18 13 8 33 32 3 22 3 7 1 27 29
split_gain=8.70882 6.09018 3.79488 13.6504 4.43215 5.73866 2.46798 2.20982 1.24445 1.19576 1.13841 1.04462 1.00165 0.774575
threshold=-0.94951187661970138 1.8326806622280249 0.023848974559388437 inf 0.0099145265263187472 71.928071928071944 58.545999455090374 0.77960395749080502 0.00046035553844749505 14.426111880332774 2.5715523405972944 0.1087886455605266 -0.28540416418385023 48.956754157153767
decision_type=8 2 10 8 10 2 2 8 2 10 10 10 8 2
left_child=13 2 4 12 10 6 -6 8 -7 -3 -2 -8 -4 -1
right_child=1 9 3 -5 5 7 11 -9 -10 -11 -12 -13 -14 -15
leaf_value=0.016821205369201595 0.00052797247229494494 0.007678139351451208 0.0023829660300420984 0.0042379595877892525 -0.0021262081318944989 -0.014508609479929536 -0.0049172678789794365 -0.0213088913337947 -0.0077083276260643731 0.0042379595877892525 -0.0021262081318944989 -0.0077083276260643731 0.00052797247229494494 0.007678139351451208
leaf_weight=30.969640098512173 472.6351320380345 47.482891612686217 54.352592371404171 200.58783544413745 86.86997451633215 19.380672756582502 20.521652154624462 16.204170390963554 11.928598798811434 14.995513822883366 31.527704678475857 32.848422033712268 755.46908516157418 11.549281030893324
leaf_count=292 3817 765 339 1483 582 172 183 195 88 130 301 467 4946 70
internal_value=0.00151096 0.00116626 0.00079778 0.00196602 -0.000910078 -0.00478039 -0.00212621 -0.0132904 -0.00770833 0.00767814 0.000527972 -0.00770833 0.000527972 0.01419
internal_weight=1807.32 1764.8 1702.33 1010.41 691.916 187.753 140.24 47.5134 31.3093 62.4784 504.163 53.3701 809.822 42.5189
internal_count=13830 13468 12573 6768 5805 1687 1232 455 260 895 4118 650 5285 362
is_linear=0
shrinkage=0.03


Tree=209
num_leaves=15
num_cat=0
split_feature=14 12 27 34 2 18 8 16 8 34 11 25 8 13
split_gain=6.85793 5.7565 5.79154 5.1299 3.80963 4.65653 7.1932 3.65996 2.06887 1.93335 1.24692 1.11673 0.935768 0.819006
threshold=1.9252692060134797 0.042544464893621646 2.017460570875651 52.168664668664682 0.2140394088669951 0.1446204229263523 0.014873105448209857 inf 0.47370491095018524 60.048285048285059 0.42644117112202223 -0.087011376989629449 -0.34419374263017749 2.5784687478069475
decision_type=2 2 10 2 2 10 10 8 10 2 2 10 10 8
left_child=1 2 4 -2 5 6 9 -7 -4 -1 -8 -11 -5 -3
right_child=3 13 8 12 -6 7 10 -9 -10 11 -12 -13 -14 -15
leaf_value=-0.00053167980666441134 0.020040923489891223 0.002615496997574848 -0.0055889484783531252 0.012674341249473186 0.002615496997574848 -0.00053167980666441134 -0.0055889484783531252 0.0011327555888887145 -0.017834692689751321 -0.0017959969745865896 -0.0030603141425087684 -0.0030603141425087684 0.0053077590090551468 0.0053077590090551468
leaf_weight=261.12063527293503 24.30404070019722 39.776463542599231 17.399920323863626 12.86527958512306 146.26345498813316 518.70384900830686 165.62635756004602 257.54215171001852 17.365692758001387 134.27553107216954 18.909610167145729 79.706068433821201 24.798044946044683 80.337462773546576
leaf_count=2125 392 226 127 158 965 3494 1690 1720 133 1135 85 745 346 468
internal_value=0.000779403 0.000414998 -7.6765e-05 0.0102005 0.000206794 -0.000349986 -0.00219612 0.00113276 -0.0113847 -0.00053168 -0.00558895 -0.00306031 0.00530776 0.00530776
internal_weight=1798.99 1737.03 1616.91 61.9674 1582.15 1435.88 659.638 776.246 34.7656 475.102 184.536 213.982 37.6633 120.114
internal_count=13809 12913 12219 896 11959 10994 5780 5214 260 4005 1775 1880 504 694
is_linear=0
shrinkage=0.03


Tree=210
num_leaves=15
num_cat=0
split_feature=27 14 13 18 1 28 28 18 32 9 1 18 9 19
split_gain=9.48311 8.06194 6.08877 10.1373 6.54983 8.00006 5.31095 5.06474 4.04321 3.61212 2.32168 1.37731 1.13508 1.08854
threshold=-0.43305049367514975 0.0020053482711307759 52.084231798424774 0.041703105236375111 11.178729971845524 7.5000000000000009 4.5000000000000009 inf 53.788169872085966 4.3869544962076077 11.178729971845524 0.94519274960236543 0.031898869250004035 -2.7749851617342638
decision_type=8 2 8 10 8 2 2 8 2 10 10 8 10 8
left_child=1 -1 4 8 6 11 -2 13 -4 -3 -5 -6 -8 -7
right_child=2 9 3 10 5 7 12 -9 -10 -11 -12 -13 -14 -15
leaf_value=0.0069351495236865497 -0.0025884555986003311 0.014363509494650066 0.0038557848441017947 0.0069351495236865497 -0.0091711301856337388 -0.0089814530497872979 -0.0025884555986003311 -0.0025884555986003311 0.00077642016451703964 0.033596275167593316 0.0038557848441017947 -0.0025884555986003311 0.00077642016451703964 -0.016990002311589425
leaf_weight=14.30364605039358 93.534173099324107 25.823708250187337 136.38310464192182 218.12368503911421 44.870808217674494 8.962622981518507 16.026251368224621 12.968789331614969 492.69499570503831 13.134991651400922 27.842435073107481 66.623165015131235 559.28597513353452 70.186656700447202
leaf_count=123 673 182 957 1805 304 64 101 71 4551 97 199 415 3759 463
internal_value=0.00118051 0.0130891 0.000781241 0.0025427 -0.000989858 -0.00563132 0.00045441 -0.0123029 0.00077642 0.0217919 0.00693515 -0.00258846 0.00077642 -0.0153745
internal_weight=1800.77 53.2623 1747.5 875.044 872.458 203.612 668.846 92.1181 629.078 38.9587 245.966 111.494 575.312 79.1493
internal_count=13764 402 13362 7512 5850 1317 4533 598 5508 279 2004 719 3860 527
is_linear=0
shrinkage=0.03


Tree=211
num_leaves=15
num_cat=0
split_feature=11 14 20 3 9 28 13 34 14 4 2 13 34 18
split_gain=7.09866 6.7017 5.12585 3.30655 6.34045 4.79276 7.58573 5.27093 4.11876 4.42956 3.99813 1.82728 1.64553 1.08187
threshold=4.5848660010509734 1.9252692060134797 0.0002577480714804976 -0.63111392298424607 0.0062653524680269706 4.5000000000000009 10.390038607325435 63.217615717615729 0.047008467688552706 -5.315538534474467e-15 0.020942982456140354 20.192713000707197 52.047952047952052 0.99820314117901265
decision_type=2 2 10 10 8 2 8 2 2 10 2 8 2 10
left_child=1 2 3 11 -5 6 -6 -8 9 -7 13 -1 -3 -11
right_child=-2 12 -4 4 5 8 7 -9 -10 10 -12 -13 -14 -15
leaf_value=0.0010370100577260324 0.01858760468689594 0.00974621486621907 0.0051465838046820854 -0.016852496911219685 -0.0085733816856263956 -0.0004457169403413518 0.0010370100577260324 -0.0043556537687650474 0.0010370100577260324 -0.0085733816856263956 -0.0028794973547250405 0.0026398989701023052 0.0051465838046820854 -0.0056309947178523594
leaf_weight=127.82764941826463 15.689335224684326 23.291976470500231 83.966233184561133 16.163192108273506 100.50018884800375 222.74212961830199 135.52069787681103 74.539310075342655 537.81938021816313 142.62370684370399 47.363013040274382 216.44429762288928 35.847563503310084 13.311172457411883
leaf_count=813 104 381 610 142 742 1982 1016 728 3188 1668 277 1498 487 124
internal_value=0.00111074 0.000904825 0.000546953 0.000133214 -0.000565879 -0.000294266 -0.00350435 -0.000137926 0.000752786 -0.00192844 -0.00531328 0.0026399 0.00974621 -0.00838249
internal_weight=1793.65 1777.96 1718.82 1634.85 1290.58 1274.42 310.56 210.06 963.859 426.04 203.298 344.272 59.1395 155.935
internal_count=13760 13656 12788 12178 9867 9725 2486 1744 7239 4051 2069 2311 868 1792
is_linear=0
shrinkage=0.03


Tree=212
num_leaves=15
num_cat=0
split_feature=11 20 19 27 8 28 29 30 14 16 16 14 34 3
split_gain=7.43029 5.9732 4.98024 3.17734 1.95993 1.74136 3.02892 3.08169 2.86187 2.46867 2.30385 2.18954 1.67147 1.52262
threshold=0.99199140097495997 0.0015982133860124371 0.50140831377937112 -0.22276026267911184 2.2557348788091391 1.5000000000000002 61.620987154703442 63.272441843870432 0.15519373307526602 -0.10989752492742302 -2.9884561696341057 1.0000000180025095e-35 56.639194139194139 0.2532661734244635
decision_type=2 10 10 8 8 2 2 2 2 8 10 2 2 10
left_child=1 3 4 -1 -2 -5 8 -8 9 -7 -9 -11 -10 -3
right_child=2 13 -4 5 -6 6 7 10 12 11 -12 -13 -14 -15
leaf_value=0.0037309658472116044 0.027965172449403768 0.0069172202381250049 0.0069172202381250049 0.0019504765029662401 0.013719300140923147 -0.0025258742317691906 -0.0025258742317691906 -0.013547664768725978 0.0019504765029662401 -0.0013530424118701984 -0.0058980390492393469 0.00034049393818889374 0.00034049393818889374 0.0037309658472116044
leaf_weight=103.73527403920889 16.263735468965027 47.313504419289529 13.700456717982886 135.28493778780103 13.540598556399344 43.244817823171616 21.689736485481262 48.51866552978754 325.23700038343668 469.37397720478475 24.249416804872453 232.49422267451882 269.98596497997642 38.194893278181553
leaf_count=780 108 394 69 999 75 366 280 653 2054 3888 295 1624 2022 250
internal_value=0.00128474 0.000962545 0.0128719 0.000544711 0.0205214 0.000169987 -0.000187216 -0.00523867 0.000186923 -0.00104924 -0.0092702 -0.000180211 0.00173023 0.00691722
internal_weight=1802.83 1759.32 43.5048 1673.81 29.8043 1570.08 1434.79 94.4578 1340.34 745.113 72.7681 701.868 595.223 85.5084
internal_count=13857 13605 252 12961 183 12181 11182 1228 9954 5878 948 5512 4076 644
is_linear=0
shrinkage=0.03


Tree=213
num_leaves=15
num_cat=0
split_feature=2 27 25 16 18 14 16 14 25 18 32 26 34 16
split_gain=6.43727 5.95558 4.7157 3.91 6.48586 4.64859 3.07615 3.01277 2.58379 2.72428 2.02108 1.71536 1.62596 1.31687
threshold=0.52232142857142871 -0.22276026267911184 0.0086323698463273164 inf 0.014972930661648049 0.62631898134857777 -11.900129171773694 0.0020053482711307759 0.090971778205726897 0.82042131446190936 53.546453546453556 -0.075429757627795788 41.918081918081917 -28.160627759949534
decision_type=2 8 8 8 10 2 10 2 8 8 2 10 2 10
left_child=1 7 -2 5 10 6 11 -1 -8 12 -5 -3 -10 -4
right_child=2 3 13 4 -6 -7 8 -9 9 -11 -12 -13 -14 -15
leaf_value=0.0037911837454250672 0.026138646507520749 -0.0071112241084068436 0.0068031264937885288 0.0021665764871768522 0.0037911837454250672 0.00054196922892863701 -0.0010477829549270462 0.0068031264937885288 -0.0046651031090494347 -0.0026529697055107178 0.00054196922892863701 -0.017903181478745041 -0.0071112241084068436 0.01647088650065464
leaf_weight=23.997944856062531 10.959866596385835 7.6140863168984678 23.870077246800061 172.63979455828667 292.15086523117498 131.463212269824 256.12085071206093 82.886302329599857 77.352674551308155 85.072627320885658 488.98880970105529 16.770787265151739 116.37162126600742 8.4374777674675006
leaf_count=227 91 64 180 1151 2188 918 1625 580 440 604 4546 129 976 69
internal_value=0.00154635 0.00124475 0.0123615 0.000779241 0.00201977 -0.000935828 -0.00263754 0.00680313 -0.00209672 -0.00425816 0.000541969 -0.0121257 -0.00667724 0.00680313
internal_weight=1794.7 1751.43 43.2674 1644.55 953.779 690.766 559.303 106.884 534.918 278.797 661.629 24.3849 193.724 32.3076
internal_count=13788 13448 340 12641 7885 4756 3838 807 3645 2020 5697 193 1416 249
is_linear=0
shrinkage=0.03


Tree=214
num_leaves=15
num_cat=0
split_feature=20 2 11 18 16 14 28 17 3 22 12 20 22 9
split_gain=6.50428 5.7155 3.91864 4.22925 6.49864 4.59493 3.08503 2.8036 2.5189 1.99322 1.72629 1.17613 0.903027 0.895616
threshold=0.94204301282539538 0.43007518796992489 0.0388048351697994 0.1446204229263523 251.92631901505823 0.00043963256390351928 4.5000000000000009 0.0052006801981258058 -0.028137813170641245 0.99510044096031369 1.0000000180025095e-35 0.4252963384861147 0.00040005374358075251 0.031898869250004035
decision_type=10 2 2 10 8 2 2 2 10 2 2 8 2 10
left_child=1 2 3 5 -5 6 -1 9 -3 10 11 -8 -2 -13
right_child=12 8 -4 4 -6 -7 7 -9 -10 -11 -12 13 -14 -15
leaf_value=-0.001674288674111765 0.0085203505128633034 0.0085203505128633034 0.0044674258828870661 6.359339442391295e-05 0.0023211097534011093 6.359339442391295e-05 -0.0184030364699782 -0.001674288674111765 0.0044674258828870661 -0.0041931114615987135 -0.0060685770737039435 -0.013494756777666672 0.021122982948828754 -0.0078055510426090369
leaf_weight=215.20166416838765 9.1856141453608888 60.607714388519526 90.677499933168292 569.12147556245327 283.2476999014616 253.52201845403761 11.879790073260663 5.9563343133777371 23.030263563618064 13.492865294218062 36.456144735217094 17.094261823222041 11.762769126798956 184.25124975666404
leaf_count=1813 96 480 489 3856 2085 1849 119 49 132 112 165 155 151 2172
internal_value=0.00117318 0.00095113 0.000557889 0.000174794 0.00160987 -0.00148268 -0.00341217 -0.00562028 0.00837696 -0.00671193 -0.00794404 -0.00954253 0.0160896 -0.00858648
internal_weight=1785.49 1764.54 1680.9 1590.22 852.369 737.854 484.332 269.131 83.638 263.174 249.681 213.225 20.9484 201.346
internal_count=13723 13476 12864 12375 5941 6434 4585 2772 612 2723 2611 2446 247 2327
is_linear=0
shrinkage=0.03


Tree=215
num_leaves=15
num_cat=0
split_feature=12 28 27 1 9 14 14 28 11 14 4 22 28 16
split_gain=9.74533 6.21608 5.58375 4.6637 6.34477 6.2765 4.13516 3.8323 2.88385 2.76966 5.33063 3.53084 2.48781 2.0685
threshold=0.45766830044824269 1.5000000000000002 -0.43305049367514975 0.59747770091600338 0.50213339140813096 0.15519373307526602 0.0077036033906570578 13.500000000000002 1.0000000180025095e-35 0.71190313027293373 -0.27485909644597534 0.00087163061612162689 5.5000000000000009 19.378096903998124
decision_type=2 2 8 10 10 2 2 2 2 2 10 2 2 8
left_child=1 13 -3 5 8 12 -2 -6 9 10 -5 -12 -4 -1
right_child=6 2 3 4 7 -7 -8 -9 -10 -11 11 -13 -14 -15
leaf_value=-0.0033616861215519309 0.0065663020259299895 0.0065663020259299895 0.0014483199568648612 -0.00784333489358373 -0.00031019569622453943 0.0032068356099542619 0.01927212128619385 -0.0032130155705467475 -0.0032130155705467475 -0.0055327648300519073 -0.020784777987187791 -0.011697506133937725 -0.00031019569622453943 0.0065663020259299895
leaf_weight=16.118376858532429 28.839425936341286 50.563221536576748 199.94096845574677 75.363274352625012 345.86549459304661 313.75367630273104 33.510123530868441 128.28173741512001 14.712629470974205 34.35040420666337 60.086089550517499 36.754122015088797 329.74821762461215 121.97087919339538
leaf_count=128 145 388 1310 698 2806 2517 232 996 78 246 716 276 2389 888
internal_value=0.00118696 0.000748251 0.000208208 -0.000152631 -0.00196398 0.00134359 0.0123844 -0.000310196 -0.00611584 -0.00785251 -0.0101539 -0.0155517 -0.000310196 0.0065663
internal_weight=1789.86 1727.51 1589.42 1538.86 695.414 843.443 62.3495 474.147 221.267 206.554 172.203 96.8402 529.689 138.089
internal_count=13813 13436 12420 12032 5816 6216 377 3802 2014 1936 1690 992 3699 1016
is_linear=0
shrinkage=0.03


Tree=216
num_leaves=15
num_cat=0
split_feature=2 14 4 11 27 13 9 3 14 18 34 4 13 8
split_gain=9.00842 7.59252 4.91512 4.64874 2.59733 4.24604 6.43541 7.54027 2.49497 2.391 1.92547 1.6275 1.2885 0.612374
threshold=0.52232142857142871 1.139358870883294 0.52232017204606762 1.0000000180025095e-35 -0.28540416418385023 inf 0.50213339140813096 0.86972573962275468 0.71190313027293373 0.014972930661648049 55.830835830835845 -0.71301250721742904 -15.502686549988644 -0.30462660984997741
decision_type=2 2 8 2 8 8 10 10 2 10 2 10 10 10
left_child=1 3 -2 4 -1 6 7 12 11 -7 -3 -9 -6 -14
right_child=2 10 -4 -5 5 9 -8 8 -10 -11 -12 -13 13 -15
leaf_value=0.0023708352376541099 0.023003989529974581 0.0080253443116137003 0.0080253443116137003 0.0044077731861478725 -0.0074553374809143156 -0.00022969375239549061 -0.00022969375239549061 -0.011458452914346667 -0.0074553374809143156 0.0011540165242477066 0.0044077731861478725 -0.019921399727458395 -0.0023359946576518341 -0.0042447922482909744
leaf_weight=71.266390733420849 25.436069813556969 41.793409447651356 15.301451254636047 94.439490602817386 12.929824223741887 526.35017656348646 378.34425791073591 26.955877501517534 9.9806606248021108 184.34813360869884 50.08423730917275 40.923694727942348 138.9861303884536 176.84542754199356
leaf_count=502 213 644 120 503 88 4774 2469 248 44 1260 632 362 892 1113
internal_value=0.00162354 0.00127684 0.0147738 0.000790202 0.000333897 -6.28022e-05 -0.0016134 -0.0044423 -0.012547 0.00115402 0.00802534 -0.0154616 -0.00236365 -0.00233599
internal_weight=1793.99 1753.25 40.7375 1661.37 1566.93 1495.66 784.966 406.622 77.8602 710.698 91.8776 67.8796 328.761 315.832
internal_count=13864 13531 333 12255 11752 11250 5216 2747 654 6034 1276 610 2093 2005
is_linear=0
shrinkage=0.03


Tree=217
num_leaves=15
num_cat=0
split_feature=12 11 1 9 1 25 22 28 14 2 7 13 13 13
split_gain=9.16924 5.29133 4.80604 5.69562 4.44368 4.20275 4.59277 3.62478 3.08123 2.91993 1.8852 1.74277 1.25765 0.772689
threshold=1.0000000180025095e-35 0.9115050812254285 -0.25797866040431766 0.036311275405079634 0.25131840977497094 0.043360177616863289 0.0008869778862838426 7.5000000000000009 0.57144319051727654 0.095695970695970703 1.3743632787065654 -0.31419987966178969 18.473829205693423 2.5784687478069475
decision_type=2 2 10 8 10 8 2 2 2 2 8 8 8 10
left_child=1 2 12 9 10 -5 7 11 -9 -4 -2 -7 -1 -6
right_child=4 -3 3 5 13 6 -8 8 -10 -11 -12 -13 -14 -15
leaf_value=0.00094691578419746358 0.018618054564560355 0.004797798290793848 -0.015852249250394738 0.00094691578419746358 0.004797798290793848 -0.0055906967629795312 -0.00037997309927010551 -0.0055906967629795312 -0.0020428799412128204 -0.0055906967629795312 0.0098007572076373346 -0.0020428799412128204 0.0025354020108341885 0.0098007572076373346
leaf_weight=132.51624909229577 43.396014694590122 45.357596979476511 34.084025968797505 429.80131211224943 53.840554280206561 23.170811695978045 283.13118836609647 142.67510280385613 57.78451257199049 7.4704928062856188 14.952220080420373 269.48806563392282 233.56771846022457 13.983211938757448
leaf_count=867 288 240 280 3452 302 216 1982 1345 422 37 90 2380 1776 71
internal_value=0.00128238 0.000676548 0.000273006 -0.00064157 0.00891905 -0.000243101 -0.00170686 -0.00370579 -0.0055907 -0.0109383 0.0148037 -0.00204288 0.0025354 0.0047978
internal_weight=1785.22 1659.05 1613.69 1247.61 126.172 1206.05 776.25 493.118 200.46 41.5545 58.3482 292.659 366.084 67.8238
internal_count=13748 12997 12757 10114 751 9797 6345 4363 1767 317 378 2596 2643 373
is_linear=0
shrinkage=0.03


Tree=218
num_leaves=15
num_cat=0
split_feature=3 13 32 26 18 28 34 13 11 14 22 1 9 8
split_gain=6.37858 6.67426 17.6848 4.69671 6.51981 4.73426 4.39526 2.81022 2.3463 2.11903 1.74351 2.80569 1.61263 1.40324
threshold=-0.46872368621525035 101.40687743469452 53.43048559831778 -1.0000000180025095e-35 0.9620790278684056 5.5000000000000009 29.070929070929079 -81.822719893800723 0.17346105964698497 0.27777047123576404 0.00309734708230461 0.090565968799179289 0.76643325210145419 -0.31728890439586349
decision_type=8 8 2 8 8 2 2 10 2 2 2 10 10 10
left_child=7 3 -3 -2 5 6 -5 -1 -8 10 11 -7 13 -13
right_child=1 2 -4 4 -6 9 8 -9 -10 -11 -12 12 -14 -15
leaf_value=0.0062199252421444359 0.0012111996214680067 0.0062199252421444359 0.0012111996214680067 -0.0022625481136545537 -0.00033647118167024723 -0.0056276187243455627 -0.013997646084457648 0.018631233429868325 -0.0070660369012114739 -0.0022625481136545537 -0.00379492665866802 -0.011073648828779769 -0.0082271137102633111 -0.017318698882610693
leaf_weight=29.703028169460595 149.12167413672432 266.89093488594517 558.35741075873375 11.817859806120394 252.86696281656623 39.801626320928335 97.012445537373424 22.313068124465644 8.0749040376394969 193.6091681192629 50.935538878664374 15.304236704483626 38.979122016578913 59.73085247259587
leaf_count=243 966 2334 4955 66 1654 273 753 200 39 1075 302 131 332 548
internal_value=0.00144347 0.00111701 0.00306609 -0.000643688 -0.00188414 -0.00418863 -0.00938207 0.0113228 -0.0118695 -0.00256712 -0.00532731 -0.00746031 -0.0108266 -0.0139202
internal_weight=1794.52 1742.5 825.248 917.254 768.133 515.266 116.905 52.0161 105.087 398.361 204.751 153.816 114.014 75.0351
internal_count=13871 13428 7289 6139 5173 3519 858 443 792 2661 1586 1284 1011 679
is_linear=0
shrinkage=0.03


Tree=219
num_leaves=15
num_cat=0
split_feature=27 14 11 24 5 18 14 8 2 25 7 25 34 7
split_gain=7.14844 7.74614 3.80285 3.9506 3.7618 3.11875 3.25916 7.44993 3.63094 1.96687 1.63309 1.20397 0.937942 0.640091
threshold=-0.43305049367514975 0.057018377346949999 0.57740955445070041 -1.0512471108195622 0.9996510016704615 0.96447003099579731 0.15519373307526602 1.0000000180025095e-35 0.12401732377538831 -0.020395871449203625 -0.22177406542313524 2.3064165293668304 49.24658674658675 1.0682966495769233
decision_type=8 2 2 10 2 10 2 10 2 10 10 8 2 10
left_child=1 -1 3 4 5 6 7 9 12 -2 -3 -8 -9 -4
right_child=2 10 13 -5 -6 -7 11 8 -10 -11 -12 -13 -14 -15
leaf_value=0.0063274400238952184 -0.00039123598591240502 0.029660116890656344 0.0063274400238952184 0.0035379877715157374 -0.015656152166289423 0.0019167577624194239 0.00080557264033605746 -0.0054285621097216515 -0.0032427873539255274 -0.0032427873539255274 0.014333883705179335 -0.00039123598591240502 -0.0076143368655177757 0.0035379877715157374
leaf_weight=25.109029069542885 320.70229998230934 15.036487010773273 48.686284098774195 94.286683916579932 8.1986121758818609 300.84762938320637 378.70728774275631 117.71027273125947 52.555431323125958 227.52129161544144 14.429118951782582 115.69881859049201 65.654979972168803 12.645642863586543
leaf_count=185 2599 115 278 731 82 2076 2572 961 303 2033 103 783 976 64
internal_value=0.00139208 0.0116152 0.00103972 0.000748536 0.000295528 0.000427478 -0.000305612 -0.00158804 -0.00609434 -0.000391236 0.0223403 0.000805573 -0.00761434 0.00632744
internal_weight=1797.79 54.5746 1743.22 1681.88 1587.6 1579.4 1278.55 784.144 235.921 548.224 29.4656 494.406 183.365 61.3319
internal_count=13861 403 13458 13116 12385 12303 10227 6872 2240 4632 218 3355 1937 342
is_linear=0
shrinkage=0.03


Tree=220
num_leaves=15
num_cat=0
split_feature=11 2 20 3 9 27 14 13 13 32 34 3 19 22
split_gain=7.74318 7.29259 5.2688 4.00364 8.38253 3.91751 4.59439 2.52281 2.05691 0.953527 0.898462 0.882026 0.782569 0.517574
threshold=4.5848660010509734 0.52232142857142871 0.00078329944037832451 -0.94951187661970138 0.031898869250004035 1.5064870399942487 0.041896861810618254 85.644747513935286 23.09372303478013 40.2262073590745 62.150349650349654 0.29142405738303939 1.0000000180025095e-35 0.18991166789725913
decision_type=2 2 10 10 8 8 2 8 8 2 2 10 8 2
left_child=1 2 3 8 9 6 13 12 -1 -5 -9 -4 -7 -6
right_child=-2 -3 11 4 5 7 -8 10 -10 -11 -12 -13 -14 -15
leaf_value=0.00096495174481204225 0.019728012313987329 0.010242653525832373 0.0053392925480997928 -0.0072855591680163756 -0.0013800166680311529 -0.0039908338659496497 0.00096495174481204225 -0.0013800166680311529 0.0026764216506521958 -0.01710705894370057 -0.0039908338659496497 0.0026764216506521958 -0.0072855591680163756 -0.00020753246160955531
leaf_weight=122.41164002753794 14.592078759800641 40.068816148210317 52.526817892212421 8.2405320033431035 397.67540831770748 10.774912457913159 550.84210857748985 103.77314640581608 212.17741192877293 26.827256543561816 63.380872223526239 37.990824055857956 109.87416077964008 23.242559120059013
leaf_count=769 96 331 441 64 3946 64 3594 776 1588 224 612 247 829 174
internal_value=0.0009683 0.000757295 0.000435932 1.35508e-05 -0.000746518 -0.00031553 0.000598193 -0.00335823 0.00267642 -0.0142556 -0.00138002 0.00533929 -0.00660165 -0.00138002
internal_weight=1774.4 1759.81 1719.74 1629.22 1294.63 1259.56 971.76 287.803 334.589 35.0678 167.154 90.5176 120.649 420.918
internal_count=13755 13659 13328 12640 10283 9995 7714 2281 2357 288 1388 688 893 4120
is_linear=0
shrinkage=0.03


Tree=221
num_leaves=15
num_cat=0
split_feature=11 27 14 20 13 18 28 1 18 4 18 21 25 19
split_gain=8.09474 5.52586 4.55092 3.70938 2.47409 6.9871 5.3545 8.00816 6.87287 3.5814 3.878 3.40221 2.22232 2.16122
threshold=4.5848660010509734 -0.43305049367514975 0.0020053482711307759 0.94204301282539538 52.084231798424774 0.014972930661648049 5.5000000000000009 11.178729971845524 0.99999855756485645 -0.2133428888761971 inf 4.0150497522565199e-05 1.1594137313376656 0.1901508698378436
decision_type=2 8 2 10 8 10 2 8 8 10 8 2 8 10
left_child=1 2 -1 4 6 -6 8 -8 11 -9 -11 12 -3 -10
right_child=-2 3 -4 -5 5 -7 7 9 13 10 -12 -13 -14 -15
leaf_value=0.0056930198857246704 0.020766879222644991 -0.0078950820571142728 0.010991255193834358 0.0056930198857246704 0.00067507029111793992 0.0031854630774550748 0.00067507029111793992 -0.0031694904374601996 0.00067507029111793992 -0.021035974369762612 -0.0086209661341960803 -0.0040243483098207312 -0.015187503649568992 -0.0040243483098207312
leaf_weight=13.665442720055578 14.291883824858813 30.520661313086748 37.566808879841119 18.529533182270825 613.52322974614799 241.61903894040734 523.39465619716793 79.800191845744848 63.614174652844667 28.303352508693933 9.475256906822322 34.21784395724535 67.49355579353869 17.018078021705151
leaf_count=118 98 213 262 226 5455 1962 3499 522 412 188 54 205 526 118
internal_value=0.00142879 0.00121563 0.0104744 0.000911609 0.000677906 0.00181379 -0.00046365 0.00067507 -0.00454428 -0.00701405 -0.0140724 -0.00872377 -0.0117658 0.00067507
internal_weight=1793.03 1778.74 51.2323 1727.51 1708.98 855.142 853.838 640.973 212.864 117.579 37.7786 132.232 98.0142 80.6323
internal_count=13858 13760 380 13380 13154 7417 5737 4263 1474 764 242 944 739 530
is_linear=0
shrinkage=0.03


Tree=222
num_leaves=15
num_cat=0
split_feature=20 27 12 8 22 1 28 14 33 33 1 18 25 16
split_gain=5.68973 4.74834 3.83503 4.20588 3.97501 6.79658 7.70975 2.83188 2.41628 2.23091 2.00601 1.62664 0.940838 0.809107
threshold=0.94204301282539538 -0.3776394808334757 1.2739370334307045 -0.28537863885607967 3.6936804839533649e-05 11.178729971845524 10.500000000000002 0.0093279185775006247 61.979449122306264 78.681318681318686 0.81852730305864208 0.1446204229263523 -0.023276462783392123 8.0781250472308006
decision_type=10 8 2 10 2 10 2 2 2 2 10 8 8 8
left_child=1 7 3 10 5 9 -7 -1 -6 11 -3 -5 -12 -2
right_child=13 2 -4 4 8 6 -8 -9 -10 -11 12 -13 -14 -15
leaf_value=0.0044922076046397599 0.0082332736970463383 0.0024698889950747873 0.0044922076046397599 -0.0054387847969717311 0.00039154972799079524 -0.0092552005217856823 -0.029495414290000979 0.0082332736970463383 -0.0016223690721577806 -0.0092552005217856823 0.0014307193615327913 -0.0016223690721577806 0.00039154972799079524 0.01986281905748993
leaf_weight=20.732974894344807 7.8137194323353469 510.98966471292078 27.425923574715853 25.005865673534572 376.46556704584509 11.880246521905066 17.178237572312355 41.535433600656688 95.267436188645661 8.7384991310536844 56.866222206503153 265.3635469917208 292.6731508821249 12.507617674767973
leaf_count=173 94 3500 178 194 2697 128 151 298 804 119 445 2241 2553 167
internal_value=0.00127355 0.00106611 0.000751142 0.00044757 -0.00111498 -0.00363629 -0.0163587 0.00823327 0.00039155 -0.00215165 0.00189808 -0.00162237 0.00039155 0.0154004
internal_weight=1770.44 1750.12 1687.85 1660.43 799.899 328.166 29.0585 62.2684 471.733 299.108 860.529 290.369 349.539 20.3213
internal_count=13742 13481 13010 12832 6334 2833 279 471 3501 2554 6498 2435 2998 261
is_linear=0
shrinkage=0.03


Tree=223
num_leaves=15
num_cat=0
split_feature=11 12 22 1 14 22 25 4 14 16 8 22 21 16
split_gain=6.34224 5.69132 4.72215 4.51932 6.44393 2.89571 3.99039 2.31767 3.37615 2.02753 1.3542 1.00767 0.845544 0.44052
threshold=4.5848660010509734 0.67797389225960669 0.42915585770375719 0.75949578474025004 0.093428299330293604 0.0012885474042213835 0.043360177616863289 -0.74309187199807869 0.33998388239228222 30.503436179871539 -2.9983170795021699 6.62557427914966e-05 1.0000000180025095e-35 0.06574172498853513
decision_type=2 2 2 10 2 2 10 10 2 8 10 2 2 8
left_child=1 2 3 4 12 6 9 -8 10 -5 -9 -3 -1 -7
right_child=-2 11 -4 5 -6 13 7 8 -10 -11 -12 -13 -14 -15
leaf_value=9.9869735018228738e-05 0.018477203867961513 0.0052980466638364813 0.0052980466638364813 -0.0038525141871927882 0.0028635125772959098 -0.0014260219130804949 -0.0038525141871927882 -0.0093810677162463382 -0.0061483784719914376 -0.0014260219130804949 -0.016138241398769626 0.0097908397762494475 0.0014816911561570693 9.9869735018228738e-05
leaf_weight=410.07564679160714 14.144205963239072 13.001541623845695 71.835658002644777 91.412583684548736 404.55271765822545 45.854502284899354 40.616753259673715 38.562497045844793 60.765416363719851 171.15158020704985 53.55852007959038 33.984653820516542 182.39728775527328 153.98576515819877
leaf_count=2990 96 83 514 715 3141 304 314 488 348 1708 669 202 1167 1088
internal_value=0.00129327 0.00110448 0.000805254 0.000428978 0.00169797 -0.00149823 -0.00295191 -0.00627901 -0.00844424 -0.00142602 -0.0126138 0.00979084 9.98697e-05 9.98697e-05
internal_weight=1785.9 1771.76 1724.77 1652.93 997.026 655.908 456.067 193.503 152.886 262.564 92.121 46.9862 592.473 199.84
internal_count=13827 13731 13446 12932 7298 5634 4242 1819 1505 2423 1157 285 4157 1392
is_linear=0
shrinkage=0.03


Tree=224
num_leaves=15
num_cat=0
split_feature=11 1 21 9 17 28 32 28 27 9 16 16 8 11
split_gain=5.05749 4.80829 8.05529 6.82544 7.98832 3.46814 2.89634 2.41581 1.89606 1.72701 1.69787 0.927016 0.861102 0.776991
threshold=3.0189109136477561 0.51274497035374533 1.0000000180025095e-35 0.65594426517103377 0.0052006801981258058 9.5000000000000018 45.371411804978244 15.500000000000002 -1.0000000180025095e-35 0.30093006844057885 28.739490354757248 2.0127491899745649 -0.63861092790447571 0.61138717371852835
decision_type=2 8 2 8 2 2 2 2 10 10 8 8 10 2
left_child=1 2 13 4 6 -4 11 -6 -7 -8 12 -3 -5 -1
right_child=-2 3 5 10 7 8 9 -9 -10 -11 -12 -13 -14 -15
leaf_value=0.0015927025143672477 0.015470301458737094 -0.0076124138361442538 0.008270421979085724 0.00051199243695910579 -0.00056871764044903598 0.008270421979085724 -0.014538995107339144 -0.0042424131212990676 0.004553865965518644 -0.0076124138361442538 0.0015927025143672477 -0.0042424131212990676 -0.00056871764044903598 0.004553865965518644
leaf_weight=336.2301900004968 17.269190044142306 13.093271631747484 126.76962048467249 91.957352450117469 279.70489242812619 19.959491954185069 59.893341341987252 43.068503333255649 102.23231214145198 46.877357758581638 448.21589880716056 51.542219776660204 117.03246983513236 9.39787959307432
leaf_count=2671 117 85 799 701 2075 146 586 312 732 567 3652 397 796 49
internal_value=0.00125492 0.00107054 0.00324906 -6.36543e-05 -0.00273014 0.00751503 -0.00791611 -0.000568718 0.00455387 -0.0109824 0.0015927 -0.00424241 -0.000568718 0.0015927
internal_weight=1763.24 1745.97 594.589 1151.39 494.18 248.961 171.406 322.773 122.192 106.771 657.206 64.6355 208.99 345.628
internal_count=13685 13568 4397 9171 4022 1677 1635 2387 878 1153 5149 482 1497 2720
is_linear=0
shrinkage=0.03


Tree=225
num_leaves=15
num_cat=0
split_feature=20 27 2 16 22 8 14 14 34 9 32 32 9 2
split_gain=6.65755 6.70185 4.50134 5.98378 4.67713 4.49277 3.34138 2.72365 2.55905 2.52282 2.29562 1.84461 1.15331 1.01919
threshold=0.94204301282539538 -0.3566749439387325 0.30024132730015091 -6.5736481697768436 1.0000000180025095e-35 -0.076250273246120756 0.49681211613706483 0.0025711040402093166 41.654179154179168 0.053753538965322235 48.486129255360034 58.478933653758837 2.3570535787836557 0.075045787545787557
decision_type=10 8 2 8 2 10 2 2 2 10 2 2 8 2
left_child=1 7 3 6 5 10 8 -1 -3 -6 -5 -11 -12 -7
right_child=-2 2 -4 4 9 13 -8 -9 -10 11 12 -13 -14 -15
leaf_value=0.0048933061111824513 0.016945360080032969 -0.010117402014151683 0.0048933061111824513 0.00037316495869438114 0.00037316495869438114 -0.0045737528826312046 -0.0045737528826312046 0.0090376071551476426 -0.023073175261234976 0.0025998042962369159 -0.0020281878083471968 0.0014864846274656486 -0.00082751142482640773 -0.0020281878083471968
leaf_weight=17.700769981369376 19.319192162016407 13.152660440653564 116.13929588906467 168.27926962822676 122.25860568322241 240.51741336006671 14.562495335936545 48.112676169723272 18.476951645687222 594.02661786507815 92.191597132012248 178.53570313937962 139.45733993127942 8.6395557075738889
leaf_count=154 254 85 810 1198 875 2088 77 343 187 3743 888 1990 1116 53
internal_value=0.00134711 0.00112985 0.000749005 0.000306302 0.000638882 -0.00129409 -0.00978639 0.00903761 -0.0156611 0.00204042 0.000373165 0.0025998 -0.00202819 -0.00442954
internal_weight=1791.37 1772.05 1706.24 1590.1 1543.91 649.085 46.1921 65.8134 31.6296 894.821 399.928 772.562 231.649 249.157
internal_count=13861 13607 13110 12300 11951 5343 349 497 272 6608 3202 5733 2004 2141
is_linear=0
shrinkage=0.03


Tree=226
num_leaves=15
num_cat=0
split_feature=22 12 28 29 14 17 8 2 0 32 16 0 28 28
split_gain=6.33016 5.78781 4.86509 5.03485 6.05481 4.22818 8.85392 5.26034 3.6815 3.67164 3.45541 3.07899 3.03839 3.90974
threshold=0.42915585770375719 0.041169770642512836 10.500000000000002 61.620987154703442 0.27777047123576404 0.13194455188088042 -0.004976282967959377 0.12928571428571431 5.1606827212378414 53.788169872085966 178.43174699288781 0.90898863039724953 8.5000000000000018 13.500000000000002
decision_type=2 2 2 2 2 2 10 2 10 2 8 8 2 2
left_child=1 2 5 4 10 6 -1 9 -5 -8 -4 -6 -2 -14
right_child=12 -3 3 8 11 -7 7 -9 -10 -11 -12 -13 13 -15
leaf_value=0.0011558288010002922 0.0050114968333253287 0.0050114968333253287 -0.0073185161263440261 -0.0087431049862140148 0.0025614977750372902 0.0025614977750372902 -0.0057294024915610971 -0.0023806934499590992 -0.025693152147587557 -0.014234634719622259 -0.0010886074257804202 -0.0010886074257804202 0.024524012799967312 0.0050114968333253287
leaf_weight=495.36751541215926 42.816152730491012 121.96991874324158 156.62920379079878 5.8141987174749401 102.14341628458351 350.273639772553 85.671453986316919 28.20514751970768 11.990702951326965 67.463070279918611 151.53579743020236 131.43117399327457 15.997764723375441 13.849712152034042
leaf_count=4059 303 740 1175 112 827 2369 570 177 172 883 1311 914 117 98
internal_value=0.00101382 0.00063113 0.000111499 -0.00212792 -0.00153175 0.00133603 -0.00024984 -0.00591722 -0.0159545 -0.00907811 -0.00426382 0.0020866 0.00939186 0.0161846
internal_weight=1781.16 1708.5 1586.53 559.544 541.74 1026.98 676.707 181.34 17.8049 153.135 308.165 233.575 72.6636 29.8475
internal_count=13827 13309 12569 4511 4227 8058 5689 1630 284 1453 2486 1741 518 215
is_linear=0
shrinkage=0.03


Tree=227
num_leaves=15
num_cat=0
split_feature=20 27 2 16 17 22 1 32 8 32 35 32 13 16
split_gain=7.27526 5.81507 3.92562 4.94817 5.27719 4.53378 4.37577 4.0177 2.80561 2.22429 1.50703 1.30095 0.911866 0.88422
threshold=0.94204301282539538 -0.43305049367514975 0.22295321637426904 -8.4920244916544743 0.0052006801981258058 1.0000000180025095e-35 11.178729971845524 44.206143506842821 -0.27581244503674268 53.546453546453556 46.678321678321687 58.478933653758837 0.40241939896606277 1.0918494506343304
decision_type=10 8 2 8 2 2 10 2 10 2 8 2 8 8
left_child=1 9 3 7 5 8 -6 -3 13 -1 -4 -7 -2 -5
right_child=12 2 10 4 6 11 -8 -9 -10 -11 -12 -13 -14 -15
leaf_value=0.0090189259326228961 0.0090189259326228961 -0.0050271140753954018 0.0046481303805511976 -0.0035572158953232065 0.0022337134654074197 0.0001243449637440834 0.0001243449637440834 -0.01820340115956701 -0.0050271140753954018 0.0046481303805511976 0.0022337134654074197 -0.0020873177152510112 0.021694652099445103 -0.0020873177152510112
leaf_weight=32.862794181331992 5.414356742054224 15.311621174216269 40.256951274350286 25.48712114058435 677.81007670145482 255.30814651399851 69.174657804891467 23.152118952944875 84.079030707478523 18.363047141581774 111.7653092276305 181.34382821526378 12.967755162622781 216.63935160823166
leaf_count=232 64 90 278 201 4738 1590 465 205 914 144 773 1991 187 1879
internal_value=0.000817843 0.000594203 0.000277335 -0.000180703 0.000106231 -0.00164352 0.00189221 -0.0101605 -0.00429898 0.00901893 0.00464813 0.000124345 0.0174436 -0.00208732
internal_weight=1769.94 1751.55 1700.33 1548.31 1509.84 762.857 746.985 38.4637 326.206 51.2258 152.022 436.652 18.3821 242.126
internal_count=13751 13500 13124 12073 11778 6575 5203 295 2994 376 1051 3581 251 2080
is_linear=0
shrinkage=0.03


Tree=228
num_leaves=15
num_cat=0
split_feature=0 35 20 18 9 17 8 9 32 2 22 13 1 34
split_gain=6.99859 4.8872 2.76191 2.28011 2.01701 1.95777 3.0311 6.16668 3.38937 2.14759 1.1128 0.755323 0.674483 0.673856
threshold=-0.8348631728980318 15.725940725940726 0.38512812459454754 0.96447003099579731 0.28559702139780424 0.31448733883322133 -0.28537863885607967 0.017426350795307362 58.478933653758837 0.095695970695970703 1.0000000180025095e-35 52.084231798424774 0.77191069745673813 54.441391941391949
decision_type=8 8 10 10 10 2 10 10 2 2 2 8 10 2
left_child=13 -2 3 5 -5 6 12 -8 10 -10 -9 -7 -3 -1
right_child=1 2 -4 4 -6 11 7 8 9 -11 -12 -13 -14 -15
leaf_value=0.018368130658944808 0.0076075983280148368 5.2451663360200697e-05 0.0041160891610223802 0.0010168661441373689 0.0022311181483928334 5.2451663360200697e-05 -0.01313893221179545 -0.0039830169251678449 -0.007363037553940464 -0.0039830169251678449 -0.0013907747542695867 0.0010168661441373689 -0.0013907747542695867 0.0076075983280148368
leaf_weight=16.628363981377333 33.086383782327175 324.58256846480072 63.106367864180356 141.81783639639616 162.67450993694365 251.25288382545114 41.811835039407015 67.155506564304233 82.700248737819493 26.718879051506519 216.67651208676398 87.139555100351572 244.31151538155973 13.990727182477714
leaf_count=173 256 2276 526 976 1141 1516 329 548 1282 162 1325 818 2349 124
internal_value=0.00115928 0.000887643 0.00062458 0.000346147 0.00223112 -0.000197386 -0.000911963 -0.002834 -0.00158714 -0.00657526 -0.00139077 0.00101687 5.24517e-05 0.0143276
internal_weight=1773.65 1743.03 1709.95 1646.84 304.492 1342.35 1003.96 435.063 393.251 109.419 283.832 338.392 568.894 30.6191
internal_count=13801 13504 13248 12722 2117 10605 8271 3646 3317 1444 1873 2334 4625 297
is_linear=0
shrinkage=0.03


Tree=229
num_leaves=15
num_cat=0
split_feature=0 20 18 13 7 17 14 1 16 3 34 2 22 28
split_gain=4.9274 3.63287 3.20024 2.76378 5.0738 4.53177 2.4654 1.80494 3.72166 1.48913 1.47508 1.45596 1.10351 1.06213
threshold=-0.8348631728980318 0.38512812459454754 0.96447003099579731 52.084231798424774 0.60713065713874326 0.0052006801981258058 0.0033598817218247179 1.3916984928716041 0.049126704086323268 0.24580046750869647 42.611555111555113 0.36405502392344502 5.4361790992451807e-06 12.500000000000002
decision_type=8 10 10 8 8 2 2 8 8 10 2 2 2 2
left_child=11 2 3 4 12 -5 -4 -6 10 -3 -9 -1 -2 -10
right_child=1 9 6 5 7 -7 -8 8 13 -11 -12 -13 -14 -15
leaf_value=0.0069444335903460887 -0.0019254439057722467 0.0069444335903460887 0.0021306714138298599 0.00042244372561757345 -0.0019445636739856542 0.0021306714138298599 0.004023684160225317 -0.0094680271308857575 -0.0044971215607653089 0.004023684160225317 -0.018624729579504392 0.016452139254282912 0.00042244372561757345 -0.0094680271308857575
leaf_weight=7.0151225998997715 138.37929810397327 34.176824487978593 95.110047299414873 583.75004064291716 144.30858028866351 119.48155738040805 221.54013833962381 8.9080807976424676 62.868164533749223 27.806306568905711 28.751591990701854 24.722463420359418 265.13191807456315 12.014479534700511
leaf_count=51 959 336 628 5264 992 1037 1555 60 434 187 251 258 1684 90
internal_value=0.00161886 0.00138536 0.00110293 0.000466169 -0.000924191 0.00176908 0.00379517 -0.00427333 -0.00704968 0.00694443 -0.0144389 0.0125035 0.000422444 -0.00449712
internal_weight=1773.96 1742.23 1680.24 1363.59 660.362 703.232 316.65 256.851 112.542 61.9831 37.6597 31.7376 403.511 74.8826
internal_count=13786 13477 12954 10771 4470 6301 2183 1827 835 523 311 309 2643 524
is_linear=0
shrinkage=0.03


Tree=230
num_leaves=15
num_cat=0
split_feature=20 27 12 16 1 32 8 27 13 21 32 22 8 1
split_gain=5.6005 4.26839 3.18208 2.38333 6.83456 6.17855 4.68435 2.11019 2.09131 1.98898 1.87701 0.934071 0.569649 1.39862
threshold=0.94204301282539538 -0.43305049367514975 1.2108993157380257 251.92631901505823 11.178729971845524 53.788169872085966 -0.40112734883219042 2.017460570875651 0.40241939896606277 7.8666592621797374e-05 52.935526012449095 0.00024710164795977921 0.36904017869544431 1.1465986495500664
decision_type=10 8 2 8 10 2 10 8 8 2 2 2 10 8
left_child=1 10 3 4 7 -5 -6 12 -2 -9 -1 -8 -3 -14
right_child=8 2 -4 5 6 -7 11 9 -10 -11 -12 -13 13 -15
leaf_value=0.0081798442945376516 0.0081798442945376516 0.00036578204384826556 0.0044902262881862274 0.002516397332876911 -0.0051327402362750458 0.00036578204384826556 -0.024433624377626483 -0.0051327402362750458 0.021982115161819079 -0.0017835628429814254 0.0044902262881862274 -0.012047983269859489 -0.00044698505572879788 -0.0017835628429814254
leaf_weight=33.467686740681529 6.9806419578380883 315.21571562625468 27.900658294558525 392.05294659268111 29.431084360927343 585.17697350494564 15.033874277025463 75.134739233180881 13.356013766722755 24.895449426025152 17.9805863276124 11.476504519581793 156.76164904609323 86.915085652843118
leaf_count=240 72 2132 180 2936 228 5166 114 583 189 157 143 74 1039 609
internal_value=0.00127518 0.00107173 0.000800608 0.000542568 -0.000770777 0.00150234 -0.0103828 0.000117316 0.015288 -0.00393291 0.00817984 -0.0189632 0.000365782 -0.00125975
internal_weight=1791.78 1771.44 1719.99 1692.09 714.864 977.23 55.9415 658.923 20.3367 100.03 51.4483 26.5104 558.892 243.677
internal_count=13862 13601 13218 13038 4936 8102 416 4520 261 740 383 188 3780 1648
is_linear=0
shrinkage=0.03


Tree=231
num_leaves=15
num_cat=0
split_feature=27 14 2 34 4 9 14 1 16 7 33 7 17 1
split_gain=5.78725 6.60965 4.1536 3.51256 6.20644 5.05136 4.97067 4.02263 3.43733 3.33021 2.81239 2.53678 1.67644 1.41203
threshold=-0.43305049367514975 0.064338506623606254 0.20144927536231888 57.463369963369971 -0.98328589779672482 0.24663483827083885 0.72223085912607476 11.881160738624505 133.3645267970042 -0.45163542696783304 56.388056388056398 0.33958815847986218 0.0052006801981258058 0.12434398531296943
decision_type=8 2 2 2 10 10 2 10 8 8 2 8 2 10
left_child=1 -1 3 8 10 6 -6 -7 13 -3 -5 -4 -10 -2
right_child=2 9 11 4 5 7 -8 -9 12 -11 -12 -13 -14 -15
leaf_value=0.005947112540616372 0.0017477789584758431 0.031856391172762247 0.005947112540616372 0.00033874597447652903 -0.02220940305192607 -0.002573643717210613 -0.0088239134005691378 -0.0088239134005691378 0.0017477789584758431 0.013505327898370884 -0.002573643717210613 0.0031568119424751572 0.0031568119424751572 0.00033874597447652903
leaf_weight=25.391014179214835 73.76545961946249 12.156972153112291 64.138730183243752 229.78230790793896 30.377763345837593 122.75055786594748 7.3035405352711669 37.796300822868943 391.73346465080976 15.553681142628195 182.93307448364794 94.901167111936957 99.955326499417424 370.0731349484995
leaf_count=185 478 92 463 1659 317 1214 57 381 3255 118 1497 653 797 2538
internal_value=0.00144919 0.0107657 0.00112849 0.000644798 -0.00111893 -0.00548603 -0.0147041 -0.00294374 0.00179642 0.0210635 0.000338746 0.00566883 0.00315681 0.000338746
internal_weight=1758.61 53.1017 1705.51 1546.47 610.944 198.228 37.6813 160.547 935.527 27.7107 412.715 159.04 491.689 443.839
internal_count=13704 395 13309 12193 5125 1969 374 1595 7068 210 3156 1116 4052 3016
is_linear=0
shrinkage=0.03


Tree=232
num_leaves=15
num_cat=0
split_feature=11 12 3 9 22 8 4 14 1 21 27 14 17 9
split_gain=6.70125 5.50767 3.61307 5.4716 7.22976 3.80193 3.70733 3.7045 3.2791 3.11366 2.36324 1.9339 1.22763 0.120197
threshold=4.5848660010509734 0.042544464893621646 0.60475248337322229 0.53689005370546017 0.0008121793472562897 0.3109987568674813 -0.10372161761019215 0.12332284229952124 2.1723573866964432 1.0000000180025095e-35 1.00477053870044 0.53726917999575796 0.0016008850373700804 2.0458826593804749
decision_type=2 2 10 8 2 10 10 2 10 2 8 2 2 10
left_child=1 2 7 4 6 -5 -4 9 12 -1 -9 -8 -3 -7
right_child=-2 8 3 5 -6 13 11 10 -10 -11 -12 -13 -14 -15
leaf_value=-7.1415665808199108e-05 0.018716886058870699 0.0066997557486710956 -0.0083222877506036359 -7.1415665808199108e-05 -0.0034460545450211125 -0.0034460545450211125 -0.02303819378295293 0.0036225003905885119 0.0036225003905885119 0.0017636664912950122 0.0017636664912950122 -0.013273242576524614 0.0097770111067536792 -0.0017587351054146557
leaf_weight=464.49004454538226 14.08623213181272 58.072671866044402 27.027774913236499 310.42642944306135 50.291546169668436 94.605879009701312 37.462757166475058 304.678294475656 17.561532525345683 180.97048881091177 118.67605211772025 15.778069131076334 45.699430793058127 37.256678510457277
leaf_count=3500 96 295 286 2673 383 791 530 2368 102 1211 830 107 340 317
internal_value=0.00103098 0.000837136 0.000371477 -0.00154259 -0.00682069 -7.14157e-05 -0.0131985 0.00139976 0.00687352 -3.54179e-05 0.00356275 -0.0182242 0.00977701 -0.00344605
internal_weight=1777.08 1763 1641.66 572.849 130.56 442.289 80.2686 1068.81 121.334 645.461 423.354 53.2408 103.772 131.863
internal_count=13829 13733 12996 5087 1306 3781 923 7909 737 4711 3198 637 635 1108
is_linear=0
shrinkage=0.03


Tree=233
num_leaves=15
num_cat=0
split_feature=11 14 20 4 18 17 16 2 8 22 1 3 1 7
split_gain=6.39612 6.09119 2.82554 3.28934 2.43616 2.29307 2.73527 2.60486 3.83005 1.84333 1.73377 1.71263 0.48735 0.885689
threshold=4.5848660010509734 1.8326806622280249 0.90077249375178681 2.0865658321103715 0.47926197175325069 0.0052006801981258058 251.92631901505823 0.012163561076604556 -0.73782870872849837 0.057689879754738556 0.11984570973394634 16.61966771846955 0.74651730177273312 -0.26872511102703095
decision_type=2 2 10 10 10 2 8 2 10 2 10 10 10 8
left_child=1 2 3 5 -5 7 10 8 12 -10 -7 -3 -1 -14
right_child=-2 11 -4 4 -6 6 -8 -9 9 -11 -12 -13 13 -15
leaf_value=-0.00086998502454520765 0.018050262623253606 0.0093298726179460133 0.0047965054041049955 -0.018754376429592729 -0.0051854942754399318 0.0013388963218094649 0.0024294860627254106 0.00024830658089351938 -0.0051854942754399318 -0.0029114713967183519 0.00024830658089351938 0.0047965054041049955 -0.0017930380373017299 -0.0029114713967183519
leaf_weight=235.00711929611862 14.141979476669801 44.785495974123478 21.866739436984062 11.721124435774984 8.9261597916483861 141.73064660653472 231.94805868156254 164.22799863293767 226.16456770990044 26.770721662789583 433.3743784064427 14.534891294315456 25.118596628308296 160.92517200671136
leaf_count=1673 102 760 238 131 68 922 1619 1010 2181 184 2862 132 234 1592
internal_value=0.000800226 0.000609483 0.000263138 6.24667e-05 -0.010599 0.00022797 0.00136517 -0.000868557 -0.00198828 -0.00495296 0.000248307 0.00932987 -0.000869985 -0.00271609
internal_weight=1761.24 1747.1 1687.78 1665.91 20.6473 1645.27 807.053 838.214 673.986 252.935 575.105 59.3204 421.051 186.044
internal_count=13708 13606 12714 12476 199 12277 5403 6874 5864 2365 3784 892 3499 1826
is_linear=0
shrinkage=0.03


Tree=234
num_leaves=15
num_cat=0
split_feature=12 0 20 14 8 28 3 28 0 31 16 7 14 32
split_gain=6.64418 4.35855 2.99396 2.91778 2.02424 4.56967 12.1982 6.43468 4.94568 2.38092 1.86897 5.27249 1.28684 0.963726
threshold=1.2739370334307045 -0.8348631728980318 0.00078329944037832451 0.008314327462470435 -0.28537863885607967 13.500000000000002 0.21143957047070508 14.500000000000002 4.5251541396880768 66.301006685622085 -0.0069369454999001039 0.27033297978475895 0.059342641240734399 53.788169872085966
decision_type=2 8 10 2 8 2 8 2 10 2 8 10 2 2
left_child=1 -1 4 -2 -3 10 -7 8 -8 -9 11 -6 -13 -12
right_child=3 2 -4 -5 5 6 7 9 -10 -11 13 12 -14 -15
leaf_value=0.0076068382796831797 0.0076068382796831797 0.0020721068587092094 0.0040231379146027932 0.022993635282051245 -0.0016319371976021276 0.00090403126295934486 -0.0097929282639214171 -0.0042836825807036176 -0.034397863269944304 -0.013373069463126348 0.00090403126295934486 -0.021004474781288238 -0.0076475956544478363 -0.00037036343304607108
leaf_weight=29.72721758345142 12.922079533338549 156.53019773773849 87.066443858202547 13.746833601966499 40.692020423710346 94.054483050480485 27.37653867341578 90.581467777490616 9.8782563544809801 24.18146051093936 613.21859887428582 10.427605278789999 20.545474406331778 541.32953567802906
leaf_count=294 68 1221 669 107 325 694 212 705 93 222 4129 108 130 4807
internal_value=0.000920942 0.000671908 0.000439438 0.0145418 0.000121076 -0.000264044 -0.00395194 -0.0094714 -0.0196153 -0.00549699 0.000489073 -0.00405101 -0.0136633 0.000787138
internal_weight=1772.28 1745.61 1715.88 26.6689 1628.82 1472.29 246.072 152.018 37.2548 114.763 1226.21 71.6651 30.9731 1154.55
internal_count=13784 13609 13315 175 12646 11425 1926 1232 305 927 9499 563 238 8936
is_linear=0
shrinkage=0.03


Tree=235
num_leaves=15
num_cat=0
split_feature=22 8 27 17 13 18 3 28 28 28 32 4 3 28
split_gain=6.29689 4.23478 6.57049 6.64891 4.18138 5.38564 3.87997 3.25806 7.74219 3.14914 2.6023 1.88662 1.22349 0.933759
threshold=0.42915585770375719 -0.28537863885607967 2.017460570875651 0.056058124765068301 11.993599199524683 0.081687308919095106 10.013968946122317 8.5000000000000018 13.500000000000002 12.500000000000002 53.43048559831778 -0.35914873385023022 -0.0076197195044826896 12.500000000000002
decision_type=2 10 10 2 8 10 8 2 2 2 2 10 10 2
left_child=1 4 3 6 -1 -6 10 11 -9 -4 -3 -2 -12 -8
right_child=7 2 9 -5 5 -7 13 8 -10 -11 12 -13 -14 -15
leaf_value=0.00073219057369060129 0.012783711347550302 -0.0014097742888989305 -0.0077544863498456964 0.00073219057369060129 0.002327670727494621 0.0050445982706837913 -0.0077544863498456964 0.028333294371359913 0.0050445982706837913 -0.025561796978943858 -0.0031296257657577628 0.0050445982706837913 -0.0048494772426165957 -0.0048494772426165957
leaf_weight=305.12512063747272 28.061568663688377 122.37773706065491 12.620588950812818 448.87176204891875 386.3345053140074 168.23861766653135 44.771158531308174 16.46228067018092 15.192351173609493 9.7058484330773336 29.00153075158596 15.9673780426383 150.44196481071413 20.059779245406389
leaf_count=2133 193 812 102 3256 3314 1152 409 119 109 64 179 118 1699 164
internal_value=0.00114504 0.000753521 -0.000762484 -0.000275915 0.00222687 0.00392315 -0.00355174 0.00933568 0.0161801 -0.0152331 -0.00194447 0.0050446 -0.00484948 -0.00775449
internal_weight=1773.23 1697.55 837.85 815.524 859.698 554.573 366.652 75.6836 31.6546 22.3264 301.821 44.0289 179.443 64.8309
internal_count=13823 13284 6685 6519 6599 4466 3263 539 228 166 2690 311 1878 573
is_linear=0
shrinkage=0.03


Tree=236
num_leaves=15
num_cat=0
split_feature=12 2 30 25 14 4 8 34 18 28 18 35 13 25
split_gain=7.10812 4.37358 4.05245 2.60974 4.33459 3.17111 3.23038 2.44399 1.68284 1.51488 1.33288 1.24484 1.24119 1.05413
threshold=0.041169770642512836 0.20871212121212124 34.28357356928786 -0.29841617774088286 0.30625729151840086 -0.012856745655990284 0.40936135121171896 49.571262071262076 0.86703753581614784 16.500000000000004 0.99999855756485645 55.669330669330677 8.9737304220695631 0.41054155545652821
decision_type=2 2 2 10 2 10 10 2 10 2 8 10 8 10
left_child=1 3 -2 12 5 9 13 -8 -4 -5 -9 -3 -1 -7
right_child=2 11 8 4 -6 6 7 10 -10 -11 -12 -13 -14 -15
leaf_value=0.0010849252532815479 0.015280504654645758 0.0048045520902875094 0.0048045520902875094 -0.00042917456970580222 0.0010849252532815479 -0.0023747148974440947 -0.0053032769456001329 -0.02015730911368643 0.010042528372466634 -0.0023747148974440947 -0.0097011093609028938 0.0026947075734982799 0.0026947075734982799 -0.0053032769456001329
leaf_weight=133.99691081233323 44.992866333574057 95.298467205837369 61.158730165567249 323.44798661954701 407.7574942340143 111.86515953950584 73.699823331087828 17.919815301895142 14.119610974099485 23.133249893784523 20.290217042900622 53.225535780424252 334.65597474295646 55.273490902967751
leaf_count=970 315 657 329 2562 2864 1060 575 234 89 195 305 393 2651 582
internal_value=0.00162141 0.00109496 0.00851415 0.000584863 -0.000259138 -0.00194327 -0.00432026 -0.00823184 0.00480455 -0.000429175 -0.0140989 0.00480455 0.00242899 -0.00237471
internal_weight=1770.84 1650.56 120.271 1502.04 1033.39 625.63 279.049 111.91 75.2783 346.581 38.21 148.524 468.653 167.139
internal_count=13781 13048 733 11998 8377 5513 2756 1114 418 2757 539 1050 3621 1642
is_linear=0
shrinkage=0.03


Tree=237
num_leaves=15
num_cat=0
split_feature=20 22 5 0 14 16 28 1 4 21 25 30 28 24
split_gain=6.87319 5.20164 4.06867 3.24246 3.7071 5.88577 4.40573 4.46083 2.89851 2.19648 2.75886 2.05142 1.90764 1.9496
threshold=0.94204301282539538 0.42915585770375719 0.9996510016704615 -0.8348631728980318 0.0028948218350163383 133.3645267970042 8.5000000000000018 3.2365316982772447 -0.029960488207930413 2.6527730054526942e-05 -1.0000000180025095e-35 57.752961324389901 12.500000000000002 -0.96622709599959544
decision_type=10 2 2 8 2 8 2 8 10 2 10 2 2 10
left_child=1 2 3 -1 6 -6 9 12 -3 10 -5 -12 -8 -14
right_child=-2 8 -4 4 5 -7 7 -9 -10 -11 11 -13 13 -15
leaf_value=0.004559300714202936 0.01736039049093718 0.0091918245368958502 -0.015899326412543643 -0.00097767514735848729 0.00025384552430996024 0.0025433247765066203 0.00025384552430996024 -0.0075531912794579098 0.004559300714202936 0.00025384552430996024 -0.0035343271020639631 -0.0075531912794579098 -0.0046185113842400899 0.00025384552430996024
leaf_weight=28.376382827758789 18.514325810130686 52.782171769067645 8.2535886615514737 219.47717412374914 637.77924715634435 342.56336219143122 88.989149016328156 47.402833266183734 23.15088589116931 110.03374048322439 55.171435741707683 54.352026640437543 81.12092349678278 11.59403522312641
leaf_count=282 259 365 87 1802 4195 2736 815 518 170 749 543 542 730 76
internal_value=0.00124139 0.00102326 0.000664392 0.000792944 0.000527349 0.00169831 -0.00119062 -0.00453553 0.00845421 0.000253846 -0.0022092 -0.00609098 -0.00168383 -0.00461851
internal_weight=1779.56 1761.05 1685.11 1676.86 1648.48 980.343 668.141 229.107 75.9331 439.034 329.001 109.523 181.704 92.715
internal_count=13869 13610 13075 12988 12706 6931 5775 2139 535 3636 2887 1085 1621 806
is_linear=0
shrinkage=0.03


Tree=238
num_leaves=15
num_cat=0
split_feature=14 12 1 28 11 27 14 9 17 1 28 1 8 20
split_gain=8.43689 4.82581 4.36462 4.25851 2.78234 3.50193 4.82211 5.68158 4.41943 2.32868 2.22903 1.98844 1.61623 0.528159
threshold=1.9252692060134797 0.042544464893621646 1.6204042238696308 1.5000000000000002 0.071778837733983067 1.798656130294223 1.0000000180025095e-35 0.46622830524210668 4.626451478866025e-05 2.1723573866964432 10.500000000000002 0.50202688844205656 -0.46493670586043295 0.93792492401601923
decision_type=2 2 8 2 2 10 2 10 2 10 2 8 10 8
left_child=1 3 -2 -1 5 6 8 -8 11 -3 -7 -5 -4 -6
right_child=2 9 12 4 13 10 7 -9 -10 -11 -12 -13 -14 -15
leaf_value=0.0031320784987433643 0.021946633889830241 0.0061652993697367915 0.014055966629783515 -0.0028251000223291161 0.00118266402706471 -0.0046965176048660373 -0.00098656902901685583 0.00118266402706471 -0.00098656902901685583 0.0031320784987433643 -0.01676917460095783 -0.0046965176048660373 0.0061652993697367915 0.0031320784987433643
leaf_weight=134.56481632776558 19.439011715119705 101.21751273795962 14.487449266016482 191.94936648011208 12.719064204022287 25.892195353284478 428.04743362218142 426.62921660905704 73.212597633711994 17.343763517215848 15.116650464013217 223.99149333685637 23.331979940645397 59.747582103824243
leaf_count=988 372 612 181 1633 64 209 3033 2795 475 94 95 2637 316 310
internal_value=0.000939014 0.00054253 0.0117881 9.88576e-05 -0.00043185 -0.00076675 -0.00048625 0.000873171 -0.00284631 0.0061653 -0.00890679 -0.00466363 0.0061653 0.00313208
internal_weight=1767.69 1710.43 57.2584 1591.87 1457.31 1384.84 1343.83 854.677 489.153 118.561 41.0088 415.941 37.8194 72.4666
internal_count=13814 12945 869 12239 11251 10877 10573 5828 4745 706 304 4270 497 374
is_linear=0
shrinkage=0.03


Tree=239
num_leaves=15
num_cat=0
split_feature=3 14 16 18 28 34 18 13 34 28 3 18 28 9
split_gain=6.31726 4.67929 2.77346 8.05156 3.39638 3.48869 3.53533 5.36522 1.57162 4.73502 3.81006 2.74119 1.50959 3.30631
threshold=-0.94951187661970138 1.9252692060134797 251.92631901505823 0.014972930661648049 4.5000000000000009 29.736929736929742 0.903616117531581 5.732250067546393 56.031468531468541 13.500000000000002 -0.04223466361481084 0.23402908568696068 14.500000000000002 0.45168858801277173
decision_type=8 2 8 10 2 2 8 8 2 2 10 8 2 10
left_child=-1 2 4 -4 5 -2 7 -7 -6 11 -11 -10 -12 -14
right_child=1 -3 3 -5 8 6 -8 -9 9 10 12 -13 13 -15
leaf_value=0.012936160315825536 0.00083358150649051469 0.0071224112361344023 0.00083358150649051469 0.004055780267676971 0.00083358150649051469 -0.017546498232934474 -0.0032407167016801201 -0.0072783536227909165 -0.0095593971013531089 -0.00055675538317109189 -0.021442921131759413 -0.00055675538317109189 -0.020258384472455791 -0.0067357026183914245
leaf_weight=38.19727867282927 9.0229968763887864 57.220026734052226 659.41315056569874 280.65385957597755 430.35708167729899 55.272607242688537 31.71386031806469 17.093093689531088 32.529388800263405 10.717509824782608 11.348738098517059 96.761791046708822 12.873186375945805 23.597216498106718
leaf_count=362 52 870 5639 1929 2783 467 230 109 235 66 84 718 94 182
internal_value=0.00159584 0.00130866 0.000989149 0.00206272 -0.000395556 -0.00505809 -0.00731501 -0.011316 0.000491235 -0.00194709 -0.00909858 -0.000556755 -0.0129146 -0.00799549
internal_weight=1766.77 1728.57 1671.35 940.067 731.287 113.103 104.08 72.3657 618.185 187.828 58.5367 129.291 47.8191 36.4704
internal_count=13820 13458 12588 7568 5020 858 806 576 4162 1379 426 953 360 276
is_linear=0
shrinkage=0.03


Tree=240
num_leaves=15
num_cat=0
split_feature=20 5 12 28 29 27 16 32 32 3 28 25 16 34
split_gain=7.27136 5.75185 4.23528 2.92241 3.63816 2.88749 1.88215 5.16462 1.8809 1.72332 1.54156 1.40962 1.26518 1.14308
threshold=0.94204301282539538 0.9996510016704615 0.67797389225960669 1.5000000000000002 65.886017261223586 -0.22276026267911184 inf 53.43048559831778 51.375547529393693 -0.36461581853367192 11.500000000000002 0.040821994520255263 10.15039243867748 41.654179154179168
decision_type=10 2 2 2 2 8 8 2 2 10 2 8 8 2
left_child=1 2 3 12 5 8 9 -8 -5 -7 -4 -11 -1 -6
right_child=-2 -3 10 4 13 6 7 -9 -10 11 -12 -13 -14 -15
leaf_value=-0.0030954785433220575 0.017204455082459616 -0.019473261615193541 0.0044854016266092089 0.0044854016266092089 -0.0047292741095144291 -0.00044000475327879689 0.0020877658087181516 -0.00044000475327879689 0.0020877658087181516 -0.0014695633270743391 0.0087602740149646269 -0.0038040545471604314 0.0044854016266092089 -0.0095048604511533529
leaf_weight=16.643393840640783 18.253260046243668 8.1227460838854295 25.112508442252874 69.516311718150973 5.2588777802884605 89.788064053282142 343.55754698161036 458.85249606519938 33.289554741233587 203.75575787015259 19.565367297269404 335.65742656774819 121.92444852367043 22.59789368417114
leaf_count=132 251 86 150 474 49 656 2617 4044 290 1327 124 2363 873 379
internal_value=0.000537991 0.000316093 0.000463541 0.000210529 -0.000165371 4.63122e-05 -0.00030987 0.000652048 0.0044854 -0.00153206 0.00876027 -0.00249912 0.00430676 -0.00950486
internal_weight=1771.9 1753.64 1745.52 1700.84 1562.27 1534.42 1431.61 802.41 102.806 629.201 44.6779 539.413 138.568 27.8568
internal_count=13815 13564 13478 13204 12199 11771 11007 6661 764 4346 274 3690 1005 428
is_linear=0
shrinkage=0.03


Tree=241
num_leaves=13
num_cat=0
split_feature=1 18 13 18 32 21 25 25 34 22 8 33
split_gain=5.73965 5.92168 17.1682 4.39058 4.8564 6.21838 3.76251 3.22238 1.27102 1.18906 0.967291 0.668696
threshold=-1.4253735324078141 0.023848974559388437 inf 0.020649608656260383 53.788169872085966 1.0000000180025095e-35 -0.0618754037180873 -0.090915890428325805 38.415750915750927 7.515139589318961e-06 0.27507644500488221 61.945197659483377
decision_type=8 10 8 8 2 2 10 8 2 2 10 2
left_child=11 3 7 -2 -5 6 10 9 -8 -3 -6 -1
right_child=1 2 -4 4 5 -7 8 -9 -10 -11 -12 -13
leaf_value=0.01829427377751074 -0.017545938316529033 0.0021534578275721919 0.0072272148201510955 0.00046220549671255757 -0.003498104239425457 -0.001237152961461867 -0.0063765404821218945 0.00046220549671255757 -0.0092549767248183302 0.0038447101584318266 -0.0063765404821218945 0.0072272148201510955
leaf_weight=12.793190573574977 9.7044464135542494 48.48902889341116 214.23975009983405 199.21847685240209 187.14671195484698 156.97622385062277 8.1194052174687368 656.11506757838652 125.55210943054408 118.71427283948287 19.146805342286825 14.076361935585735
leaf_count=150 90 336 1852 1315 1669 1175 70 4499 1523 738 284 120
internal_value=0.00103345 0.000800454 0.00223821 -0.0013138 -0.000964015 -0.00293651 -0.00575906 0.000462205 -0.00925498 0.00384471 -0.0034981 0.013654
internal_weight=1770.29 1743.42 1037.56 705.864 696.16 496.941 339.965 823.318 133.672 167.203 206.294 26.8696
internal_count=13821 13551 7425 6126 6036 4721 3546 5573 1593 1074 1953 270
is_linear=0
shrinkage=0.03


Tree=242
num_leaves=15
num_cat=0
split_feature=11 2 18 13 27 14 8 30 24 34 33 5 5 13
split_gain=4.78065 4.23037 4.36872 10.1096 6.62358 3.07023 3.17143 3.16239 1.82754 1.70553 1.64069 0.909456 0.734438 0.720924
threshold=3.0189109136477561 0.52232142857142871 0.095389079619974337 59.617761420004825 2.3891796296093868 0.00043963256390351928 0.0099145265263187472 53.607107178535749 -0.0013867406002457392 60.048285048285059 73.109747395461696 0.061974595665633583 -0.033220978932588484 -14.765204297884095
decision_type=2 2 10 8 10 2 10 2 10 2 2 2 2 10
left_child=1 2 4 8 5 6 9 10 -4 -1 -8 -3 -9 -11
right_child=-2 11 3 -5 -6 -7 7 12 -10 13 -12 -13 -14 -15
leaf_value=-0.00043669172885824878 0.015857115045512529 0.0085797890581924673 0.00087779135977305754 0.0048177277728193874 -0.02269841873115187 0.00087779135977305754 -0.0029104525022799086 -0.007201143204462363 0.0028477595662962226 -0.0029104525022799086 -0.007201143204462363 0.0048177277728193874 -0.011491833906644816 -0.0016735721155690787
leaf_weight=236.99236997496337 15.599083707202224 27.136412128806114 692.30357984220609 236.83293412532657 7.0591809544712296 210.55666262190789 92.298704534769058 16.337746440432966 32.148471858352423 142.8611282017082 20.958580058068037 13.207628715783356 20.804758284240961 13.763579925522206
leaf_count=1946 108 236 4652 1955 63 1585 727 225 233 1388 192 107 364 122
internal_value=0.00147418 0.00130246 0.00105567 0.00239525 -0.00063967 -0.000285249 -0.00175117 -0.00538421 0.000877791 -0.000436692 -0.00291045 0.00857979 -0.0114918 -0.00291045
internal_weight=1778.86 1763.26 1722.92 961.285 761.633 754.574 544.017 150.4 724.452 393.617 113.257 40.344 37.1425 156.625
internal_count=13903 13795 13452 6840 6612 6549 4964 1508 4885 3456 919 343 589 1510
is_linear=0
shrinkage=0.03


Tree=243
num_leaves=15
num_cat=0
split_feature=3 12 22 16 27 21 8 1 3 3 8 34 25 35
split_gain=5.10562 3.24738 2.70624 2.59041 5.03724 3.3542 3.31792 2.13275 1.78114 1.47347 1.42527 1.38826 0.866468 0.561911
threshold=-0.94951187661970138 0.042544464893621646 0.42915585770375719 0.049126704086323268 0.90040465237398648 0.0047494213826025445 -1.0000000180025095e-35 0.25911057755973227 0.64971308193001032 0.0073969820565936723 -0.23387685429767566 54.441391941391949 2.1090955246456806 45.995670995671006
decision_type=8 2 2 8 8 2 10 10 8 10 10 2 10 10
left_child=11 2 3 4 12 9 13 -3 -8 -6 -11 -1 -2 -5
right_child=1 7 -4 6 5 -7 8 -9 -10 10 -12 -13 -14 -15
leaf_value=0.01588975992140591 -0.0011453260863212018 0.00582255345013683 0.0026392666354348431 0.0012090503831744957 -0.0083673215666771536 -0.0047280188022118799 3.1862148426647018e-05 0.0026392666354348431 -0.0011453260863212018 -0.011795629125835887 -0.022058430407950986 0.00582255345013683 -0.0047280188022118799 3.1862148426647018e-05
leaf_weight=20.612989541143179 193.95506223989651 54.862035801168531 71.935725262854248 501.26669700676575 24.646170563995838 18.651181565597653 265.89270357601345 65.379392835311592 252.84019851777703 33.901923777535558 20.401778165251017 15.832318261265753 11.706843040883539 215.56537496019155
leaf_count=204 1441 354 513 3829 166 119 2057 366 2243 300 170 142 83 1862
internal_value=0.000744328 0.000493727 0.000131512 -0.000221166 -0.00268181 -0.00831071 0.000391162 0.00514702 -0.00114533 -0.0120066 -0.0152239 0.0111514 -0.00114533 0.00120905
internal_weight=1767.45 1731.01 1610.76 1538.83 303.263 97.6011 1235.56 120.241 518.733 78.9499 54.3037 36.4453 205.662 716.832
internal_count=13849 13503 12783 12270 2279 755 9991 720 4300 636 470 346 1524 5691
is_linear=0
shrinkage=0.03


Tree=244
num_leaves=14
num_cat=0
split_feature=11 2 14 16 8 3 16 22 21 22 25 4 3
split_gain=3.43347 3.20676 2.77153 6.8428 4.14074 3.76425 4.40084 2.56246 2.02665 1.93736 1.88082 1.3689 1.05573
threshold=4.5848660010509734 0.52232142857142871 0.0093279185775006247 251.92631901505823 -0.6085097815806132 -0.00094472539534589349 133.3645267970042 1.0000000180025095e-35 0.0022275179769415303 0.00032300772464064555 2.6467858893430272 0.54282118857312955 6.9688412688546135
decision_type=2 2 2 8 10 10 8 2 2 2 8 8 10
left_child=1 2 4 8 12 -6 9 -8 -4 -7 -5 -3 -1
right_child=-2 11 3 10 5 6 7 -9 -10 -11 -12 -13 -14
leaf_value=0.00067539412287301846 0.013978746032777982 0.0075070971677725518 0.00067539412287301846 0.0041643402227941164 -0.0013306890037222381 -0.019737706876978702 -0.0083710637188959217 -0.0035187290347676987 0.0024198671728335674 -0.0083710637188959217 0.0024198671728335674 0.0041643402227941164 -0.0013306890037222381
leaf_weight=398.86525645386428 13.682592248776926 25.227391503518447 467.42571957502514 241.899431995349 60.373140219599009 21.220191077329218 33.969009370543063 151.71328968741 149.4895534995012 28.723931629210711 101.12081659771502 14.703183475881813 60.346666401252151
leaf_count=3083 101 223 3133 2040 363 275 552 1371 906 247 713 121 674
internal_value=0.0011747 0.00103545 0.000821583 0.00188722 -0.000536432 -0.00333677 -0.00570677 -0.00351873 0.000675394 -0.0132234 0.00416434 0.0075071 0.000675394
internal_weight=1768.76 1755.08 1715.15 959.936 755.211 296 235.626 185.682 616.915 49.9441 343.02 39.9306 459.212
internal_count=13802 13701 13357 6792 6565 2808 2445 1923 4039 522 2753 344 3757
is_linear=0
shrinkage=0.03


Tree=245
num_leaves=15
num_cat=0
split_feature=11 0 28 14 16 31 2 28 3 34 3 26 9 16
split_gain=3.91928 3.33021 3.01516 3.29399 6.60158 3.7163 3.34659 5.92173 5.79378 3.14351 4.22225 2.21331 2.12806 2.22765
threshold=4.5848660010509734 -0.8348631728980318 1.5000000000000002 0.0093279185775006247 251.92631901505823 67.42680396526552 1.0000000180025095e-35 13.500000000000002 0.21741907036892283 51.015651015651024 8.9621725660151892 -1.0000000180025095e-35 0.30093006844057885 -11.049438211368935
decision_type=2 8 2 2 8 2 2 2 10 2 10 8 8 10
left_child=1 -1 -3 6 11 -6 7 9 -9 -4 12 -5 13 -11
right_child=-2 2 3 4 5 -7 -8 8 -10 10 -12 -13 -14 -15
leaf_value=0.0081894061604152191 0.01501988205530088 0.0046747875360035234 -0.00093672697970449139 0.00259176564685788 0.0046747875360035234 0.00259176564685788 0.00050874375771223657 -0.0014863871740893766 -0.017575200281615237 -0.0094642690793689012 -0.016001486939830188 0.00050874375771223657 -0.0027407392943384142 -0.0049852672374897664
leaf_weight=29.681292232824489 14.170838879654182 136.35023321583867 214.57003179099411 112.99529097089544 285.71048012725078 37.980057246983051 131.44308511912823 40.733295915648341 36.916851634159684 72.342981838621199 20.813023557886481 498.04448418784887 99.612716853618622 19.901975938118994
leaf_count=308 101 995 1854 716 2348 283 779 337 483 574 334 3288 1178 174
internal_value=0.00151192 0.00135893 0.00116017 0.00077449 0.00190383 0.00467479 -0.000886347 -0.0023822 -0.00973591 -0.000948514 -0.00454475 0.000508744 -0.00292705 -0.0072298
internal_weight=1751.27 1737.1 1707.41 1571.06 934.73 323.691 636.334 504.891 77.6501 427.241 212.671 611.04 191.858 92.245
internal_count=13752 13651 13343 12348 6635 2631 5713 4934 820 4114 2260 4004 1926 748
is_linear=0
shrinkage=0.03


Tree=246
num_leaves=15
num_cat=0
split_feature=11 20 27 34 14 3 18 34 28 18 2 16 18 9
split_gain=4.01951 4.56176 3.71586 5.31862 4.14575 4.00134 3.00364 2.13938 1.89498 2.08119 1.41852 0.979351 0.602058 0.284553
threshold=4.5848660010509734 0.0002577480714804976 1.5064870399942487 56.031468531468541 0.047008467688552706 -5.3666954144344698 0.068341755611497038 32.396769896769904 1.5000000000000002 0.47926197175325069 0.066727053140096623 0.3026160486642438 0.9941641854863642 0.681876856688579
decision_type=2 10 8 2 2 10 10 2 2 10 2 8 10 10
left_child=1 2 3 4 12 -4 -3 -7 -9 11 -5 -10 -1 -6
right_child=-2 6 5 10 13 7 -8 8 9 -11 -12 -13 -14 -15
leaf_value=0.0016772252257189174 0.01556778634498086 0.0042365193774375077 4.6210836158576785e-05 4.6210836158576785e-05 0.0029568723015782126 -0.0019132916231339189 0.0083600288332158681 -0.003606525811980477 -0.015438330813409121 -0.003606525811980477 0.0016772252257189174 -0.0075565553116663737 0.0029568723015782126 0.0042365193774375077
leaf_weight=324.79970379639417 12.623703940305857 43.788466616533697 139.12122243270278 433.87499266862869 194.74141956493258 35.944681715220213 42.587933193193749 72.486291382461786 19.769122203812003 54.376819068565965 50.18057600595057 121.25928970705718 30.91438041254878 188.66125115379691
leaf_count=2796 92 307 885 3861 1286 213 378 615 163 401 349 1022 225 1223
internal_value=0.00129905 0.00115227 0.000791825 0.00164293 0.00330824 -0.00155051 0.00768121 -0.00387279 -0.00529976 -0.00717566 4.62108e-05 -0.00915219 0.00167723 0.00423652
internal_weight=1765.13 1752.51 1666.13 1223.17 739.117 442.957 86.3764 303.836 267.892 195.405 484.056 141.028 355.714 383.403
internal_count=13816 13724 13039 9740 5530 3299 685 2414 2201 1586 4210 1185 3021 2509
is_linear=0
shrinkage=0.03


Tree=247
num_leaves=15
num_cat=0
split_feature=12 1 26 24 18 13 9 14 18 14 28 9 34 34
split_gain=4.93045 5.33292 2.99429 3.62761 4.13886 3.76023 3.55605 2.48989 2.38122 1.88255 1.19733 1.16116 0.940102 0.661521
threshold=0.042544464893621646 0.25911057755973227 -1.0000000180025095e-35 0.34998205182434616 0.065415384216405428 150.2151162790698 0.55917947293063575 0.043436037013922985 0.037157398020998975 0.77382847756174333 5.5000000000000009 0.097727171752309341 42.012154512154517 47.248584748584754
decision_type=2 10 8 8 10 8 8 2 10 2 2 10 2 2
left_child=2 11 7 4 12 6 9 -1 13 -5 -8 -2 -4 -7
right_child=1 -3 3 5 -6 8 10 -9 -10 -11 -12 -13 -14 -15
leaf_value=0.001828641691563675 0.0085845241993107394 0.0035893345333520166 -0.0091987088240363911 -0.0032659137124235117 -0.0032659137124235117 0.001078828990654896 -0.0014684487113386974 0.0035893345333520166 0.001828641691563675 -0.0014684487113386974 0.00032901628974611687 0.016155852306705149 -0.020968928505890206 0.00032901628974611687
leaf_weight=88.418783463537693 9.6471025366336089 69.44313154835254 15.381133437156679 281.44177729729563 30.952216505073011 205.29092263244092 114.90103026293218 110.67299640271813 192.63732825918123 47.474624552763999 246.3074244344607 46.098930842010304 12.520407473668454 287.13889491558075
leaf_count=824 69 386 110 1936 261 1653 845 742 1585 337 1679 310 110 2957
internal_value=0.00100442 0.00662392 0.000554751 6.79488e-05 -0.00692296 0.000391133 -0.00117061 0.00358933 0.00182864 -0.00326591 0.000329016 0.0135797 -0.0151315 0.000329016
internal_weight=1758.33 125.189 1633.14 1434.05 58.8538 1375.19 690.125 199.092 685.067 328.916 361.208 55.746 27.9015 492.43
internal_count=13804 765 13039 11473 481 10992 4797 1566 6195 2273 2524 379 220 4610
is_linear=0
shrinkage=0.03


Tree=248
num_leaves=15
num_cat=0
split_feature=14 34 28 3 25 13 14 27 18 34 18 14 22 14
split_gain=3.7063 4.10163 2.31915 6.90122 5.59228 6.35537 4.73937 3.59155 3.17294 2.81465 2.61446 3.40321 2.38362 2.01616
threshold=2.2228807863345179 52.047952047952052 13.500000000000002 0.049894044647840072 -0.040534836923252097 52.084231798424774 0.0023151486653217829 0.55675045058093031 0.041703105236375111 54.441391941391949 0.86243245405764135 0.63662250550905541 0.0049181820666607352 0.04898150502107159
decision_type=2 2 2 8 8 8 2 10 10 2 8 2 2 2
left_child=2 -2 4 -4 13 10 -5 9 -7 -8 11 12 -6 -1
right_child=1 -3 3 6 5 8 7 -9 -10 -11 -12 -13 -14 -15
leaf_value=0.0028753247057276858 0.019117725627160558 0.0050288446397867056 0.0050288446397867056 -0.011367147473987456 -0.0075144868181766956 0.0005341503337057276 0.00065968308699663949 -0.0064203968420065167 0.0028753247057276858 -0.0028803568775049387 0.0005341503337057276 -0.0014870201318669127 -0.0035567440914231353 0.0050288446397867056
leaf_weight=119.95241820812225 18.582145710010082 31.71997944265604 90.254110433394089 51.661878450773656 205.00129119493067 439.3547961236909 87.650476906914264 49.271744199097157 173.62331146816723 60.438802052289248 218.2637204262428 53.570771085098386 42.321409008465707 119.6394474459812
leaf_count=1130 343 450 646 578 1569 3792 559 327 1275 410 1437 302 251 744
internal_value=0.00132879 0.00897933 0.00107836 -0.00113007 0.0016267 0.000721805 -0.00370948 -0.00147365 0.00278011 0.000659683 -0.00171181 -0.00350819 -0.00562647 0.00502884
internal_weight=1761.31 50.3021 1711 339.277 1371.73 1132.14 249.023 197.361 612.978 148.089 519.157 300.893 247.323 239.592
internal_count=13813 793 13020 2520 10500 8626 1874 1296 5067 969 3559 2122 1820 1874
is_linear=0
shrinkage=0.03


Tree=249
num_leaves=15
num_cat=0
split_feature=20 22 11 5 21 33 1 1 28 8 16 13 33 35
split_gain=5.87684 5.0736 4.4348 4.10181 3.6178 5.0145 3.29808 2.58503 2.57623 2.41033 2.23264 1.3021 0.891199 0.542618
threshold=0.93792492401601923 0.42915585770375719 1.0000000180025095e-35 0.9996510016704615 1.0000000180025095e-35 58.131868131868146 0.05895386877165442 0.50202688844205656 4.5000000000000009 -0.17641297634471884 8.3522665048185516 0.40241939896606277 66.392179249322112 33.391608391608408
decision_type=10 2 2 2 2 2 10 8 2 8 8 8 2 8
left_child=1 2 3 4 5 10 -7 -6 -3 -8 -1 -2 -11 -14
right_child=11 8 -4 -5 7 6 9 -9 -10 12 -12 -13 13 -15
leaf_value=-0.0011698613174263245 0.0085986914306108633 0.0043695681662828849 0.0043695681662828849 -0.016630992925451362 0.002213570585968592 -0.0011698613174263245 -0.0032909555963778546 0.00079037143075903489 0.0085986914306108633 -0.0051805512067858786 0.00079037143075903489 0.021917875275070709 -0.0066988925016228619 -0.0082172337964598451
leaf_weight=248.76615181751549 5.9593759402632713 26.329734247177839 89.68700835481286 8.1457503121346218 210.32079202122986 189.80220936238766 23.60348629206419 169.75893944874406 47.594607019796968 58.613851426169276 496.39237867668271 11.245672150282191 6.8473013266921035 167.66485594213009
leaf_count=1876 72 176 498 87 1370 1406 265 1241 345 614 3803 170 82 1825
internal_value=0.00102694 0.000829185 0.000476363 5.7573e-05 0.000196525 -0.000632828 -0.00313009 0.00221357 0.00826277 -0.00541205 0.000790371 0.0163682 -0.00707015 -0.00821723
internal_weight=1760.73 1743.53 1669.6 1579.92 1571.77 1191.69 446.532 380.08 73.9243 256.729 745.159 17.205 233.126 174.512
internal_count=13830 13588 13067 12569 12482 9871 4192 2611 521 2786 5679 242 2521 1907
is_linear=0
shrinkage=0.03


Tree=250
num_leaves=15
num_cat=0
split_feature=12 28 16 18 27 14 13 18 18 3 22 14 9 0
split_gain=4.08493 3.42717 3.44547 2.67578 2.58851 2.95024 2.5683 6.01857 3.42326 3.98326 2.27799 1.90158 1.68128 1.48711
threshold=1.5454864769933265 1.5000000000000002 10.15039243867748 0.095389079619974337 -0.33647223662121267 0.00043963256390351928 inf 0.041703105236375111 0.9620790278684056 0.09787836797143798 0.00032300772464064555 0.047008467688552706 0.76643325210145419 8.1574621986443479
decision_type=2 2 8 10 8 2 8 10 8 10 2 2 10 8
left_child=1 2 13 -2 5 -3 8 -8 9 -6 11 -11 -12 -1
right_child=3 4 -4 -5 6 -7 7 -9 -10 10 12 -13 -14 -15
leaf_value=0.00010724821798883912 0.0066970379022320324 0.0031686595347558558 0.0066970379022320324 0.02052859890365253 -0.0010191446495328672 0.0066970379022320324 0.00035988962135676932 0.0031686595347558558 0.00035988962135676932 -0.013716211018413577 -0.0049760326165708456 -0.0053339363292720984 -0.002821955430416669 -0.012934300556887515
leaf_weight=7.5072191990911943 9.4266000501811522 16.795197002589703 123.71622095070779 13.650295825675128 211.37194832507521 50.168215508107096 518.24199535790831 177.75302212662064 259.15494293207303 29.444773991592228 107.42920644953847 141.14808689337224 76.666200174950063 8.1415206901729089
leaf_count=66 52 148 901 102 1397 372 4771 1627 1732 418 709 934 483 60
internal_value=0.00111181 0.000924545 0.00535105 0.0124695 0.000520537 0.00608066 0.000256663 0.00159302 -0.000873243 -0.00239818 -0.00462477 -0.00713011 -0.00282196 -0.00648254
internal_weight=1750.62 1727.54 139.365 23.0769 1588.17 66.9634 1521.21 695.995 825.215 566.06 354.688 170.593 184.095 15.6487
internal_count=13772 13618 1027 154 12591 520 12071 6398 5673 3941 2544 1352 1192 126
is_linear=0
shrinkage=0.03


Tree=251
num_leaves=15
num_cat=0
split_feature=11 20 25 1 28 1 28 21 9 18 1 32 28 1
split_gain=5.71264 3.88984 2.65222 3.02061 4.14931 6.22436 6.65796 4.14008 3.441 3.27173 2.42834 2.07087 1.91435 1.55522
threshold=2.8778467908902696 0.94204301282539538 -0.29841617774088286 0.56374891633094515 13.500000000000002 11.178729971845524 15.500000000000002 1.0000000180025095e-35 0.53689005370546017 0.14030088806396623 0.85825824961268149 53.546453546453556 12.500000000000002 0.88818100287397306
decision_type=2 10 8 10 2 10 2 2 8 10 10 2 2 10
left_child=1 2 11 7 8 9 -7 12 10 13 -5 -1 -4 -6
right_child=-2 -3 3 4 5 6 -8 -9 -10 -11 -12 -13 -14 -15
leaf_value=0.004849519478643957 0.016606074656550812 0.0088298911713780848 0.00038911101095631537 -0.0019908659426321794 -0.0041936179432905509 -0.029464592279575093 -0.0089336090658895615 0.0026883789332470499 0.00038911101095631537 0.00038911101095631537 -0.0075196373844792592 0.0026883789332470499 0.0015387449721016827 -0.0089336090658895615
leaf_weight=70.771172050386667 16.552218773635104 18.286478043766692 525.99711031280458 39.350589452311397 9.7211061622947437 14.517404356971385 17.364747289568186 235.60552883334458 421.14308229740709 87.895186495035887 92.50682636257261 56.566263379529119 115.50610965676606 28.356785779818892
leaf_count=507 118 247 3933 324 98 112 145 1516 3497 631 926 563 911 314
internal_value=0.00124768 0.00105371 0.000869148 0.000527238 -0.000922663 -0.00513175 -0.0159887 0.00170089 0.000314046 -0.0018785 -0.00437084 0.00484952 0.000389111 -0.00877635
internal_weight=1750.14 1733.59 1715.3 1587.96 710.856 157.855 31.8822 877.109 553 125.973 131.857 127.337 641.503 38.0779
internal_count=13842 13724 13477 12407 6047 1300 257 6360 4747 1043 1250 1070 4844 412
is_linear=0
shrinkage=0.03


Tree=252
num_leaves=15
num_cat=0
split_feature=20 12 5 3 13 9 32 28 1 16 35 35 21 22
split_gain=6.0916 4.12229 3.85759 3.13144 3.74599 10.0188 5.33414 2.50639 1.33891 1.32185 0.966454 0.916992 0.904865 0.656471
threshold=0.94204301282539538 0.59001670843776111 0.9996510016704615 -0.028137813170641245 inf 0.0062653524680269706 53.788169872085966 4.5000000000000009 2.6679784502525785 -9.9864911421784601 46.678321678321687 75.832500832500855 0.00030698676440064687 0.00026630233759792862
decision_type=10 2 2 8 8 10 2 2 8 8 10 8 2 2
left_child=1 2 3 10 5 12 -6 11 -3 -9 -1 -7 -5 -2
right_child=13 8 -4 4 6 7 -8 9 -10 -11 -12 -13 -14 -15
leaf_value=0.0042218709312527971 0.0082037622375818412 0.0082037622375818412 -0.016004039714281878 -0.0078191326855897338 0.00210592854817199 5.9202524957918491e-05 5.9202524957918491e-05 -0.0038799650803159071 0.0042218709312527971 5.9202524957918491e-05 0.00210592854817199 -0.0038799650803159071 -0.0038799650803159071 0.019660078722098545
leaf_weight=63.035556361079216 5.8021892262622741 41.398850593250245 8.0579848419874889 147.27391644380987 248.58237121719867 11.649360321462153 489.49442728143185 22.128320130519569 8.964982617646454 570.74019125755876 59.16938672028482 48.643083035945892 10.937727201730011 12.654595728730781
leaf_count=425 69 252 88 1004 2173 91 4558 172 55 3839 430 354 71 185
internal_value=0.000713822 0.000506446 0.00023998 0.000365774 -1.00138e-05 -0.00141277 0.00153117 5.92025e-05 0.00820376 5.92025e-05 0.00422187 -0.00387997 -0.00781913 0.0159011
internal_weight=1748.53 1730.08 1679.71 1671.65 1549.45 811.373 738.077 653.161 50.3638 592.869 122.205 60.2924 158.212 18.4568
internal_count=13766 13512 13205 13117 12262 5531 6731 4456 307 4011 855 445 1075 254
is_linear=0
shrinkage=0.03


Tree=253
num_leaves=15
num_cat=0
split_feature=2 20 0 25 16 14 8 14 16 17 1 34 28 28
split_gain=4.7645 2.80464 2.20109 3.15112 1.90056 4.63928 4.05792 3.98245 2.52626 1.69504 1.05214 0.938876 0.933427 0.870591
threshold=0.45049019607843138 0.00078329944037832451 0.19736780207521043 -1.0000000180025095e-35 251.92631901505823 0.44482537614455092 -0.63861092790447571 0.00031525933840323466 -1.2836045408988914 0.023715018731296309 0.17860789153304837 41.654179154179168 1.5000000000000002 11.500000000000002
decision_type=2 10 10 8 8 2 10 2 10 2 10 2 2 2
left_child=1 4 3 -2 5 6 -1 12 11 13 -11 -8 -6 -10
right_child=2 -3 -4 -5 7 -7 8 -9 9 10 -12 -13 -14 -15
leaf_value=-0.0016396198114002195 0.022382808724316042 0.0041245318856610921 0.0041245318856610921 0.0077602320052799221 0.0010596927933458735 -7.1400812529828426e-06 -0.0090854984755369284 0.0021265256679447297 -0.0090854984755369284 -0.0036759948721060876 -0.0063451033806093179 -0.018780768542836244 -7.1400812529828426e-06 -0.0063599724254387946
leaf_weight=167.36817231029272 13.403229068033395 84.122505484847352 22.255984663963318 41.956713006831706 92.269605081528425 235.75292002223432 13.411938995122911 339.39383560791612 31.783730580471456 57.250730264931917 145.83005119580775 15.683019552379845 470.38027575425804 26.365831328555942
leaf_count=1311 116 681 131 360 665 1372 85 2690 280 337 1058 180 4347 229
internal_value=0.00078104 0.00043375 0.00781531 0.0113959 0.000128519 -0.00104818 -0.0032721 0.0010339 -0.00571237 -0.00459847 -0.00367599 -0.0135725 -7.14008e-06 -0.00904395
internal_weight=1757.23 1679.61 77.6159 55.3599 1595.49 693.446 457.693 902.044 290.325 261.23 203.081 29.095 562.65 58.1496
internal_count=13842 13235 607 476 12554 4852 3480 7702 2169 1904 1395 265 5012 509
is_linear=0
shrinkage=0.03


Tree=254
num_leaves=14
num_cat=0
split_feature=1 22 13 18 27 22 16 19 18 19 2 4 19
split_gain=3.60187 3.9113 3.70811 5.15776 3.37907 3.43625 2.41386 3.7929 3.36001 2.22527 1.83997 1.21698 0.275439
threshold=-1.4253735324078141 0.42915585770375719 150.2151162790698 0.041703105236375111 1.1653779849803712 1.2153151807996639e-05 0.3026160486642438 -0.7567022601849408 0.52208854708967667 2.3544091113383891 0.012163561076604556 -0.028043639203924092 -2.3292366561179265
decision_type=8 2 8 10 8 2 10 10 10 8 2 10 10
left_child=9 2 4 10 5 12 7 -6 -9 -1 -4 -3 -2
right_child=1 11 3 -5 6 -7 -8 8 -10 -11 -12 -13 -14
leaf_value=0.018847516657822645 -0.0006711475219185472 0.0060993178111664161 0.00062372799978318292 0.0033238071288890381 -0.0043649641237142383 0.00062372799978318292 -0.0019660230436202774 -0.021366300644088433 -0.0088987803072087777 0.0060993178111664161 0.0019737675643361104 0.0033238071288890381 -0.0019660230436202774
leaf_weight=13.550199983874334 11.944174796342848 51.797865039203316 446.57114819530398 212.72398121375591 85.960593219846487 417.96835143957287 66.85564779303968 23.925595039501786 23.431251320056617 11.641278728842737 121.24455318134278 21.977240920066833 240.64800133183599
leaf_count=151 89 356 4464 1846 608 2734 471 171 167 110 742 162 1715
internal_value=0.00105128 0.000868869 0.000548296 0.00204349 -0.000796034 0.000233077 -0.00416512 -0.00676391 -0.0134326 0.0113298 0.000623728 0.00609932 -0.00196602
internal_weight=1750.24 1725.05 1651.27 780.54 870.734 670.561 200.173 133.317 47.3568 25.1915 567.816 73.7751 252.592
internal_count=13786 13525 13007 7052 5955 4538 1417 946 338 261 5206 518 1804
is_linear=0
shrinkage=0.03


Tree=255
num_leaves=15
num_cat=0
split_feature=20 18 13 32 35 0 1 13 5 9 13 2 22 14
split_gain=3.50357 2.99414 10.3641 3.68337 2.55117 3.12275 2.37308 1.79866 1.67903 1.52055 0.684888 0.731193 0.670825 0.644685
threshold=0.94204301282539538 0.023848974559388437 59.617761420004825 53.788169872085966 14.993339993339996 0.5396334072819019 0.098728788321270008 0.40241939896606277 0.4998908647359202 0.36406687474596983 -44.954365470477221 0.031498015873015879 0.99510044096031369 0.26325099449817307
decision_type=10 10 8 2 10 8 8 8 2 8 10 2 2 2
left_child=1 3 6 -1 -5 -6 13 -2 10 -4 11 12 -7 -3
right_child=7 2 9 4 5 8 -8 -9 -10 -11 -12 -13 -14 -15
leaf_value=0.00020493996324697609 0.0063885217207026376 0.0017508354026108913 0.003296730841974807 -0.0012697845596226728 -0.0029268639973863706 -0.011632070712233404 0.00020493996324697609 0.018824705610674678 -0.016844419804852809 0.0063885217207026376 -0.0055618479548299755 -0.0069437467977578257 -0.0086111790553402134 0.003296730841974807
leaf_weight=204.61438575014472 5.5602121935226023 71.400612028315663 109.7596826441586 201.31994294002652 177.7579725664109 85.926417641341686 677.49526921007782 11.952096824534239 14.681270349770783 126.50977399758995 6.4398778760805717 12.24484997987747 9.2220387011766416 38.180316961370409
leaf_count=1367 71 463 1023 1637 1469 1230 4584 187 232 976 94 106 82 309
internal_value=0.000585081 0.000431287 0.00146786 -0.00105798 -0.00274451 -0.00458394 0.00020494 0.0123458 -0.00819683 0.00638852 -0.00641972 -0.00832565 -0.0102786 0.00329673
internal_weight=1753.06 1735.55 1023.35 712.207 507.592 306.272 787.076 17.5123 128.514 236.269 113.833 107.393 95.1485 109.581
internal_count=13830 13572 7355 6217 4850 3213 5356 258 1744 1999 1512 1418 1312 772
is_linear=0
shrinkage=0.03


Tree=256
num_leaves=15
num_cat=0
split_feature=28 11 14 13 27 13 9 28 18 26 0 17 3 9
split_gain=5.02722 4.40243 6.27378 5.15653 4.81364 4.4025 3.77339 3.4943 2.91152 1.9657 1.7899 1.78402 1.54343 1.3309
threshold=1.5000000000000002 0.84566974182936427 0.0093279185775006247 101.40687743469452 -0.28540416418385023 -8.3409459380278808 0.011007817807598849 13.500000000000002 0.96447003099579731 -1.0000000180025095e-35 5.1606827212378414 0.0052006801981258058 0.017869556912909201 0.47176421986688138
decision_type=2 2 2 8 8 8 8 2 8 8 8 2 10 8
left_child=-1 2 5 -3 -4 -2 11 10 9 -6 -8 -7 -9 -10
right_child=1 3 4 -5 8 6 7 12 13 -11 -12 -13 -14 -15
leaf_value=0.006783579456115324 -0.018384413271356714 0.0052238054202532079 0.0052238054202532079 0.019945692734968656 0.0018305391411013452 -0.0097989112158954356 0.00033632699137037172 0.00033632699137037172 0.0018305391411013452 0.00033632699137037172 -0.0035929942743970701 -0.0035929942743970701 -0.0035929942743970701 0.0033247512908323187
leaf_weight=141.59636476635933 8.7741289343684894 23.066770328674465 55.829811219824478 21.763465226627886 95.071233707480133 41.339573509991169 368.34882029984146 31.650095451623201 122.83900461671874 463.58400430344045 86.314587201923132 43.346250750124454 57.63789892103523 188.95945991994813
leaf_count=1042 119 137 405 133 675 337 3402 220 1013 3321 894 228 644 1254
internal_value=0.00146234 0.000974352 0.000692317 0.00975529 0.00226368 -0.00159102 -0.00121341 -0.000270823 0.0014257 0.000336327 0.000336327 -0.00691517 -0.00359299 0.00332475
internal_weight=1750.12 1608.53 1563.69 44.8302 926.284 637.411 628.637 543.951 870.454 558.655 454.663 84.6858 89.288 311.798
internal_count=13824 12782 12512 270 6668 5844 5725 5160 6263 3996 4296 565 864 2267
is_linear=0
shrinkage=0.03


Tree=257
num_leaves=15
num_cat=0
split_feature=20 3 18 13 32 30 28 28 27 35 13 29 24 3
split_gain=5.4466 3.54099 2.64998 9.15714 2.96893 3.33967 3.55154 2.606 1.37568 1.01476 0.594268 0.545133 0.492741 0.323126
threshold=0.94204301282539538 -0.94951187661970138 0.023848974559388437 150.2151162790698 53.919157765311617 77.624161552733 13.500000000000002 1.5000000000000002 -0.28540416418385023 53.504828504828517 0.40241939896606277 48.956754157153767 0.63526364598966845 0.032129593878415512
decision_type=10 8 10 8 2 2 2 2 8 10 8 2 8 8
left_child=1 11 4 8 -3 6 9 -7 -4 -6 -2 -1 -11 -8
right_child=10 2 3 -5 5 7 13 -9 -10 12 -12 -13 -14 -15
leaf_value=0.0079580968313439516 0.0079580968313439516 0.00013405554055976102 0.0021490353355316607 0.0041640151305035612 -0.0012470022779242443 -0.0063359359216544958 -0.0012470022779242443 -0.017771533699848768 0.00013405554055976102 -0.0063359359216544958 0.019002175525631323 0.0041640151305035612 -0.0030776670869334722 -0.0063359359216544958
leaf_weight=25.109507301822305 5.6871735777240247 204.54098308458924 54.470453660935163 210.04316453449428 287.55842281226069 15.27268549799919 23.59931306540966 20.817715317942202 747.41724282316864 7.5130564570426941 12.167136351345109 10.939178444445131 88.825940597802401 32.543571880087256
leaf_count=276 72 1357 354 1815 2577 153 174 300 5016 51 182 71 937 420
internal_value=0.000779119 0.000585036 0.000369933 0.00134083 -0.00107272 -0.00262806 -0.00184119 -0.0108307 0.000134056 -0.001247 0.0153312 0.0079581 -0.00447247 -0.00633594
internal_weight=1746.51 1728.65 1692.6 1011.93 680.672 476.131 440.04 36.0904 801.888 383.897 17.8543 36.0487 96.339 56.1429
internal_count=13755 13501 13154 7185 5969 4612 4159 453 5370 3565 254 347 988 594
is_linear=0
shrinkage=0.03


Tree=258
num_leaves=15
num_cat=0
split_feature=27 32 12 28 3 18 18 24 13 25 1 35 32 32
split_gain=4.41535 3.46063 3.18534 2.61858 11.5231 5.08189 4.13612 4.84399 2.99708 2.98437 2.79735 2.05309 1.83931 1.78046
threshold=-0.4700036292457353 52.935526012449095 0.59001670843776111 13.500000000000002 0.11073662280418609 0.014972930661648049 0.21793284219199979 0.599265621593424 -6.3175420053036442 -1.0000000180025095e-35 11.178729971845524 16.81651681651682 53.43048559831778 53.788169872085966
decision_type=8 2 2 2 10 10 8 8 8 8 10 10 2 2
left_child=1 11 3 6 -5 12 7 -2 -9 -8 -7 -1 -6 -11
right_child=2 -3 -4 4 5 10 9 8 -10 13 -12 -13 -14 -15
leaf_value=0.024758766496907756 -0.017826391543985805 0.0049048004760672481 0.0049048004760672481 0.0026135735612190045 -0.0096592459886397364 -0.0020371600924024499 0.0026135735612190045 -0.0097368794085296896 -0.001301346543505979 0.0015703157726803892 -0.0096592459886397364 0.010298031120862411 -0.020606931496350626 -0.00074159681796378272
leaf_weight=11.466709825675936 14.738911367021499 18.480576181784272 49.412921798415482 120.47165986499749 16.587498923763633 132.0320266126655 213.37213161075488 7.9952623853459954 107.47498772013932 483.83308853022754 24.113019937649369 20.160514574032277 25.628579013980925 498.06929228361696
leaf_count=99 102 152 302 939 123 984 1756 100 812 3416 171 140 358 4310
internal_value=0.000862294 0.00922101 0.000588594 0.000322347 -0.00209819 -0.00668789 0.000910281 -0.00407023 -0.00164737 0.00146754 -0.00393152 0.0156913 -0.015387 0.000527058
internal_weight=1743.84 50.1078 1693.73 1644.32 318.833 198.361 1325.48 130.209 115.47 1195.27 156.145 31.6272 42.2161 981.902
internal_count=13764 391 13373 13071 2575 1636 10496 1014 912 9482 1155 239 481 7726
is_linear=0
shrinkage=0.03


Tree=259
num_leaves=15
num_cat=0
split_feature=11 20 12 27 27 16 3 9 22 13 7 8 18 18
split_gain=6.69029 4.25814 2.54575 2.46608 1.7482 3.35992 1.59428 2.1253 1.62851 0.728679 0.497539 0.423967 0.212774 0.1852
threshold=4.5848660010509734 0.94204301282539538 1.2739370334307045 -0.28540416418385023 1.4484645792211626 0.049126704086323268 -0.0076197195044826896 0.031898869250004035 1.0000000180025095e-35 19.019955993226748 1.223485098451927 -0.31728890439586349 0.38031538557019484 0.1164780578617453
decision_type=2 10 2 8 10 8 10 8 2 8 8 8 10 10
left_child=1 2 3 -1 6 12 9 -8 11 -5 -10 -9 -6 -7
right_child=-2 -3 -4 4 5 13 7 8 10 -11 -12 -13 -14 -15
leaf_value=0.0019842783510325437 0.017724795264857311 0.0088622264386927288 0.0043408165579090167 -0.00023618084543777405 -0.019273737600676549 -0.0087317234183808302 -0.0029367839962584344 -0.0010153512995761662 -0.00023618084543777405 0.00064107417907260955 -0.0010153512995761662 -0.0017945217537145585 -0.0087317234183808302 -0.0029367839962584344
leaf_weight=78.542373172938824 14.379930903436614 16.725865276996046 29.355043794959784 160.73413510806859 7.9785003336146501 9.1140417074784619 28.212697232142091 27.412624210119247 513.75670380052179 273.53610797785223 274.94119077641517 260.8304927367717 12.918098442256449 33.801627069711685
leaf_count=607 102 244 185 1032 68 87 251 264 3903 2045 2051 2592 91 220
internal_value=0.000196259 -3.42387e-07 -0.000180593 -0.00037226 -0.00070213 -0.00538223 -0.000491333 -0.00111344 -0.00065226 0.000641074 -0.000236181 -0.00179452 -0.0145267 -0.00293678
internal_weight=1742.24 1727.86 1711.13 1681.78 1603.24 63.8123 1539.42 1105.15 1076.94 434.27 788.698 288.243 20.8966 42.9157
internal_count=13742 13640 13396 13211 12604 466 12138 9061 8810 3077 5954 2856 159 307
is_linear=0
shrinkage=0.03


Tree=260
num_leaves=15
num_cat=0
split_feature=2 12 4 11 18 34 8 28 9 1 21 27 5 2
split_gain=3.9965 3.46994 3.22423 1.99532 3.42222 3.185 2.83502 4.32204 3.49359 2.69774 1.6398 1.63112 1.48416 0.92443
threshold=0.52232142857142871 1.0000000180025095e-35 0.54282118857312955 0.9115050812254285 0.15128888577333552 44.252414252414262 -1.0000000180025095e-35 11.500000000000002 0.57576136299877045 11.178729971845524 5.4645182231276038e-05 0.091093893238694226 -0.015002402768416991 0.065728353771832046
decision_type=2 2 8 2 10 2 10 2 10 10 2 8 2 2
left_child=1 3 -2 4 5 -1 11 8 13 -6 -3 -7 -10 -8
right_child=2 10 -4 -5 9 6 7 -9 12 -11 -12 -13 -14 -15
leaf_value=-0.0002926366374649049 0.016235913762885069 0.0025184194290858381 0.0049685286201578893 0.0025184194290858381 0.0011644017233998745 -0.0018386065294084108 -0.019074041217861024 -0.0043873121226563495 -0.0043873121226563495 -0.0002926366374649049 0.0049685286201578893 -0.0043873121226563495 -0.010568914354639925 -0.010568914354639925
leaf_weight=272.266562089324 26.103929922450334 43.955470730550587 14.245608327910302 39.98904464719817 743.72700599767268 89.649287389591336 42.34595261560753 50.981588508933783 19.49839274212718 88.119710568338633 82.141349904239178 220.0630061281845 16.515982318669558 5.8929496482014647
leaf_count=2082 235 261 119 225 5331 908 516 541 238 648 510 2010 200 35
internal_value=0.000689594 0.000455808 0.00948125 6.83102e-05 -0.000189616 -0.00170203 -0.00338458 -0.00693602 -0.0117945 0.00111676 0.00496853 -0.00183861 -0.00438731 -0.0167505
internal_weight=1755.5 1715.15 40.3495 1589.05 1549.06 717.214 444.947 135.235 84.2533 831.847 126.097 309.712 36.0144 48.2389
internal_count=13859 13505 354 12734 12509 6530 4448 1530 989 5979 771 2918 438 551
is_linear=0
shrinkage=0.03


Tree=261
num_leaves=15
num_cat=0
split_feature=11 28 14 27 13 30 13 13 28 28 2 2 18 18
split_gain=5.46603 3.05388 3.94902 6.7195 5.05173 2.66188 3.6444 2.33492 2.12671 1.98511 1.73032 1.61454 2.88419 1.24136
threshold=4.5848660010509734 1.5000000000000002 0.096039380846524261 -0.33647223662121267 47.195802565020124 77.624161552733 -1.0000000180025095e-35 -0.14625692224843054 11.500000000000002 8.5000000000000018 0.014087301587301588 0.013072453861927548 0.15128888577333552 0.9620790278684056
decision_type=2 2 2 8 8 2 10 8 2 2 2 2 10 10
left_child=1 10 5 -4 13 7 -7 8 -3 -6 -1 12 -9 -5
right_child=-2 2 3 4 9 6 -8 11 -10 -11 -12 -13 -14 -15
leaf_value=0.0032966811047847656 0.017160355971551043 -0.0044372528895133458 0.0090633509124558257 0.00066976823011701144 0.0052378312049776799 -0.015862598495141343 -0.0044372528895133458 -0.002182696487928508 -0.002182696487928508 0.0029537997175473453 0.0090633509124558257 0.00066976823011701144 -0.0001925721423335125 0.0029537997175473453
leaf_weight=118.16900083050132 13.987952202558516 42.300846663303673 30.9283146050293 407.38120504887775 102.30515550402924 25.696841704659164 8.726437106728552 364.34826930053532 25.518150380812585 97.616066285641864 18.570698868483305 169.24149721860886 209.87174685671926 120.44190101418644
leaf_count=888 103 434 249 2429 944 348 114 3638 265 1051 117 1060 1507 703
internal_value=0.00114379 0.000966346 0.000591474 0.00215605 0.00141231 -0.000816516 -0.00843073 -0.000443777 -0.00443725 0.00523783 0.00518872 7.18599e-05 -0.00105491 0.000669768
internal_weight=1755.1 1741.12 1604.38 758.673 727.744 845.704 34.4233 811.281 67.819 199.921 136.74 743.462 574.22 527.823
internal_count=13850 13747 12742 5376 5127 7366 462 6904 699 1995 1005 6205 5145 3132
is_linear=0
shrinkage=0.03


Tree=262
num_leaves=15
num_cat=0
split_feature=20 11 17 13 14 28 1 22 1 22 12 28 2 32
split_gain=4.8333 3.26113 3.2587 6.40155 4.61169 3.80656 4.77293 4.52429 2.24735 1.28603 1.12881 1.38646 1.10086 0.961784
threshold=0.93792492401601923 3.0189109136477561 0.0052006801981258058 50.851901260139066 0.0025711040402093166 6.5000000000000009 0.51274497035374533 0.84912812358439982 0.12915601288678003 0.00020124697791806633 0.046981444922781362 9.5000000000000018 0.047010281385281398 53.546453546453556
decision_type=10 2 2 8 2 2 8 2 8 2 2 2 2 2
left_child=1 2 4 8 5 -1 10 12 -4 -2 11 -7 -8 -13
right_child=9 -3 3 -5 -6 6 7 -9 -10 -11 -12 13 -14 -15
leaf_value=-0.001119531050030254 0.0076251640612452348 0.0076251640612452348 0.0022037108585914772 0.0040084627932468779 0.0003989589239360765 -0.0025699203930272703 -0.015158955563673186 -0.0057676604465450023 0.0003989589239360765 0.019661706451776343 -0.001119531050030254 -0.0025699203930272703 -0.0095449137243775531 -0.0057676604465450023
leaf_weight=338.03886752575636 4.456110637169334 16.717110739089549 100.26745578832924 200.42521310970187 257.1102507840842 40.619245287030935 90.064779857173562 11.816965416073797 550.55611989786848 12.601981074316425 28.191543560475111 8.4307417348027212 13.565602511167524 74.420106681063771
leaf_count=2872 61 116 683 1774 1858 344 1283 96 3644 195 136 38 101 649
internal_value=0.000736532 0.000556991 0.000391762 0.00170363 -0.000905716 -0.00263802 -0.00533658 -0.00980305 0.000398959 0.0146933 -0.00173228 -0.00402031 -0.0133222 -0.00576766
internal_weight=1747.28 1730.22 1713.51 851.249 862.258 605.148 267.109 115.447 650.824 17.0581 151.662 123.47 103.63 82.8508
internal_count=13850 13594 13478 6101 7377 5519 2647 1480 4327 256 1167 1031 1384 687
is_linear=0
shrinkage=0.03


Tree=263
num_leaves=14
num_cat=0
split_feature=11 27 20 17 2 14 22 14 28 9 18 7 3
split_gain=3.5252 3.73802 3.46766 2.48909 2.18275 1.71625 1.64282 1.92743 5.28186 2.35483 1.4363 1.19067 1.00287
threshold=4.5848660010509734 1.5064870399942487 0.00078329944037832451 0.0001492052259046428 0.20871212121212124 0.73344318662410002 0.18991166789725913 0.0093279185775006247 6.5000000000000009 0.54224138436965885 0.45238982658636168 0.33958815847986218 0.09787836797143798
decision_type=2 10 10 2 2 2 2 2 2 10 10 8 10
left_child=1 2 4 -4 6 10 7 8 -1 -9 12 -6 -3
right_child=-2 5 3 -5 11 -7 -8 9 -10 -11 -12 -13 -14
leaf_value=-0.00011385753858387234 0.013806775979671473 -0.0097034893227090063 0.0039002353068382577 0.0072921510787387215 0.0039002353068382577 -0.0025175011257087599 0.002140893096420285 -0.00011385753858387234 -0.0025175011257087599 0.0010969652006517379 -0.0057428863050709832 0.002140893096420285 -0.018661875786099805
leaf_weight=324.74514294229448 13.918351585278286 9.4385408628731984 38.158954164944589 39.326090927934274 60.315107585862279 9.6311649288982135 74.769793393090367 447.30684505961835 257.25989853357896 336.80231528170407 25.939366196282208 85.163031404837966 18.563763516955078
leaf_count=2741 100 57 274 372 436 62 523 3379 2684 2211 179 590 174
internal_value=0.0009209 0.000777526 0.00105749 0.0070573 0.000743174 -0.00609249 0.000381551 5.30373e-05 -0.00124892 0.00102121 -0.00896827 0.00390024 -0.0136641
internal_weight=1741.34 1727.42 1663.85 77.485 1586.36 63.5728 1440.88 1366.11 582.005 784.109 53.9417 145.478 28.0023
internal_count=13782 13682 13210 646 12564 472 11538 11015 5425 5590 410 1026 231
is_linear=0
shrinkage=0.03


Tree=264
num_leaves=15
num_cat=0
split_feature=28 12 17 16 32 1 25 28 0 1 30 18 34 8
split_gain=5.02274 3.48589 4.00018 3.21022 12.0818 4.38229 3.95728 4.48716 2.54248 2.26455 2.19365 2.16551 1.79956 1.6314
threshold=1.5000000000000002 1.4888429141421606 0.15869576313746001 251.92631901505823 53.43048559831778 11.178729971845524 -0.26310117733359023 8.5000000000000018 9.9397300121153709 0.11984570973394634 78.788473431330587 0.1446204229263523 41.545954045954055 -0.43726089999342838
decision_type=2 2 2 8 2 10 10 2 10 10 2 8 2 10
left_child=10 3 -3 5 8 9 -7 -8 -5 -2 -1 12 -11 -9
right_child=1 2 -4 4 -6 6 7 13 -10 11 -12 -13 -14 -15
leaf_value=0.0077498421798362412 -7.0238757322164182e-05 0.0052842160119693001 0.023191025769168611 0.0052842160119693001 -7.0238757322164182e-05 -0.0050676620474584535 -0.010269064833956279 -0.010269064833956279 0.0026069886273235678 -0.003128661346155831 -0.0024944007161824301 -0.0011896606448532092 -0.0050676620474584535 -0.029554328411189153
leaf_weight=113.81588282063603 191.72429320914671 14.977157397195699 9.1544346176087839 304.86042830091901 490.98788017500192 13.170924928039311 14.229473881423472 8.9396223053336126 57.835456430912018 29.483005914837122 19.884650845080614 379.97430510772392 63.446255921851844 15.84302634932101
leaf_count=802 1371 82 82 2471 4613 111 110 62 378 180 180 2615 543 117
internal_value=0.00071537 0.00023833 0.010521 4.74422e-05 0.00128691 -0.00142739 -0.00939936 -0.0154705 0.00528422 -0.000735962 0.00619127 -0.0022806 -0.00506766 -0.0241716
internal_weight=1728.33 1594.63 24.1316 1570.49 853.684 716.811 52.183 39.0121 362.696 664.628 133.701 472.904 92.9293 24.7826
internal_count=13717 12735 164 12571 7462 5109 400 289 2849 4709 982 3338 723 179
is_linear=0
shrinkage=0.03


Tree=265
num_leaves=15
num_cat=0
split_feature=20 1 11 26 13 28 9 1 9 1 14 14 33 13
split_gain=4.53494 3.05074 1.91 2.55458 3.39543 4.06274 3.90115 5.06493 1.77987 1.94074 1.64481 1.09412 1.01673 0.973962
threshold=0.94204301282539538 -1.4253735324078141 1.0000000180025095e-35 -1.0000000180025095e-35 150.2151162790698 8.5000000000000018 0.8842446783485457 0.84457850714912264 0.036311275405079634 -0.88881341392242841 0.00010375381904202314 0.12029492072947653 66.392179249322112 1.0000000180025095e-35
decision_type=10 8 2 8 8 2 10 10 10 10 2 2 2 8
left_child=1 -1 3 -3 5 6 7 11 9 -7 -6 -5 -8 -2
right_child=13 2 -4 4 10 8 12 -9 -10 -11 -12 -13 -14 -15
leaf_value=0.0080752516489127103 0.0080752516489127103 0.0027311979156474137 0.0045973841021662871 -0.0061051780673149212 0.0002238456220996143 -0.0027105078367690967 0.0002238456220996143 -0.011455630677267485 0.0002238456220996143 -0.013601782907768143 0.0015468452177483329 -0.0026482956264863786 -0.0026482956264863786 0.019330322775687393
leaf_weight=25.345760360360146 4.9129541567526758 191.97067254874855 92.492413801606745 81.117265685461462 494.09206063579768 35.935329429805279 72.750874986872077 81.38795783277601 332.42913653422147 14.024012889713047 196.87119361385703 87.978203896433115 10.457681672647594 12.675964775029572
leaf_count=267 68 1505 520 622 4368 236 496 668 2272 90 1900 472 79 199
internal_value=0.001481 0.00130132 0.00111952 0.000865012 0.000362493 -0.00109915 -0.00358707 -0.00552044 0.000223846 -0.00564486 0.00154685 -0.0026483 0.000223846 0.0148492
internal_weight=1734.44 1716.85 1691.51 1599.01 1407.04 716.08 333.692 250.483 382.388 49.9593 690.963 169.095 83.2086 17.5889
internal_count=13762 13495 13228 12708 11203 4935 2337 1762 2598 326 6268 1094 575 267
is_linear=0
shrinkage=0.03


Tree=266
num_leaves=15
num_cat=0
split_feature=12 14 27 13 1 28 34 28 14 28 9 34 30 14
split_gain=2.43056 3.33188 2.93134 3.35875 3.34751 4.109 5.35449 2.6156 2.35387 2.06392 3.05726 1.78078 1.54441 0.420304
threshold=1.2739370334307045 0.20975928438880356 -0.28540416418385023 150.2151162790698 23.984732185223439 9.5000000000000018 63.217615717615729 11.500000000000002 0.0025711040402093166 4.5000000000000009 0.059156514195529843 28.747918747918749 76.863612577898309 0.44482537614455092
decision_type=2 2 8 8 10 2 2 2 2 2 10 2 2 2
left_child=2 -2 8 4 9 -6 -7 12 -1 11 -11 -4 -5 -12
right_child=1 -3 3 7 5 6 -8 -9 -10 10 13 -13 -14 -15
leaf_value=0.0028194322352916444 0.0050946537994427266 0.020635136445158027 0.00057912769535050257 0.0028194322352916444 -0.0035822483752986807 -0.0035822483752986807 -0.029375350563897198 0.00057912769535050257 0.0050946537994427266 -0.0035822483752986807 -0.00096446509899620377 -0.0035822483752986807 0.00057912769535050257 0.00057912769535050257
leaf_weight=21.792473040521145 15.548481835983695 10.264152537100015 11.685828886926172 585.35733218723908 40.427124999463558 17.340627510100603 9.233534302562477 159.28407672140747 60.392831885023043 95.003123613074422 352.83723723469302 126.67124941572547 49.361127321608365 185.04799719410948
leaf_count=216 83 91 71 5003 302 103 76 1661 445 618 2633 907 519 1090
internal_value=0.000992082 0.00934988 0.000839424 0.000544211 -0.000778418 -0.00696493 -0.0156342 0.00193667 0.00509465 -0.000199569 0.000532737 -0.00345111 0.00281943 0.000579128
internal_weight=1740.25 25.8126 1714.43 1632.25 838.247 67.0013 26.5742 794.003 82.1853 771.245 632.888 138.357 634.718 537.885
internal_count=13818 174 13644 12983 5800 481 179 7183 661 5319 4341 978 5522 3723
is_linear=0
shrinkage=0.03


Tree=267
num_leaves=15
num_cat=0
split_feature=20 9 28 28 27 11 13 1 14 22 32 19 13 13
split_gain=3.41067 2.50016 6.08786 2.80017 2.21585 2.10388 2.09422 1.93527 4.73408 2.0339 1.63593 1.33599 1.2338 1.12987
threshold=0.96728788207662453 0.031898869250004035 7.5000000000000009 17.500000000000004 0.68934488086733559 4.5848660010509734 0.40241939896606277 0.83279842206838373 0.15228581553318163 0.0012553604094482794 45.483537441579401 0.94015067583560008 150.2151162790698 77.802604884616812
decision_type=10 8 2 2 10 2 8 10 2 2 2 8 8 8
left_child=1 2 10 5 -5 7 -2 8 12 -9 -1 -10 -3 -4
right_child=6 3 13 4 -6 -7 -8 9 11 -11 -12 -13 -14 -15
leaf_value=-0.00056201283544863147 0.006903758427032323 0.00056640469825603259 -0.010510964606155245 0.006903758427032323 -0.00056201283544863147 0.006903758427032323 0.021443408046662973 -0.00056201283544863147 0.0037646998912274046 0.00056640469825603259 -0.0069054043469571249 0.0021655522947417187 0.0021655522947417187 -0.0039035381729366639
leaf_weight=72.079058941453695 5.7345985514111799 167.41612264327705 61.101660586893559 50.062647177837789 9.0318039525300247 12.410355972591786 8.7166283372789604 417.78819170314819 131.76924715912901 256.5970960650593 65.239248380064964 91.866702636703849 357.33305178582668 50.024252358824015
leaf_count=570 68 1210 400 408 62 90 161 3962 988 1777 424 702 2556 531
internal_value=0.00072622 0.000585066 -0.00217345 0.00104943 0.00690376 0.000772293 0.0132225 0.000625641 0.00167106 -0.000538251 -0.000562013 0.0037647 0.000566405 -0.00783272
internal_weight=1757.17 1742.72 248.444 1494.28 59.0945 1435.18 14.4512 1422.77 748.385 674.385 137.318 223.636 524.749 111.126
internal_count=13909 13680 1925 11755 470 11285 229 11195 5456 5739 994 1690 3766 931
is_linear=0
shrinkage=0.03


Tree=268
num_leaves=15
num_cat=0
split_feature=1 22 12 1 9 28 26 4 14 34 4 2 28 3
split_gain=3.97647 3.90337 2.64909 2.08931 4.06162 3.18958 2.31836 1.80128 2.06939 3.26812 1.18572 1.03186 0.801037 0.626057
threshold=-1.4253735324078141 0.42915585770375719 0.042544464893621646 0.75949578474025004 0.50213339140813096 13.500000000000002 -0.00027643843217628467 -0.27485909644597534 0.80049716655767511 42.757242757242771 -0.029960488207930413 0.37171052631578955 5.5000000000000009 0.49912723792209712
decision_type=8 2 2 10 8 2 10 10 2 2 10 2 2 10
left_child=11 2 3 6 7 -6 -2 -5 9 -9 -3 -1 -8 -11
right_child=1 10 -4 4 5 -7 12 8 -10 13 -12 -13 -14 -15
leaf_value=0.0066385438792115579 0.002095972024263731 0.0066385438792115579 0.0037307844210991881 -0.0026268344163989524 0.00026442194817481962 -0.0026268344163989524 0.0011801969862192752 -0.0079964135177177792 -0.0052253803568433899 -0.01211776750227945 0.0037307844210991881 0.015852676377225046 0.00026442194817481962 -0.01877019419733637
leaf_weight=5.9049693262204555 330.94958331529051 50.034622877836227 115.22098498465493 30.745558416470885 389.97737314226106 112.23336602561176 126.11607225378975 29.727834722027183 14.925518248230217 6.355230910703539 22.167842648923397 19.283558820839971 440.93353387061507 46.545283559709787
leaf_count=45 2252 344 711 294 3373 931 924 240 121 73 165 228 3543 567
internal_value=0.00133357 0.00114019 0.000823025 0.00046116 -0.000858529 0.000264422 0.00138737 -0.00551809 -0.00782393 -0.0107674 0.00663854 0.0121369 0.000264422 -0.0162391
internal_weight=1741.12 1715.93 1643.73 1528.51 630.51 502.211 897.999 128.299 97.5539 82.6283 72.2025 25.1885 567.05 52.9005
internal_count=13811 13538 13029 12318 5599 4304 6719 1295 1001 880 509 273 4467 640
is_linear=0
shrinkage=0.03


Tree=269
num_leaves=14
num_cat=0
split_feature=27 14 7 12 29 7 1 11 18 14 1 34 18
split_gain=3.85352 7.27896 3.80328 2.78744 1.90756 3.48426 1.44155 1.39126 2.4371 2.19452 2.12116 1.26095 0.590375
threshold=-0.43305049367514975 0.059342641240734399 -0.45163542696783304 1.0000000180025095e-35 65.886017261223586 -0.20426475538146602 2.558058274320997 0.071778837733983067 0.13691022387028146 0.00043963256390351928 11.178729971845524 46.982184482184486 0.13691022387028146
decision_type=8 2 8 2 2 10 10 2 10 2 10 2 8
left_child=1 -1 -3 4 7 -6 -5 8 9 11 -10 -2 -11
right_child=3 2 -4 6 5 -7 -8 -9 10 12 -12 -13 -14
leaf_value=0.0045616984582360128 -0.0012225392119243092 0.031268283100402076 0.012185347369644377 0.0045616984582360128 -0.0025566829698823791 -0.016384776658935146 0.0024256199047742242 0.0024256199047742242 0.0013199426392480143 -0.0012225392119243092 9.1034451725715247e-05 -0.0025566829698823791 9.1034451725715247e-05
leaf_weight=25.824136694893241 194.70816115289927 11.623770773177965 15.86628525471315 103.88720230921172 29.299446100369096 13.886743101291357 15.265094077214597 75.013937022304162 708.5048946053721 94.077186927199364 78.013891838490963 230.12865961715579 132.66909632086754
leaf_count=193 1643 98 124 645 324 293 87 414 5136 756 565 2505 991
internal_value=0.000902944 0.00848629 0.019809 0.000637105 0.000289541 -0.00558853 0.0045617 0.000475162 0.000214265 -0.00113787 0.00131994 -0.00253611 9.10345e-05
internal_weight=1728.77 53.3142 27.4901 1675.45 1556.3 43.1862 119.152 1513.12 1438.1 651.583 786.519 424.837 226.746
internal_count=13774 415 222 13359 12627 617 732 12010 11596 5895 5701 4148 1747
is_linear=0
shrinkage=0.03


Tree=270
num_leaves=15
num_cat=0
split_feature=18 8 13 1 4 7 14 3 4 5 34 4 13 14
split_gain=3.58518 8.59635 7.29462 4.65704 6.41865 4.19037 3.62894 2.32211 1.88469 1.76397 1.3383 1.32131 0.921648 0.460816
threshold=0.15128888577333552 -0.2468015932791516 inf 2.4673436311349914 inf 1.2041655622632688 0.52930444795368603 0.67798725757287148 inf 0.20813481205895057 55.830835830835845 -0.028043639203924092 12.437104558723329 0.00043963256390351928
decision_type=10 10 8 10 8 10 2 8 8 2 2 8 8 2
left_child=1 -1 6 4 10 7 -2 13 -8 12 -4 -9 -7 -3
right_child=2 5 3 -5 -6 9 8 11 -10 -11 -12 -13 -14 -15
leaf_value=0.00092489087522921694 0.00092489087522921694 -0.0039341029375575317 0.025620978062143793 0.0040935830725565142 0.0071577917914975404 -0.014397478154077195 0.0040935830725565142 -0.004103171342162204 0.0025092369738928654 -0.021170042928992425 0.014101050680185381 -0.0076249133791619671 -0.0076249133791619671 -0.0017093498969691083
leaf_weight=498.7197180823423 509.00273794773966 122.18507379014045 25.917806736892089 36.730186804197729 129.26297246711329 11.319645388051869 138.82459378079511 30.627048879861832 50.445084419101477 11.416684886440633 8.5851365169510228 73.352759560570121 22.512876795604821 58.420458211563528
leaf_count=4177 3546 1035 346 300 1017 73 945 341 301 117 94 834 221 434
internal_value=0.000982884 -0.000440055 0.00228984 0.00726228 0.010222 -0.00434359 0.000924891 -0.002875 0.00409358 -0.0123748 0.0210443 -0.00649699 -0.00762491 -0.00170935
internal_weight=1727.32 828.554 898.769 200.496 163.766 329.835 698.272 284.585 189.27 45.2492 34.5029 103.98 33.8325 180.606
internal_count=13781 7232 6549 1757 1457 3055 4792 2644 1246 411 440 1175 294 1469
is_linear=0
shrinkage=0.03


Tree=271
num_leaves=15
num_cat=0
split_feature=20 14 11 16 26 17 13 28 24 1 22 22 24 30
split_gain=4.17398 3.71295 2.2023 1.93798 3.13293 1.88415 3.00108 2.72887 2.22391 1.34033 1.3116 0.816306 0.624701 0.498832
threshold=0.96728788207662453 1.9252692060134797 1.0000000180025095e-35 -11.049438211368935 -1.0000000180025095e-35 0.0052006801981258058 150.2151162790698 9.5000000000000018 0.33136194828260662 8.6247940283842066 0.84912812358439982 0.00048305627851597416 -1.0000000180025095e-35 52.943485086342235
decision_type=10 2 2 8 10 2 8 2 8 8 2 2 10 2
left_child=1 2 3 4 -1 7 12 8 -5 -3 -9 -4 -7 -10
right_child=-2 9 11 5 -6 6 -8 10 13 -11 -12 -13 -14 -15
leaf_value=-0.0026034748907505568 0.0150294005556568 0.0080905742522125994 0.0025549752517746043 -0.0026034748907505568 -0.013400501791751908 0.00079819102791905711 0.0025549752517746043 -0.0026034748907505568 0.00079819102791905711 0.0044911485078125354 0.00079819102791905711 0.0044911485078125354 0.0016765831398468307 -0.00068179808964474904
leaf_weight=10.713660608977078 14.773338658269493 23.958755123894662 34.118341937661171 15.46427898108959 23.316274871118367 574.72199962800369 162.56094487290829 212.19638276845217 225.47327411547303 28.150028655305505 16.105828389525414 55.510597134009004 25.009261348750442 320.32714399136603
leaf_count=83 235 440 160 119 176 3792 1269 2003 1759 387 106 319 152 2859
internal_value=0.00131208 0.00115175 0.000891723 0.000618802 -0.00598943 0.000782481 0.00184126 -0.000244883 0.000798191 0.00809057 -0.00260347 0.00449115 0.000798191 0.000798191
internal_weight=1742.4 1727.63 1675.52 1585.89 34.0299 1551.86 762.292 789.567 561.265 52.1088 228.302 89.6289 599.731 545.8
internal_count=13859 13624 12797 12318 259 12059 5213 6846 4737 827 2109 479 3944 4618
is_linear=0
shrinkage=0.03


Tree=272
num_leaves=15
num_cat=0
split_feature=5 3 7 34 8 3 18 24 16 16 33 22 16 25
split_gain=3.52198 3.45379 2.99241 2.28409 4.50844 2.96357 2.90912 2.4699 2.44632 1.19868 0.980866 0.966991 0.493669 0.275066
threshold=0.9996510016704615 -0.94951187661970138 2.7439422541888212 56.639194139194139 -1.0000000180025095e-35 0.67798725757287148 0.95265631953764662 -0.00034912684987796553 121.1019197395846 8.6799935789968128 57.548007548007554 0.42915585770375719 44.393293208776988 -2.9978661367769948
decision_type=2 8 8 2 10 10 10 10 8 10 2 2 8 10
left_child=1 2 -1 6 12 10 7 11 -8 -7 -6 -3 13 -5
right_child=-2 3 -4 4 5 9 8 -9 -10 -11 -12 -13 -14 -15
leaf_value=0.017950342094013503 -0.014760531086090723 0.00042569797000409647 0.0051801241387248028 -0.00065786487527107239 -0.0017414277205462412 -0.0069507646629993151 0.0030212523861368654 0.0030212523861368654 0.0051801241387248028 -0.004346096191772778 -0.004346096191772778 0.0017234751780704808 0.00042569797000409647 -0.0017414277205462412
leaf_weight=17.21708597545512 8.102040062658487 752.55971772875637 16.635907057672739 35.193004101514816 130.88375190459192 52.490014918148518 86.597080764826387 58.322279426502064 65.250222454080358 23.281472366303205 49.944169884547591 57.773145694052801 315.37198690231889 68.337375203147531
leaf_count=188 89 5782 158 290 1081 572 592 453 474 165 442 407 2591 532
internal_value=0.000744052 0.000859002 0.00970584 0.000654404 -0.000695754 -0.00390855 0.00154715 0.000862381 0.00518012 -0.00695076 -0.00174143 0.000425698 0.000425698 -0.00174143
internal_weight=1737.96 1729.86 33.853 1696 675.502 256.599 1020.5 868.655 151.847 75.7715 180.828 810.333 418.902 103.53
internal_count=13816 13727 346 13381 5673 2260 7708 6642 1066 737 1523 6189 3413 822
is_linear=0
shrinkage=0.03


Tree=273
num_leaves=15
num_cat=0
split_feature=20 17 9 3 32 7 14 16 21 28 7 4 28 26
split_gain=3.1366 4.50035 2.77068 8.36166 2.79729 2.62973 3.65632 2.59866 1.51799 1.44173 2.00789 0.914603 0.824286 0.0710892
threshold=0.38512812459454754 0.087064437591938312 0.011007817807598849 -1.0000000180025095e-35 45.483537441579401 inf 0.047008467688552706 0.049126704086323268 0.1446690783363411 10.500000000000002 -1.0000000180025095e-35 -0.98328589779672482 1.5000000000000002 1.3917196376036738
decision_type=10 2 8 10 2 8 2 8 2 2 10 10 2 10
left_child=2 8 3 4 -1 6 11 -8 -2 10 -6 -4 -7 -9
right_child=1 -3 5 -5 9 12 7 13 -10 -11 -12 -13 -14 -15
leaf_value=-0.00073376072009419908 0.0039613409214255433 0.01815351102577123 0.0019464749557914934 -0.019738020923506957 -0.0033627218889950004 0.00051540299704955293 0.0019464749557914934 0.0039613409214255433 0.011057425973598387 -0.0033627218889950004 -0.010235890821800578 0.00051540299704955293 -0.00073376072009419908 0.0029539079386085186
leaf_weight=124.18072536587715 26.165590167045593 19.137472885660827 21.462132882326841 17.850145043805242 17.132708813995123 135.76447969861329 157.88071116060019 403.26625300897285 12.321483689360319 17.841303937137127 51.308961987495422 466.2464512353763 211.2594802249223 45.036701837554574
leaf_count=1064 212 217 208 177 105 997 1040 2745 94 114 322 4526 1620 322
internal_value=0.000789249 0.00738241 0.000540275 -0.00249584 -0.000733761 0.00102832 0.00176457 0.00337755 0.00396134 -0.00599168 -0.00856158 0.000515403 -0.000733761 0.00396134
internal_weight=1726.85 57.6245 1669.23 228.314 210.464 1440.92 1093.89 606.184 38.4871 86.283 68.4417 487.709 347.024 448.303
internal_count=13763 523 13240 1782 1605 11458 8841 4107 306 541 427 4734 2617 3067
is_linear=0
shrinkage=0.03


Tree=274
num_leaves=15
num_cat=0
split_feature=20 28 27 29 14 13 17 1 28 30 14 13 16 0
split_gain=4.35794 3.41595 3.55653 2.83105 2.74234 2.64329 6.93329 3.39934 2.90863 2.20097 2.07934 1.78934 1.75885 1.68443
threshold=0.96728788207662453 1.5000000000000002 -0.43305049367514975 65.886017261223586 0.0020053482711307759 68.440081406701424 1.0000000180025095e-35 11.178729971845524 8.5000000000000018 67.217306503020794 0.44482537614455092 -57.840261247714785 19.378096903998124 6.8730142670217704
decision_type=10 2 8 2 2 8 2 10 2 2 2 10 8 8
left_child=1 12 4 5 -3 7 -7 8 -4 -5 -10 -11 13 -1
right_child=-2 2 3 9 -6 6 -8 -9 10 11 -12 -13 -14 -15
leaf_value=0.00078821403775812657 0.014330433814035339 0.0031773360979503304 -0.0029552302971902664 -0.0049628990414556607 0.0071330580155340205 -0.00043136063715068772 0.0031773360979503304 -0.0049628990414556607 -0.0029552302971902664 -0.021191653759497355 -0.00043136063715068772 -0.0098847152358004266 0.0055093723805255054 -0.01109774034532475
leaf_weight=7.6865020468831062 14.139193258015437 14.110656082630156 303.30973397567868 4.9376684827730086 34.940263097872958 506.14079298079014 175.7323603387922 78.596873752772808 275.68801716063172 16.806658740155406 156.20400535222143 6.6345700849778906 125.90396211855114 9.2068490684032458
leaf_count=66 229 118 2038 86 264 4577 1610 541 1950 272 964 104 910 68
internal_value=9.42853e-05 -6.43178e-05 -0.000472579 -0.000738477 0.00709315 -0.000543761 0.000830863 -0.00169358 -0.000947562 -0.00938204 -0.000431361 -0.0148065 0.00429706 -0.00393294
internal_weight=1730.04 1715.9 1573.1 1524.05 49.0509 1495.67 681.873 813.799 735.202 28.3789 431.892 23.4412 142.797 16.8934
internal_count=13797 13568 12524 12142 382 11680 6187 5493 4952 462 2914 376 1044 134
is_linear=0
shrinkage=0.03


Tree=275
num_leaves=15
num_cat=0
split_feature=0 12 27 8 22 13 16 9 27 14 25 3 25 3
split_gain=4.81839 2.7656 2.17566 2.32824 3.9057 3.52672 4.39572 1.79698 1.10131 1.06315 1.01312 0.937296 0.662678 0.753746
threshold=-0.8348631728980318 1.2739370334307045 -0.28540416418385023 -0.63861092790447571 3.6936804839533649e-05 59.617761420004825 -62.751676305779604 0.93168980699816872 1.2894192348111022 0.00080900300649598288 -0.037740327982846759 -1.3241215215855549 0.038519277807017811 0.17976936292058032
decision_type=8 2 8 10 2 8 10 10 10 2 8 10 10 8
left_child=-1 2 9 10 5 6 7 -5 -6 -2 -4 -12 -8 -14
right_child=1 -3 3 4 8 -7 12 -9 -10 -11 11 -13 13 -15
leaf_value=0.012603698858641953 0.0016909725416753972 0.0065202365760992885 0.0016909725416753972 -0.019745538321493242 1.7778832565329763e-05 -0.0018483026083201926 -0.0042363546525445335 -0.0095905249529066802 -0.0018483026083201926 0.0033902232128090507 0.0010602631614912627 1.7778832565329763e-05 -0.0058582096753286104 -0.0095905249529066802
leaf_weight=24.820263699162751 19.527404297143221 26.016339250840247 63.757679046597332 27.579789832234383 452.59642147552222 139.1632586447522 83.868705466389656 12.161021202802656 39.223437733016908 61.13249041326344 209.93205469008535 505.88052625115961 20.551754307001829 41.006479904986918
leaf_count=284 203 168 489 182 3453 1519 592 86 284 452 1372 4152 146 339
internal_value=0.00064749 0.000436774 0.00026021 -8.27813e-06 -0.00112487 -0.00371438 -0.00662441 -0.0149447 1.77788e-05 0.00339022 0.00116043 0.000429554 -0.00423635 -0.00748006
internal_weight=1727.22 1702.4 1676.38 1595.72 816.151 324.331 185.168 39.7408 491.82 80.6599 779.57 715.813 145.427 61.5582
internal_count=13721 13437 13269 12614 6601 2864 1345 268 3737 655 6013 5524 1077 485
is_linear=0
shrinkage=0.03


Tree=276
num_leaves=15
num_cat=0
split_feature=11 28 29 14 25 13 17 21 3 30 11 14 13 22
split_gain=3.71859 3.60901 5.59818 3.14254 6.80559 5.7622 4.93036 3.25239 3.07174 2.59915 2.33092 1.93106 1.72008 1.39509
threshold=4.5848660010509734 1.5000000000000002 65.886017261223586 0.0025711040402093166 -0.29841617774088286 inf 4.626451478866025e-05 2.6527730054526942e-05 0.67798725757287148 67.217306503020794 0.64386411746568883 0.71190313027293373 13.308177283219196 3.9272652205346986e-05
decision_type=2 2 2 2 8 8 2 2 8 2 2 2 8 2
left_child=1 8 3 6 -5 11 7 10 -1 -4 -3 -6 -10 -11
right_child=-2 2 9 4 5 -7 -8 -9 12 13 -12 -13 -14 -15
leaf_value=0.0076597197277875869 0.014415386088516387 -0.0055119353357292507 -0.0055119353357292507 0.0076597197277875869 0.00041042561817350101 0.00433326879440278 0.00041042561817350101 -0.0012786538138553115 -0.005509987630590193 -0.023962771344623195 -0.0031294691443291807 0.0023718472062881405 0.0036120370308361507 -0.011308214094516182
leaf_weight=34.94129958935082 13.559714337578042 300.62805168889463 4.7325685629621175 71.904747488442808 588.54522258415818 184.42653208388947 106.53958146367222 172.83660396654159 18.766380961984396 12.730558199342342 10.382746471092103 123.8399599106051 84.644511617720127 10.378416884690521
leaf_count=253 103 3154 84 540 3733 1904 727 1241 142 232 48 929 626 148
internal_value=0.00105045 0.000904053 0.000490641 0.000746518 0.00179449 0.00100682 -0.000973634 -0.00296773 0.00546352 -0.0117704 -0.00498028 0.000410426 0.00177885 -0.0171045
internal_weight=1738.86 1725.3 1586.94 1559.1 968.716 896.812 590.387 483.847 138.352 27.8415 311.011 712.385 103.411 23.109
internal_count=13864 13761 12740 12276 7106 6566 5170 4443 1021 464 3202 4662 768 380
is_linear=0
shrinkage=0.03


Tree=277
num_leaves=15
num_cat=0
split_feature=3 27 14 28 1 25 1 7 17 14 11 0 28 30
split_gain=6.89938 3.23184 4.42168 2.32612 8.66032 4.95813 3.59827 5.38709 2.90903 2.53926 1.48493 1.53872 2.669 3.61531
threshold=-0.94951187661970138 -0.22276026267911184 0.0025711040402093166 13.500000000000002 0.88818100287397306 -1.0000000180025095e-35 10.319366698766155 -1.2298676238483333 4.626451478866025e-05 0.0016279874840512353 1.0000000180025095e-35 -0.8348631728980318 4.5000000000000009 47.391893820465249
decision_type=8 8 2 2 8 8 10 10 2 2 2 10 2 2
left_child=-1 2 -2 5 8 -3 9 -8 -5 -6 11 -7 13 -13
right_child=1 3 -4 4 6 10 7 -9 -10 -11 -12 12 -14 -15
leaf_value=0.013043086570745195 0.0026700046245053117 0.0026700046245053117 0.0066913702689335702 -0.002199568222634412 -0.0095780424938174819 0.00014666204016515743 -0.0095780424938174819 -0.023685650094877619 0.0026700046245053117 -0.002199568222634412 0.0011238823874295447 -0.00075079982095642385 -0.00075079982095642385 -0.0065422187316616807
leaf_weight=34.373734042746946 23.563147034496069 224.71581669617444 80.393037441652268 53.976145580410957 19.363393713720143 292.79108730144799 8.7451342418789846 27.440039001405239 92.981804987415671 104.07285831496119 52.43553744093515 131.43273269664496 416.46159472037107 181.43030301295221
leaf_count=352 223 1843 573 440 253 2097 73 225 716 754 304 893 3455 1690
internal_value=0.000626577 0.000339654 0.0053396 4.07809e-07 -0.00232842 0.000556745 -0.00706914 -0.0148606 0.00267 -0.00429548 -0.00042224 -0.000830558 -0.00164826 -0.00382108
internal_weight=1744.18 1709.8 103.956 1605.85 306.579 1299.27 159.621 36.1852 146.958 123.436 1074.55 1022.12 729.325 312.863
internal_count=13891 13539 796 12743 2461 10282 1305 298 1156 1007 8439 8135 6038 2583
is_linear=0
shrinkage=0.03


Tree=278
num_leaves=15
num_cat=0
split_feature=20 13 8 14 28 17 1 22 13 16 3 3 14 12
split_gain=2.60222 1.99455 1.79893 3.2328 1.41687 6.06916 4.75233 4.30615 3.81655 3.96336 3.59549 2.02967 1.6404 1.4533
threshold=0.96728788207662453 0.40241939896606277 -0.28537863885607967 0.041896861810618254 7.5000000000000009 4.626451478866025e-05 11.881160738624505 0.0010697200309912659 -0.41294618548736173 1.9192891797229039 -0.0076197195044826896 6.9688412688546135 0.13047603153591453 0.051679710785916204
decision_type=10 8 8 2 2 2 8 2 8 8 8 10 2 2
left_child=2 -2 3 -1 8 7 -7 10 9 12 -6 -10 -4 -12
right_child=1 -3 4 -5 5 6 -8 -9 11 -11 13 -13 -14 -15
leaf_value=0.0019198853009982373 0.0061103534228362536 0.019615179512641114 -0.020278435176322405 0.0061103534228362536 -0.0045935757296939397 0.0019198853009982373 -0.0015959010086373504 -0.0015959010086373504 0.0019198853009982373 -0.002295030969966012 -0.012137703258247987 -0.002295030969966012 -0.0080779531709151316 -0.0074658704280938992
leaf_weight=70.099731164053082 5.4141062067355943 9.116613927530123 14.699647374451162 92.059132848866284 19.253878109157085 391.10390229988843 96.114426490850747 85.91551923379302 676.70378290489316 24.464647746644914 123.01487369276583 87.840449314564466 14.08107318356633 18.334287906065583
leaf_count=672 73 160 146 634 117 2831 774 688 5083 183 1394 835 85 87
internal_value=0.000726885 0.0116197 0.000600986 0.00355831 0.000281463 -0.000673284 0.00126887 -0.00446068 0.00113697 -0.0062811 -0.00759125 0.00169104 -0.0138609 -0.0103382
internal_weight=1728.22 14.5307 1713.69 162.159 1551.53 733.737 487.218 246.519 817.79 53.2454 160.603 764.544 28.7807 141.349
internal_count=13762 233 13529 1306 12223 5891 3605 2286 6332 414 1598 5918 231 1481
is_linear=0
shrinkage=0.03


Tree=279
num_leaves=15
num_cat=0
split_feature=22 4 3 8 17 0 18 22 28 1 1 27 7 28
split_gain=3.79943 4.01697 3.14474 4.27122 6.7726 3.23993 2.59961 2.17459 2.15019 2.01901 1.54729 1.07167 1.06504 0.536987
threshold=0.84912812358439982 -0.028043639203924092 -0.0076197195044826896 -0.28537863885607967 0.067889904233312273 14.451173693533176 0.15486583443294152 1.0000000180025095e-35 13.500000000000002 0.85825824961268149 0.38461846979016295 1.3922115899433924 -0.073390549960019577 12.500000000000002
decision_type=2 8 8 10 2 8 10 2 2 10 8 8 8 2
left_child=2 -2 11 9 5 7 -7 -5 -6 -4 -10 -1 -11 -9
right_child=1 -3 3 4 8 6 -8 13 10 12 -12 -13 -14 -15
leaf_value=0.0038445128955119368 0.016651525697333486 0.0038445128955119368 0.001861769269761388 -0.0072270319511904997 -0.00014129582614763009 -0.016867226303928999 -0.0072270319511904997 -0.0045660923280985448 -0.00014129582614763009 0.00086023672180687892 -0.0025644688522674691 0.001861769269761388 -0.00014129582614763009 -0.0025644688522674691
leaf_weight=97.00790476705879 22.92739444016479 42.15238174656406 449.18704560073093 51.004589154850692 272.92028629407287 33.110159797593951 28.417594341561198 142.26539502805099 35.297024021390826 68.471847707405686 106.24486108496785 34.752831911668181 252.09239188022912 80.505705870920792
leaf_count=743 170 309 3223 636 1937 338 226 1231 275 548 775 233 2317 738
internal_value=0.000569119 0.00741112 0.000277905 -0.000120974 -0.00172678 -0.00498764 -0.0109878 -0.0034663 -0.000141296 0.00144419 -0.00256447 0.00384451 -0.000141296 -0.00256447
internal_weight=1716.36 65.0798 1651.28 1519.52 749.766 335.303 61.5278 273.776 414.462 769.751 141.542 131.761 320.564 222.771
internal_count=13699 479 13220 12244 6156 3169 564 2605 2987 6088 1050 976 2865 1969
is_linear=0
shrinkage=0.03


Tree=280
num_leaves=15
num_cat=0
split_feature=11 4 21 1 25 18 0 1 7 28 27 4 22 17
split_gain=4.04146 7.12783 5.27243 7.05793 2.79144 2.92204 2.46831 2.45591 2.38444 2.79324 1.88196 1.1717 1.08111 0.405583
threshold=0.99199140097495997 -0.060762454736248528 1.0000000180025095e-35 0.50202688844205656 -0.29841617774088286 0.26258054732553254 -0.8348631728980318 11.178729971845524 0.22359883867747768 1.5000000000000002 2.314931399289232 0.78548708657955946 0.0024871156450762756 4.626451478866025e-05
decision_type=2 10 2 8 8 10 10 8 8 2 8 10 2 2
left_child=2 -2 4 -4 -1 6 -6 -7 -8 -10 11 13 -12 -11
right_child=1 -3 3 -5 5 7 8 -9 9 10 12 -13 -14 -15
leaf_value=0.0015097548075760749 0.023963942926696884 0.0051188570999691927 0.0051188570999691927 0.0015097548075760749 -0.0010865677410160767 0.00026429797644729144 -0.0024251750884150304 -0.0010865677410160767 -0.0040147433269145157 -0.0060873608304858147 -0.013528281995252536 -0.0081599783340571119 -0.0081599783340571119 -0.0040147433269145157
leaf_weight=100.64800677634776 16.06281113717705 23.607139995787293 230.6996228126809 188.50978054013103 143.41046603769064 321.39539214293472 168.052136156708 240.88499881327152 52.616501722484827 82.760243413969874 68.778563416562974 17.265338002238423 25.065319940447807 46.351710783317685
leaf_count=884 102 144 1607 1365 1081 2413 1621 1740 462 931 680 211 178 371
internal_value=0.000783496 0.0096918 0.000545916 0.0034411 -0.000421595 -0.000981159 -0.00243743 0.000264298 -0.00376378 -0.00560431 -0.00770922 -0.00527923 -0.0110407 -0.00401474
internal_weight=1726.11 39.67 1686.44 419.209 1267.23 1166.58 604.3 562.28 460.89 292.838 240.221 146.377 93.8439 129.112
internal_count=13790 246 13544 2972 10572 9688 5535 4153 4454 2833 2371 1513 858 1302
is_linear=0
shrinkage=0.03


Tree=281
num_leaves=15
num_cat=0
split_feature=20 11 12 0 16 14 9 2 25 2 19 13 13 9
split_gain=4.10228 2.80912 2.16309 2.02396 2.89425 1.71195 2.86766 3.03409 1.62831 1.41709 1.22468 1.14187 1.05903 0.813456
threshold=0.96728788207662453 0.99199140097495997 1.0000000180025095e-35 -0.8348631728980318 -7.9481569079030976 0.0093279185775006247 inf 0.023669467787114849 2.1090955246456806 0.10535266738274258 0.51857648083196761 0.40241939896606277 21.627975976199981 0.077565820493786033
decision_type=10 2 2 10 8 2 8 2 8 2 10 8 8 10
left_child=1 2 3 12 9 6 7 -6 -7 -5 -3 -2 -1 -4
right_child=11 10 13 4 5 8 -8 -9 -10 -11 -12 -13 -14 -15
leaf_value=0.00044922042642716383 0.0072417963533342906 0.0072417963533342906 0.0017028269424790665 -0.011950513642538905 -0.0044507786675360306 0.00044922042642716383 -0.00068710837755396722 -0.0021104321041351968 -0.00068710837755396722 -0.0044507786675360306 0.0036490088330270029 0.019711526025007729 0.0017028269424790665 0.0036490088330270029
leaf_weight=120.166693424806 4.8291740061249566 27.998365837149322 11.050907287746666 31.450592685490847 299.48556578950956 545.97233009897172 118.05958361551166 97.104890838265419 137.6145077906549 7.3993614148348561 13.222696119919418 9.2982766046188754 214.41750872973353 106.86929279589094
leaf_count=809 63 170 69 261 3677 3711 1021 583 935 53 70 167 1689 609
internal_value=0.000409626 0.000256183 5.62213e-05 -0.000243355 -0.000804386 -0.000525092 -0.00182344 -0.00353376 0.00044922 -0.00837647 0.0072418 0.0142274 0.00170283 0.00364901
internal_weight=1744.94 1730.81 1689.59 1571.67 1237.09 1198.24 514.65 396.59 683.587 38.85 41.2211 14.1275 334.584 117.92
internal_count=13887 13657 13417 12739 10241 9927 5281 4260 4646 314 240 230 2498 678
is_linear=0
shrinkage=0.03


Tree=282
num_leaves=15
num_cat=0
split_feature=25 14 16 19 1 28 22 8 18 13 14 19 13 2
split_gain=3.34407 8.40262 5.80252 2.20157 2.08321 8.60581 5.99398 6.31895 3.34301 3.8283 2.02008 1.12705 1.90271 1.01781
threshold=-0.29841617774088286 0.0077036033906570578 28.397111415878765 -2.0983666610022778 11.178729971845524 10.500000000000002 0.00017877054623233061 -0.34419374263017749 0.023848974559388437 150.2151162790698 0.52930444795368603 -0.21965520520224843 77.802604884616812 0.016954022988505752
decision_type=8 2 8 10 10 2 2 10 10 8 2 10 8 2
left_child=1 -1 -3 -4 8 -6 7 -7 13 10 -10 -8 -13 -2
right_child=4 2 3 -5 5 6 11 -9 9 -11 -12 12 -14 -15
leaf_value=0.0028863859697776323 -0.00090897662964447548 0.0080924316063110228 0.031965877818529963 0.014953140787908846 -0.00090897662964447548 -0.012615822389067475 -0.00090897662964447548 -0.033809036433238425 0.0005259660576752115 0.0028863859697776323 0.0017061760137264219 -0.012615822389067475 -0.0043183903623766808 0.0005259660576752115
leaf_weight=55.502968760207295 428.79999660514295 37.006607523187995 12.320194766158236 23.335697991657071 121.674584813416 8.8224040847271699 11.026339625939729 15.640152162872253 503.09948922134936 182.8208376376424 179.75557800428942 9.2968478947877866 10.638464473187925 133.1834509447217
leaf_count=562 4032 246 97 198 1069 96 74 136 3560 1609 1157 53 93 853
internal_value=0.000792133 0.00536106 0.0132985 0.0218138 0.000411713 -0.00261264 -0.0126135 -0.0223431 0.000794688 0.00196091 0.000525966 -0.00288859 -0.0077278 -0.000908977
internal_weight=1732.92 128.165 72.6625 35.6559 1604.76 177.099 55.4242 24.4626 1427.66 865.676 682.855 30.9617 19.9353 561.983
internal_count=13835 1103 541 295 12732 1521 452 232 11211 6326 4717 220 146 4885
is_linear=0
shrinkage=0.03


Tree=283
num_leaves=15
num_cat=0
split_feature=28 30 5 33 12 24 18 1 1 25 14 25 11 30
split_gain=1.79984 2.72345 3.04572 2.03014 2.10563 3.03265 3.2834 1.94319 1.52958 3.90475 1.88424 1.77307 1.71423 1.47189
threshold=1.5000000000000002 78.788473431330587 -0.8798825741592079 11.970886256600542 1.0000000180025095e-35 -0.00014807122802962255 0.22474878180057456 0.23469975662367301 11.178729971845524 -0.29841617774088286 0.15519373307526602 0.89006746907030199 0.89485906470211407 36.410018552875705
decision_type=2 2 2 2 2 8 8 10 10 10 2 8 2 2
left_child=1 2 -1 -2 5 6 -5 -6 10 -10 12 -12 -7 -4
right_child=3 -3 13 4 7 8 -8 -9 9 -11 11 -13 -14 -15
leaf_value=0.017672782913956828 0.010333383375347727 -0.0051478277567382673 0.010410268144921334 -0.021507695958971028 0.0054864038586893427 -0.00064733111616307429 -0.004341155685672205 0.0023537670300724511 -0.00064733111616307429 -0.004341155685672205 0.0023537670300724511 0.0010252612649819643 0.0010252612649819643 0.00193947344586844
leaf_weight=12.558021955192087 14.715519896708427 19.804092703387141 19.487707577645779 7.7107203844934729 53.663222421542741 692.41364464024082 16.83942141989246 65.706152188125998 59.725592413917184 105.41520942840725 402.23591280961409 145.82048062793911 34.160828649997711 89.501042902469635
leaf_count=95 119 182 126 50 354 6237 142 374 536 918 2963 1008 161 631
internal_value=0.00105481 0.00424198 0.00591485 0.000760615 0.000639424 0.000319993 -0.00919583 0.00438754 0.000513514 -0.00216189 0.000867232 0.00218675 -0.000136223 0.00384429
internal_weight=1739.76 141.351 121.547 1598.41 1583.69 1464.32 24.5501 119.369 1439.77 165.141 1274.63 548.056 726.574 108.989
internal_count=13896 1034 852 12862 12743 12015 192 728 11823 1454 10369 3971 6398 757
is_linear=0
shrinkage=0.03


Tree=284
num_leaves=15
num_cat=0
split_feature=28 14 20 8 11 21 16 14 1 28 16 4 22 14
split_gain=3.21023 5.772 3.28209 2.98616 2.83556 5.5766 4.89876 4.63194 3.60016 2.7392 1.74369 1.6959 1.67985 1.65221
threshold=17.500000000000004 1.0000000180025095e-35 0.94204301282539538 0.37790524307855483 0.61633428300094983 1.0000000180025095e-35 8.3522665048185516 0.00043963256390351928 -0.88881341392242841 8.5000000000000018 -0.0069369454999001039 -0.052196440768922207 0.42915585770375719 0.24642143288519938
decision_type=2 2 10 10 2 2 8 2 10 2 10 10 2 2
left_child=2 -2 4 10 5 6 8 -8 -1 -7 -3 -6 13 -10
right_child=1 3 -4 -5 11 9 7 -9 12 -11 -12 -13 -14 -15
leaf_value=-0.0012560684953404461 -0.007829594815074524 0.0097114775623622328 0.013273384284489072 0.0022023803296784589 0.007107448867596157 0.0039056204103970517 -0.0012560684953404461 0.0017673016714019562 -0.0092415557315082067 0.0017673016714019562 0.021909476887896257 0.0039056204103970517 -0.003415962897846599 -0.0050893094566527367
leaf_weight=80.154461950063705 13.120183382183312 8.8663432113826293 14.694320306414737 18.185029463842511 20.789514716714621 186.49281584657729 430.66813623998314 452.99486117530614 128.80583574436605 197.31064724177122 22.496705334633589 31.433701074682176 8.8512424454092962 112.78221214562654
leaf_count=611 136 88 244 132 120 1240 4105 3353 1349 1390 147 172 63 655
internal_value=0.00135363 0.00776563 0.00108976 0.0122344 0.000941513 0.000703792 -0.000296278 0.000871172 -0.00338331 0.00383088 0.0172206 0.00710745 -0.00557586 -0.00676266
internal_weight=1727.65 62.6683 1664.98 49.5481 1650.28 1598.06 1214.26 883.663 330.594 383.803 31.363 52.2232 250.439 241.588
internal_count=13805 503 13302 367 13058 12766 10136 7458 2678 2630 235 292 2067 2004
is_linear=0
shrinkage=0.03


Tree=285
num_leaves=15
num_cat=0
split_feature=35 27 20 33 13 12 28 1 14 17 22 28 16 13
split_gain=3.92016 2.73963 2.70185 1.90216 3.26521 1.68434 1.77608 5.20094 3.85311 2.61774 1.30051 1.22059 1.15275 0.928571
threshold=13.103563103563106 -0.29260571772069638 0.40311766009587019 80.03996003996005 4.4874370633585352 1.0000000180025095e-35 5.5000000000000009 -1.4253735324078141 1.0000000180025095e-35 0.0052006801981258058 0.00015739388349335291 1.5000000000000002 0.06574172498853513 2.4780475919926057
decision_type=8 10 10 2 8 2 2 10 2 2 2 2 8 8
left_child=1 -1 3 5 -5 6 7 -2 9 -8 -4 -9 -10 -7
right_child=2 -3 10 4 -6 13 8 11 12 -11 -12 -13 -14 -15
leaf_value=0.019498684961670225 0.0014791493084707731 0.0058538941954327604 0.0029668794566921706 -0.017618331308928838 -0.0026187230139231186 0.0014791493084707731 -0.0026187230139231186 -0.00056978685272617263 -0.00045458869337825023 -0.00045458869337825023 0.0058538941954327604 -0.0026187230139231186 0.0014791493084707731 0.0029668794566921706
leaf_weight=13.984308067243548 198.89501785300672 10.248714679852126 13.668774153804405 10.179492222145198 37.987117247655988 34.16998029500246 221.84361307322979 78.289808064699173 191.8228956470266 35.909261332359165 42.990453041740693 275.43067883700132 486.32142103370279 70.330543288961053
leaf_count=107 1323 73 127 77 418 195 2433 643 1412 253 389 2302 3638 400
internal_value=0.000501483 0.0113948 0.000313003 7.98647e-05 -0.0055028 0.000265353 -8.58084e-06 -0.00135016 0.000786542 -0.00238833 0.00585389 -0.00261872 0.00147915 0.00296688
internal_weight=1722.07 24.233 1697.84 1641.18 48.1666 1593.01 1488.51 552.616 935.897 257.753 56.6592 353.72 678.144 104.501
internal_count=13790 180 13610 13094 495 12599 12004 4268 7736 2686 516 2945 5050 595
is_linear=0
shrinkage=0.03


Tree=286
num_leaves=15
num_cat=0
split_feature=12 13 28 14 3 34 26 28 9 3 30 14 14 28
split_gain=3.07243 3.20532 3.08628 3.07075 3.76659 4.35832 2.97595 3.02646 4.09768 3.60538 2.78513 3.72498 2.37559 1.36438
threshold=1.2739370334307045 150.2151162790698 8.5000000000000018 0.011562937093146342 -0.028137813170641245 46.049783549783562 -0.00027643843217628467 6.5000000000000009 0.90731157009633634 0.69561344543914749 76.346867418296014 0.00010375381904202314 0.19604650715746821 4.5000000000000009
decision_type=2 8 2 2 10 2 8 2 10 10 2 2 2 2
left_child=1 2 6 4 -4 -6 -1 -8 9 -9 11 13 -2 -3
right_child=12 10 3 -5 5 -7 7 8 -10 -11 -12 -13 -14 -15
leaf_value=0.00043628475104913873 0.0050132623765062291 0.003294713650236029 -0.0026035183766402363 0.00043628475104913873 -0.0066484110417732341 -0.019718306859926833 -0.0022141654114026599 -0.0072233696125144605 -0.0017610168156640986 -0.022530780563663675 0.00043628475104913873 0.0050132623765062291 0.019042190870498407 0.0015761649239658295
leaf_weight=27.274071839638054 17.675499515607957 241.76190607063472 12.567790751345454 442.62274511996657 32.695046804845333 25.288697436917573 261.58658761251718 44.494868070352823 31.397777168080211 18.637237227056175 71.031099987216294 188.17162532859948 10.083422802388666 312.31354258209467
leaf_count=181 94 1770 90 2874 239 355 1866 302 209 137 777 1968 91 2930
internal_value=0.000550052 0.000374573 -0.000860521 0.000436285 -0.00564332 -0.0106933 -0.00288905 -0.00395832 -0.00843111 -0.0126857 0.00173309 0.00271605 0.00965195 0.00157616
internal_weight=1737.6 1709.84 896.565 513.174 70.5515 57.9837 383.391 356.116 94.5299 63.1321 813.278 742.247 27.7589 554.075
internal_count=13883 13698 6253 3558 684 594 2695 2514 648 439 7445 6668 185 4700
is_linear=0
shrinkage=0.03


Tree=287
num_leaves=15
num_cat=0
split_feature=22 4 13 32 27 1 9 2 28 9 34 16 33 1
split_gain=3.58561 5.61346 3.41616 5.20096 3.792 3.18311 2.96514 1.76179 1.27421 1.07166 0.86815 0.445424 0.400122 0.0828059
threshold=0.42915585770375719 -0.028043639203924092 150.2151162790698 53.788169872085966 2.017460570875651 1.0337652894142157 0.053753538965322235 0.08036458333333335 8.5000000000000018 0.96491840800243722 57.042957042957049 38.006543137514377 59.247894962180695 2.841727048270378
decision_type=2 8 8 2 8 10 10 2 2 10 2 8 2 10
left_child=2 -2 4 13 6 8 -1 -5 -6 -7 -8 -12 -3 -4
right_child=1 12 3 7 5 9 10 -9 -10 -11 11 -13 -14 -15
leaf_value=-0.0026475863866929098 0.017821373291352232 0.010756902416332124 0.0036924315413120177 0.0004999600910857297 -0.0026475863866929098 -0.014101091593134411 0.0004999600910857297 0.002096195816198874 -0.0069700997610181092 -0.0069700997610181092 -0.00107381314780359 -0.00028692652835893008 0.0036924315413120177 0.002096195816198874
leaf_weight=103.85905977524817 24.886454181745648 14.739444897975771 199.10441464581527 434.98719600494951 79.552713972516358 38.016874877735972 478.4752294246573 97.683767009526491 12.404734881594775 9.4368092715740186 107.21093109250069 47.443551253527403 34.519963070750237 49.099195287562907
leaf_count=676 185 109 1954 4269 544 328 3211 634 78 71 868 347 252 358
internal_value=0.00072252 0.00696158 0.000423287 0.00186035 -0.000860431 -0.00530571 1.05394e-05 0.00049996 -0.00264759 -0.0112926 0.00049996 -0.00107381 0.00369243 0.00369243
internal_weight=1731.42 74.1459 1657.27 780.875 876.4 139.411 736.989 532.671 91.9574 47.4537 633.13 154.654 49.2594 248.204
internal_count=13884 546 13338 7215 6123 1021 5102 4903 622 399 4426 1215 361 2312
is_linear=0
shrinkage=0.03


Tree=288
num_leaves=15
num_cat=0
split_feature=12 2 22 35 25 3 16 18 14 16 16 14 28 28
split_gain=3.88504 3.71591 2.75853 2.70995 2.375 2.76227 5.38927 2.36621 1.99267 2.52495 1.75224 1.54359 1.41171 2.37665
threshold=1.5454864769933265 0.30024132730015091 1.0000000180025095e-35 46.678321678321687 -0.4700036292457353 10.013968946122317 8.501920490787743 0.081687308919095106 0.33279431260683118 48.056886270539628 178.43174699288781 0.00043963256390351928 14.500000000000002 10.500000000000002
decision_type=2 2 2 8 10 10 10 10 2 8 8 2 2 2
left_child=1 2 4 -3 -1 8 12 -2 9 -6 -4 -12 13 -7
right_child=7 3 10 -5 5 6 -8 -9 -10 -11 11 -13 -14 -15
leaf_value=0.00064747641070586376 0.0068943537660040664 0.0068943537660040664 0.00064747641070586376 0.0036226707089721186 -0.0049134209555423674 -0.01116406014490719 -0.0049134209555423674 0.019917759273442491 -0.00075146341413076653 -0.0022353056203261567 0.0019317632462031238 0.0036226707089721186 -0.01116406014490719 -0.03169765836846359
leaf_weight=242.84866486024112 8.9065423831343669 31.8754867836833 459.50053113908507 82.367206140421331 76.963608935475349 16.424166052602239 15.389368556439875 14.21252621617168 149.79194671427831 129.97398897446692 318.48476957250386 144.19851805374492 5.5567152192816129 9.4152853107079846
leaf_count=1934 52 245 3164 614 712 199 93 109 1257 1193 2814 1159 61 97
internal_value=0.00145285 0.00126408 0.000872964 0.00637238 -0.000627189 -0.0021504 -0.00863442 0.0125246 -0.00119242 -0.00371915 0.00192214 0.00321605 -0.0174147 -0.021533
internal_weight=1705.91 1682.79 1568.55 114.243 646.364 403.515 46.7855 23.1191 356.73 206.938 922.184 462.683 31.3962 25.8395
internal_count=13703 13542 12683 859 5546 3612 450 161 3162 1905 7137 3973 357 296
is_linear=0
shrinkage=0.03


Tree=289
num_leaves=15
num_cat=0
split_feature=0 18 13 5 8 33 24 9 27 26 14 19 28 31
split_gain=4.35399 2.32109 8.64342 3.6173 2.68537 5.52355 2.26099 1.82577 1.13977 0.622345 0.448732 0.393431 0.269975 1.86623
threshold=-0.8348631728980318 0.023848974559388437 59.617761420004825 0.97173203224090599 0.0099145265263187472 70.449550449550472 -0.0041330786291144421 0.36406687474596983 1.0522356448728358 2.7387319116840527 0.57144319051727654 -0.87481432287691507 2.5000000000000004 16.110812264658421
decision_type=8 10 8 2 10 2 10 8 8 10 2 10 2 2
left_child=8 3 6 4 12 9 10 -4 -1 -6 -3 -5 13 -2
right_child=1 2 7 11 5 -7 -8 -9 -10 -11 -12 -13 -14 -15
leaf_value=0.016281688583749811 0.00061458996008984326 0.00061458996008984326 0.0034859916482506883 -0.0073683114994719497 -0.0013681186374887482 -0.0073683114994719497 0.0034859916482506883 0.0063573933364115334 0.0063573933364115334 -0.0043682150684803489 0.0020502908041702657 -0.019126926951018124 0.00061458996008984326 -0.0013681186374887482
leaf_weight=17.618963981512934 34.660728648304939 572.88012589979917 108.02988715772517 5.5577114000916481 111.4781391993165 53.475306819193065 36.927941679488868 125.11007852654438 10.199055256322028 10.703350430354474 174.07930560223758 5.5533112548291665 329.99094620253891 131.3165613040328
leaf_count=214 277 4040 1017 58 1075 540 277 996 107 106 1100 69 2944 998
internal_value=0.00104912 0.000837594 0.00174264 -0.000513455 -0.000175166 -0.00335083 0.00061459 0.00635739 0.0118772 -0.00136812 0.00061459 -0.0145615 0.00061459 -0.000729275
internal_weight=1727.58 1699.76 1017.03 682.736 671.625 175.657 783.887 233.14 27.818 122.181 746.959 11.111 495.968 165.977
internal_count=13818 13497 7430 6067 5940 1721 5417 2013 321 1181 5140 127 4219 1275
is_linear=0
shrinkage=0.03


Tree=290
num_leaves=15
num_cat=0
split_feature=12 17 27 28 3 8 1 28 18 25 28 22 1 33
split_gain=3.15968 3.02402 2.52432 2.13232 9.34097 3.5702 4.1014 4.32893 2.39179 2.15551 2.65252 6.87478 7.70646 2.88231
threshold=1.2739370334307045 0.0075568121879686263 -0.22276026267911184 13.500000000000002 0.11073662280418609 -0.58239800366049088 3.2365316982772447 17.500000000000004 0.1446204229263523 -0.030704314064321721 9.5000000000000018 0.00061228708319181855 11.178729971845524 51.698301698301698
decision_type=2 2 8 2 10 10 10 2 10 8 2 2 10 2
left_child=2 -2 -1 9 -5 -6 8 -8 -7 -4 -11 12 13 -12
right_child=1 -3 3 4 5 6 7 -9 -10 10 11 -13 -14 -15
leaf_value=0.0056379391144112945 0.0059410454539247596 0.019724769702326995 0.0032714691461309914 0.0032714691461309914 -0.0011734516502521803 -0.0099664323988198546 -0.022195125618640791 -0.0099664323988198546 -0.0044832334976301321 0.0016036063688363051 -0.0021501920302018818 0.0020719889148280643 -0.027673311104906274 -0.0092436236912245943
leaf_weight=103.66987469606102 13.399979699403049 14.080200802534817 190.77287461911328 118.08187605720013 30.888400383293629 36.938082179054618 33.62884469050914 7.4009802136570206 76.22275248169899 881.1276325432118 71.679860573261976 81.467993925092742 8.9247409580275399 54.773933467455208
leaf_count=794 75 110 1592 917 268 391 296 51 551 6920 596 595 90 526
internal_value=0.00139145 0.010672 0.0012101 0.000904999 -0.00134288 -0.00561837 -0.00779302 -0.0154496 -0.00448323 0.00143693 0.000872509 -0.0020674 -0.00637237 -0.00387361
internal_weight=1723.06 27.4802 1695.58 1591.91 303.161 185.079 154.191 41.0298 113.161 1288.75 1097.97 216.847 135.379 126.454
internal_count=13772 185 13587 12793 2474 1557 1289 347 942 10319 8727 1807 1212 1122
is_linear=0
shrinkage=0.03


Tree=291
num_leaves=15
num_cat=0
split_feature=14 3 20 17 24 16 28 14 8 0 11 34 18 16
split_gain=7.3891 2.77365 2.15707 1.77018 4.81736 4.13163 3.78631 4.4087 2.00332 1.72998 1.06016 0.824116 1.45679 0.993389
threshold=1.8326806622280249 13.731134969939875 0.93792492401601923 0.0052006801981258058 0.76668033501330857 251.92631901505823 9.5000000000000018 0.00031525933840323466 0.16189099801520171 -0.029919496997230181 0.84566974182936427 62.150349650349654 0.99744932747548121 0.48937879171109094
decision_type=2 8 10 2 8 8 2 2 8 10 2 2 10 8
left_child=2 -2 3 4 8 9 11 10 -1 -5 -8 -6 13 -13
right_child=1 -3 -4 5 6 -7 7 -9 -10 -11 -12 12 -14 -15
leaf_value=-0.0054773057239962718 0.017624220638380365 0.0057982750277776754 0.0057982750277776754 0.0016265480796150591 0.00023916584424960217 0.0030139303149805162 -0.0054773057239962718 0.00023916584424960217 -0.015266799138605692 0.00023916584424960217 -0.0026190699398733349 -0.0054773057239962718 -0.00084203345944430374 -0.0024617447416597797
leaf_weight=9.0147377327084524 26.362583371577784 27.073526870459318 14.768877377733586 67.82016833126545 313.80221802555025 230.25402908585966 139.58725745882839 72.51530384644866 27.282195214182138 513.64039035746828 8.8215398937463743 16.079638557508588 36.997275363653898 204.87754810415208
leaf_count=72 516 383 229 498 2512 1647 1500 480 189 3393 39 145 244 1874
internal_value=0.000741419 0.0112264 0.000370193 0.000229586 -0.000743388 0.00122172 -0.000221551 -0.00374003 -0.0107331 0.000239166 -0.00547731 0.000239166 -0.00192323 -0.00352131
internal_weight=1708.9 53.4361 1655.46 1640.69 828.978 811.715 792.681 220.924 36.2969 581.461 148.409 571.757 257.954 220.957
internal_count=13721 899 12822 12593 7055 5538 6794 2019 261 3891 1539 4775 2263 2019
is_linear=0
shrinkage=0.03


Tree=292
num_leaves=15
num_cat=0
split_feature=20 12 25 1 22 3 14 17 28 21 28 3 27 13
split_gain=2.42125 1.9465 2.27829 4.14637 5.9605 2.33138 1.97878 1.76975 3.56389 2.76316 2.31717 2.26491 1.2436 1.17133
threshold=0.96728788207662453 1.2739370334307045 -0.29841617774088286 23.984732185223439 0.0010158711362621036 8.5157794956892747 0.00020523271281293603 0.067889904233312273 7.5000000000000009 1.0000000180025095e-35 12.500000000000002 -5.3666954144344698 1.4774913071902174 1.0000000180025095e-35
decision_type=10 2 8 10 2 10 2 2 2 2 2 10 8 8
left_child=1 2 6 7 5 -5 -1 8 9 11 -10 -4 -9 -2
right_child=13 -3 3 4 -6 -7 -8 12 10 -11 -12 -13 -14 -15
leaf_value=0.0016900358252907375 0.0060715073594728268 0.0060715073594728268 -0.00070004175721286943 -0.0068611910452524233 -0.0020708956461884536 -0.015649483701462959 0.0032594586495445377 0.0016900358252907375 -0.0020708956461884536 0.00067081213176271447 0.00067081213176271447 -0.0020708956461884536 0.00067081213176271447 0.017328913921504173
leaf_weight=48.496122848242521 4.2183445142582041 24.293877512216568 136.23084685578942 18.886964991688728 73.295921970158815 45.969991183839738 71.993062121095136 519.17358902143314 179.59331756643951 111.06276932545006 139.13752637710422 220.80340193212032 122.45719846151769 9.1226133530726639
leaf_count=499 62 171 920 211 535 498 535 3734 1629 754 1213 2108 817 174
internal_value=0.000707251 0.000589288 0.00044741 0.000120613 -0.00474821 -0.0116515 0.00325946 0.000606419 -0.000348412 0.000670812 -0.0020709 -0.0020709 0.00169004 0.0115537
internal_weight=1724.74 1711.39 1687.1 1566.61 138.153 64.857 120.489 1428.46 786.828 468.097 318.731 357.034 641.631 13.341
internal_count=13860 13624 13453 12419 1244 709 1034 11175 6624 3782 2842 3028 4551 236
is_linear=0
shrinkage=0.03


Tree=293
num_leaves=15
num_cat=0
split_feature=11 22 12 25 2 14 28 14 1 27 22 28 25 28
split_gain=4.12968 3.5146 2.92787 2.24728 1.3596 1.09669 0.910706 3.60302 2.98327 2.35626 2.25569 3.5242 4.17087 1.91482
threshold=0.99199140097495997 0.00057258548627373658 0.59001670843776111 -0.29841617774088286 0.30024132730015091 0.00043963256390351928 6.5000000000000009 0.20197145657825669 10.319366698766155 1.4484645792211626 0.18991166789725913 13.500000000000002 0.096697193812033358 8.5000000000000018
decision_type=2 2 2 8 2 2 2 2 8 10 2 2 10 2
left_child=2 -2 3 5 6 -1 9 10 -9 -5 11 12 13 -8
right_child=1 -3 -4 4 -6 -7 7 8 -10 -11 -12 -13 -14 -15
leaf_value=0.0016228151798542373 0.0054131908897537238 0.017555998738935878 0.0054131908897537238 0.00076799194219933427 0.0016228151798542373 0.0030037832362950485 -0.0024796893574936226 0.00076799194219933427 -0.0010129579582322183 -0.0088159637384599681 -0.0010129579582322183 -0.0024796893574936226 -0.01119745543291518 -0.0064597759561721589
leaf_weight=47.925324354320765 16.80205795657821 23.928910409566015 48.853020748123527 612.45241835620254 104.69588398025371 72.857273536268622 51.078125199303031 280.88464101823047 100.54347442835569 18.12037808727473 17.376561453565955 119.44655765220523 96.339976446703076 112.85854187235236
leaf_count=510 88 169 299 4802 764 545 466 1896 844 145 125 1121 1030 1004
internal_value=0.00108561 0.00998502 0.000841357 0.000594376 0.000241847 0.00300378 -8.68313e-05 -0.000771019 0.000767992 0.000757311 -0.00279391 -0.00394642 -0.00637743 -0.00329729
internal_weight=1724.16 40.731 1683.43 1634.58 1513.8 120.783 1409.1 778.528 381.428 630.573 397.1 379.723 260.277 163.937
internal_count=13808 257 13551 13252 12197 1055 11433 6486 2740 4947 3746 3621 2500 1470
is_linear=0
shrinkage=0.03


Tree=294
num_leaves=15
num_cat=0
split_feature=0 27 20 4 33 3 14 3 27 13 18 14 9 28
split_gain=2.88215 2.5079 1.90298 2.32102 1.67798 1.53914 1.41309 1.35872 1.01492 0.940003 2.21634 1.62099 2.25885 0.104631
threshold=-0.8348631728980318 -0.43305049367514975 0.38512812459454754 2.0865658321103715 80.03996003996005 6.6121173374801314 0.00010375381904202314 0.019354593196617278 1.3243133903157049 inf 0.041703105236375111 0.62631898134857777 0.54224138436965885 13.500000000000002
decision_type=8 8 10 10 2 10 2 8 8 8 10 2 10 2
left_child=8 6 3 4 9 -5 -2 -6 -1 11 -11 12 13 -3
right_child=1 2 -4 5 7 -7 -8 -9 -10 10 -12 -13 -14 -15
leaf_value=0.013743881026623406 0.0026768429336956464 -0.0021426846354654439 0.0026768429336956464 -0.0046326206186250336 -0.0021426846354654439 -0.016822263046431519 0.0050594730277659849 -0.0046326206186250336 0.0050594730277659849 0.00039062014093994417 0.0013554666738099825 0.00039062014093994417 -0.00047020821377678095 -0.0013064464246211123
leaf_weight=17.577730672783218 12.118725851178167 281.34411952737719 57.105016521411017 9.3368822797201592 12.678367136046289 8.6108769811689836 38.221117844921537 30.105147050693631 9.490617975592615 514.80086513608694 199.44140558876097 166.27714546956122 280.77914073131979 77.200808440335095
leaf_count=211 113 2007 510 85 102 100 273 340 96 4679 1708 1078 1925 526
internal_value=0.000688975 0.000518137 0.000294213 3.40904e-05 0.000172637 -0.00943788 0.00505947 -0.00463262 0.00960081 0.000347251 0.00113585 -0.000354613 -0.00133104 -0.00214268
internal_weight=1715.09 1688.02 1637.68 1580.57 1562.63 17.9478 50.3398 42.7835 27.0683 1519.84 714.242 805.601 639.324 358.545
internal_count=13753 13446 13060 12550 12365 185 386 442 307 11923 6387 5536 4458 2533
is_linear=0
shrinkage=0.03


Tree=295
num_leaves=15
num_cat=0
split_feature=11 28 16 13 17 28 35 4 1 28 2 14 19 18
split_gain=4.8124 2.19177 4.45885 2.69498 12.8481 7.77874 2.79436 2.74539 2.6286 5.55496 2.48042 2.36227 2.05382 1.89834
threshold=4.5848660010509734 17.500000000000004 0.0072331451206766057 59.617761420004825 0.0052006801981258058 4.5000000000000009 73.384948384948402 2.0865658321103715 11.178729971845524 13.500000000000002 0.012163561076604556 0.91746394735073056 -0.038206281769591392 0.1446204229263523
decision_type=2 2 10 8 2 2 8 8 10 2 2 2 10 8
left_child=1 3 11 5 10 6 -1 -6 13 -10 -5 12 -3 -7
right_child=-2 2 -4 4 7 8 -8 -9 9 -11 -12 -13 -14 -15
leaf_value=0.0003557462842088459 0.016276295597302436 -0.0023773917626765729 0.0084246659673557905 0.0003557462842088459 0.0084246659673557905 -0.0025713430165160405 -0.0083335501026699614 0.0043902061257823175 -0.0025713430165160405 -0.018154449969528794 0.0043902061257823175 0.0028044732023512946 -0.013588210205443305 0.0003557462842088459
leaf_weight=20.332171170040965 12.7568359489087 9.600134785287084 26.690012266859412 507.21030789334327 62.1936140418984 91.764310807920992 137.06432672403753 125.8409151500091 46.856362234801054 18.195846545509994 133.37270359974355 6.3330167330568647 16.597339747473598 509.29365593171678
leaf_count=134 97 80 168 4937 659 718 1003 1046 327 123 869 96 139 3462
internal_value=0.000735956 0.000573036 0.00601145 0.000360546 0.00156392 -0.000852423 -0.00675485 0.00842467 0.000355746 -0.00549843 0.000355746 -0.00281572 -0.00755926 0.000355746
internal_weight=1724.1 1711.34 59.2205 1652.12 828.618 823.507 157.396 188.035 666.11 65.0522 640.583 32.5305 26.1975 601.058
internal_count=13858 13761 483 13278 7511 5767 1137 1705 4630 450 5806 315 219 4180
is_linear=0
shrinkage=0.03


Tree=296
num_leaves=15
num_cat=0
split_feature=20 22 4 24 18 27 28 14 13 17 18 12 14 3
split_gain=3.49779 2.26772 2.58715 2.0024 2.49375 1.72736 2.59414 2.43198 1.69703 4.84364 2.52651 0.876895 0.510751 0.39661
threshold=0.96728788207662453 0.42915585770375719 -0.029960488207930413 -0.00014807122802962255 0.23653231352259754 1.5064870399942487 15.500000000000002 0.0025711040402093166 68.440081406701424 0.0052006801981258058 0.96447003099579731 0.044375418204102117 0.75878290079484489 0.23749643842010429
decision_type=10 2 8 8 8 10 2 2 8 2 8 2 2 10
left_child=1 3 -3 4 -1 6 8 -8 10 11 -5 -10 -7 -6
right_child=-2 2 -4 5 13 12 7 -9 9 -11 -12 -13 -14 -15
leaf_value=-0.017497911395412794 0.014109481608499392 0.0073924527709664217 0.0030465906297249021 -0.0012454183366402475 -0.0032721379370047026 -0.0032721379370047026 -0.0012454183366402475 0.0030465906297249021 0.00025355059777430804 0.0030465906297249021 0.00025355059777430804 0.0016500706137496052 -0.0012454183366402475 -0.010385024666208748
leaf_weight=8.6252871192991751 12.641971619450485 23.252302130684257 50.173625987023115 436.11625841306522 8.7842447077855486 50.54301488539204 42.015113393776119 133.29630745248869 505.89301492087543 166.0175552405417 215.28330681053922 43.712984094396234 8.4141720551997405 8.5810871073044819
leaf_count=56 217 170 357 3035 80 383 427 1000 4760 1471 1439 224 55 64
internal_value=0.000815314 0.000675424 0.00565928 0.000433896 -0.00712261 0.000578336 0.000781301 0.00304659 0.000303834 0.00130802 -0.000800919 0.000253551 -0.00327214 -0.00327214
internal_weight=1713.35 1700.71 73.4259 1627.28 25.9906 1601.29 1542.33 175.311 1367.02 715.624 651.4 549.606 58.9572 17.3653
internal_count=13738 13521 527 12994 200 12794 12356 1427 10929 6455 4474 4984 438 144
is_linear=0
shrinkage=0.03


Tree=297
num_leaves=15
num_cat=0
split_feature=18 12 32 25 1 16 1 12 22 28 14 24 28 22
split_gain=2.37919 5.85801 3.04973 2.73798 2.60607 3.09768 3.56263 2.47087 1.43251 1.8996 1.14415 0.668984 0.550332 0.191968
threshold=0.023848974559388437 1.5454864769933265 53.788169872085966 -1.0000000180025095e-35 -0.056730122974535842 inf 2.4673436311349914 0.042544464893621646 0.00092886856717634334 6.5000000000000009 0.082228160959141205 -0.0041330786291144421 13.500000000000002 0.00073707129469142063
decision_type=10 2 2 10 8 8 8 2 2 2 2 10 2 2
left_child=2 4 -1 12 10 11 -7 8 9 -5 -2 -6 -4 -8
right_child=1 -3 3 7 5 6 13 -9 -10 -11 -12 -13 -14 -15
leaf_value=0.00026506637070566197 0.0050875963919243721 0.017666991197492727 -0.0010760217658288441 -0.0072652342157520054 0.00026506637070566197 0.0050875963919243721 0.0018917240884728449 -0.0031054812005460296 -0.0051575801298756338 -0.013336526487091379 0.0093722180085588896 0.0018917240884728449 -0.0031054812005460296 0.0034896602401986087
leaf_weight=194.56172808725387 11.344121523201467 14.563004625961183 273.74813252128661 55.430041508749127 662.24734132410958 89.923645882983692 169.37558167567477 20.188574861735106 61.166730288416147 63.473086067009717 14.557048614602534 33.961836804868653 27.869415797293186 26.112381041049957
leaf_count=1346 89 114 2477 622 4673 808 1256 97 588 854 213 247 295 176
internal_value=0.000480022 0.00139867 -0.00086854 -0.00241711 0.00107744 0.000802975 0.00351838 -0.00513494 -0.00720968 -0.00937289 0.00937222 0.000265066 -0.00107602 0.00189172
internal_weight=1718.52 1022.08 696.438 501.876 1007.52 981.621 285.412 200.258 180.07 118.903 25.9012 696.209 301.618 195.488
internal_count=13855 7576 6279 4933 7462 7160 2240 2161 2064 1476 302 4920 2772 1432
is_linear=0
shrinkage=0.03


Tree=298
num_leaves=15
num_cat=0
split_feature=11 20 5 16 32 18 18 28 9 22 28 13 0 28
split_gain=3.01779 3.09201 3.62145 2.67165 4.60947 2.39407 2.07208 3.24414 4.60419 2.12482 1.6036 1.1151 0.952609 0.439773
threshold=4.5848660010509734 0.00078329944037832451 0.9996510016704615 251.92631901505823 53.788169872085966 0.068341755611497038 0.9620790278684056 11.500000000000002 0.68887257317019934 0.0047494482825734055 1.5000000000000002 8.9737304220695631 16.183169022002378 5.5000000000000009
decision_type=2 10 2 8 2 10 8 2 8 2 2 8 10 2
left_child=1 2 3 6 12 -3 7 8 9 -1 -6 13 -5 -10
right_child=-2 5 -4 4 10 -7 -8 -9 11 -11 -12 -13 -14 -15
leaf_value=-0.0074805955035336042 0.01347514962517537 0.0035012099016377227 -0.015616219637123917 0.0035012099016377227 0.0019916251246130017 0.0071496960924284526 0.00048204034758828063 -0.00066873741624985748 -0.0038869888995348304 -0.0038869888995348304 0.00048204034758828063 -0.00066873741624985748 0.0019916251246130017 -0.0022778631578923439
leaf_weight=158.77404518425465 12.170216420781797 41.520930062048137 7.4107016697525969 316.46873227413744 98.905345533043146 36.565225522848777 145.74642940703779 232.42571240477264 40.617443332448602 24.468414507806301 450.36193194147199 36.917417466640472 51.76471796631813 53.522765037603676
leaf_count=1196 94 308 85 2523 704 359 1037 1632 362 143 4370 218 341 383
internal_value=0.000953482 0.000824243 0.000532578 0.000655029 0.00171282 0.00646984 -0.000748742 -0.00181952 -0.00405096 -0.00710524 0.00048204 -0.000668737 0.00350121 -0.00388699
internal_weight=1707.64 1695.47 1617.38 1609.97 917.501 78.0862 692.472 546.726 314.3 183.242 549.267 131.058 368.233 94.1402
internal_count=13755 13661 12994 12909 7938 667 4971 3934 2302 1339 5074 963 2864 745
is_linear=0
shrinkage=0.03


Tree=299
num_leaves=15
num_cat=0
split_feature=9 4 12 28 16 2 0 28 24 16 4 28 28 0
split_gain=3.08325 9.14858 3.46682 2.80148 2.85547 2.73622 1.93314 1.81342 1.94087 1.6419 1.7581 1.59355 1.12512 0.843211
threshold=0.031898869250004035 -0.16168531457734081 1.5454864769933265 7.5000000000000009 -1.8231270762566989 0.52232142857142871 0.10053983853343212 17.500000000000004 -0.046831685064342536 178.43174699288781 2.4321099851100723 11.500000000000002 10.500000000000002 8.5443530318572982
decision_type=10 10 2 2 10 2 10 2 10 8 8 2 2 10
left_child=1 3 5 13 -5 7 -3 8 9 -2 -11 -4 -6 -1
right_child=2 6 11 4 12 -7 -8 -9 -10 10 -12 -13 -14 -15
leaf_value=0.00036956039754724724 0.00036956039754724724 -0.0082836954942681687 0.0073726311055115701 -0.0082836954942681687 -0.0039570675483604602 0.0073726311055115701 -0.022808608216941351 0.0043126808638239388 0.0043126808638239388 0.002440403727157522 0.0012292931531515962 0.020627447276895947 0.00036956039754724724 -0.0040191379571835519
leaf_weight=353.40173139423132 503.07228575344197 11.660856646718459 9.1004263004288095 52.821397177875042 12.340073093771933 27.80145852221176 15.27285073045641 54.106933115399443 70.975869237212464 407.5198951237835 101.07663475419395 9.2609949074685556 19.739543236792088 46.151699066162109
leaf_count=2521 3584 97 62 503 100 266 132 437 602 3871 824 69 139 423
internal_value=0.000919696 -0.00101981 0.00175893 5.33293e-06 -0.00499472 0.00152242 -0.0165727 0.00125273 0.000934048 0.000568127 0.00208903 0.0132228 0.00036956 0.00036956
internal_weight=1694.3 511.388 1182.91 484.454 84.901 1164.55 26.9337 1136.75 1082.64 1011.67 508.597 18.3614 32.0796 399.553
internal_count=13630 3915 9715 3686 742 9584 229 9318 8881 8279 4695 131 239 2944
is_linear=0
shrinkage=0.03


Tree=300
num_leaves=15
num_cat=0
split_feature=14 3 9 4 25 28 17 21 17 28 2 28 11 1
split_gain=5.13429 3.66995 2.66228 5.7173 4.29574 3.64701 3.33743 2.59146 1.55458 4.14694 1.18671 1.07798 1.06177 0.941449
threshold=1.9252692060134797 14.426111880332774 0.031898869250004035 -0.16168531457734081 0.036294453802596445 9.5000000000000018 0.13194455188088042 1.0000000180025095e-35 0.0052006801981258058 4.5000000000000009 0.1125730994152047 11.500000000000002 0.30075255978870447 1.3440833471467115
decision_type=2 8 8 10 8 2 2 2 2 2 2 2 2 8
left_child=2 -2 3 8 6 -5 10 12 9 -1 -4 -8 -6 -9
right_child=1 -3 4 5 7 -7 11 13 -10 -11 -12 -13 -14 -15
leaf_value=-0.0026128691702005445 0.017768671390918617 0.0052777780104762235 0.0017250680322533907 -0.007377373293797322 -0.00056872656812612338 -0.023319596177769991 0.0052777780104762235 0.0017250680322533907 -0.00056872656812612338 -0.007377373293797322 0.0035014230213648071 0.0035014230213648071 0.00057817073206363359 0.00057817073206363359
leaf_weight=33.428166472353041 24.720679382793605 26.156944985035807 230.63200805243105 11.792676186189057 670.87419886048883 14.736212590709327 83.748675827635452 205.62909328681417 129.46281422674656 45.520527606830001 40.490774531383067 118.20124799339101 21.108034715172835 67.315949393436313
leaf_count=230 492 363 2075 98 5595 121 549 1371 927 326 280 745 108 491
internal_value=0.000954361 0.00990201 0.000653549 -0.00227583 0.00113838 -0.014186 0.00346383 -1.3695e-05 -0.000568727 -0.00465701 0.00172507 0.00527778 -0.000568727 0.00172507
internal_weight=1723.82 50.8776 1672.94 234.94 1438 26.5289 473.073 964.927 208.412 78.9487 271.123 201.95 691.982 272.945
internal_count=13771 855 12916 1702 11214 219 3649 7565 1483 556 2355 1294 5703 1862
is_linear=0
shrinkage=0.03


Tree=301
num_leaves=15
num_cat=0
split_feature=5 12 2 22 30 14 8 14 35 3 3 13 9 28
split_gain=3.68715 3.55942 3.622 2.58213 3.15509 2.57964 2.46988 2.73266 2.35364 2.05661 1.54525 1.09883 0.698653 0.162442
threshold=0.9996510016704615 1.2739370334307045 0.20871212121212124 0.18991166789725913 82.531753960325389 0.20975928438880356 -0.58239800366049088 0.010982106338259265 53.762903762903768 0.69561344543914749 -0.00094472539534589349 11.993599199524683 0.54224138436965885 5.5000000000000009
decision_type=2 2 2 2 2 2 10 2 8 8 10 8 10 2
left_child=1 2 3 4 6 -3 11 10 -4 -9 -8 13 -11 -1
right_child=-2 5 8 -5 -6 -7 7 9 -10 12 -12 -13 -14 -15
leaf_value=-0.00015810391524313252 -0.015633673168817894 0.005603027589820773 0.005603027589820773 0.0024071761771942801 -0.0074954634935059349 0.02080220409967343 -0.0019907899806183823 -0.00015810391524313252 0.0024071761771942801 -0.0019907899806183823 -0.0038234760459936326 0.0010227083222564433 -0.0010744469479307575 0.00043230220350665545
leaf_weight=162.25004305783659 7.6237614452838889 16.541797847952697 58.574437596835196 77.999646659241989 24.275343049317598 9.2617753096856159 41.574487295933068 239.88355118012987 92.880478448816575 134.34148716554046 190.84984511230141 434.55878518382087 141.56779309548438 80.82823087181896
leaf_count=1197 84 90 434 555 238 91 258 1734 675 1134 2175 3603 917 565
internal_value=0.000525019 0.000642746 0.000456021 1.08788e-05 -0.00036176 0.01075 -0.000151489 -0.00133892 0.00480347 -0.000158104 -0.00382348 0.00102271 -0.00199079 -0.000158104
internal_weight=1713.01 1705.39 1679.58 1528.13 1450.13 25.8036 1425.85 748.217 151.455 515.793 232.424 677.637 275.909 243.078
internal_count=13750 13666 13485 12376 11821 181 11583 6218 1109 3785 2433 5365 2051 1762
is_linear=0
shrinkage=0.03


Tree=302
num_leaves=15
num_cat=0
split_feature=35 14 11 14 17 26 9 3 13 16 17 16 14 21
split_gain=2.87723 4.45041 1.85747 1.58109 1.22703 2.38124 2.7511 2.47319 2.14974 1.16466 0.957293 0.711499 0.664257 0.507716
threshold=15.725940725940726 0.043436037013922985 0.071778837733983067 2.2228807863345179 0.0052006801981258058 -1.0000000180025095e-35 0.097727171752309341 -1.0000000180025095e-35 52.084231798424774 10.815089967811343 0.66666883117540132 -1.0000000180025095e-35 1.0000000180025095e-35 0.013325846443511915
decision_type=8 2 2 2 2 10 10 10 8 8 2 8 2 2
left_child=1 -1 3 4 5 -2 7 9 -6 -7 -4 -8 -13 -9
right_child=2 -3 10 -5 8 6 11 13 -10 -11 -12 12 -14 -15
leaf_value=0.0042956810018608127 -0.00036031104112821849 0.018777807633848238 0.0020774146525314617 0.0020774146525314617 -0.00036031104112821849 -0.0096271938016426733 -0.004514374238763972 -0.018061228981232923 0.00085381708866906502 -0.004514374238763972 0.0042956810018608127 -0.0030542983293206571 -0.0015942224198773421 -0.0096271938016426733
leaf_weight=14.786483159288762 345.60165915358812 17.693241457920521 69.452792735770345 44.614431638270617 590.41648638737388 12.936089746654034 11.925070058554409 18.899754077196125 178.41091956186574 50.00229062512517 14.313152966788037 233.66215836629272 105.27730719838291 5.9270780570805064
leaf_count=130 2808 134 393 724 4004 105 121 233 1420 330 128 2554 707 43
internal_value=0.000276924 0.00849796 9.33973e-05 -0.000140852 -0.00036978 -0.00120116 -0.00282813 -0.00743453 0.000480534 -0.00451437 0.00429568 -0.00159422 -0.00159422 -0.01474
internal_weight=1713.92 32.4797 1681.44 1597.67 1553.06 784.231 438.63 87.7652 768.827 62.9384 83.7659 350.865 338.939 24.8268
internal_count=13834 264 13570 13049 12325 6901 4093 711 5424 435 521 3382 3261 276
is_linear=0
shrinkage=0.03


Tree=303
num_leaves=15
num_cat=0
split_feature=16 7 14 18 28 1 15 9 14 9 1 1 18 22
split_gain=3.67989 3.42017 14.8695 4.61368 2.60527 2.36068 7.65072 3.41997 2.95705 2.57704 1.69596 1.44744 0.989474 0.762421
threshold=251.92631901505823 -0.0031783062711001615 0.00043963256390351928 inf 5.5000000000000009 11.178729971845524 0.55000000000000016 3.1838417996611303 0.68736978940305893 0.54224138436965885 0.95669927181731385 0.098728788321270008 0.42480506715553185 0.0024871156450762756
decision_type=8 8 2 8 2 10 2 10 2 8 10 10 10 2
left_child=5 2 -2 10 13 8 -7 -8 9 11 -4 -1 -11 -3
right_child=1 4 3 -5 -6 6 7 -9 -10 12 -12 -13 -14 -15
leaf_value=-0.0019787761953033293 0.0032986746822175196 0.0018546939635084292 0.019329521334419481 0.028058547389032681 0.0006063810540420302 -0.0033846334872298157 -0.031437477955107783 -0.011381946240362852 0.0006063810540420302 -0.0019787761953033293 0.010600495279806277 -0.0033846334872298157 -0.00057291890337684214 0.0032986746822175196
leaf_weight=105.55931053683162 134.04231679439545 372.26734955445863 13.983602165360933 22.288148054853082 331.3318654759787 30.995070127770305 8.9381453739479184 15.465114987455308 102.82898566289805 119.28927930211648 26.302205402869731 189.28008816158399 157.21491093467921 73.475552096264437
leaf_count=695 1325 2908 194 171 3131 257 61 116 848 839 207 1388 1049 518
internal_value=0.000808993 0.00201176 0.0054969 0.0179023 0.00110044 -0.000799002 -0.00648149 -0.0193793 -0.00028778 -0.00175222 0.0106005 -0.00338463 -0.000572919 0.00297905
internal_weight=1703.26 973.691 196.616 62.574 777.075 729.571 55.3983 24.4033 674.173 571.344 40.2858 294.839 276.504 445.743
internal_count=13707 8454 1897 572 6557 5253 434 177 4819 3971 401 2083 1888 3426
is_linear=0
shrinkage=0.03


Tree=304
num_leaves=15
num_cat=0
split_feature=20 17 24 13 9 14 18 28 18 11 1 2 28 28
split_gain=3.11956 7.10237 3.74713 1.96507 5.07243 5.56059 4.08411 2.14193 2.90712 1.35291 1.81747 1.20646 0.804002 0.454348
threshold=0.00078329944037832451 0.56166712490379977 inf inf 0.46622830524210668 0.70179360373183541 0.041703105236375111 14.500000000000002 0.99969087635517917 1.0000000180025095e-35 0.098728788321270008 1.0000000180025095e-35 8.5000000000000018 12.500000000000002
decision_type=10 2 8 8 10 2 10 2 8 2 10 2 2 2
left_child=3 2 -2 4 5 7 11 8 9 10 -1 -5 -12 -14
right_child=1 -3 -4 6 -6 -7 -8 -9 -10 -11 12 -13 13 -15
leaf_value=-0.0080546322932711929 0.0032925005259442854 0.024074589499812494 0.013683545012878389 0.00042125600690952081 0.00042125600690952081 -0.0013869172985819685 0.0032925005259442854 -0.0035158750689408503 -0.0035158750689408503 -0.0061738773603524583 -0.010354705947256257 0.0018568782664269033 -0.018581578203055206 -0.010354705947256257
leaf_weight=82.454743806272745 51.558470912277699 11.638327110442331 18.467479918617755 444.4547282140702 440.37860926100984 67.935510806273669 203.22546709794551 58.899935589171946 71.778293028473854 11.465226892381905 65.054029226303101 126.97469174303114 37.561793001368642 20.150726702995598
leaf_count=538 396 164 138 4573 3005 484 1777 387 485 57 566 812 284 146
internal_value=0.000667024 0.00621398 0.0032925 0.000371025 -0.000618566 -0.00319509 0.00146108 -0.00564483 -0.00701182 -0.00883188 -0.00993539 0.000421256 -0.0126548 -0.0159103
internal_weight=1712 81.6643 70.026 1630.33 855.679 415.3 774.655 347.365 288.465 216.687 205.221 571.429 122.767 57.7125
internal_count=13812 698 534 13114 5952 2947 7162 2463 2076 1591 1534 5385 996 430
is_linear=0
shrinkage=0.03


Tree=305
num_leaves=15
num_cat=0
split_feature=1 22 13 14 16 17 1 8 34 2 9 31 8 12
split_gain=2.52399 2.93405 1.56995 1.43861 4.69722 2.2184 3.01568 3.4735 1.22351 1.02851 0.945811 0.809471 0.4806 0.422904
threshold=-1.4253735324078141 0.42915585770375719 -81.822719893800723 0.0025711040402093166 251.92631901505823 4.626451478866025e-05 0.55183915058264721 -0.42190144124643497 47.248584748584754 0.18257575757575761 0.30093006844057885 68.133789287635452 -1.0000000180025095e-35 0.59001670843776111
decision_type=8 2 10 2 8 2 10 10 2 2 8 2 8 2
left_child=2 3 -1 5 13 6 8 10 -2 -9 -8 -6 -10 -5
right_child=1 -3 -4 4 11 -7 7 9 12 -11 -12 -13 -14 -15
leaf_value=0.0050189882156510338 -0.001003944002608834 0.0050189882156510338 0.017381857180271323 7.3422523251590659e-05 0.002632450678781545 7.3422523251590659e-05 -0.0068235758796990802 -0.012690075745492796 -0.0019914526916136096 -0.0068235758796990802 -0.0029789613806183854 0.0013529366010165678 -0.0029789613806183854 0.0013529366010165678
leaf_weight=14.749297687551008 147.65039108972996 69.186137619893998 8.8509954763576371 623.33686854760163 279.16840293304995 111.98074606480077 10.720597248524426 57.783603618852794 19.009376976639032 5.0249945372343054 136.46162901818752 37.92472880333662 165.68312218785286 21.093827749602497
leaf_count=157 971 497 117 4325 2396 767 171 928 175 39 1507 292 1334 125
internal_value=0.000674746 0.000523149 0.00951483 0.000245913 0.000982289 -0.000835444 -0.00208131 -0.00495398 -0.00100394 -0.0106682 -0.00297896 0.00263245 -0.00297896 7.34225e-05
internal_weight=1708.62 1685.02 23.6003 1615.84 961.524 654.314 542.334 209.991 332.343 62.8086 147.182 317.093 184.692 644.431
internal_count=13801 13527 274 13030 7138 5892 5125 2645 2480 967 1678 2688 1509 4450
is_linear=0
shrinkage=0.03


Tree=306
num_leaves=15
num_cat=0
split_feature=22 28 28 12 25 28 14 28 13 21 28 1 14 1
split_gain=2.89596 6.1465 5.6663 1.98629 2.21924 3.07904 5.54429 5.82651 2.59276 2.95845 2.48416 2.4396 2.24067 1.271
threshold=0.42915585770375719 8.5000000000000018 13.500000000000002 0.041169770642512836 0.032703563873410564 9.5000000000000018 0.24642143288519938 13.500000000000002 11.697409979917662 1.0000000180025095e-35 5.5000000000000009 11.881160738624505 1.0000000180025095e-35 -1.4253735324078141
decision_type=2 2 2 2 8 2 2 2 8 2 2 10 2 10
left_child=3 -2 -3 4 12 8 7 -7 9 10 13 -8 -1 -6
right_child=1 2 -4 -5 5 6 11 -9 -10 -11 -12 -13 -14 -15
leaf_value=0.00027472969141510234 0.0033028873820690305 0.026392620841841144 0.0033028873820690305 0.0033028873820690305 -0.0033543420170737809 -0.013502720437121427 0.00027472969141510234 -0.0037008551429535321 0.00027472969141510234 -0.001272649393338649 -0.0033543420170737809 -0.0037008551429535321 0.0016677213975493975 -0.010307373196931036
leaf_weight=175.79060517251492 42.612631410825998 16.426873682998124 13.331135099870151 114.27460843499284 36.227304439991713 73.760018598753959 110.93267125613056 63.891750370152295 418.90517137618735 56.229005502071232 62.487236248794943 11.983266718685625 425.40890207700431 84.066840117797256
leaf_count=1743 307 121 105 729 237 719 815 644 3508 364 488 79 3216 722
internal_value=0.000601728 0.00627364 0.016733 0.000332137 3.25554e-05 -0.00089335 -0.00362 -0.00767644 0.000205698 -0.00282003 -0.00543603 0.00027473 0.00144281 -0.00833306
internal_weight=1706.33 72.3706 29.758 1633.96 1519.68 918.483 260.568 137.652 657.916 239.01 182.781 122.916 601.2 120.294
internal_count=13797 533 226 13264 12535 7576 2257 1363 5319 1811 1447 894 4959 959
is_linear=0
shrinkage=0.03


Tree=307
num_leaves=15
num_cat=0
split_feature=20 13 27 3 3 14 9 28 28 18 22 18 13 16
split_gain=2.6244 2.19162 2.03901 3.68847 3.12841 2.43791 2.0024 1.85481 2.55201 1.65656 2.90479 1.38567 1.38558 1.33469
threshold=0.90780002431892515 0.40241939896606277 1.4484645792211626 -5.3666954144344698 -0.015673484841678683 0.010982106338259265 0.55392770677373637 1.5000000000000002 5.5000000000000009 0.48324448143429294 0.000148688359681959 0.1164780578617453 1.1962960508308094 28.739490354757248
decision_type=10 8 8 10 8 2 10 2 2 8 2 8 10 8
left_child=2 -2 4 -4 -1 -6 -7 -5 9 12 -11 -10 -9 -8
right_child=1 -3 3 7 5 6 13 8 11 10 -12 -13 -14 -15
leaf_value=0.0063562079476691766 0.0063562079476691766 0.019754142074702243 0.00058128893101510616 -0.0011725060828543252 0.00058128893101510616 0.0015620754739334288 0.00269772949140736 -0.017672194849543469 -0.012175092583715401 -0.0086396667621674791 -0.0011725060828543252 -0.0011725060828543252 -0.0086396667621674791 0.0038333835088812909
leaf_weight=93.32447911426425 6.5610379325225949 10.457288007135505 132.27412491105497 84.940940262749791 426.77838221052662 359.69954532431439 188.16844419855624 21.171591242775325 9.8604911863803846 72.769569661468267 78.410132957622409 40.4032435817644 8.3784612864255887 177.77998141944408
leaf_count=716 81 184 858 681 4229 2766 1200 162 92 675 562 280 60 1245
internal_value=0.00127253 0.0115772 0.00113524 -0.000595111 0.00175769 0.00131056 0.00254286 -0.0029263 -0.00453191 -0.00634389 -0.00477883 -0.00117251 -0.0125005 0.00383338
internal_weight=1710.98 17.0183 1693.96 448.209 1245.75 1152.43 725.648 315.934 230.993 180.73 151.18 50.2637 29.5501 365.948
internal_count=13791 265 13526 3370 10156 9440 5211 2512 1831 1459 1237 372 222 2445
is_linear=0
shrinkage=0.03


Tree=308
num_leaves=15
num_cat=0
split_feature=20 22 28 11 8 28 0 3 28 16 16 26 14 7
split_gain=2.46358 4.05355 2.16414 1.56926 1.06439 1.67107 19.0646 4.11464 3.71735 2.74925 2.35213 8.13338 1.37198 1.30625
threshold=0.48577581624826055 0.00054350444757711046 17.500000000000004 4.5848660010509734 -0.28537863885607967 13.500000000000002 4.5251541396880768 0.12688429477978849 15.500000000000002 1.0000000180025095e-35 -0.0069369454999001039 0.1255375891006825 0.0042857624039339568 inf
decision_type=10 2 2 2 8 2 10 10 2 8 8 10 2 8
left_child=2 -2 3 4 -1 10 7 -7 -8 -9 11 -6 -11 -12
right_child=1 -3 -4 -5 5 6 8 9 -10 12 13 -13 -14 -15
leaf_value=0.0018177039564170928 0.0036391283505746636 0.015035179595674738 0.0036391283505746636 0.0036391283505746636 -0.0022342454835334422 0.00077746165567802881 -0.031759757126634897 -0.011307239392649025 -0.011307239392649025 -0.0068653939522774149 0.00077746165567802881 -0.019788808926691128 -0.0024235485119058053 -0.0010813181415760985
leaf_weight=147.84607147146016 20.849913127254695 28.010647071176209 57.069094478152692 10.673757277429102 50.641903718467802 87.196032148785889 16.329774308949712 18.260590044781566 12.479311607778071 14.418400594033299 805.10584666253999 20.663736203685403 53.636445678770542 365.53758200258017
leaf_count=1183 196 281 463 84 429 669 155 138 132 185 6579 162 391 2757
internal_value=0.00058443 0.0068999 0.00037836 0.000137324 -3.72044e-06 -0.000262781 -0.00275618 0.000777462 -0.0233919 -0.00562456 0.000152831 -0.004952 -0.00242355 0.000483513
internal_weight=1708.72 48.8606 1659.86 1602.79 1592.12 1444.27 202.321 173.511 28.8091 86.3154 1241.95 71.3056 68.0548 1170.64
internal_count=13804 477 13327 12864 12780 11597 1670 1383 287 714 9927 591 576 9336
is_linear=0
shrinkage=0.03


Tree=309
num_leaves=14
num_cat=0
split_feature=11 9 28 16 13 12 1 4 3 25 28 22 18
split_gain=2.89421 1.93139 6.39955 3.92952 5.35686 2.34902 3.66296 1.87712 1.86371 1.902 1.01531 0.981574 0.394838
threshold=4.5848660010509734 0.031898869250004035 7.5000000000000009 -62.751676305779604 77.802604884616812 1.0000000180025095e-35 0.25911057755973227 -0.099679597389168859 -0.63111392298424607 0.032703563873410564 13.500000000000002 0.18991166789725913 0.39706591278895342
decision_type=2 8 2 10 8 2 10 10 10 8 2 2 10
left_child=1 2 -1 4 -4 8 -7 -5 12 10 -10 -11 -3
right_child=-2 5 3 7 -6 6 -8 -9 9 11 -12 -13 -14
leaf_value=-4.7172855667549465e-05 0.013332364822777007 0.0019081687672675364 -0.024235837635251421 -4.7172855667549465e-05 -0.0065026928214292059 0.0071433859643810858 0.0032187157264802787 -0.0065026928214292059 0.0019081687672675364 -4.7172855667549465e-05 0.00093049795579999359 0.00093049795579999359 0.0032187157264802787
leaf_weight=142.70443772478029 12.211931318393907 81.881675347685814 17.966265302151442 34.270863750949502 42.250261153327301 50.412848850479349 63.056512086652219 10.983401721343396 268.14914747164585 728.96549624670297 146.42981436452828 51.203524485230446 53.374624346615747
leaf_count=1040 100 613 119 255 465 347 365 72 2237 6242 1206 358 356
internal_value=0.00108187 0.000954407 -0.00146905 -0.00758178 -0.0122969 0.0013747 0.00542753 -0.000708528 0.0010099 0.000597622 0.00190817 -4.71729e-05 0.00321872
internal_weight=1703.86 1691.65 248.175 105.471 60.2165 1443.47 113.469 45.2543 1330 1194.75 414.579 780.169 135.256
internal_count=13775 13675 1951 911 584 11724 712 327 11012 10043 3443 6600 969
is_linear=0
shrinkage=0.03


Tree=310
num_leaves=15
num_cat=0
split_feature=28 1 11 27 26 8 28 1 34 16 3 26 22 18
split_gain=5.00516 4.18549 3.75028 3.66695 3.47578 2.95076 6.05358 11.733 6.14445 4.39902 3.44238 3.04971 2.51746 2.27361
threshold=17.500000000000004 -1.4253735324078141 1.0000000180025095e-35 0.86549371544298037 -1.0000000180025095e-35 -0.28537863885607967 13.500000000000002 3.3725776244142782 49.367299367299374 -0.10989752492742302 0.21143957047070508 0.11182272016178009 0.00060037144381842043 0.014972930661648049
decision_type=2 8 2 8 8 8 2 10 2 8 8 8 2 10
left_child=1 -1 4 13 -3 -6 9 10 -9 11 -8 -7 -4 -2
right_child=3 2 12 -5 5 6 7 8 -10 -11 -12 -13 -14 -15
leaf_value=0.012224523523807483 0.0021250379093855731 0.0030902108341262836 0.0030902108341262836 -0.0074787660318854929 0.0012421199760789734 -0.003997903482946959 3.4421095734219822e-05 -0.012394775528756577 -0.03406477187436785 3.4421095734219822e-05 -0.0070852794000408562 -0.014468857472451748 0.0062488948816236452 0.015045149872304774
leaf_weight=21.81173618522007 13.077747191302477 187.66277122427709 32.37206063605845 7.083979867398738 111.51791138877161 28.43945971224457 57.745049310615286 12.925315091386437 15.576488863676786 1037.2800293865148 71.473941950127482 30.200501418672502 50.91190437041223 38.844619303010404
leaf_count=260 135 1508 168 51 895 251 468 102 147 8358 600 254 347 300
internal_value=0.000786028 0.000466782 0.000273266 0.0090188 -6.84732e-05 -0.000605971 -0.00117328 -0.006573 -0.0224159 -0.000369846 -0.00237367 -0.00803023 0.00624889 0.0117288
internal_weight=1716.92 1657.92 1636.11 59.0063 1552.82 1365.16 1253.64 157.721 28.5018 1095.92 129.219 58.64 83.284 51.9224
internal_count=13844 13358 13098 486 12583 11075 10180 1317 249 8863 1068 505 515 435
is_linear=0
shrinkage=0.03


Tree=311
num_leaves=15
num_cat=0
split_feature=14 1 35 28 27 22 28 28 3 13 2 28 16 13
split_gain=3.62144 2.27044 1.68234 1.1705 2.05217 2.33411 2.02614 1.74108 2.64317 1.57157 1.10008 0.961121 0.854267 0.805663
threshold=2.3267118737113726 4.8135601652544819 15.725940725940726 1.5000000000000002 1.4774913071902174 6.6210969376664263e-07 15.500000000000002 9.5000000000000018 0.10139776933065532 11.697409979917662 0.071611721611721621 7.5000000000000009 -48.365158935313573 -0.41294618548736173
decision_type=2 8 8 2 8 2 2 2 10 8 2 2 10 8
left_child=2 -2 -1 -4 5 10 9 13 -9 12 -5 -3 -6 -7
right_child=1 11 3 4 6 7 -8 8 -10 -11 -12 -13 -14 -15
leaf_value=0.0040578883246568734 0.015537771308013365 0.0097978298163351185 0.0019022244801916333 -0.0012825783520148098 -0.0080160479551256592 -9.4668694242524548e-05 -0.013599084259326379 0.0019022244801916333 -9.4668694242524548e-05 -0.0012825783520148098 -9.4668694242524548e-05 0.0040578883246568734 -0.0030358264038521394 0.0019022244801916333
leaf_weight=30.60305570345372 17.491898500011303 6.3265808224678066 139.09527904912829 386.44952946179546 44.163721151649952 31.15343554597348 9.6520440522581321 146.77836302295327 268.2823855089955 178.53452425752766 43.940107955597341 19.659652471542358 82.418173534795642 309.07420004496817
leaf_count=226 383 102 1007 3449 268 237 61 1073 2080 1370 315 261 664 2355
internal_value=0.000133489 0.00821661 -0.000100832 -0.000253439 -0.000503604 7.13134e-05 -0.00263647 0.00109324 -9.46687e-05 -0.00207601 -0.00128258 0.00405789 -0.00478907 0.00190222
internal_weight=1713.62 43.4781 1670.14 1639.54 1500.45 1185.68 314.768 755.288 415.061 305.116 430.39 25.9862 126.582 340.228
internal_count=13851 746 13105 12879 11872 9509 2363 5745 3153 2302 3764 363 932 2592
is_linear=0
shrinkage=0.03


Tree=312
num_leaves=15
num_cat=0
split_feature=2 25 9 4 25 17 12 33 18 8 1 13 30 1
split_gain=2.92714 3.67176 2.04424 3.41788 2.02761 3.77835 1.7807 1.5711 1.4509 1.22745 1.00607 0.622806 0.482915 0.227496
threshold=0.52232142857142871 -0.0094261139807172416 0.031898869250004035 -0.11083232005306291 0.054661110096640993 0.12582985829436419 0.038896986440282132 51.853701853701857 0.99555591964590018 -0.2468015932791516 11.178729971845524 inf 77.624161552733 0.098728788321270008
decision_type=2 8 8 10 8 2 2 2 8 10 10 8 2 10
left_child=2 -2 3 7 5 9 11 -1 -9 -4 -7 -6 -13 -5
right_child=1 -3 4 13 6 10 -8 8 -10 -11 -12 12 -14 -15
leaf_value=-0.0013558872991777699 0.020930355846476699 0.0037055612977628643 0.0020892916115401684 -0.0070141615323426427 -0.0013558872991777699 0.0037055612977628643 0.00047302192531747174 -0.0070141615323426427 -0.0033398786515190116 0.00047302192531747174 0.0020892916115401684 -0.00044143268693014906 -0.00089865999305395949 -0.015444544881159839
leaf_weight=131.31346026621759 8.6447632284834963 28.223127203411423 90.859717241488397 10.290432181907819 421.17955151246861 189.37391047738492 67.702189357718453 25.290582720190287 60.415824088267982 193.15815271739848 28.401879262179136 396.58844020520337 43.424871263094246 13.733785642310975
leaf_count=1031 86 260 767 89 3130 1336 428 196 478 1756 189 3499 441 122
internal_value=-0.00011457 0.00772101 -0.000309883 -0.00283587 0.000124092 0.00165148 -0.000705432 -0.00150567 -0.00532387 0.000473022 0.00370556 -0.00135589 -0.000441433 -0.0125227
internal_weight=1708.6 36.8679 1671.73 241.044 1430.69 501.794 928.895 217.02 85.7064 284.018 217.776 861.193 440.013 24.0242
internal_count=13808 346 13462 1916 11546 4048 7498 1705 674 2523 1525 7070 3940 211
is_linear=0
shrinkage=0.03


Tree=313
num_leaves=15
num_cat=0
split_feature=12 1 24 17 1 1 16 30 22 28 33 1 8 33
split_gain=1.70933 3.77677 2.67262 7.54929 2.74358 1.44934 1.94022 1.39442 1.14356 1.12101 1.05988 0.872634 0.968622 0.815879
threshold=0.044375418204102117 0.25911057755973227 inf 0.0001492052259046428 0.28063373721987744 -1.4253735324078141 251.92631901505823 76.346867418296014 7.8311203523619618e-05 5.5000000000000009 61.421911421911425 11.178729971845524 0.36904017869544431 52.304045161188021
decision_type=2 10 8 2 10 10 8 2 2 2 2 10 10 2
left_child=2 8 3 4 -1 13 11 -8 -2 -10 -11 12 -7 -4
right_child=1 -3 5 -5 -6 6 7 -9 9 10 -12 -13 -14 -15
leaf_value=-0.0084793641208106129 0.0066886308412214303 0.0026605599674469423 0.0026605599674469423 -0.0015807004681638269 -0.02164251533660037 0.00047605331902382465 0.0016385556657639556 0.00047605331902382465 0.010112071605263071 0.021566221505784657 0.010112071605263071 -0.0015807004681638269 -0.00079505925581083072 0.0016385556657639556
leaf_weight=12.036299468018113 12.066538350656627 64.062155301682651 180.90553691610694 48.477543838322163 22.065762676298618 270.97552923765033 541.0660765140783 92.934839732013643 8.8548319726251048 21.976149480557069 11.427376492880283 52.289739338681102 227.05431072739884 150.85484675783664
leaf_count=104 74 364 1367 410 187 1986 4967 914 58 189 64 418 1621 1137
internal_value=0.00109032 0.00449626 0.000824865 -0.00427732 -0.015378 0.00111592 0.000616551 0.00163856 0.0107167 0.0135355 0.017461 -0.000686449 -9.41804e-06 0.00266056
internal_weight=1717.05 118.387 1598.66 82.5796 34.1021 1516.08 1184.32 634.001 54.3249 42.2584 33.4035 550.32 498.03 331.76
internal_count=13860 749 13111 701 291 12410 9906 5881 385 311 253 4025 3607 2504
is_linear=0
shrinkage=0.03


Tree=314
num_leaves=15
num_cat=0
split_feature=28 27 14 20 22 4 19 0 9 13 28 1 8 18
split_gain=3.12959 3.3884 3.57532 2.32128 2.00424 2.22522 1.46883 1.15705 8.48649 1.67263 1.47087 5.31944 4.37934 3.29175
threshold=17.500000000000004 0.84933452308102175 0.17464201873082855 0.94204301282539538 0.84912812358439982 -0.029960488207930413 -0.064835975900900941 -0.8348631728980318 0.011007817807598849 1.47107736713402 13.500000000000002 3.2365316982772447 -0.30462660984997741 0.14030088806396623
decision_type=2 8 2 10 2 8 8 10 8 8 2 8 10 10
left_child=3 2 6 4 7 -6 -2 9 -9 -1 -10 13 -13 -12
right_child=1 -3 -4 -5 5 -7 -8 8 10 -11 11 12 -14 -15
leaf_value=0.00015129538564878251 0.0084750157368269421 -0.0085065487455330893 0.016146690253794484 0.010402398769258926 0.005097234525012713 0.0022512493029653025 0.00044894072335772999 -0.020291254446450885 2.0203937642379248e-06 0.0022512493029653025 -0.0053050306007085234 -0.0053050306007085234 -0.010408041255197844 0.00015129538564878251
leaf_weight=109.78705027978867 10.03331005759537 7.3682829644531003 26.470264280447736 13.771878425381145 21.36879076808691 39.349341721273959 15.1027410607785 14.875961776822804 972.22560762427747 218.66318543069065 73.04772552382201 19.743678351864219 31.678431507200003 119.48307841550559
leaf_count=743 87 51 206 246 157 290 133 146 7917 1735 633 159 285 909
internal_value=0.000167541 0.00667669 0.00940443 -8.70409e-05 -0.00020793 0.00492539 0.000803341 -0.000422894 -0.000844798 0.00114739 -0.000524828 -0.00258235 -0.010408 -0.00020202
internal_weight=1692.97 58.9746 51.6063 1633.99 1620.22 60.7181 25.1361 1559.5 1231.05 328.45 1216.18 243.953 51.4221 192.531
internal_count=13697 477 426 13220 12974 447 220 12527 10049 2478 9903 1986 444 1542
is_linear=0
shrinkage=0.03


Tree=315
num_leaves=15
num_cat=0
split_feature=20 28 14 3 28 3 8 34 25 13 4 28 9 2
split_gain=3.67959 1.77067 3.93259 1.68496 1.52553 10.3458 7.4903 7.3137 3.72063 3.4776 3.62719 2.46741 5.40778 3.63876
threshold=0.96728788207662453 17.500000000000004 0.017756563679066757 0.017869556912909201 13.500000000000002 0.21143957047070508 -0.30462660984997741 55.074092574092582 -0.0062017044288587 inf -0.12862070611430843 8.5000000000000018 0.14786172294862202 0.20647653000594179
decision_type=10 2 2 10 2 10 10 2 8 8 10 2 10 2
left_child=1 4 3 -3 8 -6 -7 -8 -1 10 -10 13 -13 -12
right_child=-2 2 -4 -5 5 6 7 -9 9 -11 11 12 -14 -15
leaf_value=0.0039430018722093662 0.014692417764064627 0.00059573780157036037 0.0076213873150240991 -0.01255085329962459 0.0044715044149076883 -0.0011878614503450164 -0.0062907808589224524 -0.02206100641617462 -0.00015187225755807523 0.0015403116628125671 -0.010972065004824519 -0.019816142542051315 -0.002491453592539679 -0.002491453592539679
leaf_weight=262.74323267722502 11.733006497495806 6.2911631688475635 45.007590598426759 9.8110529463738185 130.60573244211264 44.002412093803287 73.991357211023569 34.104064831510186 287.61596786603332 594.06308185867965 88.623182077892125 11.681328888982533 97.545017702504992 11.966230461373923
leaf_count=2137 221 45 320 126 1007 354 610 333 2067 5179 632 85 671 76
internal_value=0.000689961 0.000550357 0.00536479 -0.00642991 0.000354836 -0.00163127 -0.00684723 -0.0113937 0.000773922 -3.43684e-06 -0.00184406 -0.00483103 -0.00249145 -0.0081889
internal_weight=1709.78 1698.05 61.1098 16.1022 1636.94 282.704 152.098 108.095 1354.24 1091.49 497.432 209.816 109.226 100.589
internal_count=13863 13642 491 171 13151 2304 1297 943 10847 8710 3531 1464 756 708
is_linear=0
shrinkage=0.03


Tree=316
num_leaves=15
num_cat=0
split_feature=11 25 17 12 18 13 5 8 3 5 17 7 34 2
split_gain=2.79321 2.83682 2.12374 1.41977 0.788158 2.25372 1.95243 1.48167 2.46273 0.485198 0.437036 0.471379 0.348237 0.489
threshold=4.5848660010509734 -0.29841617774088286 0.23322673559669022 1.1952380952380954 0.1446204229263523 50.851901260139066 0.98550164731477852 0.11352837695731478 0.86972573962275468 -0.9569568043191653 0.00028167106152111296 0.66248967064583486 60.048285048285059 0.023669467787114849
decision_type=2 8 2 2 10 8 2 10 8 2 2 10 2 2
left_child=1 2 9 4 6 -6 7 12 10 -1 11 -9 -3 -14
right_child=-2 3 -4 -5 5 -7 -8 8 -10 -11 -12 -13 13 -15
leaf_value=0.0046170222914286548 0.012595742441391979 7.4623718440670352e-05 0.0066237621699157707 0.0026102824129415384 7.4623718440670352e-05 0.0013583994613707831 -0.011083900748143973 -0.002365829780710245 -0.0057280716422352029 0.0026102824129415384 -0.0012841402311090972 -0.0035061059366721502 -0.0012841402311090972 -0.0005847175807663687
leaf_weight=18.46470876596868 12.826975341420619 308.21137833595276 34.485431322129443 26.817352713085711 598.65844234754331 213.91803745785728 10.657199728302656 85.804052384570241 45.556188595481217 71.596572354435921 42.640536829829216 21.417266279459 193.83310318365693 31.399133749306202
leaf_count=160 104 2485 295 181 4167 1796 118 739 620 622 302 220 1839 205
internal_value=0.000777376 0.000651782 0.00491993 0.000300637 0.000106517 0.000749256 -0.000600008 -0.000372243 -0.0026429 0.00261028 -0.00128414 -0.00344752 7.46237e-05 -0.00124406
internal_weight=1716.29 1703.46 124.547 1578.91 1552.1 812.576 739.519 728.862 195.418 90.0613 149.862 107.221 533.444 225.232
internal_count=13853 13749 1077 12672 12491 5963 6528 6410 1881 782 1261 959 4529 2044
is_linear=0
shrinkage=0.03


Tree=317
num_leaves=15
num_cat=0
split_feature=11 4 14 17 9 8 25 28 2 1 9 16 3 1
split_gain=1.43023 3.52825 2.42716 3.06295 4.0347 2.83603 2.82593 2.65314 2.30953 1.77272 0.824847 0.737564 0.579794 0.0820049
threshold=0.29030572690194495 -0.012856745655990284 0.0028948218350163383 0.0052006801981258058 0.011007817807598849 0.11352837695731478 0.032703563873410564 4.5000000000000009 0.015388257575757578 0.16511964441540369 1.375384735241967 -0.049097558809597146 0.49912723792209712 0.67367353125491569
decision_type=2 10 2 2 8 10 8 2 2 10 10 8 10 10
left_child=2 9 3 4 7 12 11 -1 -7 -2 -8 -4 -6 -14
right_child=1 -3 6 -5 5 8 10 -9 -10 -11 -12 -13 13 -15
leaf_value=-0.0062678649985642475 0.020445643203827715 0.0027409327709854107 0.0015958825073841703 0.00045083224378293012 -0.00081518261061345402 -0.0062678649985642475 0.00045083224378293012 -0.017855672397700806 -0.0030532577311576494 0.0074229199055372555 0.0015958825073841703 0.0027409327709854107 -0.0019342201708855515 -0.0030532577311576494
leaf_weight=14.415749816223977 11.266863987897521 37.741041179513559 35.538488090503961 101.14942947775126 256.31233290303499 91.988933253102005 432.9735430511646 21.563523177988827 38.879825089126825 24.231771080754697 106.78227958024945 389.80372394062579 6.5102366693317881 140.14546620473266
leaf_count=115 90 217 255 710 1945 1229 3244 206 256 142 740 2964 66 1684
internal_value=0.000853841 0.0048197 0.000662162 -0.000720584 -0.0020812 -0.00137108 0.00162225 -0.0111647 -0.00529133 0.0121049 0.000450832 0.00274093 -0.000815183 -0.00305326
internal_weight=1709.3 73.2397 1636.06 670.965 569.816 533.837 965.098 35.9793 130.869 35.4986 539.756 425.342 402.968 146.656
internal_count=13863 449 13414 6211 5501 5180 7203 321 1485 232 3984 3219 3695 1750
is_linear=0
shrinkage=0.03


Tree=318
num_leaves=15
num_cat=0
split_feature=2 25 22 8 1 16 18 2 11 16 25 1 0 28
split_gain=2.71819 2.80543 2.41399 4.28876 3.8257 6.03387 3.492 1.77714 1.10423 1.04679 0.949033 1.40975 0.618724 0.424157
threshold=0.56421789105447284 -1.0000000180025095e-35 0.42915585770375719 -0.28537863885607967 11.178729971845524 15.606697334151969 0.1446204229263523 0.10446428571428573 0.61633428300094983 -28.160627759949534 -0.020395871449203625 0.74651730177273312 inf 8.5000000000000018
decision_type=2 8 2 10 10 8 10 2 2 10 8 10 8 2
left_child=2 -2 3 10 6 -6 7 8 -5 -3 -1 -12 -8 -4
right_child=1 9 13 4 5 -7 12 -9 -10 -11 11 -13 -14 -15
leaf_value=0.0023719736375171774 0.020186040403874429 0.0044945695494187704 0.0023719736375171774 -0.0048182397892285725 -0.022884272713355195 -0.0048182397892285725 0.0002157981586568055 -0.0016125009247801943 -0.0032153703570043835 0.0123403049766466 0.0017256563052653027 0.0002157981586568055 -0.0016125009247801943 0.0044945695494187704
leaf_weight=112.86285091016907 8.2093824576586467 18.358203145442531 42.218859558925033 215.42900487454608 14.838991901837288 36.228226708248258 377.56281144591048 49.88998716045171 16.119417660869658 7.8200099477544454 441.57763268612325 264.1133009120822 74.289479702711105 28.567953407764435
leaf_count=893 85 170 298 2243 118 332 2786 322 84 74 3109 2436 637 213
internal_value=0.00069105 0.00848297 0.000506169 0.000249378 -0.00133158 -0.00888775 -0.000748734 -0.0034408 -0.00481824 0.00449457 0.00176318 0.00107934 0.000215798 0.00449457
internal_weight=1708.09 34.3876 1673.7 1602.91 784.358 51.0672 733.291 281.438 231.548 26.1782 818.554 705.691 451.852 70.7868
internal_count=13800 329 13471 12960 6522 450 6072 2649 2327 244 6438 5545 3423 511
is_linear=0
shrinkage=0.03


Tree=319
num_leaves=15
num_cat=0
split_feature=2 22 4 18 27 13 8 2 17 25 14 11 16 14
split_gain=4.99661 2.41904 2.24481 2.13171 5.3667 3.8922 3.43505 3.11511 3.22228 2.0746 1.87479 1.55574 0.893088 0.674756
threshold=0.52232142857142871 0.42915585770375719 -0.029960488207930413 0.1446204229263523 2.3891796296093868 150.2151162790698 -0.27581244503674268 0.095695970695970703 0.3341749842481358 0.048864796604827017 0.29343000138817665 0.61633428300094983 -85.094209830590998 0.10113694249948012
decision_type=2 2 10 10 10 8 10 2 2 8 2 2 10 2
left_child=1 3 -3 4 6 10 -1 8 11 -2 -5 13 -11 -8
right_child=9 2 -4 5 -6 -7 7 -9 -10 12 -12 -13 -14 -15
leaf_value=0.00025064300363918096 0.020596682338028693 0.0059136061762994716 0.003125178376324153 0.00025064300363918096 -0.019967569833310685 0.003125178376324153 -0.010235026609076107 -0.0014839858047153165 -0.0034424308420640901 0.0059136061762994716 0.001687910689981667 -0.0056048569993970548 0.013255144257164083 -0.007420061723953846
leaf_weight=437.22857532743365 9.8178419601172191 46.953039803542197 20.466065971180797 363.59476959891617 7.9846965121105304 196.56179872853681 137.70721574919298 50.645855276379734 33.025900059379637 17.80742783867754 294.73249043244869 15.758527153171597 7.9326403811574009 49.080940991640091
leaf_count=3755 106 329 158 2810 86 1739 1726 330 229 158 1760 78 74 384
internal_value=0.000839577 0.000582633 0.00591361 0.000336751 -0.000849102 0.00135039 -0.000502483 -0.00321861 -0.00540088 0.0112446 0.000250643 -0.00776728 0.00591361 -0.00923527
internal_weight=1689.3 1653.74 67.4191 1586.32 731.432 854.889 723.447 286.218 235.573 35.5579 658.327 202.547 25.7401 186.788
internal_count=13722 13384 487 12897 6588 6309 6502 2747 2417 338 4570 2188 232 2110
is_linear=0
shrinkage=0.03


Tree=320
num_leaves=12
num_cat=0
split_feature=22 4 2 18 5 13 8 0 33 17 14
split_gain=2.31432 6.4742 1.63669 1.35312 3.35732 3.35621 2.97066 2.47042 1.34322 0.734413 0.533898
threshold=0.42915585770375719 -0.029960488207930413 0.52232142857142871 0.023848974559388437 0.97173203224090599 inf -1.0000000180025095e-35 23.966738561979806 72.55966255966257 0.00066938987830646494 0.62631898134857777
decision_type=2 8 2 10 2 8 10 8 2 2 2
left_child=2 -2 3 4 6 10 -1 8 -8 -3 -5
right_child=1 9 -4 5 -6 -7 7 -9 -10 -11 -12
leaf_value=0.00031904470919694774 0.018094761246703773 0.0033288271890408385 0.0033288271890408385 0.00031904470919694774 -0.013802393824052267 0.0019208547456476645 -0.0015966905275840084 -0.0070055916085132895 -0.0043011410680486488 0.010711794217872304 0.0011199497274223063
leaf_weight=424.86958935437724 24.489212292130105 40.266643483191729 33.652221309952438 604.60826033819467 11.804966690950094 205.18250182177871 123.63786031957716 30.722154323011637 34.540714565198869 10.365854960517025 162.37497604335658
leaf_count=3693 176 298 324 4217 137 1846 1248 295 377 71 1136
internal_value=0.00096175 0.00594272 0.000714931 0.000512882 -0.000572717 0.00121081 -0.000208789 -0.00351243 -0.00159669 0.00332883 0.000319045
internal_weight=1706.51 75.1217 1631.39 1597.74 625.575 972.166 613.77 188.901 158.179 50.6325 766.983
internal_count=13818 545 13273 12949 5750 7199 5613 1920 1625 369 5353
is_linear=0
shrinkage=0.03


Tree=321
num_leaves=15
num_cat=0
split_feature=24 3 33 16 14 0 3 28 16 9 12 25 27 14
split_gain=1.94075 3.70005 3.96936 3.11478 4.28453 4.18249 2.81383 3.46713 2.39565 2.64054 2.76129 1.34223 1.12765 0.61548
threshold=-0.00052657667546261971 0.14980631517030532 58.556998556998565 251.92631901505823 0.52930444795368603 9.0298743884754558 0.001771306138511432 8.5000000000000018 -10.599109990410573 0.58664625996438236 0.060846031957587345 0.087363584144135156 1.5332036156119639 0.032559572593437287
decision_type=10 8 2 8 2 8 10 2 8 10 2 10 8 2
left_child=3 2 13 4 6 12 -1 -8 -9 10 -10 -11 -5 -2
right_child=1 -3 -4 5 -6 -7 7 8 9 11 -12 -13 -14 -15
leaf_value=-0.00094696343335922903 0.015817960601252744 0.003299487358015303 0.0084818641929209296 0.003299487358015303 0.00062450592953913081 0.00062450592953913081 -0.0025079274128297405 -0.019613084978111872 -0.012129651613594784 -0.0025079274128297405 -0.0058577053099373262 -0.0058577053099373262 0.001961996643777217 0.029516931670235332
leaf_weight=123.30208558682352 6.5917915878817501 39.24432867905125 13.039286328479646 417.53040536562912 187.38573420420289 357.87758111162111 150.49819388333708 8.0743085024878365 92.864013041369617 77.954806720837951 12.970605812966822 43.109808181412518 174.20152727141976 11.136238975101149
leaf_count=788 57 309 107 3973 1225 2908 1271 75 746 514 62 351 1342 145
internal_value=0.0010465 0.0057703 0.0136642 0.000828678 -0.000692987 0.001942 -0.00251843 -0.00406889 -0.00664301 -0.00576854 -0.0091385 -0.00257691 0.00329949 0.0231541
internal_weight=1715.78 70.0116 30.7673 1645.77 696.16 949.61 508.774 385.472 234.974 226.899 105.835 121.065 591.732 17.728
internal_count=13873 618 309 13255 5032 8223 3807 3019 1748 1673 808 865 5315 202
is_linear=0
shrinkage=0.03


Tree=322
num_leaves=15
num_cat=0
split_feature=22 4 2 33 1 7 16 14 1 9 13 25 14 16
split_gain=2.53623 3.25685 1.92054 1.74359 2.31078 2.40778 1.55314 2.50687 1.39273 1.22241 1.15231 1.04869 0.95022 0.738048
threshold=0.42915585770375719 -0.028043639203924092 0.43007518796992489 79.520479520479526 0.055556206695035089 0.14102066484476874 0.06574172498853513 0.0016279874840512353 1.4139397550422639 inf 22.730672283864145 0.054661110096640993 0.91746394735073056 -0.21616870326985196
decision_type=2 8 2 2 8 10 8 2 10 8 8 8 2 10
left_child=2 10 3 6 -5 -6 8 9 -1 -8 -2 -9 -7 -3
right_child=1 13 -4 4 5 12 7 11 -10 -11 -12 -13 -14 -15
leaf_value=-0.00093351472220670371 0.0082191129931704302 0.0025976038229454357 0.0025976038229454357 -0.002979515458016379 -0.0067518898980994972 -0.019281562972330066 -0.00093351472220670371 0.0010837427207908881 -0.002979515458016379 7.5113999292092214e-05 0.019135145183270981 7.5113999292092214e-05 -0.011152441618697335 0.0082191129931704302
leaf_weight=219.81122966576368 9.1732418518513423 41.392078258562833 70.033518748125061 9.6674467865377647 5.3721711803227654 28.805998117662966 375.07206531520933 318.60223403794225 87.907467594370246 159.61368403024971 14.0128460098058 339.92156534083188 5.2805906459689131 8.2052895277738553
leaf_count=1658 59 305 585 78 58 347 3585 2465 712 1188 111 2474 45 55
internal_value=7.84698e-05 0.00537027 -0.000175059 -0.000430118 -0.00572049 -0.0105243 -0.000238543 0.000253674 -0.0021207 -0.000933515 0.0138406 0.00108374 -0.015553 0.0025976
internal_weight=1692.87 72.7835 1620.09 1550.05 49.1262 39.4588 1500.93 1193.21 307.719 534.686 23.1861 658.524 34.0866 49.5974
internal_count=13725 530 13195 12610 528 450 12082 9712 2370 4773 170 4939 392 360
is_linear=0
shrinkage=0.03


Tree=323
num_leaves=13
num_cat=0
split_feature=11 18 13 9 14 14 1 8 4 4 28 28
split_gain=2.11508 1.53488 4.67139 3.20397 3.11953 1.6918 3.48566 4.57426 1.39687 1.38447 0.512504 0.2784
threshold=4.5848660010509734 0.023848974559388437 59.617761420004825 0.14473387896341858 0.62631898134857777 0.00043963256390351928 0.51274497035374533 0.0099145265263187472 -0.18615210647459501 -0.023189036774661796 2.5000000000000004 5.5000000000000009
decision_type=2 10 8 8 2 2 10 10 10 10 2 2
left_child=1 5 4 -4 -3 6 10 9 -9 -8 -1 -11
right_child=-2 2 3 -5 -6 -7 7 8 -10 11 -12 -13
leaf_value=-0.0025080157755272346 0.01129926962738538 0.00047953429783607313 0.0027793129876258317 0.0059740159402580269 0.0027793129876258317 0.00047953429783607313 -0.0025080157755272346 -0.0073779907356576599 -0.015661304625811289 -0.004943003255592447 -0.0005056904685955835 -0.0073779907356576599
leaf_weight=71.276153607293963 11.975581323727964 604.55042415903881 90.49076172336936 143.26473169238307 157.74496946926229 149.54691982222721 137.57628026045859 12.644181774929164 35.743321962654591 15.743239937350152 243.33405651152134 21.862152584828436
leaf_count=453 101 4283 838 1212 1098 1154 1420 177 587 222 1931 313
internal_value=0.000756975 0.000648762 0.00139867 0.00507909 0.000479534 -0.000439597 -0.00149092 -0.00451034 -0.012248 -0.00250802 -0.00050569 -0.00737799
internal_weight=1695.75 1683.78 996.051 233.755 762.295 687.726 538.179 223.569 48.3875 175.182 314.61 37.6054
internal_count=13789 13688 7431 2050 5381 6257 5103 2719 764 1955 2384 535
is_linear=0
shrinkage=0.03


Tree=324
num_leaves=14
num_cat=0
split_feature=12 17 5 24 9 33 27 1 14 18 22 3 18
split_gain=1.7738 3.65082 1.76072 2.07796 1.51397 1.95988 1.687 1.1723 3.08948 1.16622 0.949731 0.567744 0.433157
threshold=1.5454864769933265 0.14723872489443748 0.9996510016704615 -0.00014807122802962255 0.011007817807598849 53.131313131313142 1.5615653839549084 1.3916984928716041 0.51943911227597062 0.99999855756485645 0.0014067332304371881 -5.3666954144344698 0.22474878180057456
decision_type=2 2 2 8 8 2 8 8 2 8 2 10 10
left_child=2 -2 3 12 5 -5 7 8 9 -6 -9 -8 -1
right_child=1 -3 -4 4 6 -7 11 10 -10 -11 -12 -13 -14
leaf_value=-0.0051402266750440245 0.0041848404731413859 0.020663042930285064 -0.010793866303232855 -0.00027264051337226944 0.0016320298533816576 -0.0022348110344527403 0.00071723006515185561 0.00071723006515185561 0.0041848404731413859 0.0029084351632615215 0.0016320298533816576 -0.00027264051337226944 -0.0022348110344527403
leaf_weight=19.890182178467516 14.90838939137757 8.9199671586975438 7.4947555121034375 143.15218289941549 223.22632612660527 82.76943468535319 99.862365763634443 245.98056242009625 106.06414919008967 275.51597452070564 148.08794222772121 300.37713159108534 9.3693944986443949
leaf_count=159 85 78 85 1134 1527 695 628 2351 1105 2313 1061 2420 86
internal_value=0.000559511 0.00793949 0.00043019 0.000513413 0.000670605 -0.00158435 0.00103907 0.0017071 0.00254683 0.00163203 0.00071723 -0.000272641 -0.00514023
internal_weight=1685.62 23.8284 1661.79 1654.3 1625.04 225.922 1399.11 998.875 604.806 498.742 394.069 400.239 29.2596
internal_count=13727 163 13564 13479 13234 1829 11405 8357 4945 3840 3412 3048 245
is_linear=0
shrinkage=0.03


Tree=325
num_leaves=15
num_cat=0
split_feature=5 3 16 25 14 12 11 3 27 18 30 1 18 31
split_gain=2.24479 2.00893 2.73105 1.78511 2.19915 1.58012 0.677191 0.692111 1.27378 1.4176 1.08856 0.596001 0.573542 0.240905
threshold=0.9996510016704615 -0.94951187661970138 -85.094209830590998 -0.29841617774088286 0.00043963256390351928 1.0000000180025095e-35 0.83923564187330257 -0.46872368621525035 1.9115958958607655 0.29810903272246764 52.422577422577426 11.178729971845524 0.023848974559388437 14.7674004317361
decision_type=2 8 10 8 2 2 2 10 8 8 2 10 10 2
left_child=1 2 -1 4 -3 6 7 -5 11 -10 -11 12 -9 -12
right_child=-2 3 -4 5 -6 -7 -8 8 9 10 13 -13 -14 -15
leaf_value=0.0040326005052801718 -0.011960859503530593 0.0020965665775911075 0.018882516978785447 0.00036383330971636495 0.0040326005052801718 0.0020965665775911075 0.0010081485981754781 -0.00074569322375585582 -0.005643455898003598 -0.0013273640676690879 -0.0024443810572666682 -0.0013273640676690879 -0.00016402237984262366 -0.0035613980468642485
leaf_weight=23.836515376577154 7.7612767145037642 47.985299851745367 8.6133009037002903 314.4819927806966 72.60613284772262 112.00380912562832 40.747536160051823 228.19977584853768 31.308319084346294 103.0018631182611 36.935664478689432 106.57336889114231 476.19266149494797 91.045960497111082
leaf_count=243 89 487 111 2277 541 705 232 2510 275 726 303 941 3507 863
internal_value=0.000581428 0.000673948 0.00754778 0.000517417 0.00395689 0.00023624 -8.02694e-05 -0.000280482 -0.000691878 -0.00249071 -0.00147934 -0.000164022 -0.000164022 -0.0035614
internal_weight=1701.29 1693.53 32.4498 1661.08 120.591 1540.49 1428.49 1387.74 1073.26 262.292 230.983 810.966 704.392 127.982
internal_count=13810 13721 354 13367 1028 12339 11634 11402 9125 2167 1892 6958 6017 1166
is_linear=0
shrinkage=0.03


Tree=326
num_leaves=15
num_cat=0
split_feature=2 25 12 13 32 28 14 9 4 28 28 1 25 1
split_gain=2.43076 2.92578 1.94173 1.5451 3.74192 3.64085 2.84322 4.25271 2.59332 3.53813 3.4795 1.34321 1.23543 1.55814
threshold=0.52232142857142871 -1.0000000180025095e-35 0.044375418204102117 59.617761420004825 53.43048559831778 4.5000000000000009 0.29343000138817665 0.3821415664146563 -0.71301250721742904 14.500000000000002 9.5000000000000018 0.25911057755973227 0.94098334446452714 0.88818100287397306
decision_type=2 8 2 8 2 2 2 10 10 2 2 10 8 10
left_child=2 -2 3 5 -5 12 7 8 -7 10 -10 -4 -1 -14
right_child=1 -3 11 4 -6 6 -8 -9 9 -11 -12 -13 13 -15
leaf_value=0.00025819705166623856 0.020116801755882065 0.0042277460757413048 0.0042277460757413048 0.0022286567645396554 0.00025819705166623856 -0.0039559037034017676 0.00025819705166623856 -0.0010832860492947126 -0.0070011201778181886 -0.0070011201778181886 -0.021256253960107264 0.0022286567645396554 -0.0028651087454109798 -0.0096393355108353538
leaf_weight=17.625227192416787 8.0056463349610549 27.587508266558871 50.39767548488453 244.95015424094163 505.27137922216207 40.338854867964983 304.60384855559096 220.03294563107193 35.586044407449663 21.757127923890948 32.836221287027001 60.557505015283823 71.607522481121123 54.274782547727227
leaf_count=117 84 250 360 2313 4774 315 1703 1807 281 167 286 355 488 457
internal_value=0.000689636 0.00794483 0.000510664 0.000229567 0.00120322 -0.000686829 0.000258197 -0.00242477 -0.00682852 -0.0100463 -0.0146646 0.00422775 -0.00492831 -0.00598841
internal_weight=1695.43 35.5932 1659.84 1548.88 750.222 798.663 655.155 350.551 130.518 90.1794 68.4223 110.955 143.508 125.882
internal_count=13757 334 13423 12708 7087 5621 4559 2856 1049 734 567 715 1062 945
is_linear=0
shrinkage=0.03


Tree=327
num_leaves=15
num_cat=0
split_feature=11 20 26 14 8 9 3 3 18 17 28 32 28 28
split_gain=2.83401 2.00192 1.40764 2.68689 1.29669 1.82289 2.68865 1.37443 1.66627 0.918163 1.00247 0.903755 0.700734 0.264349
threshold=4.5848660010509734 0.94204301282539538 -1.0000000180025095e-35 0.041896861810618254 -0.28537863885607967 0.031898869250004035 -1.0000000180025095e-35 0.09787836797143798 0.81040723345868093 0.0052006801981258058 10.500000000000002 36.905402290017676 1.5000000000000002 12.500000000000002
decision_type=2 10 8 2 10 10 10 8 10 2 2 2 2 2
left_child=1 2 3 -1 11 6 9 -7 -9 10 -6 -4 -13 -14
right_child=-2 -3 4 -5 5 7 -8 8 -10 -11 -12 12 13 -15
leaf_value=0.0013955616938107302 0.01347809148619712 0.0070193631654599459 0.0013955616938107302 0.0037293498100161235 -0.008341652817769404 1.1532717158248203e-05 -0.014523099406098462 -0.0021346218341225412 -0.00090433955260658754 -0.0021346218341225412 -0.0045739738853264886 0.00080249556250991687 1.1532717158248203e-05 0.00080249556250991687
leaf_weight=95.093662308529019 10.44001709751319 14.183236293261869 83.819416681304574 117.50816197320819 18.658788282424215 166.31170758511871 14.215653717517851 265.17966685304418 101.29095588997006 75.01578707806766 12.019360430538653 129.13320684991777 519.43131311424077 66.373311093077064
leaf_count=856 91 248 836 788 169 1313 128 2394 708 637 92 924 3996 523
internal_value=0.000680049 0.000560635 0.000439336 0.00268948 0.000101644 -0.000886592 -0.00414854 -0.000120702 -0.00182021 -0.00216021 -0.00701333 0.000909657 0.000209429 1.15327e-05
internal_weight=1688.67 1678.23 1664.05 212.602 1451.45 652.692 119.91 532.782 366.471 105.694 30.6781 798.757 714.938 585.805
internal_count=13703 13612 13364 1644 11720 5441 1026 4415 3102 898 261 6279 5443 4519
is_linear=0
shrinkage=0.03


Tree=328
num_leaves=15
num_cat=0
split_feature=20 3 18 33 13 27 13 9 16 3 14 14 4 28
split_gain=2.44576 5.3012 2.46127 1.62297 3.55931 1.71652 2.3332 2.17984 1.96486 1.68854 1.37933 0.726498 0.0844581 0.051769
threshold=0.00078329944037832451 0.18976503811497772 0.20578973944160689 80.03996003996005 4.4874370633585352 1.7516094980272336 5.4392007271717775 0.031898869250004035 251.92631901505823 6.9688412688546135 0.00031525933840323466 0.46316087088299907 -0.66200203449333772 8.5000000000000018
decision_type=10 8 10 2 8 8 8 10 8 8 2 2 10 2
left_child=3 2 -2 5 -5 7 -7 -1 11 -6 -10 -9 -8 -13
right_child=1 -3 -4 4 9 6 12 8 10 -11 -12 13 -14 -15
leaf_value=0.00019428306496480948 0.0088767907893125796 0.003213876754822743 0.023404126136116383 -0.017481902346303244 -0.0020070185266851141 -0.0020070185266851141 0.00019428306496480948 0.0011395122062137645 0.0021766944805182539 -0.0097444604364941793 0.003213876754822743 0.0016581033433660092 -0.00090636773086015217 0.0021766944805182539
leaf_weight=201.94886793475598 23.348792837932706 39.702194363810122 13.761793071287682 10.036593353375791 29.957568165846173 123.29162647435442 282.13380719162524 339.92394971800968 284.40456630848348 5.6601863075047687 158.06762702390552 38.548461498692632 8.5365091450512391 130.64855860290118
leaf_count=1636 204 290 178 75 323 932 2148 2601 2883 76 1322 202 55 821
internal_value=0.000812073 0.00587412 0.0145397 0.000553631 -0.00473631 0.000722273 -0.000927021 0.00131559 0.00208474 -0.00200702 0.00321388 0.00113951 0.000194283 0.00217669
internal_weight=1689.97 76.8128 37.1106 1613.16 45.6543 1567.5 413.962 1153.54 951.593 35.6178 442.472 509.121 290.67 169.197
internal_count=13746 672 382 13074 474 12600 3135 9465 7829 399 4205 3624 2203 1023
is_linear=0
shrinkage=0.03


Tree=329
num_leaves=15
num_cat=0
split_feature=28 5 2 7 3 9 32 0 22 25 16 16 1 22
split_gain=2.38188 3.34 2.59555 3.10557 2.66634 3.45673 2.8287 2.3502 1.80585 1.50242 1.37454 1.01106 0.951512 0.789822
threshold=1.5000000000000002 -0.4421323261716687 0.50892857142857151 0.34916018423252299 -0.63111392298424607 0.017426350795307362 53.319407864862413 8.5443530318572982 6.6210969376664263e-07 -0.52374651268147476 133.3645267970042 19.378096903998124 0.12434398531296943 0.003333525319845996
decision_type=2 2 2 8 10 10 2 8 2 8 8 8 10 2
left_child=1 7 4 -4 6 13 -2 -1 9 -7 12 -3 -10 -6
right_child=2 11 3 -5 5 8 -8 -9 10 -11 -12 -13 -14 -15
leaf_value=0.020280769065512672 0.0036220758001179517 -0.0047956050355125917 0.017174459582755156 0.0036220758001179517 -0.0075545557924895004 -0.0011309486700056366 0.00067702505264087543 0.0069539963565078619 -0.00019834762054723881 -0.003225624434252295 0.00067702505264087543 0.002554262312231615 -0.0011309486700056366 -0.003225624434252295
leaf_weight=13.764261718839405 175.04903287184425 15.416432058438657 13.833100496791301 19.021901755593717 81.256129677873105 29.021338864695281 100.24447026103735 12.708960060030224 76.915406390326098 256.84728658408858 410.70065372425597 97.135088380426168 378.03312817495316 24.635989867150784
leaf_count=110 1497 125 139 178 734 289 609 112 513 2496 3567 685 2627 166
internal_value=0.000175821 0.00386785 -0.000163309 0.007598 -0.000353845 -0.000940458 0.00229451 0.0125216 -0.000451262 -0.00249651 0.00023461 0.00138638 -0.00107372 -0.00599999
internal_weight=1704.58 139.025 1565.56 32.855 1532.7 1257.41 275.294 26.4732 1151.52 285.869 865.649 112.552 454.949 105.892
internal_count=13847 1032 12815 317 12498 10392 2106 222 9492 2785 6707 810 3140 900
is_linear=0
shrinkage=0.03


Tree=330
num_leaves=12
num_cat=0
split_feature=12 17 27 14 1 16 8 18 9 17 14
split_gain=2.63267 2.87773 1.79774 1.48067 1.16965 6.18036 4.92776 3.29647 2.66391 1.06515 0.55562
threshold=1.2739370334307045 0.16582305599990441 -0.43305049367514975 0.0020053482711307759 11.178729971845524 121.1019197395846 -0.43726089999342838 0.1446204229263523 0.54224138436965885 0.31448733883322133 0.71190313027293373
decision_type=2 2 8 2 10 8 10 10 8 2 2
left_child=2 -2 3 -1 7 6 -6 9 10 -4 -9
right_child=1 -3 4 -5 5 -7 -8 8 -10 -11 -12
leaf_value=0.0025826899851685158 0.0048830268890601878 0.020380171446388404 -0.00066641507815829218 0.0048830268890601878 -0.0058253653203923974 -0.00066641507815829218 -0.020111808665643723 0.00063115093268351736 0.0025826899851685158 0.00063115093268351736 0.0016069204589260165
leaf_weight=13.837930481880901 17.114897182676945 8.7949805967509729 605.30455162143335 32.383740327553824 25.33376086410135 138.0880274316296 24.74238292593509 317.4579587392509 363.52110768808052 56.092764663044363 83.554150239913724
leaf_count=124 99 83 5441 255 214 1266 186 2026 2576 394 1063
internal_value=0.000626052 0.00930293 0.000463121 0.00488303 0.000282353 -0.00191017 -0.0109843 0.000577339 0.00192872 -0.000666415 0.000631151
internal_weight=1686.23 25.9099 1660.32 46.2217 1614.09 188.164 50.0761 1425.93 764.533 661.397 401.012
internal_count=13727 182 13545 379 13166 1666 400 11500 5665 5835 3089
is_linear=0
shrinkage=0.03


Tree=331
num_leaves=15
num_cat=0
split_feature=18 12 17 28 27 3 16 28 18 11 27 34 13 28
split_gain=2.04725 1.77601 2.88714 2.02062 4.0829 4.86415 2.36216 2.31076 2.73981 2.14307 1.88586 2.05134 1.94869 1.09339
threshold=0.023848974559388437 1.2739370334307045 0.0075568121879686263 9.5000000000000018 -0.11778303565638358 0.10139776933065532 -4.5364716616576048 13.500000000000002 0.2698389268755898 0.20439453471782695 1.4774913071902174 57.129537129537141 48.832013522512653 12.500000000000002
decision_type=8 2 2 2 10 8 8 2 8 2 8 2 8 2
left_child=-1 3 -3 6 -5 13 -2 8 -7 10 11 -8 -12 -6
right_child=1 2 -4 4 5 7 9 -9 -10 -11 12 -13 -14 -15
leaf_value=-0.010109675006832399 -0.0045520405935319886 0.0044817706059413218 0.017795239299876579 0.0044817706059413218 -0.00083646769607675204 -0.0045520405935319886 0.0030195614093594661 -0.0045520405935319886 -0.00083646769607675204 0.0044817706059413218 -0.0012657966040250117 0.0013684169360421105 0.0013684169360421105 0.0015562903086509508
leaf_weight=10.08067916613072 30.250940049998462 13.754869567230346 12.530733468942342 98.639973485260271 67.03439763863571 40.889756154734641 290.5053189859027 190.96109734894708 172.5479973370675 39.486228042980656 122.2352228211239 221.57062989566475 270.19350822083652 106.13384526304435
leaf_count=107 265 75 105 750 534 337 2332 1624 1520 224 908 2020 2079 847
internal_value=0.000909485 0.00100559 0.00809496 0.000868578 -0.000390081 -0.00136919 0.00173973 -0.00322923 -0.000908611 0.00202045 0.00155735 0.00274743 -1.05991e-05 0.00155629
internal_weight=1686.82 1676.73 26.2856 1650.45 676.207 577.567 974.242 404.399 213.438 943.991 904.505 512.076 392.429 173.168
internal_count=13727 13620 180 13440 5612 4862 7828 3481 1857 7563 7339 4352 2987 1381
is_linear=0
shrinkage=0.03


Tree=332
num_leaves=15
num_cat=0
split_feature=20 14 28 3 13 13 18 24 13 28 18 22 31 16
split_gain=2.03706 1.92799 1.69158 5.84113 4.78084 2.61054 5.35697 8.26645 4.19743 3.0017 3.51453 2.61634 2.28309 1.81642
threshold=0.96728788207662453 2.3267118737113726 13.500000000000002 0.12688429477978849 -81.822719893800723 52.084231798424774 0.21793284219199979 0.599265621593424 -6.3175420053036442 5.5000000000000009 0.87402661303296336 3.2233139857976673e-07 66.301006685622085 -25.429546830019124
decision_type=10 2 2 10 10 8 8 8 8 2 8 2 2 10
left_child=1 2 5 13 -5 6 7 -1 -9 10 -8 -7 -6 -4
right_child=-2 -3 3 4 12 11 9 8 -10 -11 -12 -13 -14 -15
leaf_value=-0.025379663411692 0.010723763700106676 0.0056199422809085856 -0.00092457472606093376 -0.012649805933248279 -0.00092457472606093376 0.00075254526396276329 -0.0028394881003785577 -0.014123317507522153 -0.0028394881003785577 0.00075254526396276329 0.00075254526396276329 0.0029800642186465936 -0.0073160170638871319 0.0029800642186465936
leaf_weight=12.619001936167477 12.798599952249786 43.317308542318642 59.025854699313641 47.148952322080731 121.60717132501304 339.68284217268229 71.60191978700459 8.0140027813613397 90.954418736509979 346.15675348648801 106.2459188438952 353.279894660227 25.125868757255375 67.484049056656659
leaf_count=68 236 736 468 542 801 3046 538 99 696 2295 718 2960 214 444
internal_value=0.000623873 0.000516121 0.000340186 -0.00160054 -0.00482921 0.000812456 -0.000574455 -0.0063921 -0.00286697 0.000713127 -0.00283949 0.00207955 -0.00198223 0.00298006
internal_weight=1705.06 1692.26 1648.95 320.392 193.882 1328.55 635.592 111.587 98.9684 524.005 177.848 692.963 146.733 126.51
internal_count=13861 13625 12889 2469 1557 10420 4414 863 795 3551 1256 6006 1015 912
is_linear=0
shrinkage=0.03


Tree=333
num_leaves=15
num_cat=0
split_feature=28 14 19 26 25 1 3 16 22 12 3 22 0 8
split_gain=1.48403 2.28189 6.95252 5.26341 5.01458 2.81732 1.70136 1.75107 1.5909 1.19712 1.17191 1.61651 2.47411 2.34894
threshold=1.5000000000000002 0.04898150502107159 -2.6249789207059977 -1.0000000180025095e-35 -0.58579569741144788 5.7775355730067908 0.31460777538627555 19.378096903998124 0.00085297344523083346 1.1050061050061053 -0.107476787000178 0.2518066402963291 1.9139622384490409 -0.6085097815806132
decision_type=2 2 8 8 8 10 8 8 2 2 10 2 10 10
left_child=6 10 4 5 -3 -4 8 -8 -1 -5 -2 12 -12 -14
right_child=1 2 3 9 -6 -7 7 -9 -10 -11 11 -13 13 -15
leaf_value=0.0051443995929631881 -0.00013187997323388641 0.028633211408495913 0.0071359917556513587 -0.00013187997323388641 0.0071359917556513587 0.0030951714772851618 -0.0071980513288856943 0.0027483098494446509 0.017569713790587242 0.0030951714772851618 -0.0020280259614684037 -0.0010716139272074297 -0.0043883172585845219 -0.011765107572268212
leaf_weight=20.037958767265085 167.8374908445403 8.8622965076938254 103.82998683024198 651.74244905065279 22.398407651111487 10.466616440564392 13.959689792245625 97.735223762691021 8.4175484217703325 8.23232653737068 415.65531669417396 39.033178433775902 69.749927949160337 48.206133740022779
leaf_count=145 1061 83 734 4841 151 64 114 712 54 72 3683 283 907 805
internal_value=0.000187955 -8.40796e-05 0.00101798 0.000413983 0.013858 0.00632222 0.00308832 0.00125006 0.00903874 -0.00013188 -0.00128174 -0.00201135 -0.00298444 -0.00674861
internal_weight=1686.16 1546.01 805.532 774.271 31.2607 114.297 140.15 111.695 28.4555 659.975 740.482 572.645 533.611 117.956
internal_count=13709 12684 5945 5711 234 798 1025 826 199 4913 6739 5678 5395 1712
is_linear=0
shrinkage=0.03


Tree=334
num_leaves=15
num_cat=0
split_feature=20 4 18 17 28 24 11 35 24 13 13 14 34 16
split_gain=2.92811 1.74296 2.30577 1.61377 3.39249 2.86363 2.26587 2.18257 1.45998 1.40591 1.02928 0.966708 0.459338 0.9066
threshold=0.94204301282539538 2.0865658321103715 0.4628758142527663 0.0052006801981258058 9.5000000000000018 -0.00052657667546261971 0.92918348406034845 19.005994005994008 0.21473362741186561 59.617761420004825 1.0000000180025095e-35 0.00031525933840323466 46.441058941058948 0.0011651182960075951
decision_type=10 10 10 2 2 10 2 8 8 8 8 2 2 10
left_child=1 3 -3 4 8 7 11 -5 -1 -9 -2 -6 -10 -14
right_child=10 2 -4 5 6 -7 -8 9 12 -11 -12 -13 13 -15
leaf_value=-0.0033672055197111568 0.006354280221609397 -0.015980831408397608 -0.0033672055197111568 0.0037015175251927054 -0.0033672055197111568 0.006354280221609397 0.0005565564956298084 0.0005565564956298084 0.0005565564956298084 0.0021290370104112568 0.017520435801683543 -0.0014053245120406743 -0.0014053245120406743 -0.00014803867715265258
leaf_weight=14.190798401832579 4.6273601506836695 10.904334815219046 10.016947541385887 33.645030386047438 154.04877039976418 33.676974397152662 9.4780023917555791 579.4319026065059 216.87305189110339 174.02293067704886 9.3961306194541958 84.347230777144432 340.37272366974503 9.0527976378798467
leaf_count=109 66 141 79 248 1607 259 42 3955 1585 1588 185 669 3136 79
internal_value=0.000568876 0.000434241 -0.00728836 0.000553945 -0.000379569 0.00149268 -0.00331233 0.00104875 0.000556556 0.000556556 0.0122743 -0.00336721 0.000556556 -0.000852634
internal_weight=1684.08 1670.06 20.9213 1649.14 828.363 820.777 247.874 787.1 580.489 753.455 14.0235 238.396 566.299 349.426
internal_count=13748 13497 220 13277 7227 6050 2318 5791 4909 5543 251 2276 4800 3215
is_linear=0
shrinkage=0.03


Tree=335
num_leaves=15
num_cat=0
split_feature=0 13 20 6 11 28 13 18 0 28 9 0 13 34
split_gain=2.52421 1.95023 1.3125 1.65184 1.22705 1.16148 3.94053 3.41728 1.97007 1.78489 2.19962 3.70426 1.61375 2.50088
threshold=-0.8348631728980318 -81.822719893800723 0.00078329944037832451 0.23157658953911966 0.66169107312056841 4.5000000000000009 13.61536444223092 0.51969549797200432 0.51837920129088466 13.500000000000002 0.011007817807598849 -0.8348631728980318 -81.822719893800723 56.431068931068943
decision_type=8 10 10 2 2 2 8 8 10 2 10 10 10 2
left_child=1 -1 4 -4 5 6 7 -2 -8 10 11 -7 -11 -14
right_child=2 -3 3 -5 -6 9 8 -9 -10 12 -12 -13 13 -15
leaf_value=0.0046589334553847365 -0.012709973265615212 0.018419547268607596 0.0046589334553847365 0.0019830981602772186 0.0019830981602772186 -0.0012400229368486522 0.00090716749919819717 -0.0025805234681490334 -0.0025805234681490334 -0.0047430398201082392 0.00090716749919819717 -0.017748984569667642 0.00090716749919819717 -0.0024273341531656544
leaf_weight=16.560039344127294 37.81220312230289 7.8958444320596746 62.867926605511457 14.1672490616329 47.728763556107879 124.67502599954605 195.71179106831551 99.233649691566825 119.24461828172207 94.073258655611426 645.95462892157957 8.6903066691011173 148.78184166084975 65.897928873077035
leaf_count=189 309 117 570 107 277 1028 1330 705 1173 1039 5363 86 1004 503
internal_value=0.00038333 0.00908926 0.00022861 0.00392888 3.73146e-05 -0.000168763 -0.00143834 -0.00558699 0.000425943 0.000362806 0.000907167 -0.00291828 -0.00157586 -0.000111628
internal_weight=1689.3 24.4559 1664.84 77.0352 1587.8 1540.08 452.002 137.046 314.956 1088.07 779.32 133.365 308.753 214.68
internal_count=13800 306 13494 677 12817 12540 3517 1014 2503 9023 6477 1114 2546 1507
is_linear=0
shrinkage=0.03


Tree=336
num_leaves=15
num_cat=0
split_feature=28 27 14 20 22 28 3 7 22 25 14 28 7 14
split_gain=2.50967 4.63023 4.1752 2.21388 4.76537 1.47677 11.5647 2.46133 1.88562 1.45715 3.33844 2.26902 3.35633 3.7474
threshold=17.500000000000004 0.90040465237398648 0.0046966806146192877 0.82743593613556066 0.0012108573098063057 13.500000000000002 0.13199599457180297 -1.7282988467174689 0.005632168578220474 -0.0618754037180873 0.04898150502107159 10.500000000000002 2.998734241989172 0.41877929648144646
decision_type=2 10 2 10 2 2 10 10 2 8 2 2 10 2
left_child=3 2 -2 5 -5 9 -7 -8 -9 10 -1 -11 13 -13
right_child=1 -3 -4 4 -6 6 7 8 -10 11 -12 12 -14 -15
leaf_value=0.0013287136615732311 -0.00073464761050365008 -0.011175074277000503 0.014566312964582547 0.0041173867219181119 0.023302681438456936 0.0041173867219181119 -0.0013654707852327511 -0.010052881670540682 -0.004779392018749995 0.00056249490623518094 0.0041173867219181119 -0.0051055372581615636 -0.014076327080378277 0.0013287136615732311
leaf_weight=106.4149240013212 12.881347430869935 7.2390019185841075 36.277231518761255 16.737172742374245 8.2608518941560742 110.86910898890346 14.369652662426232 127.36957998108119 28.069151736795902 948.19949416350573 105.96193606988527 107.4679178763181 17.202164967544377 44.930107935331762
leaf_count=1028 139 48 286 186 135 854 130 1118 212 7530 713 869 150 399
internal_value=0.000379023 0.00633379 0.00970578 0.000155052 0.00823011 4.66059e-06 -0.00195301 -0.00684833 -0.00819331 0.000423511 0.0026709 -1.34759e-05 -0.0031575 -0.00151702
internal_weight=1692.25 56.3976 49.1586 1635.85 24.998 1610.85 280.677 169.808 155.439 1330.18 212.377 1117.8 169.6 152.398
internal_count=13797 473 425 13324 321 13003 2314 1460 1330 10689 1741 8948 1418 1268
is_linear=0
shrinkage=0.03


Tree=337
num_leaves=15
num_cat=0
split_feature=33 13 28 28 25 9 11 4 22 21 14 28 28 18
split_gain=2.03899 3.25243 2.2907 1.39638 2.01945 1.62709 1.49768 2.52885 1.72489 2.18104 2.07751 1.70422 1.67827 1.61026
threshold=80.03996003996005 7.8825030530064071 9.5000000000000018 17.500000000000004 -0.037740327982846759 0.61674557939225683 0.99199140097495997 -0.067033837623518625 0.42915585770375719 1.0000000180025095e-35 0.096039380846524261 13.500000000000002 8.5000000000000018 0.15128888577333552
decision_type=2 8 2 2 10 10 2 10 2 2 2 2 2 10
left_child=3 -2 -3 6 -5 -6 8 -8 9 10 13 -12 -11 -1
right_child=1 2 -4 4 5 -7 7 -9 -10 12 11 -13 -14 -15
leaf_value=-0.0018072432033029969 -0.016954809694729137 -0.0018072432033029969 -0.0093810264490160663 0.011288051847826035 -0.0018072432033029969 0.0059177124195615811 0.015210602118374106 0.0037262949131679755 0.0037262949131679755 0.0021484441522659405 0.0010144216372142479 -0.00018486255867987945 0.0010144216372142479 -0.00018486255867987945
leaf_weight=333.34669635398313 9.8989914199337345 26.635955704376101 12.992304741404949 24.370998882804997 21.126119548454881 14.023630332201718 15.413914645090697 20.509417636785656 69.466784716118127 181.2663666899316 415.41688783559948 120.05260948208161 203.78210936975665 235.51801234297454
leaf_count=3551 78 294 140 207 176 107 101 135 505 1250 3082 893 1517 1834
internal_value=0.000959327 -0.00475883 -0.00180724 0.00114434 0.00547914 0.000547373 0.00096594 0.00663817 0.000814419 0.000570593 -0.000119601 0.00101442 0.00214844 -0.00138415
internal_weight=1703.82 49.5273 39.6283 1654.29 59.5207 35.1497 1594.77 35.9233 1558.85 1489.38 1104.33 535.469 385.048 568.865
internal_count=13870 512 434 13358 490 283 12868 236 12632 12127 9360 3975 2767 5385
is_linear=0
shrinkage=0.03


Tree=338
num_leaves=15
num_cat=0
split_feature=20 18 8 7 24 22 26 26 1 25 3 22 33 8
split_gain=2.16087 2.3708 4.13058 5.37015 2.72429 2.59001 1.56256 1.51034 1.93924 1.08227 0.933074 0.803095 0.747377 0.587365
threshold=0.94204301282539538 0.023848974559388437 0.27507644500488221 0.47791716181442917 -0.00052657667546261971 0.00034767291135672738 2.9986762963902809 -1.0000000180025095e-35 0.64859850261324759 -1.0000000180025095e-35 -0.00094472539534589349 0.18991166789725913 69.799089799089799 -1.0347450258004256
decision_type=10 10 10 10 10 2 10 10 10 10 8 2 2 10
left_child=1 2 9 6 7 12 -4 8 -3 -1 -11 -9 -5 -2
right_child=13 4 3 5 -6 -7 -8 11 -10 10 -12 -13 -14 -15
leaf_value=0.00012781906932245442 0.015754365632640373 0.0031635141604144297 -0.0026343798694130355 -0.013977883349560079 0.0054383242933639976 -0.0081731444347053362 -0.0081731444347053362 0.00012781906932245442 0.0014277198474980256 -0.00093493177497704994 -0.0026343798694130355 0.0014277198474980256 -0.024369931154258513 0.0054383242933639976
leaf_weight=319.81701392494142 5.9797085854224861 156.8329279362224 93.430162237025797 6.0143476445227888 36.596565962769091 18.131469261832535 8.7706820284947735 653.80655098287389 121.51766866352409 22.745921742171049 188.96935848891735 22.813719768077135 19.928765230346471 7.9711700479965639
leaf_count=2667 89 1054 924 67 282 177 91 4932 903 148 1822 152 230 172
internal_value=0.000458636 0.000343238 -0.00101973 -0.00539658 0.00127537 -0.0137119 -0.00263438 0.000888704 0.00272762 0.000127819 -0.00199768 0.000127819 -0.0197826 0.0105334
internal_weight=1683.33 1669.38 677.808 146.275 991.567 44.0746 102.201 954.971 278.351 531.532 211.715 676.62 25.9431 13.9509
internal_count=13710 13449 6126 1489 7323 474 1015 7041 1957 4637 1970 5084 297 261
is_linear=0
shrinkage=0.03


Tree=339
num_leaves=15
num_cat=0
split_feature=5 28 16 8 9 11 24 18 28 0 9 14 16 0
split_gain=1.72472 1.30084 4.10648 4.54558 2.1425 1.75603 1.57167 1.69614 0.945592 2.51311 1.56916 1.18178 0.749376 3.38509
threshold=0.9996510016704615 17.500000000000004 0.0072331451206766057 0.19772525555343815 2.778931169355944 3.0189109136477561 -0.046831685064342536 0.1164780578617453 15.500000000000002 0.43996565306116142 1.8806052830037625 0.0020053482711307759 178.43174699288781 9.0298743884754558
decision_type=2 2 10 10 10 2 10 10 2 10 10 2 8 8
left_child=1 5 4 -4 -3 6 8 -8 12 11 -11 -10 -1 -14
right_child=-2 2 3 -5 -6 -7 7 -9 9 10 -12 -13 13 -15
leaf_value=-0.00022394742069951359 -0.010313186400527353 -0.0047189877795677159 0.021753131502378498 0.0051042262410350503 0.0051042262410350503 0.0097813282168861451 0.002602397667154306 0.0051907348025183415 -0.001058295056206705 -0.0047189877795677159 -0.001058295056206705 0.002602397667154306 0.002602397667154306 0.00047328950292675211
leaf_weight=578.01942605315708 7.5164539255201808 25.620926370145753 16.734580058604482 11.296494936570523 6.4382524248212567 13.997097776853478 38.189783105626702 32.879242083174177 16.125898653641343 53.092008562758565 15.896925775334237 36.012698764912784 523.26330900657922 333.72325188433751
leaf_count=4226 88 260 104 69 58 111 312 298 120 469 138 285 4680 2690
internal_value=0.000796052 0.000875211 0.00503907 0.0124929 -0.00228442 0.000707915 0.000600141 0.0048118 0.000392999 -0.00210017 -0.00471899 0.0026024 0.000610006 0.00117053
internal_weight=1708.81 1701.29 60.0903 28.0311 32.0592 1641.2 1627.2 71.069 1556.13 121.128 68.9889 52.1386 1435.01 856.987
internal_count=13908 13820 491 173 318 13329 13218 610 12608 1012 607 405 11596 7370
is_linear=0
shrinkage=0.03


Tree=340
num_leaves=15
num_cat=0
split_feature=5 1 33 28 34 33 16 17 13 14 2 14 28 28
split_gain=1.91092 1.85314 1.13578 1.03806 1.22514 1.16804 0.930811 1.21536 6.21284 2.06376 1.59122 1.39098 1.72007 0.768818
threshold=0.9996510016704615 -1.4253735324078141 61.945197659483377 1.5000000000000002 60.048285048285059 74.619824619824627 -14.62445679044564 0.0052006801981258058 68.440081406701424 0.0010638382124835042 0.012163561076604556 0.46316087088299907 8.5000000000000018 8.5000000000000018
decision_type=2 8 2 2 2 2 8 2 8 2 2 2 2 2
left_child=1 2 -1 4 -3 -6 13 9 11 10 -8 -9 -13 -5
right_child=-2 3 -4 6 5 -7 7 8 -10 -11 -12 12 -14 -15
leaf_value=0.015402924365436823 -0.01080143543916507 0.0048713609820876724 0.0048713609820876724 -0.0018806282714983282 0.002763974437279197 -0.0023569745034696188 -0.0018806282714983282 0.00064288817567650794 0.0048713609820876724 0.00064288817567650794 -0.00047197603797529276 0.0017000063772792989 0.00275712457888209 -0.0049297760541079762
leaf_weight=9.1136072529479879 7.5909723420627406 50.925786492414773 11.691833972930906 14.048179486766459 31.622300926595926 51.460141289979219 367.02235395088792 410.34616090729833 169.90329076058697 233.30761459749192 106.31173566542566 60.7027079439722 151.31985828489996 13.301534110680221
leaf_count=144 91 366 120 114 195 416 3990 2940 1659 1691 668 324 988 98
internal_value=0.000857362 0.000941883 0.00892741 0.00081531 0.00329951 0.000656588 0.000587131 0.000693635 0.00149661 -0.000210835 -0.00158684 0.000642888 0.00275712 -0.00445489
internal_weight=1688.67 1681.08 20.8054 1660.27 134.008 83.0824 1526.26 1498.91 792.272 706.642 473.334 622.369 212.023 27.3497
internal_count=13804 13713 264 13449 977 611 12472 12260 5911 6349 4658 4252 1312 212
is_linear=0
shrinkage=0.03


Tree=341
num_leaves=14
num_cat=0
split_feature=11 26 2 18 16 13 8 14 27 13 0 28 28
split_gain=1.41999 1.28771 3.28259 2.05424 1.72566 1.5572 1.11417 1.08282 1.01102 1.13004 0.724184 0.337028 0.10992
threshold=4.5848660010509734 -1.0000000180025095e-35 0.1125730994152047 0.020649608656260383 -7.9481569079030976 -17.749789385369208 -0.58239800366049088 0.045408425587969696 1.9115958958607655 13.61536444223092 inf 13.500000000000002 17.500000000000004
decision_type=2 8 2 8 8 8 10 2 8 8 8 2 2
left_child=1 2 7 -3 6 -6 -5 -1 10 -10 11 -7 -13
right_child=-2 3 -4 4 5 8 -8 -9 9 -11 -12 12 -14
leaf_value=0.0014190745720112502 0.0092281410838363394 -0.011474445725521649 0.0048753244192879979 -0.0025516029103156905 -0.0025516029103156905 0.0014190745720112502 -0.0055852804582422928 0.003147199495649624 -0.00094408126239878037 0.00028491733719241628 0.00028491733719241628 0.00085199595460183327 0.0014190745720112502
leaf_weight=82.112010798417032 12.058585022925397 8.4514285577461106 27.917400350328535 18.307960633188486 16.649402146227658 593.80650673201308 19.473539406433702 108.77943644649349 117.14751432556659 283.28568597324193 172.27566116116941 182.32790056825615 46.721369746723212
leaf_count=779 99 79 210 161 133 5079 167 740 868 2165 1372 1553 382
internal_value=0.000611699 0.000522508 0.00264149 0.000196661 0.000303885 0.000482075 -0.00558528 0.00141907 0.00066344 -0.000604141 0.00117398 0.00141907 0.000851996
internal_weight=1689.31 1677.26 218.809 1458.45 1450 1412.21 37.7815 190.891 1395.56 400.433 995.131 822.856 229.049
internal_count=13787 13688 1729 11959 11880 11552 328 1519 11419 3033 8386 7014 1935
is_linear=0
shrinkage=0.03


Tree=342
num_leaves=15
num_cat=0
split_feature=20 28 16 28 3 8 0 14 18 35 14 13 18 1
split_gain=1.62313 1.26429 2.16143 1.56918 6.70368 5.97611 6.07872 2.95038 2.39659 1.78957 3.89479 1.90267 2.55963 2.0964
threshold=0.93792492401601923 17.500000000000004 0.0042125669439379886 13.500000000000002 0.12688429477978849 -0.30462660984997741 5.0186928742098553 0.010982106338259265 0.023848974559388437 31.285381285381288 0.026429569865068638 inf 0.83732904877669123 0.87124251164587296
decision_type=10 2 8 2 8 10 10 2 8 8 2 8 8 10
left_child=1 3 -3 8 7 -6 -7 -5 -1 10 -10 12 13 -11
right_child=-2 2 -4 4 5 6 -8 -9 9 11 -12 -13 -14 -15
leaf_value=-0.011123962134273633 0.0097102594117623106 -0.0054518722923304454 0.0052004153713138017 9.7993477283170866e-05 9.7993477283170866e-05 -0.0045156986972386681 -0.019351060013626329 0.0052004153713138017 0.0025990726251148306 -0.00090500936295779058 0.0052004153713138017 0.0018369707169593268 0.00064373593226797841 -0.0050182202599203763
leaf_weight=9.6550607369281334 13.188877574284559 13.423754962161182 46.253267260268331 43.140644483268261 49.710138943977654 112.43331592995673 28.891586706973612 51.953956168144941 57.329554641619325 191.69178084097803 64.944317071698606 639.76981122139841 240.8513023564592 127.47661677515134
leaf_count=97 249 100 381 315 408 912 280 419 543 1307 439 5694 1660 993
internal_value=0.000789356 0.000690571 0.00480606 0.000524425 -0.001474 -0.00467731 -0.00810615 0.0048733 0.000957709 0.00108752 0.00447275 0.000725393 -0.000549499 -0.00245375
internal_weight=1690.71 1677.53 59.677 1617.85 286.13 191.035 141.325 95.0946 1331.72 1322.06 122.274 1199.79 560.02 319.168
internal_count=13797 13548 481 13067 2334 1600 1192 734 10733 10636 982 9654 3960 2300
is_linear=0
shrinkage=0.03


Tree=343
num_leaves=15
num_cat=0
split_feature=14 0 1 9 7 28 22 28 30 28 13 2 18 13
split_gain=5.20293 1.43528 1.35386 3.4048 3.44643 2.77498 2.08616 1.52878 1.70235 1.41853 2.66876 1.73586 0.974654 0.831001
threshold=1.9252692060134797 4.6810474914407534 -0.25797866040431766 0.0062653524680269706 inf 1.5000000000000002 0.0025732762167335632 13.500000000000002 38.872437086722805 4.5000000000000009 18.092527229277358 0.40967365967365971 0.21468666756274504 1.2502057463651237
decision_type=2 10 10 8 8 2 2 2 2 2 8 2 8 10
left_child=2 -2 9 -4 7 -6 13 12 -9 10 -1 -11 -5 -7
right_child=1 -3 3 4 5 6 -8 8 -10 11 -12 -13 -14 -15
leaf_value=0.00090736137515411586 0.013240283489493274 0.0050083996899093269 -0.012679269221303049 -0.0011971686298590989 -0.0011971686298590989 -0.0063268331240019671 -0.0011971686298590989 0.00090736137515411586 -0.0011971686298590989 0.00090736137515411586 0.0050083996899093269 0.0050083996899093269 0.00090736137515411586 -0.0037620008769305336
leaf_weight=51.352742379531264 33.764091492863372 15.227232710458336 14.267423603683708 97.156668961979449 81.490450939163566 110.43327749031596 40.703084647655487 97.699406364699826 192.80283473059535 140.2211874530185 121.42951536271721 17.149638853501529 661.14554031635635 8.9942121906205994
leaf_count=334 702 163 152 742 662 978 278 669 1565 1052 799 207 5374 64
internal_value=0.00057855 0.00974171 0.000275092 -0.000161206 2.5603e-05 -0.00316698 -0.00577567 0.000772638 -0.00119717 0.00197593 0.00396626 0.000907361 0.000907361 -0.00632683
internal_weight=1683.84 48.9913 1634.85 1304.69 1290.43 241.621 160.131 1048.8 290.502 330.153 172.782 157.371 758.302 119.427
internal_count=13741 865 12876 10484 10332 1982 1320 8350 2234 2392 1133 1259 6116 1042
is_linear=0
shrinkage=0.03


Tree=344
num_leaves=15
num_cat=0
split_feature=14 34 28 17 1 2 4 13 28 22 18 18 17 13
split_gain=2.42246 4.91502 2.36481 6.66199 6.64423 2.82311 3.051 2.0168 4.84202 3.99579 3.42601 3.37669 6.30244 2.30006
threshold=2.2228807863345179 52.047952047952052 13.500000000000002 1.0000000180025095e-35 0.38461846979016295 0.013072453861927548 -0.29433670657479521 68.440081406701424 5.5000000000000009 1.0000000180025095e-35 0.99999855756485645 0.21793284219199979 0.40430041244869747 12.699771655012404
decision_type=2 2 2 2 10 2 10 8 2 2 10 8 2 10
left_child=2 -2 7 5 -5 6 -4 8 10 -9 13 12 -10 -1
right_child=1 -3 3 4 -6 -7 -8 9 11 -11 -12 -13 -14 -15
leaf_value=-0.0077633092691742362 0.018934726599342113 0.0035318989400613936 -0.0077554222796257536 0.0035318989400613936 -0.0036570684667474522 -0.003890213592289209 -0.015852755553233178 0.00065254537713900918 -0.012617266078107875 0.0035318989400613936 0.00065254537713900918 0.00065254537713900918 -0.0023685943700048847 -0.0027690747547670365
leaf_weight=162.97114789811894 16.273804400349036 27.307112860493362 15.48259186465293 76.570396894589067 146.61772553622723 21.877335695549846 59.746930626221001 329.41072797123343 57.0019277818501 354.12513779092114 35.251913966611028 346.93626834335737 26.977593954652548 9.795760674402116
leaf_count=1225 357 432 135 566 1013 153 647 2999 490 2988 230 2305 161 63
internal_value=0.000328563 0.00693089 0.00013291 -0.00215992 0.000728285 -0.00850871 -0.0116206 0.000694266 -0.000516023 0.00182111 -0.00430682 0.000652545 -0.00538973 -0.00619069
internal_weight=1686.35 43.5809 1642.77 320.295 223.188 97.1069 75.2295 1322.47 638.935 683.536 208.019 430.916 83.9795 172.767
internal_count=13764 789 12975 2514 1579 935 782 10461 4474 5987 1518 2956 651 1288
is_linear=0
shrinkage=0.03


Tree=345
num_leaves=15
num_cat=0
split_feature=28 14 25 16 28 2 28 24 18 3 30 3 18 16
split_gain=1.74769 3.37691 6.16796 6.21958 2.30784 2.20992 2.67866 4.24844 2.50084 4.09093 2.42934 2.2027 2.1406 2.94589
threshold=1.5000000000000002 0.0093279185775006247 -0.29841617774088286 28.397111415878765 17.500000000000004 0.020942982456140354 14.500000000000002 0.22653342757456904 0.14877947576515865 0.032129593878415512 76.689382046524912 0.26720032809968369 0.98215419233086287 -1.0000000180025095e-35
decision_type=2 2 8 8 2 2 2 8 10 8 2 8 10 10
left_child=11 5 3 -3 12 6 7 -2 9 -8 -9 -1 -4 -14
right_child=1 2 4 -5 -6 -7 8 10 -10 -11 -12 -13 13 -15
leaf_value=0.010416540790214682 -0.013731725172848949 0.0053261632626202702 -5.2727206278546692e-05 0.019310775282647845 0.0053261632626202702 -5.2727206278546692e-05 -0.0070215400045958139 -0.0013326989072273315 -0.0013326989072273315 -0.020734752909742256 -0.0075322120400381403 0.0015201943565810094 0.0016862628217715692 0.0053261632626202702
leaf_weight=28.45868003834039 20.557023135945201 31.865026818588376 643.13992439978756 32.03334636555519 38.140043257502839 144.13857194036245 13.67506257817149 392.53254626085982 16.299938760697842 23.074592208955437 30.47146786050871 109.00314364209771 87.982716132886708 73.159999479306862
leaf_count=202 170 217 4749 273 285 947 120 3804 157 344 428 807 755 480
internal_value=0.000483145 0.00018972 0.00136519 0.00999699 0.000655338 -0.00147064 -0.00261267 -0.00179665 -0.00869317 -0.0127104 -0.0013327 0.00366295 0.000267844 0.00342525
internal_weight=1684.53 1547.07 906.321 63.8984 842.423 640.749 496.611 443.561 53.0496 36.7497 423.004 137.462 804.283 161.143
internal_count=13738 12729 6759 490 6269 5970 5023 4402 621 464 4232 1009 5984 1235
is_linear=0
shrinkage=0.03


Tree=346
num_leaves=15
num_cat=0
split_feature=20 22 8 1 8 16 16 0 0 28 25 28 22 27
split_gain=3.07938 2.77698 2.12072 2.94142 3.04907 4.73607 3.31726 2.50025 1.49793 1.30665 0.809989 0.794545 0.689695 0.656806
threshold=0.94204301282539538 0.42915585770375719 -0.63861092790447571 1.4376966270097526 0.81032656937456615 28.946184895324539 -3.2472402898281376 6.8730142670217704 -0.47132229479216359 13.500000000000002 inf 4.5000000000000009 0.00012134165784325313 1.3243133903157049
decision_type=10 2 10 8 10 8 10 8 10 2 8 2 2 8
left_child=1 2 8 13 6 7 -5 -6 -1 11 -10 -3 -2 -4
right_child=12 9 3 4 5 -7 -8 -9 10 -11 -12 -13 -14 -15
leaf_value=0.0031853680474454344 0.0067172300069344611 0.0031853680474454344 0.00030117452856473769 -0.0039830170438213347 -0.0085614366730757726 -0.0039830170438213347 -0.0013184745412342263 -0.021538881934487823 0.0018246075773651186 0.0031853680474454344 0.00030117452856473769 0.0067172300069344611 0.016728640006379171 -0.0013184745412342263
leaf_weight=218.84853997663595 2.8156002210453144 24.514327775686979 452.32584388041869 105.04579127160832 39.365415889304131 66.327740356326103 113.44270178768784 18.342440993525088 322.04992905817926 13.956712853163479 224.68026277609169 32.706903172656894 10.437411243561654 42.378200666513294
leaf_count=1526 49 162 3687 1064 308 634 798 141 2668 99 1874 241 203 318
internal_value=0.000655595 0.000520374 0.000253581 -0.000787848 -0.00293812 -0.00664756 -0.00131847 -0.0131399 0.0013902 0.00611716 0.000532757 0.00671723 0.0129141 0.000301175
internal_weight=1687.24 1673.98 1602.81 837.228 342.524 124.036 218.488 57.7079 765.579 71.1779 546.73 57.2212 13.253 494.704
internal_count=13772 13520 13018 6950 2945 1083 1862 449 6068 502 4542 403 252 4005
is_linear=0
shrinkage=0.03


Tree=347
num_leaves=15
num_cat=0
split_feature=12 13 35 27 28 27 11 2 34 13 32 9 18 35
split_gain=2.59545 1.69673 1.52852 1.24303 3.06435 0.710812 0.689129 0.512995 1.10396 1.64611 0.696403 0.502433 0.467589 0.345658
threshold=1.2739370334307045 10.137840605137804 15.725940725940726 1.9115958958607655 10.500000000000002 -0.29260571772069638 4.5848660010509734 0.11819852941176472 56.639194139194139 150.2151162790698 53.788169872085966 0.11360720191002978 0.98410328053212637 46.678321678321687
decision_type=2 8 8 10 2 10 2 2 2 8 2 8 8 10
left_child=2 -2 5 6 -5 -1 7 8 11 12 -11 -4 -10 -9
right_child=1 -3 3 4 -6 -7 -8 13 9 10 -12 -13 -14 -15
leaf_value=0.0048353512314434381 0.0048353512314434381 0.015531095882196044 -0.00014537708022568848 -0.002203419237461546 -0.014894458959768942 0.0025015323530343807 0.0025015323530343807 0.0013548279483639235 -0.002203419237461546 -0.00014537708022568848 -0.0011743981588436172 0.00067761793295200931 -0.0011743981588436172 0.00067761793295200931
leaf_weight=15.642221780959519 9.4498612661845964 14.566376879811289 56.221830615308136 26.597844972275198 14.060348500497637 15.425491443835197 10.583170474739743 96.64210450311657 163.91673289891332 128.17059030756354 204.67915219720453 733.1631291504018 101.55759647022933 95.51297617983073
leaf_count=129 64 104 462 221 97 123 88 698 1298 1262 2014 5809 725 719
internal_value=0.000465478 0.00936145 0.000309252 0.000167713 -0.00471372 0.00483535 0.000306884 0.000208124 4.07918e-07 -0.000968372 -0.000145377 0.000677618 -0.00220342 0.00135483
internal_weight=1686.19 24.0162 1662.17 1631.11 40.6582 31.0677 1590.45 1579.86 1387.71 598.324 332.85 789.385 265.474 192.155
internal_count=13813 168 13645 13393 318 252 13075 12987 11570 5299 3276 6271 2023 1417
is_linear=0
shrinkage=0.03


Tree=348
num_leaves=15
num_cat=0
split_feature=28 3 21 1 17 16 8 33 9 27 14 1 28 34
split_gain=1.59994 4.00345 3.58061 5.61129 3.89074 3.71236 4.89761 3.1802 2.90024 2.56208 4.67036 5.43043 2.38373 2.19428
threshold=9.5000000000000018 -0.107476787000178 1.0000000180025095e-35 0.56374891633094515 0.13194455188088042 28.739490354757248 0.74953319091572468 78.119023833309555 1.0404003216637874 1.1545556847476608 0.29343000138817665 11.178729971845524 14.500000000000002 47.714785214785216
decision_type=2 8 2 8 2 8 10 2 10 10 2 10 2 2
left_child=2 12 4 -4 5 6 -1 9 -8 10 -3 -12 -2 -9
right_child=1 7 3 -5 -6 -7 8 13 -10 -11 11 -13 -14 -15
leaf_value=-0.0026771928385219408 0.0039912360698364608 -0.0022202940062553741 0.0092209432637266209 0.0025217433712728145 0.0025217433712728145 0.00027933050310097955 -0.021909359650295172 -0.0063277776525917971 -0.0089746780369025694 -0.0063277776525917971 0.0039912360698364608 0.00047283576012766227 0.01700626722767162 -0.021180543035463302
leaf_weight=90.622628523036838 19.24515304621309 355.41818934446201 131.70335182675626 98.436750773340464 251.37879588094074 398.21730956854299 21.288520381320271 9.5442324038594979 8.6420444492250663 46.789753916673362 200.02957346069161 37.245863247662783 13.759978146408683 8.2236778652295452
leaf_count=788 181 3036 878 720 1789 3604 180 81 69 326 1647 276 140 117
internal_value=0.000633519 -0.000475614 0.00139744 0.00463811 0.000405379 -0.00113542 -0.00563372 -0.0010157 -0.0152722 -0.000618466 -5.55446e-05 0.00316597 0.00899817 -0.0120371
internal_weight=1690.55 690.256 1000.29 230.14 770.149 518.771 120.553 657.251 29.9306 639.483 592.694 237.275 33.0051 17.7679
internal_count=13832 5804 8028 1598 6430 4641 1037 5483 249 5285 4959 1923 321 198
is_linear=0
shrinkage=0.03


Tree=349
num_leaves=15
num_cat=0
split_feature=1 22 27 28 14 3 9 16 25 13 28 8 13 7
split_gain=1.65442 2.00759 1.93139 1.61831 1.69848 3.46768 2.99584 2.89907 1.66203 1.15844 0.821394 0.376992 0.314914 0.229497
threshold=-1.4253735324078141 0.42915585770375719 1.3243133903157049 1.5000000000000002 0.0025711040402093166 23.966738561979806 0.025011196061939214 0.049126704086323268 0.036294453802596445 -14.765204297884095 13.500000000000002 -0.34419374263017749 -6.3175420053036442 -0.035788946307685691
decision_type=8 2 8 2 2 10 8 8 8 10 2 10 8 8
left_child=2 3 -1 -2 5 6 9 -6 -9 -5 -3 13 -8 -7
right_child=1 10 -4 4 7 11 12 8 -10 -11 -12 -13 -14 -15
leaf_value=0.014672158536212463 0.0017048121565908932 0.0037014678738636138 0.0037014678738636138 -0.0066451422660039373 -0.00086232930721483647 -0.0066451422660039373 -0.0037537357866093868 0.0017048121565908932 0.00031075863358011384 -0.0037537357866093868 0.0017048121565908932 -0.016987969320469556 -0.00086232930721483647 -0.011816555793236748
leaf_weight=13.154537605238145 128.59489396587014 56.630736182210967 8.5841725897043961 55.478913277387619 251.78663931204937 5.3192821145057678 6.582429550588131 306.25549194647465 347.24564240151085 15.604807900264857 12.798835102468727 7.9800420501269391 446.39936641789973 11.138957632705575
leaf_count=184 945 401 93 335 1855 61 95 2389 2548 144 96 144 4218 179
internal_value=5.99482e-05 -5.97019e-05 0.00746264 -0.000291844 -0.000607425 -0.00191665 -0.00134026 0.000191991 0.00148385 -0.00664514 0.00370147 -0.01195 -0.000862329 -0.00664514
internal_weight=1673.55 1651.82 21.7387 1582.39 1453.79 548.504 524.066 905.288 653.501 71.0837 69.4296 24.4383 452.982 16.4582
internal_count=13687 13410 277 12913 11968 5176 4792 6792 4937 479 497 384 4313 240
is_linear=0
shrinkage=0.03


Tree=350
num_leaves=14
num_cat=0
split_feature=22 28 28 9 28 17 0 3 14 28 25 0 28
split_gain=1.86341 2.90258 3.11316 1.43863 3.24348 5.21566 1.7155 1.59102 1.94786 1.30632 0.997446 0.866131 1.83657
threshold=0.42915585770375719 9.5000000000000018 14.500000000000002 0.036311275405079634 7.5000000000000009 0.056058124765068301 0.10496884866288089 -0.107476787000178 0.010982106338259265 12.500000000000002 0.066166368176457727 8.5443530318572982 1.5000000000000002
decision_type=2 2 2 10 2 2 10 8 2 2 8 10 2
left_child=3 -2 -3 4 11 9 -7 -5 -9 -6 -10 -1 -13
right_child=1 2 -4 7 5 6 -8 8 10 -11 -12 12 -14
leaf_value=-0.00078374305698935718 0.0019530123168164232 0.019465068042112132 0.0019530123168164232 0.0019530123168164232 -0.018899331674670682 -0.00078374305698935718 -0.008030797092442683 -0.00078374305698935718 0.00087017939041497412 -0.008030797092442683 4.321816671280846e-05 -0.0030704403138599764 -0.014109132296777816
leaf_weight=349.37693694629706 48.02626893168781 14.212994001805784 11.557012150762601 66.360542060690932 23.608478793874383 63.251628300640732 7.6954644471406928 409.79881246481091 293.50501105817966 12.479677729308603 348.32923747156747 24.122104769572616 10.658742578700183
leaf_count=2520 342 109 86 585 223 543 54 4289 2072 109 2483 229 122
internal_value=-0.000190103 0.00431548 0.0119435 -0.000409453 -0.0017539 -0.00628387 -0.00126433 0.00018641 -0.000212654 -0.0147973 0.000870179 -0.000783743 -0.00535714
internal_weight=1682.98 73.7963 25.77 1609.19 491.193 107.035 70.9471 1117.99 1051.63 36.0882 641.834 384.158 34.7808
internal_count=13766 537 195 13229 3800 929 597 9429 8844 332 4555 2871 351
is_linear=0
shrinkage=0.03


Tree=351
num_leaves=15
num_cat=0
split_feature=11 4 22 21 28 25 1 28 28 16 13 28 28 25
split_gain=3.93191 3.86718 1.834 2.37824 2.81651 2.31502 1.5974 2.66135 2.35196 3.08499 3.4123 1.16263 0.719721 0.728969
threshold=0.84566974182936427 -0.15320638257366512 0.42915585770375719 1.0000000180025095e-35 8.5000000000000018 -0.017474428997604093 -1.4253735324078141 8.5000000000000018 1.5000000000000002 -0.10989752492742302 3.1527020806227317 8.5000000000000018 8.5000000000000018 0.040821994520255263
decision_type=2 10 2 2 2 8 10 2 2 10 8 2 2 10
left_child=2 -2 3 5 -5 -1 -7 8 -8 10 -10 -4 -3 -14
right_child=1 12 11 4 -6 6 7 -9 9 -11 -12 -13 13 -15
leaf_value=0.00023370880077180187 0.019716781475795898 0.0040587024803499802 0.0018245987771251858 0.0018245987771251858 0.00023370880077180187 -0.00082771172175758216 -0.0018404787568247615 -0.0018404787568247615 -0.015475408529819117 -0.0018404787568247615 -0.0057485701467886799 0.0040587024803499802 0.011887741978072939 0.0040587024803499802
leaf_weight=253.02284397860058 13.250515019288285 11.784074022900311 43.257158532738686 188.75783758377656 215.541825810913 317.7873907526955 56.994799759238958 258.91106969746761 41.450840595178306 89.250583583023399 152.89764473773539 27.914193499949761 11.041323268320413 9.4243245343677682
leaf_count=2193 91 67 304 1314 1622 2378 509 2324 325 741 1576 219 69 58
internal_value=6.20986e-05 0.00830774 -0.000190337 -0.000409505 0.00156162 -0.0010942 -0.00188913 -0.00285325 -0.00480255 -0.00607131 -0.00815924 0.0040587 0.0040587 0.0101819
internal_weight=1691.29 45.5002 1645.79 1574.61 404.3 1170.32 917.292 599.505 340.594 283.599 194.348 71.1714 32.2497 20.4656
internal_count=13790 285 13505 12982 2936 10046 7853 5475 3151 2642 1901 523 194 127
is_linear=0
shrinkage=0.03


Tree=352
num_leaves=15
num_cat=0
split_feature=18 12 18 24 20 11 28 3 18 13 9 1 0 34
split_gain=3.52339 1.56487 4.3584 1.37221 2.70268 1.66448 1.69807 4.04171 1.12756 1.1245 3.00775 1.26098 0.645117 0.620535
threshold=0.023848974559388437 1.5454864769933265 0.083909100018877109 -0.00034912684987796553 0.00078329944037832451 0.6525441771343411 13.500000000000002 0.11073662280418609 0.22474878180057456 101.40687743469452 0.54224138436965885 1.3440833471467115 8.5443530318572982 43.585581085581097
decision_type=8 2 10 8 10 2 2 8 8 8 10 8 10 2
left_child=13 3 -3 8 5 6 9 -8 -2 10 11 -5 -11 -1
right_child=1 2 -4 4 -6 -7 7 -9 -10 12 -12 -13 -14 -15
leaf_value=-0.0059619103495849235 -0.0059619103495849235 0.0043848907961655153 0.020184912364459545 -0.00085438202316961715 0.0043848907961655153 0.0024832738073667189 0.0013964600161163823 -0.0023206059019310371 -0.0023206059019310371 0.0013964600161163823 0.00061184185559180261 -0.0023206059019310371 0.00061184185559180261 -0.017506482798649609
leaf_weight=5.6818397156894189 6.8870470300316837 9.4904791899025458 12.535060559399424 168.26825472852215 54.267695775139146 47.048932244768366 95.238242751918733 209.7997699547559 19.317818726645783 559.19211153034121 259.5664276489988 153.74171451479197 81.885164754465222 6.5379251651465893
leaf_count=34 51 53 101 1176 493 269 756 1804 173 5029 1806 1127 870 93
internal_value=0.000724541 0.000860669 0.00802838 0.000741398 0.000858313 0.000581657 0.000309646 -0.00167546 -0.00549953 0.000809713 -0.000172776 -0.00232061 0.00139646 -0.0127845
internal_weight=1689.46 1677.24 22.0255 1655.21 1629.01 1574.74 1527.69 305.038 26.2049 1222.65 581.576 322.01 641.077 12.2198
internal_count=13835 13708 154 13554 13330 12837 12568 2560 224 10008 4109 2303 5899 127
is_linear=0
shrinkage=0.03


Tree=353
num_leaves=15
num_cat=0
split_feature=12 28 27 22 8 27 28 7 34 8 17 13 4 16
split_gain=2.46197 2.98141 1.66679 1.20191 1.65122 2.63646 4.69461 1.15026 0.942752 3.87092 0.580414 0.47556 0.213495 0.193267
threshold=1.1952380952380954 12.500000000000002 -0.43305049367514975 0.84912812358439982 -0.58239800366049088 1.3016696235065903 15.500000000000002 inf 56.031468531468541 0.27507644500488221 0.00028167106152111296 -81.822719893800723 -0.028043639203924092 8.0781250472308006
decision_type=2 2 8 2 10 10 2 8 2 10 2 10 10 8
left_child=2 -2 10 4 7 8 13 -4 11 -10 -1 -6 -5 -7
right_child=1 -3 3 12 5 6 -8 -9 9 -11 -12 -13 -14 -15
leaf_value=0.0022763389157171958 0.0044540848450248622 0.01963776909893318 0.0010889984176847549 0.0022763389157171958 -0.0010421310156215793 -0.0072897998009322272 -0.021151001689496102 -7.7161560448312273e-05 -0.0010421310156215793 -0.0037031182137994239 0.0044540848450248622 -7.7161560448312273e-05 0.0010889984176847549 -0.0037031182137994239
leaf_weight=16.79835357517004 17.80090530123562 9.5194166451692563 388.83626819495112 44.011053412104957 166.27989206812344 27.709378147032115 11.227429548278449 372.49030308704823 160.09564468963072 104.8471903395839 30.223060074378736 304.14142800145783 17.567063808441162 20.567645069211718
leaf_count=146 118 74 3215 320 1722 220 78 2842 1408 1068 242 2056 143 151
internal_value=0.000433419 0.00863479 0.000273377 9.8593e-05 -9.83421e-05 -0.00105149 -0.00686867 0.000897172 -0.000537571 -0.0020071 0.00445408 -7.71616e-05 0.00227634 -0.00370312
internal_weight=1692.12 27.3203 1664.79 1617.77 1556.2 794.869 59.5045 761.327 735.364 264.943 47.0214 470.421 61.5781 48.277
internal_count=13803 192 13611 13223 12760 6703 449 6057 6254 2476 388 3778 463 371
is_linear=0
shrinkage=0.03


Tree=354
num_leaves=15
num_cat=0
split_feature=1 9 22 8 17 13 4 34 7 8 22 28 28 0
split_gain=0.982675 4.56411 3.84572 1.79795 1.4939 4.8969 5.19392 3.43024 1.78474 1.42036 1.10713 0.739004 0.468792 0.278627
threshold=1.3916984928716041 0.53689005370546017 0.00073707129469142063 1.4715450097079643 0.0052006801981258058 inf 1.8745199858450075 55.731768231768235 -0.45163542696783304 -2.1805026403795922 0.020334809310040999 4.5000000000000009 12.500000000000002 7.1540784678325421e-16
decision_type=10 8 2 10 2 8 8 2 8 10 2 2 2 10
left_child=4 2 9 -3 11 8 7 -7 -6 -2 -5 -1 -11 -8
right_child=1 3 -4 10 5 6 13 -9 -10 12 -12 -13 -14 -15
leaf_value=0.0017051616719290865 -0.00733657131009502 0.00075747264666525729 -0.0027896886566545387 -0.0027896886566545387 0.0047283883583978869 0.025893131965911937 0.0067437086417910077 0.011630757237816163 0.0017051616719290865 -0.020306566738497657 -0.0010161080049946407 0.00075747264666525729 -0.0115463690965097 0.0047283883583978869
leaf_weight=233.08673914754763 17.662678914144635 379.74588323570788 32.495163833722472 71.055835142964497 45.065127079607919 20.898660670500252 90.4340279919561 5.6822257470339528 384.15163907431997 17.980117944534868 16.990656521171331 343.94939018040895 15.107992224395273 12.787004499463363
leaf_count=1677 240 3287 245 624 302 338 797 70 2674 209 115 2981 179 95
internal_value=0.00102638 -1.38375e-05 -0.00633685 0.000757473 0.00152878 0.00265285 0.00775162 0.0185331 0.00170516 -0.0118835 -0.00278969 0.000757473 -0.0157562 0.00472839
internal_weight=1687.09 551.038 83.246 467.792 1136.05 559.019 129.802 26.5809 429.217 50.7508 88.0465 577.036 33.0881 103.221
internal_count=13833 4899 873 4026 8934 4276 1300 408 2976 628 739 4658 388 892
is_linear=0
shrinkage=0.03


Tree=355
num_leaves=15
num_cat=0
split_feature=28 3 17 25 17 12 19 28 17 9 18 7 26 13
split_gain=1.34566 7.79992 3.60468 3.20739 8.80297 2.76725 2.40328 1.92046 6.36146 4.11207 3.80132 3.19897 2.27881 2.1944
threshold=13.500000000000002 0.07158444577434446 0.00028167106152111296 -0.32267542028272372 0.23322673559669022 0.57971501545906723 0.88429058375676128 7.5000000000000009 0.070863579832000742 0.3821415664146563 inf 0.41287086222573516 -1.0000000180025095e-35 -0.41294618548736173
decision_type=2 8 2 8 2 2 10 2 2 10 8 10 8 8
left_child=3 2 -2 4 -1 -3 -4 12 10 -10 -9 -12 -5 -14
right_child=1 5 6 7 -6 -7 -8 8 9 -11 11 -13 13 -15
leaf_value=0.0039971449342232615 0.0012789302801825689 -0.0047066971149429121 0.015766464049362886 0.0039971449342232615 0.023808476688640615 0.0012789302801825689 0.0063463952555570151 -0.009095874800244803 -0.00075671265748938346 0.0039971449342232615 -0.00075671265748938346 -0.005141522558540822 -0.0048270175049985199 0.0015955389890077122
leaf_weight=55.75696137174964 44.435401231981814 237.12628356460482 37.719103346578777 34.976642294321209 17.345504037803039 9.5679253470152599 12.830079862847922 83.378127725794911 112.80261651426554 139.18447804008611 111.22920237202197 37.043234316632152 46.522646351717412 706.43343388044741
leaf_count=496 341 2028 346 274 140 57 108 739 907 953 1075 406 393 5561
internal_value=0.000801374 -0.000870367 0.00623254 0.00122781 0.00713255 -0.00367468 0.0114139 0.000861741 -0.000622574 0.00265237 -0.00416579 -0.00118717 0.001771 0.00116949
internal_weight=1686.35 341.679 94.9846 1344.67 73.1025 246.694 50.5492 1271.57 483.638 251.987 231.651 148.272 787.933 752.956
internal_count=13824 2880 795 10944 636 2085 454 10308 4080 1860 2220 1481 6228 5954
is_linear=0
shrinkage=0.03


Tree=356
num_leaves=15
num_cat=0
split_feature=14 8 0 12 28 17 18 3 9 3 8 28 8 8
split_gain=2.56932 2.59818 1.81724 1.2748 1.2762 7.92525 2.48287 3.40707 2.49753 2.29554 1.31683 1.11052 0.77455 0.566523
threshold=2.3267118737113726 -0.30462660984997741 4.4013043357484856 1.2739370334307045 9.5000000000000018 1.0000000180025095e-35 0.99999855756485645 0.54880282739170394 4.3869544962076077 0.09787836797143798 -0.2468015932791516 13.500000000000002 0.26701622549182075 1.5662393746229493
decision_type=2 10 8 2 2 2 8 10 10 8 10 2 10 8
left_child=3 -2 -3 4 13 6 -6 12 -9 -7 -11 -12 -8 -1
right_child=1 2 -4 -5 5 9 7 8 -10 10 11 -13 -14 -15
leaf_value=0.0010893227209241697 0.015724104069987584 0.0093252506653849748 0.0029263972607823647 0.0029263972607823647 -0.017198063110470084 0.0010893227209241697 -0.0029272447651156911 -0.011243849026386653 -0.0067453125097497639 -0.00019705935630526613 -0.001484197332945711 -0.0029272447651156911 -0.0067453125097497639 -0.00037045008775878866
leaf_weight=131.20651610812638 13.172072141896932 12.612908150535079 16.536448494531214 23.725731175858527 13.763121764175592 104.50820191390812 85.480197188444436 40.621441455557942 27.255996211431921 68.716822477057576 133.80178258800879 122.46587825194001 45.967740658670664 831.50684636167716
leaf_count=1086 232 283 236 161 130 788 715 569 250 420 971 897 381 6559
internal_value=-0.00042137 0.00647252 0.0029264 -0.000619729 -0.000747752 -0.0017775 -0.00643544 -0.00528963 -0.0105634 0.000580953 -0.00148344 -0.00277134 -0.00292724 -5.47936e-05
internal_weight=1671.34 42.3214 29.1494 1629.02 1605.29 642.581 213.088 199.325 67.8774 429.493 324.984 256.268 131.448 962.713
internal_count=13678 751 519 12927 12766 5121 2045 1915 819 3076 2288 1868 1096 7645
is_linear=0
shrinkage=0.03


Tree=357
num_leaves=15
num_cat=0
split_feature=22 17 26 11 14 4 8 16 27 3 13 35 28 18
split_gain=1.36874 3.99871 1.24856 1.2827 1.25042 1.20487 1.02377 1.091 4.45847 1.38166 1.30333 1.0178 0.953388 0.620047
threshold=0.42915585770375719 0.00028167106152111296 -1.0000000180025095e-35 1.0000000180025095e-35 0.010982106338259265 -0.30814893517784697 -0.28537863885607967 -0.0069369454999001039 0.69314718055994562 8.9621725660151892 21.627975976199981 96.06227106227108 1.5000000000000002 0.98215419233086287
decision_type=2 2 8 2 2 10 8 10 10 10 8 8 2 8
left_child=2 5 4 6 -1 11 -4 8 9 -8 -10 -2 -11 -9
right_child=1 -3 3 -5 -6 -7 7 13 10 12 -12 -13 -14 -15
leaf_value=0.0010044014934092926 0.0093112382331271629 0.016433475708772991 0.00024000188358181239 0.0010044014934092926 0.0021890007574813311 0.0021890007574813311 -0.0010118951841714921 -0.0010118951841714921 -0.012966802108752043 -0.0030721383468867588 -0.0053398756823933094 0.0053713576535740848 -0.0053398756823933094 -0.00034861436499329873
leaf_weight=82.311705497093499 8.8086536228656751 14.446283136960117 107.69371755240718 62.943232343532145 136.64511467376724 29.622446203604344 672.92300973192323 348.52515999390744 36.281071261037141 19.447008665651083 17.384987815283239 20.052616326138377 49.123801709618419 79.667760488577187
leaf_count=765 67 102 919 413 982 229 5898 2568 279 192 168 136 547 582
internal_value=0.000341383 0.00422472 0.000153283 -0.000180198 0.002189 0.002189 -0.000524398 -0.000937231 -0.00167518 -0.00103786 -0.00964189 0.00855371 -0.00513238 -0.000348614
internal_weight=1685.88 72.93 1612.95 1393.99 218.957 58.4837 1331.05 1223.35 795.16 741.494 53.6661 28.8613 68.5708 428.193
internal_count=13847 534 13313 11566 1747 432 11153 10234 7084 6637 447 203 739 3150
is_linear=0
shrinkage=0.03


Tree=358
num_leaves=15
num_cat=0
split_feature=27 18 22 4 14 25 3 32 28 3 35 2 3 16
split_gain=1.63136 2.1413 2.10199 7.42013 2.3582 2.90951 1.47808 1.21889 1.07945 1.07375 0.813531 0.57046 0.514292 0.116087
threshold=2.7647145437557117 0.4355420970213883 0.42915585770375719 -0.15045206691258109 0.0093279185775006247 -0.18232155679395454 8.5157794956892747 38.11992203600596 7.5000000000000009 0.12688429477978849 68.65634365634368 0.016954022988505752 0.09787836797143798 0.71455292485231781
decision_type=8 8 2 10 2 10 10 2 2 8 10 2 10 8
left_child=2 7 4 -4 11 -6 13 -2 10 -10 -7 -1 -9 -3
right_child=1 6 3 -5 5 8 -8 12 9 -11 -12 -13 -14 -15
leaf_value=-0.00036072762293873822 -0.0039115189294775948 -0.0021361232762081663 0.02075186074784904 0.0034372172130247769 0.0034372172130247769 0.0020347992672150924 -0.0039115189294775948 -0.0070702234917232737 0.0020347992672150924 0.00061707174897674495 0.00061707174897674495 0.00061707174897674495 -0.013622970957591754 -0.00036072762293873822
leaf_weight=341.59594152169302 7.6677451871801159 35.682755067944527 19.124808047548868 32.129851708188653 100.9701777723385 114.97902353620157 47.086349010467529 16.613914363086224 122.72246259974781 340.76445119082928 91.795165914110839 107.99341095238924 21.654661457054317 270.18070487491786
leaf_count=3735 62 274 151 241 758 864 441 107 1005 2564 643 730 210 1947
internal_value=0.000208076 -0.00145453 0.000733075 0.00640463 0.000469809 0.00159487 -0.000615569 -0.00720747 0.000632381 0.000617072 0.0020348 -0.000360728 -0.0102289 -0.000360728
internal_weight=1670.96 398.886 1272.08 51.2547 1220.82 771.231 352.95 45.9363 670.261 463.487 206.774 449.589 38.2686 305.863
internal_count=13732 3041 10691 392 10299 5834 2662 379 5076 3569 1507 4465 317 2221
is_linear=0
shrinkage=0.03


Tree=359
num_leaves=14
num_cat=0
split_feature=2 35 16 26 1 9 16 14 27 16 1 16 33
split_gain=1.50234 3.80032 1.35094 3.02133 1.04298 2.43184 1.84452 2.76155 1.49703 0.941926 0.461685 0.361648 0.0875424
threshold=0.52232142857142871 46.195471195471207 -7.9481569079030976 0.03556706474276173 23.984732185223439 0.031898869250004035 0.049126704086323268 0.0025711040402093166 -0.28540416418385023 -85.094209830590998 1.2606030674041888 -0.78491760314624981 67.443667443667465
decision_type=2 8 8 10 10 10 8 2 10 10 10 10 2
left_child=2 -2 3 10 5 11 -7 -8 -6 -3 -1 -4 -9
right_child=1 9 4 -5 8 6 7 12 -10 -11 -12 -13 -14
leaf_value=-0.002739310063763756 0.019353239432944782 0.0026736319987530678 -0.0011795789585325128 -0.015740086904250768 -0.0011795789585325128 -0.00012557165002967911 0.00079356907552332624 0.0026736319987530678 -0.002739310063763756 0.011013435715848926 -0.0092396984840072607 -0.00012557165002967911 0.0017336005371381971
leaf_weight=19.411739978007976 8.665569603443144 15.787644028314388 337.61007964028977 13.163714994210748 70.071961045265198 176.75682715466246 346.85751079488546 437.09253206191352 94.476876409258693 8.406729902140798 10.956492913886903 106.14510222990066 29.49258491769433
leaf_count=154 94 151 2602 108 620 1347 3432 3200 874 84 98 790 211
internal_value=-0.000213608 0.00569607 -0.000348804 -0.00528016 -0.000198463 6.44057e-05 0.000928436 0.00171271 -0.00242356 0.00267363 -0.00273931 -0.00117958 0.00267363
internal_weight=1674.9 32.8599 1642.04 43.5319 1598.5 1433.95 990.199 813.443 164.549 24.1944 30.3682 443.755 466.585
internal_count=13765 329 13436 360 13076 11582 8190 6843 1494 235 252 3392 3411
is_linear=0
shrinkage=0.03


Tree=360
num_leaves=14
num_cat=0
split_feature=22 28 28 2 35 24 13 21 16 22 13 21 9
split_gain=1.74678 1.54906 2.80695 1.36658 1.23914 1.14602 4.11207 4.88814 1.69729 2.50668 1.47862 1.43894 0.708793
threshold=0.42915585770375719 9.5000000000000018 13.500000000000002 0.11602564102564104 46.461871461871468 0.34998205182434616 -4.3640196096330026 0.00018131052716969644 0.049126704086323268 0.00092886856717634334 59.617761420004825 0.0026367382161261482 inf
decision_type=2 2 2 2 8 8 10 2 8 2 8 2 8
left_child=3 12 -3 5 -5 6 7 -1 11 10 -10 -7 -2
right_child=1 2 -4 4 -6 8 -8 -9 9 -11 -12 -13 -14
leaf_value=-0.025955479888354206 0.003127693202891441 0.018515181155199369 0.003127693202891441 0.003127693202891441 0.0018145349663263634 -0.0011520227622590291 -0.0011520227622590291 -0.0060972391390802594 4.3550062451091703e-05 0.0018145349663263634 0.00092904251438872762 4.3550062451091703e-05 0.0093538939367799577
leaf_weight=9.1509435004554671 30.620299907284789 13.717357855290176 13.490585687570272 55.388818460633047 144.50577692594379 215.33183376770467 38.409848074661568 26.544355456717312 328.2278249822557 261.19976905873045 487.45138269406743 48.948014564812183 15.900448851287363
leaf_count=111 229 98 104 415 1047 1795 279 256 2341 1875 4850 304 102
internal_value=0.00105125 0.00541965 0.0107201 0.000835733 0.0031268 0.00050227 -0.0030109 -0.0110425 0.000706851 0.00123912 4.35501e-05 -0.00115202 0.00312769
internal_weight=1688.89 73.7287 27.2079 1615.16 199.895 1415.26 74.1051 35.6953 1341.16 1076.88 815.679 264.28 46.5207
internal_count=13806 533 202 13273 1462 11811 646 367 11165 9066 7191 2099 331
is_linear=0
shrinkage=0.03


Tree=361
num_leaves=15
num_cat=0
split_feature=11 32 28 28 3 25 7 0 24 18 33 13 18 34
split_gain=1.81164 1.56176 1.29132 0.913396 8.75787 4.09287 2.66849 6.21803 2.13434 2.78102 1.67781 1.50414 2.23069 1.77811
threshold=4.5848660010509734 29.620030319331025 17.500000000000004 13.500000000000002 0.12688429477978849 -0.040534836923252097 -1.3510858511163188 6.13062284633006 inf 0.20878160952173627 62.398712398712398 52.084231798424774 0.95888173904293705 55.830835830835845
decision_type=2 2 2 2 10 8 10 10 8 8 2 8 10 2
left_child=1 -1 3 5 -5 -3 -6 -8 9 -7 -11 12 -10 -13
right_child=-2 2 -4 4 6 8 7 -9 11 10 -12 13 -14 -15
leaf_value=0.0052214208456289775 0.010193880681635821 0.0026674873457163835 0.0026674873457163835 0.0026674873457163835 -0.0017529889462425646 -0.01843129423070403 -0.0048248522753312961 -0.019485233718252518 -0.0030418325112480113 -0.0033963435793153058 -0.010913818905009667 0.0010523138177794651 -0.00037314563649792421 -0.00037314563649792421
leaf_weight=28.850710354745388 11.655330854584461 229.85991394449957 56.339726046251599 112.92547619098332 16.723636358976364 8.5585566279478353 117.52182850148529 28.196654409635812 363.82297143526375 21.612295010592788 16.301204776857048 264.85736713884398 106.04014194011688 304.49775413051248
leaf_count=517 99 1895 462 858 149 54 978 276 2674 185 132 2195 725 2631
internal_value=0.000347546 0.000248961 0.000113554 -7.17378e-05 -0.00162671 0.000258673 -0.00617347 -0.00789672 -0.00056286 -0.00652648 -0.00339634 -0.000266203 -0.00151431 0.000768023
internal_weight=1687.76 1676.11 1647.26 1590.92 275.368 1315.55 162.442 145.718 1085.69 46.4721 37.9135 1039.22 469.863 569.355
internal_count=13830 13731 13214 12752 2261 10491 1403 1254 8596 371 317 8225 3399 4826
is_linear=0
shrinkage=0.03


Tree=362
num_leaves=15
num_cat=0
split_feature=11 12 28 1 14 31 14 25 21 18 34 18 14 14
split_gain=2.71376 1.45424 1.45996 3.88738 2.78735 2.62578 2.26372 2.21523 3.03575 4.35055 3.30886 2.93073 4.69419 2.80846
threshold=4.5848660010509734 1.5454864769933265 13.500000000000002 0.62994422238140724 0.0023151486653217829 66.301006685622085 0.010982106338259265 0.048864796604827017 1.0000000180025095e-35 0.2865142587120032 41.779054279054286 0.26258054732553254 0.82667057096737351 1.0000000180025095e-35
decision_type=2 2 2 8 2 2 2 8 2 10 2 8 2 2
left_child=1 2 7 6 -5 -6 -4 13 9 10 -9 12 -12 -1
right_child=-2 -3 3 4 5 -7 -8 8 -10 -11 11 -13 -14 -15
leaf_value=0.0010911206109435719 0.013131018579355358 0.0067627257949412533 -0.001002857994991999 -0.011804969184736745 -0.001002857994991999 -0.0071235995110929635 0.0035217086374928265 -0.0020150905323103418 0.0010911206109435719 -0.00019028788185375758 -0.018382071796521779 -0.0041774389783262537 -0.0079777944412312927 0.0035217086374928265
leaf_weight=161.19408622384071 10.201130071305668 21.48937341151759 57.057135380804539 31.186652841512114 135.71303380187601 22.530485404655337 83.792363778222352 62.892192361876369 220.26706265693065 257.686792335473 44.956240045372397 248.78483431506902 9.9156000651419145 307.19537491584197
leaf_count=1492 90 148 468 445 976 197 699 475 1525 1874 446 2409 72 2363
internal_value=0.000510861 0.000394433 0.000280691 -0.00148796 -0.00424759 -0.00244223 0.00224188 0.000729583 -0.000190205 -0.0014717 -0.00383989 -0.00571946 -0.0117781 0.00237245
internal_weight=1674.86 1664.66 1643.17 330.28 189.43 158.244 140.849 1312.89 844.503 624.236 366.549 303.657 54.8718 468.389
internal_count=13679 13589 13441 2785 1618 1173 1167 10656 6801 5276 3402 2927 518 3855
is_linear=0
shrinkage=0.03


Tree=363
num_leaves=15
num_cat=0
split_feature=12 18 27 13 30 33 18 28 22 27 2 28 35 25
split_gain=0.77772 2.97895 0.791403 0.856383 1.3684 0.850137 0.91133 1.47146 2.163 1.05259 0.681555 0.537976 0.312655 0.128993
threshold=1.5454864769933265 0.081687308919095106 -0.43305049367514975 inf 77.088982446125328 80.03996003996005 inf 4.5000000000000009 4.2867203641396839e-06 0.84933452308102175 0.10446428571428573 13.500000000000002 16.150516150516157 -0.4700036292457353
decision_type=2 10 8 8 2 2 8 2 2 8 2 2 10 10
left_child=2 -2 12 5 11 6 7 9 10 -4 13 -5 -1 -9
right_child=1 -3 3 4 -6 -7 -8 8 -10 -11 -12 -13 -14 -15
leaf_value=0.0029137294481262929 0.0029137294481262929 0.016091233547651095 -0.00043169438792297596 0.0015271573017154893 0.00016188430084329431 -0.0071085897520722719 0.00016188430084329431 -0.0028435439276834431 -0.00043169438792297596 -0.0037473049082674677 -0.001939782947099419 0.00084452080127939177 0.0015271573017154893 -0.0037473049082674677
leaf_weight=13.851465290645136 8.6342625394463557 11.708061645273117 22.11472849175334 634.14555108908098 57.274470252916217 12.316403319127856 67.783203072845936 7.7852969933301202 430.03090831963345 91.697668804787099 16.447921391576529 90.389733560907189 34.317092197015882 184.87489234237
leaf_count=121 49 98 155 5696 645 94 459 54 2972 700 124 989 267 1400
internal_value=0.000345294 0.00556246 0.000264995 0.000140585 0.000850998 -0.00052723 -0.00038602 -0.00102527 -0.000448278 -0.0037473 -0.00344787 0.00152716 0.00291373 -0.0037473
internal_weight=1683.37 20.3423 1663.03 1614.86 781.81 833.051 820.735 752.951 639.139 113.812 209.108 724.535 48.1686 192.66
internal_count=13823 147 13676 13288 7330 5958 5864 5405 4550 855 1578 6685 388 1454
is_linear=0
shrinkage=0.03


Tree=364
num_leaves=15
num_cat=0
split_feature=18 32 8 13 4 14 30 12 20 28 30 4 16 28
split_gain=1.47559 2.41173 4.45575 1.94926 6.21939 2.21473 1.81458 1.21697 1.11516 0.960862 0.704621 0.532052 0.332773 0.305009
threshold=1.0000000180025095e-35 53.788169872085966 0.046954766449940351 inf 2.0865658321103715 0.71190313027293373 76.346867418296014 0.04866439329354931 0.56430169225614535 10.500000000000002 77.624161552733 -0.083808790016550797 42.065239740884842 1.5000000000000002
decision_type=10 2 10 8 8 2 2 2 10 2 2 10 8 2
left_child=1 -1 10 5 6 -2 12 8 9 -4 -3 -11 -5 -12
right_child=3 2 7 4 -6 -7 -8 -9 -10 11 13 -13 -14 -15
leaf_value=0.00036602477613403888 0.00036602477613403888 -0.0008166573706629562 -0.0086482727758063049 0.011360293518417129 0.0022068618414527825 0.0022068618414527825 0.0073112362122954855 -0.0040020438683939629 -0.0064344505201274537 -0.0086482727758063049 -0.0024093506195284596 -0.018113479329399995 0.017666344144238448 -0.0040020438683939629
leaf_weight=186.39153520204127 671.00660206750035 341.00879408884794 52.449467150494456 7.117703508818523 153.38507208193187 125.42582519631833 6.7568286135792723 16.417350040748715 7.5458938535302869 10.899577375501392 14.302022211253645 23.36282031564042 40.417486547899898 16.142131069675088
leaf_count=1306 4716 3041 727 66 1232 992 66 87 56 143 146 350 545 238
internal_value=0.000548576 -0.000541105 -0.00199934 0.00127315 0.00382595 0.000587772 0.0124156 -0.00718743 -0.00886686 -0.0108621 -0.000816657 -0.0152056 0.0154094 -0.00400204
internal_weight=1672.63 668.52 482.128 1004.11 207.677 796.432 54.292 110.675 94.2578 86.7119 371.453 34.2624 47.5352 30.4442
internal_count=13711 6094 4788 7617 1909 5708 677 1363 1276 1220 3425 493 611 384
is_linear=0
shrinkage=0.03


Tree=365
num_leaves=15
num_cat=0
split_feature=14 25 9 30 28 28 27 13 1 9 13 28 14 9
split_gain=1.32018 10.2534 4.77412 2.57658 2.32594 1.7528 1.64412 1.39566 1.35638 1.00974 0.955038 1.67064 0.519904 0.429487
threshold=0.0025711040402093166 -0.38670699897927036 3.8801212470273128 77.624161552733 15.500000000000002 1.5000000000000002 -0.28540416418385023 -6.6892441084731109 5.1607757135385581 0.62178524249719513 inf 7.5000000000000009 0.71190313027293373 0.017426350795307362
decision_type=2 8 10 2 2 2 8 8 10 10 8 2 2 8
left_child=3 2 -2 4 7 -5 9 -1 -7 -3 12 -12 -8 -9
right_child=1 6 -4 5 -6 8 10 13 -10 -11 11 -13 -14 -15
leaf_value=-0.0032127111129618391 0.0073665237030449242 0.0037699806418961968 0.023791598215734476 -0.0032127111129618391 -0.0032127111129618391 -0.0032127111129618391 0.00074982387354783112 -0.0012314436197070041 -0.014840437491698064 0.0073665237030449242 0.0037699806418961968 0.0018255848536131709 0.0018255848536131709 0.00074982387354783112
leaf_weight=7.037499075755477 31.449686464911792 17.741153690032661 21.02424968034029 18.110110588371754 43.507791494950652 3.8627791078761247 578.58060203259811 69.715420695953071 21.058855125214905 18.071420148015022 106.48930469877087 81.959275939618237 122.93379418365657 537.10188165213913
leaf_count=90 251 129 182 179 442 76 3846 475 306 130 983 1040 905 4792
internal_value=0.00089263 0.00160166 0.0138994 -0.000102009 0.000385244 -0.00681067 0.000833689 0.000749824 -0.0118861 0.00679014 0.000749824 0.00290135 0.000749824 0.000749824
internal_weight=1678.64 978.249 52.4739 700.394 657.363 43.0317 925.776 613.855 24.9216 35.8126 889.963 188.449 701.514 606.817
internal_count=13826 7466 433 6360 5799 561 7033 5357 382 259 6774 2023 4751 5267
is_linear=0
shrinkage=0.03


Tree=366
num_leaves=13
num_cat=0
split_feature=20 13 24 18 11 20 0 27 16 28 33 2
split_gain=2.28149 1.28512 0.957648 3.77657 1.33531 1.45981 1.0289 2.02031 1.60665 0.774804 0.690758 0.507567
threshold=0.94204301282539538 1.0000000180025095e-35 -0.00052657667546261971 0.22474878180057456 3.0189109136477561 0.0015982133860124371 -0.8348631728980318 1.4484645792211626 133.3645267970042 15.500000000000002 51.853701853701857 0.021980676328502421
decision_type=10 8 8 8 2 10 10 8 8 2 2 2
left_child=2 -2 3 -1 5 6 10 8 9 -8 -4 -9
right_child=1 -3 4 -5 -6 -7 7 11 -10 -11 -12 -13
leaf_value=-0.018360116500153258 0.0058733109842900606 0.017275358631549092 0.0017762431193742976 -0.0019925327499376836 0.0058733109842900606 0.003205681697244465 -0.00068923598067772594 -0.0019925327499376836 0.00086621110870996559 8.8487564016119855e-05 0.00086621110870996559 -0.00068923598067772594
leaf_weight=8.5827571726404148 4.0418232096126285 9.219255695876198 169.96622235514224 18.210707612335682 12.570966689381747 43.051928095519543 389.03246582811698 220.27581258537248 481.8191908816807 98.825091917067766 151.74940835591406 64.870363002642989
leaf_count=56 70 188 1337 149 101 279 2725 1956 4622 712 1167 382
internal_value=0.000657283 0.0112071 0.000539529 -0.00462321 0.000638141 0.000538052 0.000346805 -4.38209e-05 0.000614061 -0.000689236 0.00177624 -0.00199253
internal_weight=1672.22 13.2611 1658.95 26.7935 1632.16 1619.59 1576.54 1254.82 969.677 487.858 321.716 285.146
internal_count=13744 258 13486 205 13281 13180 12901 10397 8059 3437 2504 2338
is_linear=0
shrinkage=0.03


Tree=367
num_leaves=15
num_cat=0
split_feature=20 11 28 9 14 28 26 1 14 28 29 16 0 18
split_gain=3.51051 1.89988 1.18742 1.97784 2.85944 1.79409 2.18895 1.69665 5.14582 1.37106 1.8386 1.16699 1.60247 1.09632
threshold=0.96728788207662453 4.5848660010509734 1.5000000000000002 0.017426350795307362 1.0000000180025095e-35 7.5000000000000009 -1.0000000180025095e-35 10.319366698766155 0.44482537614455092 4.5000000000000009 49.468954347471488 19.378096903998124 6.8730142670217704 0.13691022387028146
decision_type=10 2 2 10 2 2 8 8 2 2 2 8 8 8
left_child=1 2 11 4 9 6 -5 8 -7 -4 -11 12 -1 -6
right_child=-2 -3 3 5 13 7 -8 -9 -10 10 -12 -13 -14 -15
leaf_value=8.2477632280185189e-05 0.014364519845767065 0.0074325933835785226 -0.0029447460880759084 0.0039119463363039945 -0.0027768540992443957 0.00084839516497832218 -0.00052942318686851112 -0.00052942318686851112 0.0039119463363039945 -0.0027768540992443957 -0.012635815967463843 0.0039119463363039945 -0.011185164561377726 -0.00052942318686851112
leaf_weight=7.5026753470301628 11.612473485583903 11.296315533807499 107.00114988163114 37.269302064552903 10.531598536297677 467.51483479468152 360.77941095735878 100.51061139674857 189.33769089344423 10.695681691169737 33.602218724321574 123.51691429316998 8.8232769407331961 192.72675487957895
leaf_count=67 230 90 805 279 90 3868 3034 860 1544 59 270 896 71 1598
internal_value=0.000639436 0.000500667 0.000391299 0.000141924 -0.00180271 0.000743864 -0.000529423 0.00161244 0.00222621 -0.00502429 -0.00923926 0.00298611 -0.00374699 -0.000529423
internal_weight=1672.72 1661.11 1649.81 1509.97 354.557 1155.41 398.049 757.363 656.853 151.299 44.2979 139.843 16.326 203.258
internal_count=13761 13531 13441 12407 2822 9585 3313 6272 5412 1134 329 1034 138 1688
is_linear=0
shrinkage=0.03


Tree=368
num_leaves=15
num_cat=0
split_feature=28 33 8 16 1 25 28 22 17 22 20 16 1 1
split_gain=1.63089 2.24308 2.19895 2.08747 1.7065 8.04113 7.82895 4.59142 2.92355 6.8402 3.86135 2.88723 5.18425 1.73616
threshold=17.500000000000004 61.945197659483377 0.37790524307855483 -0.0069369454999001039 11.178729971845524 -0.23183063910594923 11.500000000000002 0.00019434007535805431 0.0052006801981258058 0.13095837906641375 0.71228931308201526 251.92631901505823 2.9971015929757501 -0.25797866040431766
decision_type=2 2 10 10 10 10 2 2 2 2 10 8 8 10
left_child=4 2 3 -2 8 -6 -7 -8 -1 10 11 13 -13 -10
right_child=1 -3 -4 -5 5 6 7 -9 9 -11 -12 12 -14 -15
leaf_value=-0.00096096396697907267 0.0064393732468645262 -0.0052494563543804265 0.0012053214395628164 0.01713875582931736 -0.0010528237699188301 -0.0053485618435025967 -0.030215661573346049 -0.0074836661268060161 0.0022652350473307548 0.022328642440800146 0.011828780510530447 0.0063990090276868023 0.0022652350473307548 0.0003928525810286982
leaf_weight=698.45695962850004 10.940066993760405 11.831887056119738 14.81888456083834 22.396879015956078 97.179660245776176 62.733677145093679 16.461501284502447 19.857587054371834 63.570858719758689 9.2701570171629992 11.762774990405886 77.843059978447855 119.3845621952787 446.41466087661684
leaf_count=6088 118 114 121 146 864 587 165 149 501 69 184 741 925 3080
internal_value=0.000245769 0.00490586 0.0076601 0.0116734 5.89813e-05 -0.00252804 -0.0096443 -0.0201965 0.000422393 0.00174667 0.00132892 0.000969238 0.00413762 0.000392853
internal_weight=1682.92 59.9877 48.1558 33.3369 1622.94 196.232 99.0528 36.3191 1426.7 728.246 718.976 707.213 197.228 509.986
internal_count=13852 499 385 264 13353 1765 901 314 11588 5500 5431 5247 1666 3581
is_linear=0
shrinkage=0.03


Tree=369
num_leaves=15
num_cat=0
split_feature=34 14 18 9 24 9 6 18 1 1 8 27 1 7
split_gain=1.52311 5.61843 3.15682 3.51531 2.98802 2.28763 1.59002 1.51092 1.2618 1.13457 1.12918 0.744873 0.371894 0.14834
threshold=55.830835830835845 2.9977593497237831 0.95265631953764662 0.38967662117781893 0.001420888119103181 0.55392770677373637 -0.99160070242093623 0.05569093745233878 11.178729971845524 23.984732185223439 0.40059824635749047 -0.11778303565638358 0.098728788321270008 1.0922319716716979
decision_type=2 2 10 10 8 10 2 8 8 10 10 8 10 8
left_child=1 2 6 -4 5 -2 -1 -6 -5 10 -9 -11 13 -8
right_child=4 -3 3 8 7 -7 12 9 -10 11 -12 -13 -14 -15
leaf_value=0.00250114433319365 -0.020165439334180104 0.017276831053613183 0.00250114433319365 0.009032107430178191 -0.0059799758000984105 -0.0059799758000984105 0.0013461173455965167 0.00019109035799938308 0.0054826071940660207 -0.0014316087866840476 -0.0014316087866840476 -0.003054307931367478 0.00019109035799938308 0.00076860385179794986
leaf_weight=38.071556363254786 9.5736889410763997 13.984700557193717 36.984801731072366 85.254747268278152 8.9991687443107349 7.4873593458905807 112.85477242886554 494.97798988129944 22.002137593924999 14.571131640113888 97.946582938544452 53.372385753784329 599.14112230879255 69.019392817281187
leaf_count=262 81 309 261 572 78 76 897 4087 141 146 969 612 4717 489
internal_value=0.000351531 0.00111008 0.000787384 0.0048112 -0.000727895 -0.0115926 0.00019109 -0.00036734 0.00846407 -0.00012864 0.00019109 -0.00305431 0.00019109 0.00134612
internal_weight=1664.24 977.313 963.329 144.242 686.928 17.061 819.087 669.867 107.257 660.868 592.925 67.9435 781.015 181.874
internal_count=13697 7648 7339 974 6049 157 6365 5892 713 5814 5056 758 6103 1386
is_linear=0
shrinkage=0.03


Tree=370
num_leaves=15
num_cat=0
split_feature=28 17 13 25 1 24 28 2 18 28 0 24 2 28
split_gain=3.68189 2.29203 7.06519 2.69721 2.36303 2.23997 2.07169 2.8262 1.45345 1.40432 1.1549 0.925942 2.30656 0.879809
threshold=1.5000000000000002 1.0000000180025095e-35 59.617761420004825 2.5270602030179976 11.881160738624505 -0.0013867406002457392 14.500000000000002 0.013072453861927548 0.99999855756485645 13.500000000000002 inf 0.33136194828260662 0.020942982456140354 9.5000000000000018
decision_type=2 2 8 8 8 10 2 2 10 2 8 8 2 2
left_child=10 6 5 4 9 -3 11 8 -8 -4 -1 12 -2 -13
right_child=1 2 3 -5 -6 -7 7 -9 -10 -11 -12 13 -14 -15
leaf_value=0.0071841798956236548 -0.011588636502795163 4.5872434664099571e-05 0.017879684035422391 0.0032278168121479033 0.0060577972807970958 0.0032278168121479033 -0.011497033208666088 4.5872434664099571e-05 -0.004445412901081326 0.0098365082588134766 0.0014569105597764082 4.5872434664099571e-05 -0.0026322044245962804 -0.0023431073726515464
leaf_weight=87.660952099598944 24.080779215320945 627.7269135620445 35.150160442455672 49.29391004005447 76.436340401880443 33.619155983789824 49.189912314992398 17.111801460385323 9.647145124152301 19.361613533343188 52.820311885327101 440.53605521423742 9.0733348969370109 140.93723292369395
leaf_count=721 200 4387 390 365 731 257 551 120 74 264 316 3940 75 1376
internal_value=0.000593795 0.000160194 0.00120805 0.00640976 0.00888778 4.58724e-05 -0.0011163 -0.00562934 -0.0089367 0.0136152 0.00515484 -0.000517707 -0.00504569 -0.000218717
internal_weight=1672.65 1532.16 841.588 180.242 130.948 661.346 690.576 75.9489 58.8371 54.5118 140.481 614.627 33.1541 581.473
internal_count=13767 12730 6394 1750 1385 4644 6336 745 625 654 1037 5591 275 5316
is_linear=0
shrinkage=0.03


Tree=371
num_leaves=15
num_cat=0
split_feature=14 34 28 1 28 8 1 25 34 28 22 0 24 16
split_gain=1.06873 2.80748 1.2865 2.47952 4.34135 2.5699 2.71338 1.86488 1.47424 1.30455 4.58387 5.70385 2.23637 1.21622
threshold=1.9252692060134797 49.67948717948719 13.500000000000002 0.62994422238140724 15.500000000000002 -0.30462660984997741 12.650826350017235 -0.040534836923252097 56.33033633033633 9.5000000000000018 0.00061228708319181855 2.9884079204428815 inf 4.9751116627275769
decision_type=2 2 2 10 2 10 8 8 2 2 2 10 8 10
left_child=2 -2 7 8 5 -5 -7 -1 -4 -9 11 12 -11 -13
right_child=1 -3 3 4 -6 6 -8 9 -10 10 -12 13 -14 -15
leaf_value=0.0025610674895462883 0.014232901251478578 0.0025610674895462883 0.0025610674895462883 -0.0012605737516177744 -0.0012605737516177744 -0.0082353998530840748 -0.027121597014613034 0.00079559573489389798 -0.0012605737516177744 -0.010410729971451132 0.0014187153046431034 -0.023872231800505343 -0.0020198163635619481 -0.010410729971451132
leaf_weight=227.3503526346758 15.613719603978096 33.030383565928787 109.02340010320768 22.920758653432131 90.511753777507693 39.567455435171723 6.4290346442721775 872.19916946603917 48.699839998036623 7.5703566209413111 87.028602548409253 12.89279614435509 102.84392548445612 7.1788281500339499
leaf_count=1855 358 518 797 174 742 351 54 6878 369 59 603 151 870 55
internal_value=0.000545911 0.0047143 0.000407833 -0.00129399 -0.00387717 -0.00951872 -0.0132755 0.000820981 0.00135602 0.000276363 -0.00177677 -0.00545835 -0.00240752 -0.0184139
internal_weight=1682.86 48.6441 1634.22 317.152 159.429 68.9172 45.9965 1317.06 157.723 1089.71 217.515 130.486 110.414 20.0716
internal_count=13834 876 12958 2487 1321 579 405 10471 1166 8616 1738 1135 929 206
is_linear=0
shrinkage=0.03


Tree=372
num_leaves=15
num_cat=0
split_feature=9 16 16 13 34 14 27 14 14 20 18 13 18 1
split_gain=2.27817 1.78921 1.58876 3.31193 5.27547 1.75188 1.64205 1.40977 1.36255 0.904008 1.03885 0.818932 0.739745 0.528769
threshold=0.011007817807598849 -85.094209830590998 251.92631901505823 13.903180650095761 45.874958374958382 0.52930444795368603 -0.20609424360098869 0.00080900300649598288 0.010982106338259265 0.40311766009587019 0.014972930661648049 15.590242848295185 inf 2.4230842751931294
decision_type=8 10 8 10 2 2 8 2 2 10 10 8 8 10
left_child=1 8 5 6 -5 -2 7 -4 12 10 -8 -10 -1 -12
right_child=2 -3 3 4 -6 -7 9 -9 11 -11 13 -13 -14 -15
leaf_value=-0.011080063223082134 -0.00081394355008561901 -0.00081394355008561901 0.0037291962263263168 0.023417130335841436 0.0064713988155502469 0.00068135288423733491 0.00068135288423733491 0.0064713988155502469 -0.0052973048260260914 0.0037291962263263168 0.0022274644359017845 -0.0026964596619766419 -0.0052973048260260914 0.0014544086600695597
leaf_weight=32.670234102755785 471.43675653869286 73.815455554053187 15.137428455986084 14.967068533413114 9.0650572027079743 171.2637271953281 549.1783708347939 15.82289696956286 31.394966803491116 27.544826198427472 112.05994797684252 57.266075193649158 29.390649471431971 60.066483130678535
leaf_count=159 3618 559 167 89 70 1144 5117 170 174 268 911 679 257 428
internal_value=0.000356317 -0.00242238 0.000794494 0.00167938 0.0116427 -0.000316671 0.00130011 0.0064714 -0.00457898 0.000986994 0.000725733 -0.00269646 -0.00789815 0.00222746
internal_weight=1671.08 224.537 1446.54 803.842 24.0321 642.7 779.81 30.9603 150.722 748.85 721.305 88.661 62.0609 172.126
internal_count=13810 1828 11982 7220 159 4762 7061 337 1269 6724 6456 853 416 1339
is_linear=0
shrinkage=0.03


Tree=373
num_leaves=15
num_cat=0
split_feature=20 24 9 3 13 28 8 28 3 35 14 13 14 4
split_gain=3.09798 1.41413 0.861683 6.72772 1.32329 0.996382 0.888716 0.670238 3.64011 1.39911 1.795 1.50229 1.03922 0.708814
threshold=0.93792492401601923 0.34998205182434616 0.031898869250004035 -1.0000000180025095e-35 -0.02720240468780746 17.500000000000004 0.37790524307855483 13.500000000000002 0.21143957047070508 31.285381285381288 0.041896861810618254 52.084231798424774 0.72223085912607476 2.4321099851100723
decision_type=10 10 8 10 8 2 10 2 10 8 2 8 2 8
left_child=1 2 3 4 -1 7 -7 9 -9 10 -4 12 -11 -13
right_child=-2 -3 5 -5 -6 6 -8 8 -10 11 -12 13 -14 -15
leaf_value=-0.0070883965153757901 0.013123641339625571 0.0069106456247941331 0.0022181718520224271 -0.01410063916157759 -7.6153869173990269e-05 0.0037596639419964582 -7.6153869173990269e-05 0.0037596639419964582 -7.6153869173990269e-05 -7.6153869173990269e-05 0.0037596639419964582 0.0022181718520224271 0.0008666865833374856 0.0008666865833374856
leaf_weight=8.6837596967816335 13.277698099147527 8.8180145462974888 60.614639062434435 26.942413308192044 203.51462548784912 38.583362028934062 16.751562753692269 101.91385147999972 141.04871576465666 397.41581710614264 63.019485958619043 252.88125612400472 64.760595489293337 282.10420791991055
leaf_count=60 244 53 558 258 1604 315 143 818 1258 2921 425 2518 411 2216
internal_value=0.000834482 0.00069765 0.000608682 -0.00104181 -7.61539e-05 0.000889498 0.00375966 0.000713737 -7.61539e-05 0.00106157 0.00375966 0.00067668 -7.61539e-05 0.00180953
internal_weight=1680.33 1667.05 1658.23 239.141 212.198 1419.09 55.3349 1363.76 242.963 1120.8 123.634 997.162 462.176 534.985
internal_count=13802 13558 13505 1922 1664 11583 458 11125 2076 9049 983 8066 3332 4734
is_linear=0
shrinkage=0.03


Tree=374
num_leaves=15
num_cat=0
split_feature=35 27 28 27 18 11 32 28 3 25 28 13 18 3
split_gain=2.27739 1.856 1.08052 4.654 1.1733 0.898639 1.04676 0.674639 5.75862 1.49917 2.99777 1.618 2.37446 0.658523
threshold=13.103563103563106 -0.29260571772069638 17.500000000000004 1.0662756834968923 0.023848974559388437 4.5848660010509734 31.259649441467626 13.500000000000002 0.12688429477978849 0.048864796604827017 10.500000000000002 11.993599199524683 0.87402661303296336 0.0083742590933873918
decision_type=8 10 2 10 8 2 2 2 10 8 2 8 8 10
left_child=1 -1 4 -4 -2 6 -6 9 -9 -8 11 12 -11 -12
right_child=2 -3 3 -5 5 -7 7 8 -10 10 13 -13 -14 -15
leaf_value=0.015234545904569439 -0.0080661962555253833 0.0044225825328752452 0.0044225825328752452 -0.014256182371118637 0.0022532308479848709 0.0044225825328752452 0.0010835262721521873 0.0010835262721521873 -0.0039498204859196185 -0.0039498204859196185 0.0002466718873254578 0.0002466718873254578 -0.00090582541641261681 -0.0039498204859196185
leaf_weight=14.589187773643063 10.733521800022571 10.199519182555376 50.154496786999516 7.3032046854495993 45.733854306221474 12.254815735621376 439.92249965947121 110.07820104167331 152.4238231102936 150.86841621389613 19.305553566664457 470.72967336373404 121.36516233440489 72.787986477604136
leaf_count=109 114 75 425 51 744 100 3449 827 1312 1195 142 3816 860 626
internal_value=0.000385427 0.00860768 0.00023749 0.0041089 8.66787e-05 0.000166555 8.38792e-05 -8.61783e-05 -0.00145614 0.000200465 -0.000590182 9.84283e-05 -0.00205832 -0.00394982
internal_weight=1688.45 24.7887 1663.66 57.4577 1606.2 1595.47 1583.22 1537.48 262.502 1274.98 835.057 742.963 272.234 92.0935
internal_count=13845 184 13661 476 13185 13071 12971 12227 2139 10088 6639 5871 2055 768
is_linear=0
shrinkage=0.03


Tree=375
num_leaves=15
num_cat=0
split_feature=11 28 27 14 22 28 33 28 18 24 9 24 3 13
split_gain=1.77538 1.6108 9.63372 1.70367 1.31053 2.79074 0.94723 0.875276 1.8054 2.74205 1.35962 1.35456 1.15836 1.51541
threshold=4.5848660010509734 16.500000000000004 0.77164905496477798 0.0020053482711307759 0.42915585770375719 9.5000000000000018 61.945197659483377 6.5000000000000009 0.1446204229263523 0.0028740736137436583 0.053753538965322235 -0.94018737918755713 8.5157794956892747 -57.840261247714785
decision_type=2 2 10 2 2 2 2 2 8 8 10 10 10 10
left_child=1 4 3 6 7 -6 -3 12 9 -9 -11 -10 -1 -14
right_child=-2 2 -4 -5 5 -7 -8 8 11 10 -12 -13 13 -15
leaf_value=0.00085858902814173405 0.0099941182997828771 0.0012964234584217798 -0.01716819135829285 0.0050612746214106731 0.0017137520956666834 0.0050612746214106731 -0.0060534583684410869 -0.017444116968126658 -0.00095831427671200329 -0.010145993581870972 -0.0028478701956152898 0.0017137520956666834 -0.0074962132565469779 -0.0012942108593452452
leaf_weight=610.1116252632346 11.582258830312638 14.022499428130688 13.542243601754306 79.999934933788609 47.271001258864999 21.588440234772861 14.835457098670302 8.9039502786472422 676.18669531168416 7.724543619900941 61.670929690822959 50.407186837284826 38.141603490337729 18.824941985309124
leaf_count=4707 103 147 95 630 335 160 162 64 5705 54 538 480 429 177
internal_value=0.000226202 0.000128431 0.00337049 0.00506127 -0.00013918 0.00376126 -0.00246843 -0.00033376 -0.000997023 -0.00518204 -0.00284787 -0.000513703 0.000467994 -0.00344701
internal_weight=1674.81 1663.23 122.4 108.858 1540.83 68.8594 28.858 1471.97 804.893 78.2994 69.3955 726.594 667.078 56.9665
internal_count=13786 13683 1034 939 12649 495 309 12154 6841 656 592 6185 5313 606
is_linear=0
shrinkage=0.03


Tree=376
num_leaves=15
num_cat=0
split_feature=20 28 22 1 14 25 13 12 16 26 13 18 1 9
split_gain=1.36121 1.00036 3.19346 3.61416 4.71041 4.46027 2.50641 2.15661 1.83852 1.65645 2.05392 5.51974 3.8946 3.25256
threshold=0.94204301282539538 9.5000000000000018 0.42915585770375719 10.319366698766155 0.2884519114314355 -0.29841617774088286 38.089113842653909 0.053952018070360312 178.43174699288781 -1.0000000180025095e-35 38.089113842653909 0.86243245405764135 1.1641100216770539 0.95485582996120011
decision_type=10 2 2 10 2 10 10 2 8 8 8 8 8 10
left_child=1 6 3 4 7 -5 9 8 -3 -1 11 12 -11 -14
right_child=-2 2 -4 5 -6 -7 -8 -9 -10 10 -12 -13 13 -15
leaf_value=0.0026101297533505843 0.0087442785271217502 -0.0039112904403214672 0.0045650635955887427 -0.0039112904403214672 0.0017793387623910282 -0.013830383080767217 0.0045650635955887427 -0.00036300374275145667 -0.0020553427727519609 -0.0026438007315724992 0.0014069010023715881 -3.1581029517652077e-05 -0.013460807304780997 -0.0060346310476643555
leaf_weight=70.689564400352538 12.736727080249691 161.57377662276849 26.485406972002238 17.17493580840528 235.10330249299295 45.78731284616515 10.919557698071001 51.385666428133845 150.54247212968767 102.81684686476365 527.55100793857127 172.85624471027404 73.961140847299248 29.33555973879993
leaf_count=530 262 1334 195 162 1905 415 64 253 1453 732 4580 1186 575 205
internal_value=0.000474507 0.000385849 -0.000490371 -0.00100639 -0.000259845 -0.00756274 0.000995373 -0.00250535 -0.00374768 0.000655196 0.000203672 -0.00147006 -0.00525602 -0.00942546
internal_weight=1688.92 1676.18 688.053 661.567 598.605 62.9622 988.13 363.502 312.116 977.21 906.521 378.97 206.114 103.297
internal_count=13851 13589 5717 5522 4945 577 7872 3040 2787 7808 7278 2698 1512 780
is_linear=0
shrinkage=0.03


Tree=377
num_leaves=15
num_cat=0
split_feature=28 9 3 16 24 17 31 11 28 3 8 1 26 8
split_gain=1.84358 2.04897 5.97808 1.72077 1.50434 2.68309 1.64949 1.3094 1.1526 4.58311 6.38705 4.49508 2.27751 1.44103
threshold=17.500000000000004 0.61674557939225683 0.03694383081699109 10.15039243867748 -0.00014807122802962255 0.0001492052259046428 35.768078075770397 0.59438644834225374 13.500000000000002 0.32240073443307499 -0.30462660984997741 11.178729971845524 0.040984001747045092 0.61712981788715748
decision_type=2 10 8 8 10 2 2 2 2 8 10 10 10 10
left_child=4 2 -2 -3 7 -6 -7 8 13 -10 -11 12 -12 -1
right_child=1 3 -4 -5 5 6 -8 -9 9 10 11 -13 -14 -15
leaf_value=0.00052425801934385876 0.0050570619915327924 0.0050570619915327924 -0.010893402595132063 0.015590204685938049 0.0021158258186857906 0.020611614512419142 0.0064037624647063762 0.0021158258186857906 0.00084687208799268218 -0.002488588243725145 -0.0065689227402194322 -0.022838468932540178 -0.01495884438374142 -0.0018631719761332385
leaf_weight=951.31232226127759 9.3774206256493908 8.6643345579504949 20.687638324685398 18.641730879899118 26.676954064518213 6.8249202896840861 26.106964262668043 50.91273375088349 109.29944555507973 36.691227346658707 72.570224869064987 18.02281519304961 15.95155567023903 293.58412424917333
leaf_count=7737 79 64 180 162 230 68 244 310 906 315 638 144 163 2500
internal_value=0.000162495 0.00522304 -0.000355454 0.0104696 -3.36942e-05 0.0044518 0.0106917 -0.000220153 -0.000422082 -0.00224897 -0.00582405 -0.0106493 -0.00707922 -4.3971e-05
internal_weight=1665.32 57.3711 30.0651 27.3061 1607.95 59.6088 32.9319 1548.34 1497.43 252.535 143.236 106.545 88.5218 1244.9
internal_count=13740 485 259 226 13255 542 312 12713 12403 2166 1260 945 801 10237
is_linear=0
shrinkage=0.03


Tree=378
num_leaves=15
num_cat=0
split_feature=2 25 16 16 35 14 1 14 28 3 34 25 28 22
split_gain=1.39365 4.11862 1.373 0.968501 1.47555 1.59904 1.50548 0.893075 0.897056 2.37303 1.07937 1.04828 1.18919 2.10359
threshold=0.52232142857142871 -0.0094261139807172416 -85.094209830590998 -7.9481569079030976 25.740925740925743 0.50133449184689927 0.63805354392932023 1.9252692060134797 13.500000000000002 0.11073662280418609 56.431068931068943 -0.067750847459714145 9.5000000000000018 0.13095837906641375
decision_type=2 8 10 8 10 2 8 2 2 10 2 8 2 2
left_child=3 -2 -3 4 -1 6 -6 8 11 10 -10 -5 -13 -14
right_child=1 2 -4 7 5 -7 -8 -9 9 -11 -12 12 13 -15
leaf_value=-0.0014790657620352152 0.021462699851438605 0.0034652405838335901 0.012463970217636098 0.002026385443777826 -0.0090800922604042482 -0.0047124148233113113 -0.021073564993520862 0.0034652405838335901 0.002026385443777826 -0.0014790657620352152 0.00027365984087130557 0.0010213068487513778 -0.0014790657620352152 0.0012670521004055511
leaf_weight=8.7526639439165574 7.6227436093613505 18.857446803187489 7.8659546971321097 194.42437064857222 9.7789745768532175 11.953009478747843 10.658976757898925 47.147308764629997 75.796853607986122 187.3068884536624 37.492726795375347 832.53263000404695 205.08118333970197 10.008209407329558
leaf_count=85 87 180 81 1553 86 65 110 854 545 1531 272 6525 1669 61
internal_value=0.000741879 0.00632515 0.00346524 0.000605327 -0.00368572 -0.00794576 -0.0134478 0.000727586 0.00058753 -0.000872587 0.00202639 0.000942985 0.000507719 -0.00145823
internal_weight=1665.28 34.3461 26.7234 1630.93 41.1436 32.391 20.438 1589.79 1542.64 300.596 113.29 1242.05 1047.62 215.089
internal_count=13704 348 261 13356 346 261 196 13010 12156 2348 817 9808 8255 1730
is_linear=0
shrinkage=0.03


Tree=379
num_leaves=15
num_cat=0
split_feature=14 34 28 3 13 16 25 13 28 35 18 13 16 24
split_gain=2.1757 5.76169 2.08389 7.12235 5.06144 2.22717 2.11197 2.5067 3.7744 2.74069 1.95886 1.94249 1.84087 1.82532
threshold=1.9252692060134797 52.168664668664682 13.500000000000002 0.11073662280418609 -81.822719893800723 1.0000000180025095e-35 -0.080476014174494001 68.440081406701424 4.5000000000000009 74.700299700299709 0.99999855756485645 1.2502057463651237 -1.8231270762566989 inf
decision_type=2 2 2 10 10 8 8 8 2 10 8 10 10 8
left_child=2 -2 6 -4 -5 -6 -1 8 9 10 11 -8 -11 -10
right_child=1 -3 3 4 5 -7 7 -9 13 12 -12 -13 -14 -15
leaf_value=0.002690358155152772 0.019042677660162956 0.002690358155152772 0.002690358155152772 -0.014287228891777436 -0.0087177580791701608 -0.0017285218849094662 -0.0087709124877890701 0.00092239842770464573 -0.0079574825820464736 -0.022326820292573095 -0.00049421524304373553 -0.0036820519375172283 -0.0087709124877890701 -0.00049421524304373553
leaf_weight=196.25058294762857 16.417797908419743 31.287610253784806 121.83352229674347 46.308185613714159 33.465889299288392 111.03715195460245 52.054653868079185 603.18842393747764 24.918037055758759 10.566909888759257 53.241297144442797 18.067688194103539 15.839107419364153 343.13630280829966
leaf_count=1585 390 494 894 558 262 769 444 5158 188 73 348 125 127 2405
internal_value=-0.000213409 0.00578691 -0.000406192 -0.00258734 -0.0061474 -0.00314829 0.000119318 -0.000389015 -0.00191083 -0.00585476 -0.00366367 -0.00686989 -0.0138782 -0.000494215
internal_weight=1677.61 47.7054 1629.91 312.645 190.811 144.503 1317.26 1121.01 517.824 149.77 123.364 70.1223 26.406 368.054
internal_count=13820 884 12936 2483 1589 1031 10453 8868 3710 1117 917 569 200 2593
is_linear=0
shrinkage=0.03


Tree=380
num_leaves=15
num_cat=0
split_feature=14 7 3 22 13 18 18 5 8 1 4 14 13 13
split_gain=2.65332 2.39883 2.31694 1.23183 1.31674 2.04144 1.30761 1.05192 1.00858 0.667103 0.826968 1.22637 1.41296 0.783034
threshold=2.2228807863345179 inf 13.731134969939875 0.0013448455311148788 1.2502057463651237 0.88509952605958631 0.047858306478739739 0.29410417606652733 -0.34419374263017749 -1.4253735324078141 -0.98328589779672482 0.46316087088299907 68.440081406701424 -0.36675478410468049
decision_type=2 8 8 2 8 8 10 2 10 8 10 2 8 10
left_child=1 9 7 4 5 -3 -6 -2 -4 -1 13 12 -12 -11
right_child=2 3 8 -5 6 -7 -8 -9 -10 10 11 -13 -14 -15
leaf_value=0.0035441445287459224 0.019227938581474448 -0.013059748312034443 0.0090299226975117542 -0.00081473758603430935 -0.0045667967414759177 -0.0045667967414759177 -0.0020338768083666648 0.0090299226975117542 0.0035441445287459224 0.0010214504657662415 -0.00081473758603430935 0.0010214504657662415 0.00021006101879525997 0.0019893543680384426
leaf_weight=12.906076019397004 14.662520897865763 27.397868013009429 8.9006210248917359 80.341653140261769 160.85041301045567 35.172505386173725 77.128357938257977 3.2814074670895925 14.47893041744828 113.90532879921375 430.86658805608749 230.01306894887239 344.78706256626174 126.06881087366492
leaf_count=181 363 254 135 561 1337 247 482 71 211 937 3182 1558 3440 856
internal_value=0.000103737 -9.60368e-05 0.00718433 -0.00216599 -0.00325302 -0.00698549 -0.00214811 0.0145157 0.00354414 0.000536512 0.000434564 5.35466e-05 -0.000601328 0.00198935
internal_weight=1680.76 1639.44 41.3235 380.891 300.549 62.5704 237.979 17.9439 23.3796 1258.55 1245.64 1005.67 775.654 239.974
internal_count=13815 13035 780 2881 2320 501 1819 434 346 10154 9973 8180 6622 1793
is_linear=0
shrinkage=0.03


Tree=381
num_leaves=15
num_cat=0
split_feature=27 18 2 3 9 16 28 9 1 14 28 18 25 14
split_gain=1.40824 4.6233 3.1042 2.40715 2.29918 1.41451 1.24208 1.43708 1.20748 5.68616 2.42325 1.92676 0.99715 0.526044
threshold=1.5615653839549084 0.47926197175325069 0.52232142857142871 0.09787836797143798 0.92018366729283918 -28.160627759949534 17.500000000000004 0.19206723715122009 11.178729971845524 0.52930444795368603 8.5000000000000018 0.99999855756485645 0.017897659043337292 0.17464201873082855
decision_type=8 8 2 10 10 10 2 10 8 2 2 10 8 2
left_child=2 3 6 -2 -5 12 8 -8 9 11 -11 -1 -4 -9
right_child=1 -3 5 4 -6 -7 7 13 -10 10 -12 -13 -14 -15
leaf_value=0.00047167902936846282 -0.004192538799803071 -0.00016991589472587946 0.012234951084365179 -0.018265322993826546 -0.0086625437367580677 0.018882191824545185 -0.00016991589472587946 0.0027088972247296455 -0.00016991589472587946 0.0030296946867768167 0.00558771034418517 0.0030296946867768167 0.00558771034418517 0.00558771034418517
leaf_weight=623.34548835363239 28.384247425245121 378.57968350313604 5.6134980148635814 30.733218634035438 6.8384947124868622 7.1350347115658215 10.481623255647717 19.955724881030619 306.71657765284181 44.83488990587648 127.84849234658759 57.429853182751685 10.762390203366525 23.947599103441462
leaf_count=5236 204 2873 67 288 49 79 90 186 2597 360 1185 389 107 188
internal_value=0.000290308 -0.00114974 0.00080991 -0.00821516 -0.0131325 0.0105976 0.000577772 0.00481072 0.000359554 0.00111327 0.00558771 0.000471679 0.00558771 0.00558771
internal_weight=1682.61 444.536 1238.07 65.956 37.5717 23.5109 1214.56 54.3849 1160.18 853.459 172.683 680.775 16.3759 43.9033
internal_count=13898 3414 10484 541 337 253 10231 464 9767 7170 1545 5625 174 374
is_linear=0
shrinkage=0.03


Tree=382
num_leaves=15
num_cat=0
split_feature=22 4 13 1 28 9 16 13 28 19 21 18 33 18
split_gain=1.27047 6.35376 3.45612 0.844154 0.755312 3.97481 2.77611 2.39009 2.2551 1.74244 1.60607 3.69468 1.03799 0.966289
threshold=0.84912812358439982 -0.028043639203924092 64.183431458320996 -1.4253735324078141 7.5000000000000009 0.031898869250004035 0.06574172498853513 -8.3409459380278808 11.500000000000002 -0.14918711845523089 1.0000000180025095e-35 0.023848974559388437 72.810522810522826 0.39706591278895342
decision_type=2 8 8 8 2 10 8 8 2 10 2 10 2 10
left_child=3 2 -2 -1 7 8 -7 9 13 -5 11 -9 -8 -6
right_child=1 -3 -4 4 5 6 12 10 -10 -11 -12 -13 -14 -15
leaf_value=0.002592836227463609 0.010213911447626685 0.002592836227463609 0.027520659513392939 -0.0034338540338647843 -0.014404273853328023 -0.0025728439841744164 0.0014881137791085256 -0.0028746478652862651 -0.0025728439841744164 -0.014947981936144659 0.0014881137791085256 0.00069077182678919827 -0.00054789201036369213 -0.0048733652620630554
leaf_weight=17.728434773162007 8.8674433007836324 42.795865580090322 12.176546106289608 7.7456580698490169 22.273211298510432 149.19459071266465 541.32516296365066 285.64606085419655 51.229792319005355 11.472661968320606 167.16264949250035 286.87022592802532 45.559299035929143 27.009695425163954
leaf_count=239 56 315 100 62 208 1182 4506 2615 433 90 1140 2100 510 258
internal_value=0.000682068 0.0046756 0.017835 0.000510073 0.000383391 -0.000238073 0.000539007 0.00106555 -0.0056847 -0.00822836 0.00136066 -0.00010657 0.00147706 -0.0101108
internal_weight=1677.06 63.8399 21.044 1613.22 1595.49 836.592 736.079 758.897 100.513 19.2183 739.679 572.516 586.884 49.2829
internal_count=13814 471 156 13343 13104 7097 6198 6007 899 152 5855 4715 5016 466
is_linear=0
shrinkage=0.03


Tree=383
num_leaves=15
num_cat=0
split_feature=28 27 14 9 28 16 3 35 24 18 28 18 1 14
split_gain=1.52968 1.47662 1.80511 1.57895 1.38997 1.47742 3.11559 3.47063 2.38896 3.70543 3.98908 2.82285 1.64945 1.62713
threshold=17.500000000000004 0.84933452308102175 0.17464201873082855 0.43056320552782962 1.5000000000000002 -12.796348735907181 9.3961924739358533 75.000000000000014 -0.0041330786291144421 0.15128888577333552 11.500000000000002 0.96447003099579731 0.098728788321270008 0.00080900300649598288
decision_type=2 10 2 10 2 10 10 8 10 10 2 8 10 2
left_child=4 2 -2 -4 -1 6 13 -8 11 -10 -11 12 -7 -6
right_child=1 -3 3 -5 5 8 7 -9 9 10 -12 -13 -14 -15
leaf_value=0.0028178837613776248 0.00049894764254216652 -0.0054981785943265518 0.0059164180017724751 0.01671895978045667 -0.0019369214494814671 0.0020978271306955811 -0.0033191087467574179 -0.014790451480414024 0.0043416919052079095 0.030070072666694338 0.010505293188577201 0.0043340088682502281 -0.00013835460685906532 -0.00013835460685906532
leaf_weight=138.2991233933717 25.471083548851311 7.0824643326923242 9.6877184491604584 16.528155060717836 469.86351482849568 114.87141713034362 65.531114886049181 25.163595747668296 9.7253460511565226 8.4328026585280913 12.885667797294444 129.70713107520714 359.12203307263553 287.82717318413779
leaf_count=1013 238 49 81 129 4168 860 671 235 60 71 106 949 2640 2567
internal_value=0.000175229 0.00473285 0.00649607 0.0113339 -4.00567e-06 -0.000275725 -0.00109198 -0.00619348 0.000815272 0.00831915 0.0166689 0.000364239 -0.000138355 -0.000444739
internal_weight=1680.2 58.7694 51.687 26.2159 1621.43 1483.13 848.385 90.6947 634.744 31.0438 21.3185 603.701 473.993 757.691
internal_count=13837 497 448 210 13340 12327 7641 906 4686 237 177 4449 3500 6735
is_linear=0
shrinkage=0.03


Tree=384
num_leaves=15
num_cat=0
split_feature=35 28 28 3 17 0 24 18 28 11 2 28 1 35
split_gain=1.34283 2.77517 1.24326 2.25244 1.76365 2.12741 1.58608 1.34627 1.26769 1.86001 1.30807 1.18985 1.13106 1.12573
threshold=15.725940725940726 9.5000000000000018 5.5000000000000009 8.5157794956892747 1.0000000180025095e-35 inf -1.0691264447078581 0.93024362768100854 8.5000000000000018 0.92918348406034845 0.14884920634920637 10.500000000000002 11.178729971845524 69.322344322344335
decision_type=8 2 2 10 2 8 10 10 2 2 2 2 10 8
left_child=1 -1 3 13 5 8 12 -5 -4 10 -10 -7 -6 -2
right_child=2 -3 4 7 6 11 -8 -9 9 -11 -12 -13 -14 -15
leaf_value=0.0175139122611449 0.00239762934810645 0.00239762934810645 -0.0014288806348401954 -0.0070858324871586609 0.00014169632230641213 -0.013351631251604336 0.00239762934810645 -0.0016249235831787253 -0.0056818940719859084 -0.0014288806348401954 -0.0031870666803935875 -0.0056818940719859084 -0.0014288806348401954 0.00041508195004100337
leaf_weight=7.4086820799857405 87.769436050439253 24.192070693708956 119.48826999170706 55.294799407944083 550.12115472205915 25.109992504119873 47.545525134424679 10.059456743299959 196.07521266303957 10.935953957960008 36.314898025244474 8.5906440503895265 52.781303361058235 447.70937953668181
leaf_count=52 694 208 1148 563 4196 215 453 74 2109 56 260 69 372 3402
internal_value=-0.000383264 0.00530329 -0.000508032 0.000576705 -0.00113032 -0.00269384 -0.000163924 -0.00447937 -0.00195018 -0.00367344 -0.00494525 -0.00941361 -0.000679743 0.00122952
internal_weight=1679.4 31.6008 1647.8 600.833 1046.96 396.515 650.448 65.3543 362.814 243.326 232.39 33.7006 602.902 535.479
internal_count=13871 260 13611 4733 8878 3857 5021 637 3573 2425 2369 284 4568 4096
is_linear=0
shrinkage=0.03


Tree=385
num_leaves=15
num_cat=0
split_feature=20 0 11 27 28 28 14 0 2 18 17 25 13 1
split_gain=2.82832 1.80409 0.680899 0.584429 0.654878 0.63167 1.1501 2.09799 1.85821 1.26332 1.07237 0.558172 0.457151 0.447371
threshold=0.96728788207662453 -0.8348631728980318 4.5848660010509734 2.9978661367769956 17.500000000000004 1.5000000000000002 0.0093279185775006247 0.10053983853343212 0.016954022988505752 0.9620790278684056 0.0010107168508065214 0.20728009907230008 0.79493291259859122 -1.4253735324078141
decision_type=10 8 2 10 2 2 2 10 2 8 2 10 8 10
left_child=1 13 3 4 5 12 8 11 10 -9 -7 -8 -3 -1
right_child=-2 2 -4 -5 -6 6 7 9 -10 -11 -12 -13 -14 -15
leaf_value=0.0067645306365776928 0.013159118444952531 -0.002306519421585967 0.0035012781797918013 -0.0053533158433225333 0.0018327744991468095 -0.0025656912278276601 0.0018327744991468095 -0.00025695852673680793 -0.00025695852673680793 0.00078790798620500082 -0.001314762086554224 0.00078790798620500082 0.0018327744991468095 0.0035012781797918013
leaf_weight=17.898492021020505 10.71667450427776 20.226134922355413 11.418992684222756 12.104547310620545 59.117880626581609 364.69406345067546 214.14799164433498 384.0236121439375 123.15339047834277 190.47797322552651 103.03313426440582 42.980849309824407 115.59206792525947 5.4101221705786875
leaf_count=244 224 158 92 101 482 3999 1784 2677 753 1340 801 309 825 58
internal_value=0.000490689 0.000369943 0.000238026 0.000164271 0.000221933 7.75863e-05 -0.000112426 0.000605373 -0.00111929 -0.000256959 -0.00237257 0.00183277 0.00183277 0.00676453
internal_weight=1675 1664.28 1640.97 1629.55 1617.45 1558.33 1422.51 831.63 590.881 574.502 467.727 257.129 135.818 23.3086
internal_count=13847 13623 13321 13229 13128 12646 11663 6110 5553 4017 4800 2093 983 302
is_linear=0
shrinkage=0.03


Tree=386
num_leaves=15
num_cat=0
split_feature=27 26 11 2 34 8 16 0 18 27 1 18 22 35
split_gain=1.12851 2.36995 0.665806 0.86823 1.11884 5.30489 3.38078 1.73127 1.43686 0.939316 0.864203 0.402515 0.275992 0.264249
threshold=-0.43305049367514975 -1.0000000180025095e-35 0.99199140097495997 0.11819852941176472 57.042957042957049 1.5851581861725095 0.093126791726135416 3.065344810679147 0.1446204229263523 1.7516094980272336 10.319366698766155 0.14877947576515865 0.00061228708319181855 46.678321678321687
decision_type=8 10 2 2 2 10 8 8 8 8 10 10 2 8
left_child=1 -1 3 4 9 8 -7 -8 -6 -2 -10 -3 -4 -5
right_child=2 11 12 13 5 6 7 -9 10 -11 -12 -13 -14 -15
leaf_value=0.014247016516962934 0.00075565029303254773 0.0026265911078150318 0.0014760799848655419 0.0014760799848655419 -0.0045666728211410179 -0.020293202852685835 -0.0045666728211410179 -0.012429937836913426 -0.00010346283548794935 -0.00010346283548794935 -0.0023350678283144835 0.0074546344805969779 0.0026265911078150318 0.00075565029303254773
leaf_weight=12.998437501024453 641.14042120159138 14.278155589476226 15.377013428136705 50.350494582322426 19.182034311816096 12.988028634339569 28.326618649996821 19.040803212206807 443.77683795709163 164.49633317627013 58.527909527067095 22.675216465140693 20.981701111071743 142.59679611364845
leaf_count=105 5224 114 81 381 168 138 274 192 3728 1291 665 173 149 1048
internal_value=0.000584196 0.00481411 0.00043907 0.000325569 3.52206e-05 -0.000962576 -0.00902988 -0.00456667 -0.000103463 0.00075565 -0.000103463 0.00262659 0.00262659 0.00147608
internal_weight=1666.74 49.9518 1616.78 1580.43 1387.48 581.842 60.3555 47.3674 521.487 805.637 502.305 36.9534 36.3587 192.947
internal_count=13731 392 13339 13109 11680 5165 604 466 4561 6515 4393 287 230 1429
is_linear=0
shrinkage=0.03


Tree=387
num_leaves=15
num_cat=0
split_feature=24 8 9 17 28 4 14 17 2 24 28 0 26 28
split_gain=1.21928 1.37885 2.66282 2.68424 1.78567 1.26372 1.16378 0.953716 1.21374 0.858067 0.483429 0.404971 0.490925 0.366347
threshold=0.34998205182434616 -0.63861092790447571 0.031898869250004035 0.060585175746852911 12.500000000000002 -0.099679597389168859 0.0042857624039339568 1.0000000180025095e-35 0.10801587301587302 -0.084858778931553511 7.5000000000000009 9.0298743884754558 -1.0000000180025095e-35 11.500000000000002
decision_type=10 10 10 2 2 10 2 2 2 10 2 10 8 2
left_child=1 4 3 10 9 -5 -6 8 -4 11 -3 12 -1 -12
right_child=-2 2 7 5 6 -7 -8 -9 -10 -11 13 -13 -14 -15
leaf_value=0.0017159559795578065 0.0081486382058047115 -0.0072286134432581143 -0.0031227981736044108 -0.0031227981736044108 -0.00057301756913117913 -0.0072286134432581143 0.003778718371684516 -0.00057301756913117913 -0.0014842511464545477 0.003778718371684516 -0.016389321354625452 -0.00057301756913117913 -3.4743857844127367e-05 -0.0072286134432581143
leaf_weight=23.929712625686079 9.509366511134429 8.2364818481728417 212.41022217273712 66.055945012718439 24.187267186120152 10.609435654943807 44.770404790295288 464.50195946334861 47.432435617782176 15.845996576594187 19.778761126101017 87.583591608330607 615.07970752881374 13.970436012838034
leaf_count=184 62 73 2274 565 254 68 333 3580 347 133 191 836 4734 116
internal_value=-0.000516989 -0.000591201 -0.00143726 -0.0055084 0.000291223 -0.0031228 0.00377872 -0.000737194 -0.00239548 -0.000162144 -0.0113344 -0.000346806 0.000218579 -0.0134263
internal_weight=1663.9 1654.39 842.996 118.651 811.397 76.6654 68.9577 724.345 259.843 742.439 41.9857 726.593 639.009 33.7492
internal_count=13750 13688 7214 1013 6474 633 587 6201 2621 5887 380 5754 4918 307
is_linear=0
shrinkage=0.03


Tree=388
num_leaves=15
num_cat=0
split_feature=16 14 19 18 14 9 0 8 12 9 35 3 14 0
split_gain=1.02367 2.53127 9.34133 5.63216 1.50426 1.40693 3.19134 3.93047 1.41334 1.37187 1.15516 3.3268 0.694306 0.640228
threshold=251.92631901505823 0.00043963256390351928 -0.032630010379935286 inf 0.70179360373183541 0.55392770677373637 0.10813072153947757 -0.3823322326194542 0.060846031957587345 inf 75.000000000000014 14.426111880332774 0.24642143288519938 0.19081045119367537
decision_type=8 2 8 8 2 8 10 10 2 8 8 8 2 8
left_child=4 9 3 13 5 6 -1 -8 -9 -2 11 -4 -7 -3
right_child=1 2 10 -5 -6 12 7 8 -10 -11 -12 -13 -14 -15
leaf_value=-0.0014399845127972823 0.000607726271161576 0.016915584302721116 0.0082571500443227829 0.025574018561119446 0.000607726271161576 -0.0014399845127972823 -0.0035200972496965237 -0.010811761377921853 -0.0063407616086183878 0.0020376302174029497 0.0020376302174029497 0.0034240799292574137 -0.00024661389481153261 0.0082571500443227829
leaf_weight=108.38578961789608 435.43469397909939 7.8287500560982153 59.325849567947444 20.654008517041802 119.70488727441989 192.95630731852725 52.106034468859434 124.05056297872216 10.045838180929421 181.12806519959122 124.29987435974181 101.93258336558938 110.37947672978044 25.539489103481174
leaf_count=729 4238 114 607 154 978 1633 420 950 53 1333 926 913 558 240
internal_value=0.000715849 0.001356 0.00346753 0.0144767 -0.000140551 -0.00110095 -0.00263336 -0.00560021 -0.00916143 0.000607726 0.00203763 0.00481053 -0.000246614 0.00825715
internal_weight=1673.77 956.143 339.581 54.0222 717.629 597.924 294.588 186.202 134.096 616.563 285.558 161.258 303.336 33.3682
internal_count=13846 8525 2954 508 5321 4343 2152 1423 1003 5571 2446 1520 2191 354
is_linear=0
shrinkage=0.03


Tree=389
num_leaves=15
num_cat=0
split_feature=14 1 28 13 0 17 1 7 25 28 22 17 1 13
split_gain=0.754873 2.79282 0.908464 3.10076 4.77581 2.51352 2.04386 1.78362 1.49901 1.32773 4.39516 5.24905 1.06343 0.835752
threshold=1.8326806622280249 3.9972468714957343 13.500000000000002 -81.822719893800723 0.96054595080699634 1.0132795144579487 0.17860789153304837 -1.3002659292538199 -1.0000000180025095e-35 10.500000000000002 0.00062399904899679824 0.19927245027719356 0.021462707597314848 -57.840261247714785
decision_type=2 8 2 10 10 2 8 10 8 2 2 2 8 10
left_child=2 13 8 4 -4 -6 -5 -8 -1 -10 11 12 -11 -2
right_child=1 -3 3 6 5 -7 7 -9 9 10 -12 -13 -14 -15
leaf_value=0.0018252127095715589 0.0071711726989860478 0.0018252127095715589 -0.002756765843888257 0.0018252127095715589 -0.021507884688268062 -0.0092193559691059798 5.7644558167564556e-05 -0.002756765843888257 0.00025430517488206561 -0.0090799608112535207 0.00082796674294319912 -0.0032877787734904023 -0.017589900244825832 0.018314212685568695
leaf_weight=259.66464079148136 10.092084813979456 29.802098861895502 62.081922872923315 47.330789510626346 21.608939500991259 5.2600905783474436 15.954273158684371 160.39824346220121 898.6540027022711 6.0961885899305344 54.223671504296362 40.403834435390308 35.490022501442581 8.5762750686844793
leaf_count=2099 299 430 549 332 311 45 102 1119 7141 55 378 306 372 162
internal_value=0.000130233 0.0036369 1.35239e-05 -0.00142475 -0.00599933 -0.0156819 0.000485802 -0.00170992 0.000365017 -0.000169279 -0.00287388 -0.00740352 -0.0148721 0.0125171
internal_weight=1655.64 48.4705 1607.17 312.634 88.951 26.869 223.683 176.353 1294.53 1034.87 136.214 81.99 41.5862 18.6684
internal_count=13700 891 12809 2458 905 356 1553 1221 10351 8252 1111 733 427 461
is_linear=0
shrinkage=0.03


Tree=390
num_leaves=15
num_cat=0
split_feature=22 28 28 30 28 1 33 1 28 9 28 28 17 1
split_gain=1.76205 3.63234 7.80939 1.85749 1.4197 0.854849 0.882502 0.777701 0.690148 1.14298 1.11725 1.07414 0.9343 0.916237
threshold=0.42915585770375719 8.5000000000000018 13.500000000000002 82.531753960325389 1.5000000000000002 -1.4253735324078141 80.03996003996005 0.068542403344031888 11.500000000000002 0.011007817807598849 12.500000000000002 5.5000000000000009 0.13742620073787912 0.53013468949480469
decision_type=2 2 2 2 2 8 2 8 2 10 2 2 2 10
left_child=3 -2 -3 5 -5 -1 8 -8 9 11 -10 13 -11 -7
right_child=1 2 -4 4 -6 6 7 -9 10 12 -12 -13 -14 -15
leaf_value=0.0025394134680284076 0.0025394134680284076 0.024940842182679026 0.0025394134680284076 -0.0034337525636239665 -0.01278102337562282 0.00046648611748823665 -0.0015291494361673054 -0.0034337525636239665 -0.0015291494361673054 0.00046648611748823665 0.00038023536473789042 -0.0015291494361673054 0.0013949122149029547 -0.0015291494361673054
leaf_weight=19.272079194430262 45.106330842303578 16.478324776981029 12.201900392770765 9.1113797090947646 15.17217248585075 229.20797723322175 9.416555402800439 32.087910752277821 78.301931278314441 400.70123882568441 394.73466864868533 84.239923919551075 233.31726266501937 86.301374546252191
leaf_count=252 316 123 96 95 163 1533 85 367 663 3628 3335 738 1611 790
internal_value=0.000458279 0.00483807 0.0130456 0.000240753 -0.00724692 0.000379418 0.000250411 -0.00343375 0.000375454 0.00080857 -0.000569631 -0.00046194 0.00139491 0.000466486
internal_weight=1665.65 73.7866 28.6802 1591.86 24.2836 1567.58 1548.31 41.5045 1506.8 1033.77 473.037 399.749 634.019 315.509
internal_count=13795 535 219 13260 258 13002 12750 452 12298 8300 3998 3061 5239 2323
is_linear=0
shrinkage=0.03


Tree=391
num_leaves=15
num_cat=0
split_feature=2 16 28 27 28 1 34 27 3 28 7 2 17 8
split_gain=1.62478 4.45811 1.07658 4.53299 3.09803 8.29336 2.99072 2.77867 1.57343 1.48289 1.72452 0.948711 1.37676 3.18417
threshold=0.52232142857142871 -28.160627759949534 13.500000000000002 1.7516094980272336 16.500000000000004 0.87124251164587296 42.757242757242771 0.90040465237398648 0.32240073443307499 12.500000000000002 2.0459969851326396 0.45049019607843138 0.13742620073787912 0.74009831687113092
decision_type=2 10 2 10 2 10 2 10 10 2 10 2 2 10
left_child=2 -2 9 4 5 8 -7 -6 -4 11 -11 12 13 -1
right_child=1 -3 3 -5 7 6 -8 -9 -10 10 -12 -13 -14 -15
leaf_value=0.00019917979150999249 0.0031224933182350235 0.02028901203516861 0.0031224933182350235 -0.017004434967423727 0.0031224933182350235 -0.0030649043544325825 -0.0088497272184270403 -0.0088497272184270403 -0.0030649043544325825 0.0031224933182350235 -0.0086756988567849823 0.0031224933182350235 0.001361615730230623 -0.0045348461394474522
leaf_weight=622.00813176215161 24.007353895809501 10.051096280571072 93.548977366299368 11.152302457019685 105.45248419319978 33.310993975959718 60.385345753282309 8.620939960703252 14.868538291193543 75.14212082058657 7.4837498711422077 30.22778167843353 412.16230066894786 155.84083542600274
leaf_count=5297 244 108 755 77 914 263 567 67 141 607 72 221 2953 1484
internal_value=0.000171606 0.00621834 2.6649e-05 -0.00149814 -0.000695019 -0.00290227 -0.00884973 0.00312249 0.00271992 0.00041401 0.00312249 0.000129228 -3.05322e-05 -0.000772181
internal_weight=1664.26 34.0585 1630.2 327.34 316.187 202.114 93.6963 114.073 108.418 1302.86 82.6259 1220.24 1190.01 777.849
internal_count=13770 352 13418 2784 2707 1726 830 981 896 10634 679 9955 9734 6781
is_linear=0
shrinkage=0.03


Tree=392
num_leaves=15
num_cat=0
split_feature=28 27 28 18 3 9 11 28 2 28 3 16 22 3
split_gain=1.28716 3.49363 4.00679 2.98001 3.32753 2.7582 1.81004 6.15432 1.32111 1.79725 4.55259 1.84396 1.11069 1.02841
threshold=15.500000000000002 0.88858033490345167 16.500000000000004 0.014972930661648049 0.0008997212295169736 0.67106497041041202 1.0000000180025095e-35 5.5000000000000009 0.20647653000594179 14.500000000000002 8.9621725660151892 0.030642559407651513 0.18991166789725913 0.32240073443307499
decision_type=2 10 2 10 8 10 2 2 2 2 10 8 2 8
left_child=6 3 -3 -2 -5 -6 8 -8 9 12 11 -11 -1 -13
right_child=1 2 -4 4 5 -7 7 -9 -10 10 -12 13 -14 -15
leaf_value=-3.4057437552598262e-05 -0.0010688358961973392 -0.0010688358961973392 -0.017064526530928589 0.018732210028393103 0.0030175493037952156 0.01015794826373603 0.017646408592744474 0.0026867704326420977 0.0026867704326420977 -0.010118187322692922 -0.020914573573587697 0.0013850143786010214 0.0013850143786010214 -0.0043318066286396686
leaf_weight=1149.5739663637942 43.337435355875641 9.4121390683576482 12.73520274274051 14.507156314910388 56.473526065703481 51.470343171618879 21.839177765534259 54.813767518906388 130.32312254188582 9.8303071055561304 7.6566784121096125 20.053684383397922 63.511617295444012 24.248826443217695
leaf_count=9742 445 79 95 121 469 394 130 352 978 81 64 170 452 224
internal_value=0.000944555 0.00325152 -0.00690905 0.00477138 0.00710393 0.00478106 0.000642024 0.00498528 0.000388266 8.32583e-05 -0.00470871 -0.000841892 0.000345668 0.00138501
internal_weight=1669.79 187.936 22.1473 165.788 122.451 107.944 1481.85 76.6529 1405.2 1274.88 61.7895 54.1328 1213.09 44.3025
internal_count=13796 1603 174 1429 984 863 12193 482 11711 10733 539 475 10194 394
is_linear=0
shrinkage=0.03


Tree=393
num_leaves=14
num_cat=0
split_feature=0 13 14 28 35 33 18 14 28 9 9 2 13
split_gain=1.84395 1.72931 3.29192 1.58208 1.55705 1.17302 1.10111 3.50916 2.36165 1.09965 0.511569 0.29379 0.0140466
threshold=-0.8348631728980318 inf 0.00010375381904202314 1.5000000000000002 74.184149184149206 80.03996003996005 0.96447003099579731 0.19096490195938362 13.500000000000002 0.426279375468883 0.44541294939304188 1.0000000180025095e-35 -81.822719893800723
decision_type=8 8 2 2 8 2 8 2 2 10 8 2 10
left_child=9 5 3 -3 -4 6 7 8 -2 -1 -8 -5 -11
right_child=1 2 4 11 -6 -7 10 -9 -10 12 -12 -13 -14
leaf_value=0.0039289490003635132 -0.004705948482354034 0.0020228674154275121 0.0039289490003635132 0.00011678583049151134 0.0020228674154275121 -0.0087135351072957067 -0.00069215082198611274 -0.00069215082198611274 -0.0024755522116222655 0.0082207618204643285 0.00011678583049151134 0.0020228674154275121 0.016224012820864601
leaf_weight=7.9974963096901801 199.63156512146816 96.701345961540937 120.65236719325185 372.86363483127207 77.187195505597629 11.812804681248961 84.567773833754472 317.55727501504589 74.496875182259828 8.9242619313299656 177.73544760188088 103.2013536086306 6.2842794717289481
leaf_count=111 1761 672 1451 3821 692 93 578 1910 616 106 1203 650 96
internal_value=0.000191933 6.06583e-05 0.00109069 0.000116786 0.00392895 -0.000857123 -0.000698362 -0.00150109 -0.00425895 0.00779724 0.000116786 0.000116786 0.0125126
internal_weight=1659.61 1636.41 770.606 572.766 197.84 865.802 853.989 591.686 274.128 23.206 262.303 476.065 15.2085
internal_count=13760 13447 7286 5143 2143 6161 6068 4287 2377 313 1781 4471 202
is_linear=0
shrinkage=0.03


Tree=394
num_leaves=15
num_cat=0
split_feature=11 27 28 28 13 28 32 33 13 22 28 22 1 28
split_gain=1.00998 1.23365 2.92185 2.68192 2.74406 2.38511 1.38133 1.07886 0.735295 0.728394 0.639903 1.29801 1.89201 1.2067
threshold=4.5848660010509734 1.4484645792211626 15.500000000000002 6.5000000000000009 -0.41294618548736173 17.500000000000004 54.629985399216174 15.042735042735046 -0.088888257645070953 0.42915585770375719 4.5000000000000009 0.0024871156450762756 -11.96427202584149 1.5000000000000002
decision_type=2 8 2 2 8 2 2 2 10 2 2 2 10 2
left_child=1 3 10 4 -1 7 -6 -5 -8 -9 11 12 -3 -14
right_child=-2 2 -4 5 6 -7 8 9 -10 -11 -12 -13 13 -15
leaf_value=-0.00041115104172903414 0.0074810622469135279 -0.0016004553481160626 -0.014818508593688664 0.0037477884475852997 0.0037477884475852997 0.0037477884475852997 0.0016683187029281328 -0.00041115104172903414 0.0027080535752567162 0.0016683187029281328 -0.00041115104172903414 -0.00041115104172903414 -0.0032609070750239644 -0.0068427331384644605
leaf_weight=19.377813717350364 11.467126655159516 128.65385230258107 9.0256779529154283 11.438820472918449 149.35993190831505 56.115043715806678 117.42871819622815 809.3367972340202 16.943689689040184 33.330288475088309 46.373602918814868 66.516106834635139 66.165972538292408 126.21246314793825
leaf_count=151 102 839 61 104 1082 474 1083 6975 170 258 381 460 571 1117
internal_value=8.80615e-05 1.45146e-05 -0.00133174 0.000509436 0.00292893 -0.000307872 0.00374779 -0.000411151 0.00166832 -0.000411151 -0.0008856 -0.001723 -0.00278976 -0.00492136
internal_weight=1667.75 1656.28 442.948 1213.33 303.11 910.221 283.732 854.106 134.372 842.667 433.922 387.548 321.032 192.378
internal_count=13828 13726 3429 10297 2486 7811 2335 7337 1253 7233 3368 2987 2527 1688
is_linear=0
shrinkage=0.03


Tree=395
num_leaves=15
num_cat=0
split_feature=11 28 17 8 26 9 28 3 28 28 21 28 18 3
split_gain=1.91115 4.08911 3.92474 1.90239 2.11183 1.26913 1.4031 3.06762 3.99928 1.15538 1.72524 1.14172 0.874175 0.863389
threshold=1.0000000180025095e-35 4.5000000000000009 0.65682717734141638 -0.28537863885607967 -1.0000000180025095e-35 0.58088771128096939 5.5000000000000009 0.052228680512927304 15.500000000000002 9.5000000000000018 0.0070386138315921319 9.5000000000000018 0.24158103104246101 0.54880282739170394
decision_type=2 2 2 8 8 10 2 10 2 2 2 2 10 10
left_child=3 -2 -3 -1 -5 6 -6 9 11 10 -8 13 -7 -9
right_child=1 2 -4 4 5 12 7 8 -10 -11 -12 -13 -14 -15
leaf_value=0.0025255803310632666 0.016869483180647585 0.0025255803310632666 0.017887045881555 0.0011885433002252986 -0.00055989481876981314 -0.00055989481876981314 -0.0030856300053599415 -0.0032480875997630129 -0.014076978529812304 -0.00055989481876981314 -0.00055989481876981314 -0.0030856300053599415 0.00025175684303307397 -0.01039627413696876
leaf_weight=152.23303674336057 15.244904215913264 53.498046324588358 10.807432822475674 158.38992290489841 454.46442104689777 211.74819731060416 89.725157814100385 38.552133969264105 34.688517748378217 121.95458483067341 11.058742520748636 71.167255508247763 202.94411154859699 30.526196339167655
leaf_count=1277 91 317 122 1320 3528 2050 744 344 303 1022 80 684 1537 333
internal_value=0.000446475 0.00484089 0.00252558 0.000210271 -0.000148494 -0.00068503 -0.00137155 -0.00269114 -0.00561137 -0.000559895 -0.00308563 -0.00310496 0.000251757 -0.00689542
internal_weight=1657 79.5504 64.3055 1577.45 1425.22 1266.83 852.137 397.673 174.934 222.738 100.784 140.246 414.692 69.0783
internal_count=13752 530 439 13222 11945 10625 7038 3510 1664 1846 824 1361 3587 677
is_linear=0
shrinkage=0.03


Tree=396
num_leaves=15
num_cat=0
split_feature=12 18 28 3 31 16 16 18 3 35 22 18 25 3
split_gain=1.1951 3.26589 0.838759 3.96223 4.20166 3.48359 3.45136 1.35952 0.91964 0.758913 0.75037 1.94495 1.75513 0.901862
threshold=1.2739370334307045 0.08942260635863114 11.500000000000002 0.10139776933065532 64.178129562744957 1.0000000180025095e-35 -16.706682889484512 inf -0.107476787000178 45.612720612720622 3.2233139857976673e-07 0.078245826800036042 0.094484133548043317 0.69561344543914749
decision_type=2 10 2 10 2 8 10 8 10 10 2 8 8 10
left_child=2 -2 10 8 5 -5 7 -6 -4 -10 11 -1 -12 -13
right_child=1 -3 3 4 6 -7 -8 -9 9 -11 12 13 -14 -15
leaf_value=-0.011548925540596855 0.00352566182305219 0.017161699421337818 0.00352566182305219 -0.005016508257748852 -0.027040267941578971 -3.2909476451041251e-05 -0.005016508257748852 -0.01164000025547755 0.0021269930415072809 -3.2909476451041251e-05 0.00352566182305219 0.00074940745119252031 0.00074940745119252031 -0.0019675104719256132
leaf_weight=7.8523554019629946 10.155728649348022 12.614393954165278 62.414018413110171 44.46502516977489 7.7281874350737807 187.44826265377924 44.936644471250474 12.749042534269391 56.725070185493678 67.761074907844886 198.34777847817168 382.83900813059881 427.55927046056604 121.33880295883864
leaf_count=71 59 115 543 341 82 1645 381 170 458 514 1567 2979 3330 1414
internal_value=0.000492569 0.00666562 0.000385703 -0.000655463 -0.00278953 -0.000822155 -0.00921086 -0.0182635 0.00272372 0.000728324 0.00082968 -2.33558e-05 0.00152217 0.000267795
internal_weight=1644.93 22.7701 1622.16 484.227 297.327 231.913 65.4139 20.4772 186.9 124.486 1137.94 512.03 625.907 504.178
internal_count=13669 174 13495 4134 2619 1986 633 252 1515 972 9361 4464 4897 4393
is_linear=0
shrinkage=0.03


Tree=397
num_leaves=15
num_cat=0
split_feature=13 11 14 22 28 28 0 2 28 14 28 14 4 19
split_gain=1.83999 4.05348 4.07605 3.77585 2.91139 3.25134 1.82427 1.60232 1.27698 2.19817 3.49479 9.87944 2.41824 2.66753
threshold=inf 0.61633428300094983 0.00010375381904202314 0.0012885474042213835 2.5000000000000004 7.5000000000000009 1.0531616182600159 0.012163561076604556 12.500000000000002 0.80049716655767511 7.5000000000000009 0.20197145657825669 -0.98328589779672482 -0.45839070820522115
decision_type=8 2 2 2 2 2 8 2 2 2 2 2 10 10
left_child=8 2 7 -3 -4 -6 -7 -2 9 10 -1 12 -12 -14
right_child=1 3 4 -5 5 6 -8 -9 -10 -11 11 -13 13 -15
leaf_value=-0.0010300991318982137 0.00034102881873035012 0.0065149066290311032 0.002508431778538326 0.024070982583387752 0.0065149066290311032 0.0065149066290311032 0.002508431778538326 0.002508431778538326 0.00034102881873035012 0.00034102881873035012 -0.0060286178874141491 -0.0010300991318982137 -0.0095193732306791106 -0.016641982692138537
leaf_weight=285.49755520513281 443.88398383324966 15.368564235046508 34.05905301310122 9.7960861251922307 75.838988336967304 27.446928401477635 65.925366639625281 121.24145311769098 289.55032767180819 68.102902219165117 15.255043737590311 116.45589872822165 31.357357323169708 78.950376447755843
leaf_count=2115 4353 94 288 69 718 432 748 800 2105 467 144 602 230 688
internal_value=0.000288077 0.00133287 0.000903272 0.0121265 0.00467583 0.00651491 0.00250843 0.000341029 -0.000650815 -0.0014954 -0.00240123 -0.00512978 -0.0110271 -0.0130101
internal_weight=1678.73 793.56 768.396 25.1647 203.27 169.211 93.3723 565.125 885.169 595.619 527.516 242.019 125.563 110.308
internal_count=13853 7502 7339 163 2186 1898 1180 5153 6351 4246 3779 1664 1062 918
is_linear=0
shrinkage=0.03


Tree=398
num_leaves=13
num_cat=0
split_feature=4 28 11 35 14 4 16 14 16 31 24 16
split_gain=1.64783 1.65357 1.16055 0.782933 1.19877 0.527589 2.26868 2.02159 5.8321 0.672602 0.463683 0.131721
threshold=2.0865658321103715 7.5000000000000009 4.5848660010509734 15.725940725940726 0.043436037013922985 -0.98328589779672482 -3.7570298170806606 0.50133449184689927 178.43174699288781 16.110812264658421 -0.0013867406002457392 -1.0000000180025095e-35
decision_type=10 2 2 8 2 10 10 2 8 2 10 10
left_child=2 -2 3 4 -1 6 9 8 10 -5 -7 -3
right_child=1 11 -4 5 -6 7 -8 -9 -10 -11 -12 -13
leaf_value=0.0023804574802996537 -0.0034163707683038313 -0.016658350525732449 0.0085377874808464163 0.0013942582534144121 0.0044653042858666192 -0.0034163707683038313 0.0023804574802996537 0.00040805902652917063 -0.00042537850454490235 0.00040805902652917063 -0.0019208746364243669 -0.0047279150546238168
leaf_weight=13.799383901059629 6.1942209778353599 6.8595978831872353 10.913282852503469 50.499912183731794 15.964538304135202 340.53187738731503 156.00859820842743 216.44404463510728 394.89888541540131 434.30094057798851 22.299893927760422 6.846155314240602
leaf_count=114 76 78 96 397 129 2549 1263 1828 3689 3365 155 53
internal_value=0.000358232 -0.00730479 0.000472053 0.000392821 0.0044653 0.000295611 0.000960621 -0.000144503 -0.00125882 0.000408059 -0.00341637 -0.0135557
internal_weight=1675.56 19.9 1655.66 1644.75 29.7639 1614.98 640.809 974.175 757.731 484.801 362.832 13.7058
internal_count=13792 207 13585 13489 243 13246 5025 8221 6393 3762 2704 131
is_linear=0
shrinkage=0.03


Tree=399
num_leaves=15
num_cat=0
split_feature=28 21 2 9 3 30 13 11 3 9 28 13 3 28
split_gain=1.85423 6.42618 4.60457 3.64317 2.973 2.75143 2.14999 1.98929 2.78759 3.45244 4.16611 2.018 1.91422 2.03237
threshold=7.5000000000000009 1.0000000180025095e-35 0.20144927536231888 0.017426350795307362 -0.107476787000178 52.693734836591993 -26.431366021838524 0.17346105964698497 -5.3666954144344698 0.89451550102599975 5.5000000000000009 5.8664837098600247 -1.0000000180025095e-35 10.500000000000002
decision_type=2 2 2 10 8 2 10 2 10 8 2 8 10 2
left_child=1 7 5 12 6 -3 -5 8 -1 10 11 -10 13 -2
right_child=3 2 -4 4 -6 -7 -8 -9 9 -11 -12 -13 -14 -15
leaf_value=0.0018315946712142487 -0.0087760146779436131 0.008794822461168722 0.020987038332070759 0.0042023045526083033 0.00012875128794909572 0.003682417873640128 0.014422719672378865 0.003682417873640128 -0.0098603598707409559 0.00010723279828411678 -0.010967965041999506 -0.0024655022919495397 -0.014273382038553764 -0.002416632379322413
leaf_weight=229.87755953287706 36.477483928203583 103.9150380709907 14.248120489064602 16.555494594445918 721.10635688458569 54.348880520090461 21.154377088649198 15.648671915638259 33.936778924427927 229.93715905793943 62.054985294118524 60.308568662032485 13.607876524794845 48.188377795508131
leaf_count=1595 340 669 112 169 6095 417 217 81 310 2084 558 588 138 406
internal_value=0.00084103 0.00187093 0.00691465 -0.00013065 0.000585151 0.00504381 0.00827586 0.000450187 -1.92285e-05 -0.00161713 -0.00503824 -0.0024655 -0.00541842 -0.00327865
internal_weight=1661.37 804.276 172.512 857.09 758.816 158.264 37.7099 631.764 616.115 386.237 156.3 94.2453 98.2737 84.6659
internal_count=13779 6414 1198 7365 6481 1086 386 5216 5135 3540 1456 898 884 746
is_linear=0
shrinkage=0.03


end of trees

feature_importances:
Column_14=497
Column_28=420
Column_1=350
Column_13=324
Column_3=282
Column_18=276
Column_16=263
Column_32=229
Column_20=208
Column_34=205
Column_11=202
Column_22=202
Column_9=191
Column_2=183
Column_0=179
Column_25=169
Column_8=163
Column_17=156
Column_27=155
Column_12=135
Column_4=113
Column_33=111
Column_21=98
Column_30=85
Column_7=82
Column_29=66
Column_35=55
Column_24=51
Column_26=38
Column_5=27
Column_19=27
Column_31=18
Column_6=3
Column_10=1
Column_15=1

parameters:
[boosting: gbdt]
[objective: binary]
[metric: binary_logloss]
[tree_learner: serial]
[device_type: cpu]
[data_sample_strategy: bagging]
[data: ]
[valid: ]
[num_iterations: 400]
[learning_rate: 0.03]
[num_leaves: 15]
[num_threads: 0]
[seed: 42]
[deterministic: 0]
[force_col_wise: 0]
[force_row_wise: 0]
[histogram_pool_size: -1]
[max_depth: -1]
[min_data_in_leaf: 60]
[min_sum_hessian_in_leaf: 0.001]
[bagging_fraction: 0.8]
[pos_bagging_fraction: 1]
[neg_bagging_fraction: 1]
[bagging_freq: 1]
[bagging_seed: 400]
[bagging_by_query: 0]
[feature_fraction: 0.8]
[feature_fraction_bynode: 1]
[feature_fraction_seed: 30056]
[extra_trees: 0]
[extra_seed: 12879]
[early_stopping_round: 0]
[early_stopping_min_delta: 0]
[first_metric_only: 0]
[max_delta_step: 0]
[lambda_l1: 0]
[lambda_l2: 5]
[linear_lambda: 0]
[min_gain_to_split: 0]
[drop_rate: 0.1]
[max_drop: 50]
[skip_drop: 0.5]
[xgboost_dart_mode: 0]
[uniform_drop: 0]
[drop_seed: 17869]
[top_rate: 0.2]
[other_rate: 0.1]
[min_data_per_group: 100]
[max_cat_threshold: 32]
[cat_l2: 10]
[cat_smooth: 10]
[max_cat_to_onehot: 4]
[top_k: 20]
[monotone_constraints: -1,-1,1,-1,-1,-1,-1,-1,-1,1,-1,1,1,1,1,-1,1,1,1,-1,1,1,1,1,1,-1,-1,-1,0,-1,-1,-1,-1,-1,-1,-1]
[monotone_constraints_method: basic]
[monotone_penalty: 0]
[feature_contri: ]
[forcedsplits_filename: ]
[refit_decay_rate: 0.9]
[cegb_tradeoff: 1]
[cegb_penalty_split: 0]
[cegb_penalty_feature_lazy: ]
[cegb_penalty_feature_coupled: ]
[path_smooth: 0]
[interaction_constraints: ]
[verbosity: -1]
[saved_feature_importance_type: 0]
[use_quantized_grad: 0]
[num_grad_quant_bins: 4]
[quant_train_renew_leaf: 0]
[stochastic_rounding: 1]
[linear_tree: 0]
[max_bin: 255]
[max_bin_by_feature: ]
[min_data_in_bin: 3]
[bin_construct_sample_cnt: 200000]
[data_random_seed: 175]
[is_enable_sparse: 1]
[enable_bundle: 1]
[use_missing: 1]
[zero_as_missing: 0]
[feature_pre_filter: 1]
[pre_partition: 0]
[two_round: 0]
[header: 0]
[label_column: ]
[weight_column: ]
[group_column: ]
[ignore_column: ]
[categorical_feature: ]
[forcedbins_filename: ]
[precise_float_parser: 0]
[parser_config_file: ]
[objective_seed: 16083]
[num_class: 1]
[is_unbalance: 0]
[scale_pos_weight: 1]
[sigmoid: 1]
[boost_from_average: 1]
[reg_sqrt: 0]
[alpha: 0.9]
[fair_c: 1]
[poisson_max_delta_step: 0.7]
[tweedie_variance_power: 1.5]
[lambdarank_truncation_level: 30]
[lambdarank_norm: 1]
[label_gain: ]
[lambdarank_position_bias_regularization: 0]
[eval_at: ]
[multi_error_top_k: 1]
[auc_mu_weights: ]
[num_machines: 1]
[local_listen_port: 12400]
[time_out: 120]
[machine_list_filename: ]
[machines: ]
[gpu_platform_id: -1]
[gpu_device_id: -1]
[gpu_device_id_list: ]
[gpu_use_dp: 0]
[num_gpu: 1]

end of parameters

pandas_categorical:null
